Sample	Genus	Count
SRR14919243	Dethiobacter	8
SRR14919236	Thermocrinis	2
SRR14919240	Aciditerrimonas	2
SRR14919246	Intestinimonas	45
SRR14919245	Stenotrophomonas	6
SRR14919244	Methanolobus	54
SRR14919240	Caedibacter	46
SRR14919236	Wolbachia	2
SRR14919245	Peptoclostridium	63
SRR14919240	Parasporobacterium	1193
SRR14919246	Pelosinus	1
SRR14919244	Chlamydia	4
SRR14919242	Rubrivivax	1
SRR14919237	Megamonas	5
SRR14919244	Roseomonas	2
SRR14919238	Enterococcus	369
SRR14919235	Cohnella	3
SRR14919237	Salinivibrio	16
SRR14919244	Marinimicrobium	1
SRR14919239	Caldisphaera	1
SRR14919236	Euzebya	15
SRR14919243	Emticicia	3
SRR14919242	Fretibacterium	1
SRR14919245	Phacus	5
SRR14919244	Cerasicoccus	1
SRR14919240	Proteus	18
SRR14919238	Desulfotomaculum	106
SRR14919238	Anaerofustis	6
SRR14919242	Methylobacterium	49
SRR14919241	Granulicella	1
SRR14919240	Rhodobacter	3
SRR14919236	Elizabethkingia	2
SRR14919240	Dolichospermum	8
SRR14919241	Prosthecobacter	1
SRR14919240	Lutispora	65
SRR14919243	Solitalea	2
SRR14919246	Rhodothermus	1
SRR14919242	Acidithiobacillus	5
SRR14919242	Acetatifactor	13
SRR14919244	Tistrella	2
SRR14919240	Kushneria	22
SRR14919235	Lewinella	12
SRR14919241	Epulopiscium	4
SRR14919236	Dendrosporobacter	5
SRR14919245	Sorangium	1
SRR14919236	Bacteroides	192524
SRR14919245	Rhodopirellula	1
SRR14919243	Pseudochrobactrum	1
SRR14919242	Scherffelia	1
SRR14919243	Persephonella	2
SRR14919243	Escherichia/Shigella	7
SRR14919244	Hydrogenophaga	1
SRR14919240	Corallococcus	2
SRR14919237	Marinococcus	1
SRR14919241	Phytophthora	27
SRR14919235	Victivallis	2
SRR14919238	Methanosphaerula	20
SRR14919241	Abiotrophia	1
SRR14919241	Salinicoccus	3
SRR14919238	Leptosira	1
SRR14919245	Veillonella	126
SRR14919242	Dehalobacterium	13
SRR14919244	Alkaliphilus	20
SRR14919242	Acetoanaerobium	7
SRR14919241	Waddlia	1
SRR14919236	Achromobacter	2
SRR14919245	Catabacter	30
SRR14919240	Jonquetella	1
SRR14919239	Oribacterium	70
SRR14919246	Desulfurispirillum	1
SRR14919243	Magnetospirillum	1
SRR14919239	Chlamydophila	1
SRR14919246	Limnobacter	1
SRR14919238	Coprothermobacter	65
SRR14919235	Sutterella	2
SRR14919246	Thermoanaerobacter	2
SRR14919241	Elusimicrobium	1
SRR14919238	Meniscus	2
SRR14919240	Hyphomicrobium	2
SRR14919240	Adhaeribacter	50
SRR14919246	Caminicella	1
SRR14919237	Thermonema	1
SRR14919244	Ferrovum	4
SRR14919239	Haloglycomyces	2
SRR14919240	Lysinibacillus	77
SRR14919239	Arthrobacter	4
SRR14919239	Anaerorhabdus	1
SRR14919240	Brevibacillus	21
SRR14919237	Cellulophaga	1
SRR14919241	Opitutus	1
SRR14919239	Syntrophothermus	124
SRR14919244	Psychrobacter	6
SRR14919239	Mangroviflexus	2
SRR14919245	Blautia	12247
SRR14919242	Aneurinibacillus	1
SRR14919239	Proteus	12
SRR14919235	Lachnobacterium	4
SRR14919241	Phocaeicola	6
SRR14919245	Treponema	193
SRR14919241	Cenarchaeum	180
SRR14919246	Phascolarctobacterium	2
SRR14919237	Gemella	94
SRR14919239	Desmonostoc	3
SRR14919236	Natrialba	1
SRR14919236	Pylaiella	1
SRR14919237	Defluviitalea	18
SRR14919243	Natronoanaerobium	2
SRR14919241	Halorubrum	44
SRR14919238	Deinococcus	5
SRR14919240	Thermonema	1
SRR14919235	Saccharofermentans	2
SRR14919236	Rubrobacter	2
SRR14919237	Leptothrix	1
SRR14919244	Paraprevotella	1651
SRR14919240	Ktedonobacter	1
SRR14919235	Mucilaginibacter	4
SRR14919244	Pseudomonas	167
SRR14919246	Murdochiella	1
SRR14919245	Photobacterium	1
SRR14919238	Moraxella	1
SRR14919235	Aliifodinibius	2
SRR14919238	Alteromonas	2
SRR14919245	Anaerostipes	2238
SRR14919235	Aureibacter	2
SRR14919236	Acidovorax	1
SRR14919245	Sporobacter	353
SRR14919235	Thiothrix	4
SRR14919240	Ureaplasma	3
SRR14919240	Stenotrophomonas	15
SRR14919242	Oceanobacillus	3
SRR14919236	Curtobacterium	1
SRR14919246	Anaerovirgula	1
SRR14919244	Anaerobranca	1
SRR14919237	Blastopirellula	1
SRR14919235	Isosphaera	1
SRR14919240	Peptoclostridium	64
SRR14919245	Vulcanibacillus	2
SRR14919243	Microcystis	362
SRR14919237	Chlamydomonas	1
SRR14919246	Prauserella	1
SRR14919238	Halorubrum	57
SRR14919246	Gordonibacter	4
SRR14919244	Metabacterium	1
SRR14919243	Spongiimonas	1
SRR14919243	Sulfurivirga	2
SRR14919245	Vallitalea	10
SRR14919243	Fulvitalea	1
SRR14919242	Microchaete	2
SRR14919241	Thermotalea	6
SRR14919240	Pseudoalteromonas	48
SRR14919235	Limibacter	3
SRR14919236	Alicyclobacillus	5
SRR14919246	Pelotomaculum	4
SRR14919238	Gallibacterium	7
SRR14919238	Geminocystis	5
SRR14919235	Roseibacterium	3
SRR14919246	Olsenella	4
SRR14919236	Haladaptatus	4
SRR14919238	Adlercreutzia	1
SRR14919245	Collinsella	158
SRR14919246	Acidiferrobacter	1
SRR14919243	Johnsonella	2
SRR14919242	Oxobacter	59
SRR14919244	Oxalobacter	8
SRR14919240	Gelria	2
SRR14919242	Paucisalibacillus	2
SRR14919242	Haloferax	145
SRR14919236	Parasporobacterium	28
SRR14919237	Ureaplasma	8
SRR14919244	Algoriphagus	4
SRR14919243	Methanoregula	1
SRR14919238	Simkania	1
SRR14919243	Ostreococcus	1
SRR14919241	Caloranaerobacter	1
SRR14919238	Edwardsiella	1
SRR14919240	Reclinomonas	71
SRR14919239	Allochromatium	1
SRR14919240	Pelagicoccus	1
SRR14919245	Trachelium	51
SRR14919246	Xenorhabdus	1
SRR14919235	Ruegeria	70
SRR14919245	Thermosyntropha	2
SRR14919245	Leadbetterella	1
SRR14919246	Thiocystis	2
SRR14919242	Proteiniclasticum	6
SRR14919241	Erwinia	5
SRR14919240	Tetragenococcus	8
SRR14919239	Luteolibacter	1
SRR14919236	Agromyces	2
SRR14919245	Rhodovulum	1
SRR14919242	Ornatilinea	1
SRR14919237	Spirochaeta	4
SRR14919242	Citreicella	1
SRR14919237	Methylohalomonas	1
SRR14919237	Zavarzinia	1
SRR14919245	Leucothrix	1
SRR14919238	Pelobacter	3
SRR14919242	Chryseobacterium	21
SRR14919242	Marininema	3
SRR14919240	Pricia	2
SRR14919236	Rhizobium	4
SRR14919244	Nitrosococcus	1
SRR14919240	Lactococcus	144
SRR14919240	Subdoligranulum	38
SRR14919237	Mucispirillum	1
SRR14919245	Petrotoga	1
SRR14919240	Hazenella	1
SRR14919240	Stomatobaculum	1
SRR14919242	Macellibacteroides	28
SRR14919240	Snodgrassella	15
SRR14919239	Robinsoniella	51
SRR14919238	Porphyromonas	32
SRR14919235	Reichenbachiella	1
SRR14919241	Microbulbifer	4
SRR14919243	Ralstonia	7
SRR14919242	Haloarcula	3
SRR14919246	Pasteurella	34
SRR14919246	Cylindrospermopsis	1
SRR14919241	Oscillibacter	12
SRR14919245	Neptunomonas	1
SRR14919239	Nonomuraea	2
SRR14919244	Renibacterium	1
SRR14919242	Knoellia	1
SRR14919238	Catonella	3
SRR14919245	Acinetobacter	130
SRR14919239	Nocardia	7
SRR14919240	Zavarzinia	3
SRR14919235	Heliophilum	1
SRR14919241	Pelobacter	2
SRR14919236	Atopobacter	2
SRR14919235	Halobacterium	16
SRR14919243	Anaerovibrio	1
SRR14919238	Barnesiella	112
SRR14919239	Thiorhodococcus	1
SRR14919245	Marinoscillum	2
SRR14919246	Algicola	6
SRR14919246	Thermodesulfobacterium	1
SRR14919245	Sporanaerobacter	1
SRR14919243	Chondromyces	1
SRR14919243	Dinophysis	1
SRR14919242	Pseudendoclonium	2
SRR14919238	Propionispora	2
SRR14919239	Marininema	5
SRR14919240	Thermoanaerobacterium	140
SRR14919238	Fervidobacterium	2
SRR14919246	Fibrobacter	1
SRR14919239	Clavibacter	1
SRR14919239	Succinispira	1
SRR14919244	Thalassospira	1
SRR14919235	Pseudoflavonifractor	20
SRR14919236	Thiomonas	1
SRR14919242	Nonomuraea	7
SRR14919239	Derxia	26
SRR14919246	Acetobacter	14
SRR14919236	Fervidicella	6
SRR14919241	Fimbriimonas	1
SRR14919239	Haloarcula	5
SRR14919246	Rhodopirellula	1
SRR14919245	Oleispira	1
SRR14919239	Acidobacterium	1
SRR14919235	Anabaena	7
SRR14919246	Opitutus	1
SRR14919236	Acrocarpospora	1
SRR14919236	Thioploca	2
SRR14919241	Coprobacter	53
SRR14919244	Pyrobaculum	128
SRR14919241	Anoxybacillus	4
SRR14919240	Picochlorum	2
SRR14919235	Myxococcus	16
SRR14919245	Cytophaga	42
SRR14919245	Bifidobacterium	200
SRR14919240	Colwellia	1
SRR14919236	Avibacterium	8
SRR14919241	Mitsuokella	2
SRR14919238	Gemmiger	643
SRR14919236	Pusillimonas	2
SRR14919243	Eggerthella	4
SRR14919242	Olivibacter	51
SRR14919237	Blautia	8566
SRR14919244	Catellatospora	1
SRR14919243	Faecalibacterium	4949
SRR14919241	Hydrogenoanaerobacterium	2
SRR14919238	Cloacibacillus	1
SRR14919240	Sulfuritalea	1
SRR14919242	Thalassiosira	60
SRR14919235	Acholeplasma	10
SRR14919245	Komagataeibacter	1
SRR14919241	Hyphomicrobium	1
SRR14919237	Murinocardiopsis	1
SRR14919241	Lactonifactor	92
SRR14919239	Crinalium	1
SRR14919244	Holospora	4
SRR14919241	Actinomyces	43
SRR14919239	Thermoanaerobaculum	1
SRR14919236	Desulfosporosinus	4
SRR14919235	Heliobacterium	1
SRR14919241	Ochrobactrum	3
SRR14919239	Tunicatimonas	1
SRR14919235	Brasilonema	3
SRR14919236	Sporacetigenium	2
SRR14919242	Bizionia	1
SRR14919244	Modicisalibacter	1
SRR14919246	Parvimonas	13
SRR14919243	Halonotius	1
SRR14919242	Maricurvus	4
SRR14919241	Dolichospermum	11
SRR14919236	Methanococcus	1
SRR14919240	Sporomusa	40
SRR14919239	Desulfonema	2
SRR14919236	Oscillatoria	96
SRR14919243	Snowella	1
SRR14919243	Thermoactinomyces	8
SRR14919238	Sphingobium	2
SRR14919237	Roseburia	953
SRR14919237	Tamlana	1
SRR14919241	Akkermansia	23
SRR14919243	Enterorhabdus	214
SRR14919235	Serratia	12
SRR14919240	Coenonia	2
SRR14919236	Stenoxybacter	1
SRR14919245	Paraprevotella	4458
SRR14919241	Parabacteroides	525
SRR14919238	Ochromonas	8
SRR14919245	Pseudorhodobacter	1
SRR14919239	Planococcus	1
SRR14919240	Xylella	127
SRR14919236	Alcanivorax	1
SRR14919243	Cellulosimicrobium	1
SRR14919242	Phacus	1
SRR14919239	Planktothrix	6
SRR14919244	Methanobacterium	3
SRR14919239	Enterobacter	11
SRR14919235	Natronoflexus	1
SRR14919243	Pseudaminobacter	1
SRR14919241	Caedibacter	51
SRR14919242	Dongia	16
SRR14919245	Syntrophus	1
SRR14919238	Fontibacter	80
SRR14919242	Thermoflavimicrobium	2
SRR14919244	Dokdonella	1
SRR14919243	Oceanobacillus	2
SRR14919243	Volucribacter	3
SRR14919237	Buchnera	206
SRR14919235	Sporocytophaga	39
SRR14919237	Desulfocapsa	1
SRR14919235	Methanocella	159
SRR14919244	Lachnoanaerobaculum	2
SRR14919242	Polaribacter	1
SRR14919239	Zobellia	1
SRR14919236	Gracilibacter	19
SRR14919243	Euglena	16
SRR14919239	Halogranum	1
SRR14919239	Morganella	1
SRR14919235	Vulcanisaeta	1
SRR14919244	Pedobacter	9
SRR14919242	Chromohalobacter	2
SRR14919241	Ochromonas	5
SRR14919235	Anaerosporobacter	18
SRR14919241	Rhodobacter	3
SRR14919239	Hespellia	142
SRR14919236	Halothermothrix	2
SRR14919245	Delftia	1
SRR14919241	Lysinibacillus	60
SRR14919239	Gallibacterium	1
SRR14919244	Clostridium	5842
SRR14919236	Roseibacterium	3
SRR14919240	Prosthecochloris	1
SRR14919238	Denitrobacterium	45
SRR14919237	Pilibacter	1
SRR14919238	Nocardioides	2
SRR14919242	Desulfoglaeba	1
SRR14919238	Marinobacter	1
SRR14919238	Macellibacteroides	10
SRR14919242	Salinibacter	3
SRR14919235	Jeotgalicoccus	1
SRR14919237	Bacteroides	65931
SRR14919244	Desulfotalea	273
SRR14919239	Pontibacillus	1
SRR14919241	Agrobacterium	162
SRR14919235	Idiomarina	3
SRR14919241	Amorphus	1
SRR14919242	Cellulomonas	2
SRR14919240	Burkholderia	31
SRR14919245	Dehalobacterium	6
SRR14919237	Kinetoplastibacterium	13
SRR14919236	Victivallis	2
SRR14919242	Cyanidium	4
SRR14919246	Veillonella	7
SRR14919244	Tepidibacter	2
SRR14919239	Alkalibacter	7
SRR14919236	Myroides	2
SRR14919236	Sulfolobus	1
SRR14919242	Photorhabdus	3
SRR14919246	Phormidium	6
SRR14919239	Lamprocystis	1
SRR14919237	Jeotgalibacillus	1
SRR14919243	Gardnerella	15
SRR14919238	Pseudoxanthomonas	2
SRR14919239	Sinorickettsia	1
SRR14919243	Arcobacter	1
SRR14919242	Rhodopseudomonas	34
SRR14919235	Spiribacter	3
SRR14919238	Helicobacter	277
SRR14919245	Sutterella	718
SRR14919240	Pilibacter	2
SRR14919239	Xylella	134
SRR14919236	Aliifodinibius	3
SRR14919235	Brachyspira	5
SRR14919246	Leadbetterella	2
SRR14919242	Xanthobacter	1
SRR14919238	Rhodonellum	1
SRR14919238	Angiopteris	1
SRR14919238	Dethiobacter	1
SRR14919244	Bilophila	61
SRR14919236	Sulfobacillus	15
SRR14919245	Azospirillum	3
SRR14919239	Ornithobacterium	3
SRR14919240	Komagataeibacter	2
SRR14919239	Methanolobus	46
SRR14919244	Loktanella	1
SRR14919245	Adiantum	1
SRR14919246	Nitrospira	1
SRR14919236	Leptospira	97
SRR14919242	Holdemania	17
SRR14919240	Cohnella	1
SRR14919244	Microaerobacter	1
SRR14919239	Fusobacterium	11
SRR14919238	Lachnobacterium	192
SRR14919240	Oribacterium	235
SRR14919244	Thiohalospira	5
SRR14919242	Phocaeicola	4
SRR14919242	Cenarchaeum	245
SRR14919236	Natronorubrum	5
SRR14919242	Desulfovibrio	403
SRR14919239	Cerasicoccus	2
SRR14919235	Eremococcus	1
SRR14919238	Halomicrobium	4
SRR14919243	Rothia	2
SRR14919238	Mycobacterium	13
SRR14919237	Lysobacter	39
SRR14919243	Solanum	2
SRR14919242	Papillibacter	1074
SRR14919239	Deinococcus	5
SRR14919240	Leptonema	1
SRR14919237	Desulfobacca	1
SRR14919242	Aeromonas	56
SRR14919238	Thioalkalivibrio	1
SRR14919240	Aliivibrio	1
SRR14919238	Coriobacterium	3
SRR14919246	Anaeroplasma	6
SRR14919245	Pseudomonas	212
SRR14919239	Spirulina	2
SRR14919239	Facklamia	5
SRR14919239	Nicoletella	2
SRR14919236	Epulopiscium	2
SRR14919242	Rummeliibacillus	2
SRR14919236	Aureibacter	2
SRR14919242	Abiotrophia	2
SRR14919235	Thermobacillus	1
SRR14919235	Sporohalobacter	1
SRR14919238	Anaerosalibacter	3
SRR14919241	Coprothermobacter	43
SRR14919246	Acidovorax	2
SRR14919239	Holdemania	3
SRR14919244	Hippea	2
SRR14919237	Sphingomicrobium	1
SRR14919246	Sporobacter	1449
SRR14919236	Phytophthora	53
SRR14919236	Salinicoccus	1
SRR14919246	Hydrocarboniphaga	1
SRR14919239	Alkaliphilus	301
SRR14919242	Nephroselmis	1
SRR14919240	Lysobacter	67
SRR14919244	Microcystis	380
SRR14919246	Actinomadura	9
SRR14919244	Oceanirhabdus	4
SRR14919242	Virgibacillus	18
SRR14919238	Tindallia	2
SRR14919238	Belnapia	1
SRR14919243	Meniscus	1
SRR14919242	Thermotalea	63
SRR14919242	Ammoniphilus	1
SRR14919237	Thermogymnomonas	151
SRR14919240	Geobacter	5
SRR14919236	Sedimentibacter	111
SRR14919236	Listeria	12
SRR14919246	Cystobacter	1
SRR14919244	Capnocytophaga	1
SRR14919240	Thermogladius	139
SRR14919239	Keratinibaculum	1
SRR14919236	Peptoniphilus	222
SRR14919242	Howardella	56
SRR14919237	Mycoplasma	191
SRR14919244	Johnsonella	1
SRR14919242	Gracilaria	7
SRR14919241	Starria	1
SRR14919236	Glaciecola	1
SRR14919240	Blastopirellula	3
SRR14919245	Calditerricola	1
SRR14919240	Wohlfahrtiimonas	1
SRR14919243	Acanthopleuribacter	3
SRR14919235	Marvinbryantia	85
SRR14919245	Mechercharimyces	3
SRR14919236	Anaplasma	2
SRR14919235	Dichotomicrobium	1
SRR14919237	Maribacter	1
SRR14919236	Heliobacterium	1
SRR14919236	Rheinheimera	4
SRR14919242	Thermincola	2
SRR14919240	Arthrobacter	2
SRR14919237	Rubrobacter	5
SRR14919235	Sulfitobacter	1
SRR14919245	Halobacterium	21
SRR14919242	Acidilobus	19
SRR14919236	Saccharibacillus	3
SRR14919235	Lachnospira	30
SRR14919237	Bacillus	1744
SRR14919235	Halospina	1
SRR14919240	Lactobacillus	618
SRR14919240	Mycoplasma	368
SRR14919243	Tetragenococcus	1
SRR14919242	Desulfitibacter	5
SRR14919239	Alteromonas	2
SRR14919236	Azoarcus	1
SRR14919239	Thiomargarita	313
SRR14919242	Dolichospermum	10
SRR14919240	Corallina	1
SRR14919239	Rhodothalassium	1
SRR14919238	Ectothiorhodospira	3
SRR14919245	Ammonifex	1
SRR14919241	Ohtaekwangia	4
SRR14919239	Howardella	19
SRR14919243	Ornatilinea	1
SRR14919239	Gracilaria	7
SRR14919241	Hymenobacter	1
SRR14919237	Cellulosibacter	3
SRR14919235	Euglena	17
SRR14919246	Sporolactobacillus	2
SRR14919242	Runella	6
SRR14919238	Indibacter	1
SRR14919243	Subdoligranulum	52
SRR14919244	Grammonema	1
SRR14919237	Delftia	1
SRR14919245	Grimontia	5
SRR14919238	Methanomethylovorans	2
SRR14919241	Weissella	8
SRR14919241	Lactococcus	85
SRR14919246	Hydrogenophaga	1
SRR14919241	Paludibacter	13
SRR14919244	Catellicoccus	1
SRR14919244	Merismopedia	1
SRR14919242	Eutreptia	187
SRR14919235	Azospira	1
SRR14919245	Limibacter	7
SRR14919239	Acidilobus	17
SRR14919235	Shuttleworthia	11
SRR14919237	Oceanospirillum	1
SRR14919238	Sulfurivirga	1
SRR14919238	Vampirovibrio	1
SRR14919239	Bryopsis	48
SRR14919246	Collinsella	187
SRR14919240	Desulfonatronum	1
SRR14919235	Desulfotignum	2
SRR14919238	Methylosinus	1
SRR14919244	Thermus	2
SRR14919244	Acetanaerobacterium	19
SRR14919242	Peptostreptococcus	4
SRR14919245	Oxalobacter	7
SRR14919238	Atopobium	17
SRR14919236	Derxia	35
SRR14919246	Gracilibacter	12
SRR14919243	Rubidibacter	1
SRR14919242	Parvibacter	4
SRR14919240	Dickeya	10
SRR14919242	Spirobacillus	1
SRR14919240	Bradyrhizobium	348
SRR14919235	Methanimicrococcus	5
SRR14919239	Barnesiella	1695
SRR14919237	Melioribacter	1
SRR14919246	Halomonas	5
SRR14919245	Coenonia	5
SRR14919236	Aglaothamnion	2
SRR14919237	Streptococcus	116
SRR14919244	Streptomyces	464
SRR14919242	Lysinibacillus	79
SRR14919236	Alkalitalea	1
SRR14919244	Croceimarina	1
SRR14919240	Gelidium	1
SRR14919236	Desulfomicrobium	1
SRR14919239	Algoriphagus	4
SRR14919244	Dyadobacter	1
SRR14919236	Catenibacterium	9
SRR14919245	Tenacibaculum	1
SRR14919242	Synechococcus	2
SRR14919236	Limnothrix	2
SRR14919243	Parasegetibacter	1
SRR14919238	Tepidanaerobacter	4
SRR14919235	Glycomyces	3
SRR14919240	Ruegeria	118
SRR14919235	Reclinomonas	63
SRR14919237	Wolbachia	2
SRR14919240	Salarchaeum	1
SRR14919242	Coprobacter	285
SRR14919241	Chitinophaga	2
SRR14919245	Pyrobaculum	109
SRR14919245	Myxococcus	21
SRR14919238	Spirochaeta	2
SRR14919238	Megamonas	4
SRR14919242	Modestobacter	1
SRR14919242	Mitsuokella	7
SRR14919245	Cohnella	1
SRR14919244	Eggerthella	9
SRR14919246	Stenoxybacter	1
SRR14919239	Anaerotruncus	63
SRR14919236	Arcicella	159
SRR14919246	Paraprevotella	3
SRR14919243	Oligella	2
SRR14919239	Nostocoida	1
SRR14919241	Parasporobacterium	9
SRR14919237	Aliifodinibius	3
SRR14919244	Thalassomonas	117
SRR14919238	Hydrogenoanaerobacterium	42
SRR14919241	Lutispora	3
SRR14919244	Solitalea	3
SRR14919246	Desulfoluna	1
SRR14919244	Parvularcula	1
SRR14919242	Proteocatella	6
SRR14919236	Alistipes	664
SRR14919243	Fervidicoccus	1
SRR14919246	Sulfobacillus	9
SRR14919242	Actinomyces	29
SRR14919241	Kushneria	17
SRR14919236	Lewinella	23
SRR14919238	Prolixibacter	1
SRR14919242	Coprobacillus	2
SRR14919240	Mechercharimyces	1
SRR14919243	Pseudoramibacter	3
SRR14919246	Desulfobulbus	3
SRR14919236	Sporocytophaga	38
SRR14919235	Natronococcus	2
SRR14919239	Dickeya	6
SRR14919244	Nocardia	6
SRR14919241	Planctomyces	2
SRR14919242	Hassallia	2
SRR14919246	Natronorubrum	4
SRR14919242	Nostocoida	1
SRR14919240	Aquaspirillum	1
SRR14919238	Anaerovibrio	5
SRR14919246	Dendrosporobacter	1
SRR14919238	Chondromyces	2
SRR14919244	Methanohalophilus	1
SRR14919242	Akkermansia	112
SRR14919239	Acetatifactor	24
SRR14919244	Parabacteroides	5709
SRR14919246	Pelodictyon	1
SRR14919239	Terrimonas	3
SRR14919242	Zhihengliuella	1
SRR14919235	Rickettsia	5
SRR14919237	Corallococcus	2
SRR14919245	Chlamydia	7
SRR14919245	Methanococcoides	17
SRR14919245	Halococcus	3
SRR14919240	Armatimonas	20
SRR14919240	Anabaena	8
SRR14919235	Fusibacter	4
SRR14919245	Algimonas	1
SRR14919243	Olivibacter	24
SRR14919236	Dechloromonas	1
SRR14919237	Paracraurococcus	1
SRR14919244	Emticicia	5
SRR14919243	Gemmiger	543
SRR14919240	Fabibacter	1
SRR14919239	Fontibacter	78
SRR14919238	Mobiluncus	2
SRR14919239	Taylorella	56
SRR14919244	Prototheca	8
SRR14919242	Anaerococcus	459
SRR14919235	Solanum	1
SRR14919240	Caloramator	41
SRR14919237	Saccharospirillum	1
SRR14919242	Terrimonas	2
SRR14919237	Pylaiella	2
SRR14919244	Methanogenium	1
SRR14919241	Pseudoscardovia	2
SRR14919240	Sediminitomix	1
SRR14919239	Halothermothrix	7
SRR14919235	Sulfuritalea	1
SRR14919237	Adhaeribacter	17
SRR14919242	Rhodobacter	6
SRR14919237	Garciella	2
SRR14919241	Anaerosphaera	1
SRR14919240	Massilia	1
SRR14919245	Clostridium	5765
SRR14919243	Methylomonas	68
SRR14919237	Brevibacillus	17
SRR14919246	Sorangium	3
SRR14919236	Pedomicrobium	1
SRR14919240	Anaerofilum	87
SRR14919236	Brasilonema	3
SRR14919239	Spirosoma	1
SRR14919236	Bryobacter	4
SRR14919239	Moraxella	3
SRR14919236	Ochrobactrum	6
SRR14919242	Herbaspirillum	1
SRR14919238	Bacteroides	33197
SRR14919236	Marvinbryantia	73
SRR14919246	Telmatospirillum	1
SRR14919242	Taylorella	81
SRR14919235	Criblamydia	1
SRR14919236	Thermomonospora	1
SRR14919238	Marinobacterium	4
SRR14919243	Trichococcus	137
SRR14919236	Saccharofermentans	3
SRR14919242	Elizabethkingia	3
SRR14919236	Bulleidia	1
SRR14919237	Aureispira	29
SRR14919236	Chondrus	4
SRR14919239	Scardovia	1
SRR14919239	Halobiforma	2
SRR14919243	Shewanella	9
SRR14919238	Peptostreptococcus	1
SRR14919237	Cellulosilyticum	10
SRR14919240	Caldanaerobacter	1
SRR14919241	Cedecea	1
SRR14919236	Klebsiella	70
SRR14919246	Ureibacillus	3
SRR14919245	Fretibacterium	1
SRR14919244	Gardnerella	1
SRR14919240	Serratia	9
SRR14919236	Parachlamydia	1
SRR14919237	Borrelia	3
SRR14919236	Spiribacter	2
SRR14919238	Luteimonas	1
SRR14919242	Sphingobacterium	150
SRR14919236	Brachyspira	10
SRR14919245	Phascolarctobacterium	1335
SRR14919240	Limnohabitans	1
SRR14919242	Caedibacter	53
SRR14919236	Thermus	2
SRR14919242	Cobetia	3
SRR14919237	Polynucleobacter	1
SRR14919236	Mesoplasma	12
SRR14919240	Rothia	15
SRR14919245	Youngiibacter	24
SRR14919243	Oxobacter	32
SRR14919240	Aureispira	43
SRR14919243	Macellibacteroides	20
SRR14919246	Treponema	139
SRR14919246	Leptospira	42
SRR14919243	Haloferax	107
SRR14919241	Anaeroglobus	1
SRR14919244	Sinorhizobium	7
SRR14919236	Chlorobium	1
SRR14919238	Alishewanella	1
SRR14919242	Buchnera	424
SRR14919243	Halalkalicoccus	1
SRR14919243	Phocaeicola	3
SRR14919239	Insolitispirillum	1
SRR14919239	Natrinema	2
SRR14919245	Gelidium	2
SRR14919243	Cenarchaeum	172
SRR14919237	Syntrophobacter	1
SRR14919240	Planktothrix	4
SRR14919240	Enterobacter	28
SRR14919246	Peptoniphilus	88
SRR14919235	Syntrophobotulus	1
SRR14919237	Parasporobacterium	23
SRR14919235	Olsenella	3
SRR14919236	Symbiobacterium	1
SRR14919245	Muricauda	1
SRR14919238	Anoxynatronum	1
SRR14919237	Rubritalea	2
SRR14919236	Lentisphaera	1
SRR14919237	Agromyces	2
SRR14919241	Lachnobacterium	62
SRR14919245	Idiomarina	7
SRR14919236	Thiothrix	5
SRR14919235	Fusicatenibacter	834
SRR14919239	Desulfotalea	285
SRR14919243	Abiotrophia	2
SRR14919237	Heliobacterium	1
SRR14919244	Pseudoflavonifractor	16
SRR14919240	Methanococcoides	29
SRR14919235	Burkholderia	24
SRR14919242	Jonquetella	1
SRR14919241	Dasania	1
SRR14919239	Lachnoanaerobaculum	15
SRR14919236	Salinisphaera	1
SRR14919239	Tepidibacter	2
SRR14919235	Thiobacillus	3
SRR14919245	Microcystis	374
SRR14919235	Gelidiella	1
SRR14919243	Dolichospermum	5
SRR14919240	Pantoea	1
SRR14919244	Butyrivibrio	533
SRR14919241	Pelotomaculum	1
SRR14919241	Desulfothermus	1
SRR14919240	Rubritalea	1
SRR14919239	Sedimentibacter	116
SRR14919243	Thermotalea	6
SRR14919245	Roseibacillus	1
SRR14919235	Niabella	1
SRR14919239	Catonella	3
SRR14919236	Methanolinea	1
SRR14919235	Simplicispira	5
SRR14919240	Acinetobacter	144
SRR14919240	Alkalibacter	11
SRR14919243	Ilyobacter	1
SRR14919245	Johnsonella	3
SRR14919236	Salmonella	3
SRR14919240	Marinoscillum	2
SRR14919235	Vagococcus	1
SRR14919239	Thermoproteus	1
SRR14919243	Butyricimonas	3
SRR14919237	Snodgrassella	4
SRR14919242	Methanothermobacter	1
SRR14919238	Microbulbifer	1
SRR14919236	Shuttleworthia	8
SRR14919235	Oribacterium	235
SRR14919245	Tumebacillus	3
SRR14919243	Olavius	2
SRR14919236	Haloterrigena	1
SRR14919238	Oscillibacter	24528
SRR14919235	Moorella	2
SRR14919239	Dorea	3988
SRR14919237	Thiomonas	1
SRR14919245	Oceanobacillus	2
SRR14919245	Ruegeria	90
SRR14919243	Thermincola	1
SRR14919239	Lishizhenia	2
SRR14919239	Leifsonia	1
SRR14919238	Rubrobacter	1
SRR14919237	Sporocytophaga	16
SRR14919245	Natronococcus	1
SRR14919240	Methanolobus	46
SRR14919246	Oleispira	2
SRR14919240	Antarctobacter	8
SRR14919245	Novispirillum	1
SRR14919241	Bradyrhizobium	262
SRR14919246	Pseudomonas	116
SRR14919236	Lachnospira	29
SRR14919238	Fulvivirga	1
SRR14919236	Acidithiobacillus	5
SRR14919241	Desulfobacterium	3
SRR14919243	Nitrosomonas	4
SRR14919243	Lysinibacillus	61
SRR14919238	Roseibacterium	1
SRR14919235	Tepidimicrobium	1
SRR14919237	Rhizobium	3
SRR14919237	Olleya	1
SRR14919242	Petrimonas	2
SRR14919236	Syntrophococcus	29
SRR14919246	Sulfurimonas	1
SRR14919235	Haloplasma	2
SRR14919242	Peredibacter	1
SRR14919244	Cesiribacter	1
SRR14919244	Ralstonia	4
SRR14919244	Sphingomonas	206
SRR14919242	Desulfonatronovibrio	1
SRR14919239	Pantoea	2
SRR14919244	Hyphomonas	3
SRR14919243	Caldicoprobacter	4
SRR14919237	Dorea	563
SRR14919242	Natranaerobius	1
SRR14919238	Anoxybacillus	5
SRR14919235	Pseudochlorella	9
SRR14919244	Methanosphaerula	18
SRR14919242	Sarcina	1
SRR14919236	Mogibacterium	6
SRR14919246	Mucilaginibacter	7
SRR14919243	Desulfonatronum	1
SRR14919239	Allobacillus	1
SRR14919241	Listeria	5
SRR14919245	Natronovirga	2
SRR14919243	Blastopirellula	4
SRR14919242	Trigonala	2
SRR14919238	Dorea	3489
SRR14919245	Anaerosporobacter	127
SRR14919240	Providencia	6
SRR14919238	Stenotrophomonas	12
SRR14919246	Oxalobacter	1
SRR14919242	Thiomicrospira	1
SRR14919239	Thalassiosira	67
SRR14919238	Aliifodinibius	6
SRR14919243	Parvibacter	2
SRR14919240	Alkaliphilus	19
SRR14919238	Atopobacter	2
SRR14919238	Peptoclostridium	782
SRR14919246	Gracilimonas	2
SRR14919238	Mesostigma	1
SRR14919243	Ectothiorhodospira	3
SRR14919240	Pediococcus	308
SRR14919242	Halorientalis	1
SRR14919238	Roseburia	6021
SRR14919238	Lactonifactor	74
SRR14919245	Serratia	3
SRR14919244	Laribacter	3
SRR14919237	Hydrogenivirga	1
SRR14919240	Oceanospirillum	1
SRR14919239	Macellibacteroides	6
SRR14919235	Methylobacterium	37
SRR14919246	Kocuria	3
SRR14919240	Actinobaculum	2
SRR14919239	Catenibacterium	315
SRR14919245	Anabaena	6
SRR14919239	Hellea	1
SRR14919241	Natronomonas	1
SRR14919246	Tetragenococcus	2
SRR14919243	Stomatobaculum	6
SRR14919244	Desulfotomaculum	75
SRR14919243	Herbaspirillum	1
SRR14919235	Arthrobacter	2
SRR14919246	Cytophaga	36
SRR14919241	Colwellia	1
SRR14919237	Marvinbryantia	219
SRR14919242	Bacillus	1712
SRR14919240	Slackia	3
SRR14919235	Cryptosporangium	1
SRR14919243	Coprobacter	277
SRR14919246	Pyrobaculum	75
SRR14919239	Spirochaeta	7
SRR14919236	Dorea	345
SRR14919243	Mitsuokella	8
SRR14919236	Ohtaekwangia	2
SRR14919242	Thermodesulfobacterium	1
SRR14919246	Subdoligranulum	195
SRR14919238	Yaniella	1
SRR14919236	Oxalophagus	1
SRR14919236	Hymenobacter	6
SRR14919242	Herminiimonas	2
SRR14919238	Balneola	2
SRR14919242	Lactococcus	119
SRR14919242	Fodinicurvata	370
SRR14919245	Holospora	6
SRR14919237	Thermobacillus	1
SRR14919235	Acetonema	1
SRR14919236	Euzebyella	1
SRR14919242	Geovibrio	1
SRR14919236	Paludibacter	21
SRR14919243	Thermoplasma	2
SRR14919243	Actinomyces	20
SRR14919239	Sulfurihydrogenibium	2
SRR14919239	Moryella	4
SRR14919244	Bryopsis	49
SRR14919241	Anaerostipes	11
SRR14919239	Legionella	16
SRR14919240	Flexibacter	3
SRR14919240	Caldicellulosiruptor	26
SRR14919246	Alkaliflexus	3
SRR14919241	Sporomusa	31
SRR14919235	Orientia	1
SRR14919240	Halochromatium	1
SRR14919239	Coraliomargarita	1
SRR14919235	Ethanoligenens	3
SRR14919242	Defluviitalea	56
SRR14919239	Rhodocytophaga	1
SRR14919238	Aminobacterium	2
SRR14919245	Chloroflexus	1
SRR14919241	Methanosaeta	4
SRR14919246	Capnocytophaga	1
SRR14919236	Simonsiella	2
SRR14919245	Syntrophothermus	77
SRR14919241	Tepidanaerobacter	1
SRR14919244	Caulobacter	1
SRR14919239	Streptomyces	511
SRR14919236	Desulfatibacillum	1
SRR14919246	Reichenbachiella	1
SRR14919235	Dorea	466
SRR14919235	Brevundimonas	5
SRR14919235	Nitrospina	1
SRR14919246	Beijerinckia	49
SRR14919242	Sporacetigenium	1
SRR14919235	Ignatzschineria	2
SRR14919238	Caldicellulosiruptor	31
SRR14919245	Glycomyces	6
SRR14919242	Legionella	6
SRR14919235	Winogradskyella	61
SRR14919239	Slackia	12
SRR14919235	Corynebacterium	32
SRR14919238	Agrobacterium	152
SRR14919245	Rickettsia	4
SRR14919245	Bilophila	56
SRR14919244	Streptacidiphilus	1
SRR14919242	Picochlorum	1
SRR14919236	Tannerella	20
SRR14919238	Heliobacterium	1
SRR14919245	Parascardovia	1
SRR14919245	Eggerthella	2
SRR14919244	Olivibacter	35
SRR14919242	Silanimonas	1
SRR14919236	Proteiniclasticum	1
SRR14919242	Chlamydomonas	1
SRR14919239	Acetanaerobacterium	101
SRR14919236	Chitinophaga	4
SRR14919244	Kitasatospora	1
SRR14919239	Sufflavibacter	1
SRR14919243	Dietzia	4
SRR14919241	Mucilaginibacter	4
SRR14919240	Methanimicrococcus	2
SRR14919235	Olavius	2
SRR14919240	Sediminibacterium	1
SRR14919240	Algoriphagus	10
SRR14919239	Geoalkalibacter	2
SRR14919244	Dolichospermum	4
SRR14919235	Desulfofaba	2
SRR14919241	Caloramator	3
SRR14919243	Dehalobacter	1
SRR14919236	Kinetoplastibacterium	25
SRR14919243	Adlercreutzia	3
SRR14919239	Methanopyrus	1
SRR14919246	Clostridium	4994
SRR14919239	Parvularcula	2
SRR14919240	Fibrisoma	1
SRR14919245	Orenia	1
SRR14919241	Anaerofilum	22
SRR14919237	Brasilonema	3
SRR14919237	Euglenaria	3
SRR14919237	Ignicoccus	1
SRR14919245	Eubostrichus	3
SRR14919244	Dysgonomonas	107
SRR14919239	Bacteroides	43823
SRR14919236	Calochaete	65
SRR14919246	Myroides	2
SRR14919236	Planctomyces	3
SRR14919242	Alicyclobacillus	12
SRR14919237	Shuttleworthia	79
SRR14919242	Halothermothrix	20
SRR14919239	Desulfovibrio	573
SRR14919239	Acidiferrobacter	2
SRR14919238	Victivallis	2
SRR14919236	Rhodospirillum	2
SRR14919238	Actinocorallia	1
SRR14919243	Akkermansia	11
SRR14919239	Papillibacter	203
SRR14919237	Codium	10
SRR14919246	Oceanobacillus	2
SRR14919236	Alkalibaculum	61
SRR14919246	Klebsiella	34
SRR14919241	Jonesia	2
SRR14919242	Bradyrhizobium	362
SRR14919239	Tindallia	1
SRR14919237	Thermoactinomyces	3
SRR14919240	Euglenaria	3
SRR14919239	Cocleimonas	1
SRR14919237	Brachyspira	3
SRR14919241	Lacinutrix	1
SRR14919241	Armatimonas	12
SRR14919246	Listeria	5
SRR14919236	Solobacterium	6
SRR14919235	Campylobacter	56
SRR14919244	Lysinibacillus	49
SRR14919243	Caedibacter	37
SRR14919239	Roseibacterium	2
SRR14919239	Eudoraea	1
SRR14919239	Pseudorhodobacter	2
SRR14919240	Crenothrix	1
SRR14919236	Anaerophaga	1
SRR14919244	Robinsoniella	13
SRR14919239	Nostoc	2
SRR14919243	Porphyromonas	116
SRR14919246	Chlorobium	1
SRR14919237	Anaplasma	2
SRR14919244	Ruminococcus	6516
SRR14919239	Virgibacillus	14
SRR14919236	Christensenella	1
SRR14919243	Rhodobacter	3
SRR14919235	Chryseobacterium	22
SRR14919238	Kocuria	1
SRR14919237	Anaerococcus	240
SRR14919241	Prevotella	436
SRR14919243	Methylohalomonas	1
SRR14919241	Planktothricoides	1
SRR14919245	Simplicispira	13
SRR14919243	Aeromonas	36
SRR14919237	Thermogladius	81
SRR14919240	Halobacterium	17
SRR14919239	Symbiobacterium	6
SRR14919246	Turicibacter	41
SRR14919238	Lacinutrix	2
SRR14919239	Yersinia	1
SRR14919238	Methylomonas	80
SRR14919245	Hydrogenothermus	1
SRR14919243	Thiomicrospira	1
SRR14919240	Syntrophothermus	127
SRR14919239	Aliifodinibius	1
SRR14919244	Lachnobacterium	32
SRR14919237	Cryptoglena	1
SRR14919236	Aquitalea	1
SRR14919243	Propionispora	3
SRR14919242	Alysiella	1
SRR14919241	Reichenbachiella	1
SRR14919235	Pleurocapsa	1
SRR14919244	Abiotrophia	1
SRR14919238	Hydrogenivirga	1
SRR14919235	Tissierella	8
SRR14919242	Compsopogon	1
SRR14919235	Kofleria	1
SRR14919238	Trichococcus	148
SRR14919235	Acidaminobacter	4
SRR14919238	Sporocytophaga	41
SRR14919242	Prosthecomicrobium	1
SRR14919242	Natronincola	2
SRR14919245	Gardnerella	2
SRR14919244	Leptotrichia	2
SRR14919242	Weissella	114
SRR14919241	Antarctobacter	6
SRR14919238	Dissulfuribacter	1
SRR14919235	Pseudendoclonium	1
SRR14919246	Microcystis	301
SRR14919243	Eutreptia	152
SRR14919238	Prevotella	6821
SRR14919235	Trachelomonas	1
SRR14919245	Gelidiella	3
SRR14919240	Caldanaerocella	1
SRR14919235	Chrysodidymus	91
SRR14919237	Lactobacillus	363
SRR14919242	Borrelia	8
SRR14919241	Geobacter	3
SRR14919241	Marinobacterium	1
SRR14919244	Cymbella	2
SRR14919244	Derxia	16
SRR14919246	Enterococcus	208
SRR14919246	Mesoplasma	1
SRR14919245	Salinivibrio	25
SRR14919244	Thermotalea	12
SRR14919242	Candidatus_Liberibacter	1
SRR14919240	Desulfotalea	351
SRR14919239	Atopobium	6
SRR14919242	Insolitispirillum	3
SRR14919242	Parasporobacterium	360
SRR14919238	Pandoraea	1
SRR14919236	Thermosinus	1
SRR14919242	Methylothermus	1
SRR14919244	Oscillospira	1792
SRR14919244	Phocaeicola	10
SRR14919243	Natranaerobius	1
SRR14919244	Cenarchaeum	172
SRR14919236	Anaeroglobus	1
SRR14919238	Thermobacillus	6
SRR14919246	Mogibacterium	8
SRR14919243	Peptostreptococcus	6
SRR14919244	Corethron	1
SRR14919242	Sedimentibacter	170
SRR14919236	Methanimicrococcus	4
SRR14919235	Planktothrix	4
SRR14919236	Halospina	1
SRR14919235	Enterobacter	21
SRR14919239	Rubrobacter	6
SRR14919246	Ammonifex	1
SRR14919242	Filifactor	5
SRR14919235	Pseudanabaena	3
SRR14919245	Marinococcus	1
SRR14919235	Parvimonas	1
SRR14919238	Boyliae	1
SRR14919241	Methanococcus	2
SRR14919237	Lachnospira	77
SRR14919244	Woodsholea	2
SRR14919238	Xylanibacter	1
SRR14919239	Aminobacterium	2
SRR14919238	Aureibacter	2
SRR14919241	Halobacillus	1
SRR14919238	Tepidimicrobium	2
SRR14919235	Halomonas	16
SRR14919235	Dietzia	3
SRR14919237	Arcicella	79
SRR14919237	Modicisalibacter	2
SRR14919246	Grimontia	2
SRR14919245	Parvibaculum	1
SRR14919239	Syntrophococcus	64
SRR14919235	Phormidium	10
SRR14919238	Thermophagus	1
SRR14919245	Brevundimonas	2
SRR14919242	Chromobacterium	1
SRR14919240	Euzebya	11
SRR14919245	Haloplasma	1
SRR14919244	Stomatobaculum	1
SRR14919236	Paracoccus	14
SRR14919245	Marivirga	1
SRR14919244	Herbaspirillum	2
SRR14919239	Synechococcus	1
SRR14919238	Marvinbryantia	346
SRR14919240	Trichormus	1
SRR14919240	Natronoflexus	1
SRR14919243	Lutibacter	1
SRR14919237	Alistipes	2971
SRR14919241	Chloroherpeton	1
SRR14919238	Pseudochlorella	15
SRR14919241	Gemella	128
SRR14919239	Heliobacterium	2
SRR14919243	Desulfosalsimonas	2
SRR14919245	Cellvibrio	1
SRR14919239	Filifactor	13
SRR14919241	Rubrivivax	1
SRR14919241	Brassicibacter	1
SRR14919239	Butyrivibrio	1226
SRR14919246	Blastopirellula	1
SRR14919246	Anaerofustis	2
SRR14919243	Roseomonas	2
SRR14919242	Anaeroplasma	6
SRR14919240	Niabella	2
SRR14919241	Gracilibacter	4
SRR14919235	Thermovibrio	1
SRR14919237	Methanobacterium	4
SRR14919246	Johnsonella	1
SRR14919244	Pseudoclavibacter	1
SRR14919243	Hassallia	2
SRR14919246	Salmonella	1
SRR14919242	Escherichia/Shigella	18
SRR14919241	Providencia	2
SRR14919245	Strombomonas	6
SRR14919240	Tepidibacter	3
SRR14919239	Atopobacter	1
SRR14919235	Alkalibacter	3
SRR14919236	Faecalibacterium	152
SRR14919236	Plasticicumulans	3
SRR14919241	Chloroidium	2
SRR14919241	Pediococcus	266
SRR14919236	Selenihalanaerobacter	2
SRR14919246	Neorickettsia	1
SRR14919240	Natronoanaerobium	1
SRR14919239	Coprobacillus	1
SRR14919238	Laceyella	1
SRR14919236	Paenibacillus	463
SRR14919243	Terriglobus	1
SRR14919240	Tenacibaculum	1
SRR14919240	Moorella	4
SRR14919238	Komagataeibacter	1
SRR14919238	Wolbachia	2
SRR14919244	Aquimarina	1
SRR14919237	Saccharofermentans	1
SRR14919246	Chlamydia	2
SRR14919236	Ethanoligenens	3
SRR14919241	Azospirillum	1
SRR14919239	Megamonas	7
SRR14919235	Methanolobus	35
SRR14919238	Shuttleworthia	27
SRR14919245	Emticicia	3
SRR14919244	Coprobacter	145
SRR14919236	Desulfococcus	3
SRR14919244	Mitsuokella	3
SRR14919244	Denitrobacterium	523
SRR14919239	Nitrosovibrio	1
SRR14919244	Catabacter	7
SRR14919238	Nitrosomonas	3
SRR14919235	Kistimonas	1
SRR14919246	Alkalibaculum	8
SRR14919239	Euzebya	7
SRR14919242	Lutispora	195
SRR14919235	Cerasicoccus	1
SRR14919235	Coprococcus	3803
SRR14919245	Solitalea	2
SRR14919243	Proteus	15
SRR14919243	Bradyrhizobium	237
SRR14919242	Catenibacterium	23
SRR14919235	Coprothermobacter	48
SRR14919243	Lactococcus	72
SRR14919245	Hyphomicrobium	1
SRR14919238	Garciella	6
SRR14919246	Geminocystis	1
SRR14919245	Cellulophaga	1
SRR14919242	Kushneria	28
SRR14919237	Lewinella	17
SRR14919241	Sulfobacillus	9
SRR14919246	Desulfonatronum	1
SRR14919239	Sphingomonas	233
SRR14919238	Thioalkalibacter	1
SRR14919244	Anaerosalibacter	1
SRR14919235	Rhodopseudomonas	31
SRR14919244	Propionibacterium	5
SRR14919244	Actinomyces	20
SRR14919243	Jeotgalibacillus	1
SRR14919244	Fusobacterium	13
SRR14919236	Flavisolibacter	6
SRR14919242	Sphaerochaeta	2
SRR14919236	Pseudaminobacter	1
SRR14919239	Caldisericum	1
SRR14919244	Parvibacter	5
SRR14919241	Flexibacter	2
SRR14919245	Dolichospermum	5
SRR14919245	Serpens	1
SRR14919241	Natronorubrum	2
SRR14919241	Deferrisoma	1
SRR14919244	Phascolarctobacterium	1269
SRR14919243	Halomicrobium	1
SRR14919239	Proteocatella	6
SRR14919243	Mycobacterium	11
SRR14919235	Alkaliphilus	14
SRR14919238	Parasporobacterium	436
SRR14919240	Halorubrum	50
SRR14919245	Ornithobacterium	1
SRR14919242	Actinomadura	5
SRR14919236	Granulosicoccus	2
SRR14919235	Chromohalobacter	2
SRR14919236	Leptothrix	7
SRR14919246	Dyadobacter	2
SRR14919235	Enhygromyxa	29
SRR14919237	Ferrovum	4
SRR14919239	Rudanella	1
SRR14919238	Winogradskyella	49
SRR14919238	Corynebacterium	29
SRR14919239	Leptolyngbya	1
SRR14919239	Peptostreptococcus	2
SRR14919235	Acidovorax	2
SRR14919240	Roseivirga	2
SRR14919239	Hydrogenivirga	2
SRR14919246	Eggerthella	4
SRR14919245	Olivibacter	33
SRR14919239	Sporocytophaga	33
SRR14919242	Antarctobacter	14
SRR14919244	Thioalkalivibrio	1
SRR14919238	Natrialba	1
SRR14919238	Pylaiella	1
SRR14919240	Leptospirillum	3
SRR14919240	Acetobacterium	2
SRR14919239	Cryptanaerobacter	2
SRR14919245	Chrysodidymus	92
SRR14919237	Halorubrum	31
SRR14919244	Vallitalea	6
SRR14919244	Haladaptatus	6
SRR14919238	Azovibrio	1
SRR14919246	Solobacterium	7
SRR14919245	Campylobacter	40
SRR14919236	Desulfofaba	4
SRR14919236	Heteroptilon	1
SRR14919246	Zoogloea	1
SRR14919245	Lysinibacillus	55
SRR14919242	Fulvitalea	1
SRR14919242	Caloramator	119
SRR14919236	Varibaculum	2
SRR14919244	Macellibacteroides	4
SRR14919241	Peptoniphilus	124
SRR14919236	Psychrobacter	15
SRR14919246	Halolactibacillus	1
SRR14919235	Methanocorpusculum	2
SRR14919242	Anaerofilum	58
SRR14919244	Moryella	2
SRR14919239	Jeotgalicoccus	1
SRR14919238	Spironema	1
SRR14919238	Thermoplasma	1
SRR14919243	Ptilophora	1
SRR14919245	Stella	1
SRR14919237	Bulleidia	1
SRR14919245	Zhihengliuella	1
SRR14919235	Treponema	199
SRR14919236	Anaerostipes	2395
SRR14919238	Desulfurivibrio	1
SRR14919238	Brumimicrobium	1
SRR14919246	Chondrus	2
SRR14919246	Calochaete	33
SRR14919242	Fibrella	1
SRR14919240	Orientia	1
SRR14919236	Rhodoplanes	1
SRR14919236	Ureaplasma	4
SRR14919245	Halothermothrix	5
SRR14919241	Thiohalophilus	3
SRR14919244	Thermanaerothrix	1
SRR14919246	Edwardsiella	2
SRR14919243	Thermogymnomonas	223
SRR14919241	Desulfacinum	1
SRR14919235	Fangia	2
SRR14919244	Marinilabilia	1
SRR14919240	Cupriavidus	1
SRR14919236	Ephedra	1
SRR14919241	Blautia	11479
SRR14919240	Sulfitobacter	1
SRR14919239	Victivallis	3
SRR14919244	Chlorokybus	1
SRR14919235	Zavarzinella	2
SRR14919235	Anaerobranca	1
SRR14919246	Thermomicrobium	1
SRR14919244	Akkermansia	9858
SRR14919236	Methanosaeta	2
SRR14919246	Acidithiobacillus	6
SRR14919244	Trachelium	66
SRR14919244	Thiomargarita	291
SRR14919236	Nostoc	5
SRR14919238	Spiribacter	1
SRR14919244	Pusillimonas	2
SRR14919238	Brachyspira	1
SRR14919238	Methanohalophilus	3
SRR14919246	Tannerella	13
SRR14919242	Armatimonas	17
SRR14919244	Oxobacter	4
SRR14919244	Caedibacter	42
SRR14919240	Youngiibacter	30
SRR14919236	Zavarzinia	2
SRR14919243	Finegoldia	1
SRR14919237	Pelobacter	2
SRR14919244	Haloferax	121
SRR14919235	Kordia	1
SRR14919235	Methanobrevibacter	15
SRR14919242	Desulfomicrobium	1
SRR14919235	Rummeliibacillus	2
SRR14919243	Acholeplasma	8
SRR14919245	Stomatobaculum	2
SRR14919240	Streptomyces	673
SRR14919245	Herbaspirillum	2
SRR14919243	Larkinella	1
SRR14919242	Saccharibacillus	3
SRR14919239	Dinophysis	1
SRR14919238	Gordonibacter	11
SRR14919236	Metabacterium	2
SRR14919239	Marvinbryantia	88
SRR14919243	Balneola	2
SRR14919240	Propioniciclava	1
SRR14919236	Waddlia	2
SRR14919235	Uruburuella	2
SRR14919245	Rikenella	1
SRR14919239	Christensenella	9
SRR14919243	Vampirovibrio	1
SRR14919240	Kordiimonas	1
SRR14919238	Pelotomaculum	7
SRR14919244	Rhodobacter	4
SRR14919243	Desulfatiferula	1
SRR14919243	Piscirickettsia	3
SRR14919241	Haloarcula	4
SRR14919235	Algoriphagus	3
SRR14919239	Persicitalea	1
SRR14919240	Desulfotignum	2
SRR14919238	Nonomuraea	2
SRR14919235	Micrococcus	1
SRR14919244	Aerococcus	3
SRR14919242	Brassicibacter	29
SRR14919241	Aquicella	1
SRR14919237	Brachymonas	1
SRR14919238	Agromyces	1
SRR14919240	Pelobacter	2
SRR14919242	Melioribacter	1
SRR14919240	Ornithobacterium	2
SRR14919237	Thiothrix	3
SRR14919241	Aglaothamnion	1
SRR14919242	Acetohalobium	1
SRR14919244	Erwinia	3
SRR14919244	Oscillatoria	59
SRR14919242	Streptococcus	339
SRR14919240	Pontibacter	1
SRR14919235	Roseiflexus	1
SRR14919239	Thermobacillus	2
SRR14919236	Lactuca	1
SRR14919237	Criblamydia	1
SRR14919236	Pleurocapsa	1
SRR14919238	Rhizobium	4
SRR14919238	Marininema	3
SRR14919239	Bacteriovorax	1
SRR14919239	Dysgonomonas	115
SRR14919241	Derxia	18
SRR14919245	Abiotrophia	1
SRR14919245	Caldivirga	1
SRR14919235	Proteus	8
SRR14919240	Thermoactinomyces	3
SRR14919238	Acidaminobacter	17
SRR14919236	Tissierella	9
SRR14919246	Paenibacillus	260
SRR14919236	Hydrotalea	1
SRR14919238	Halopelagius	1
SRR14919245	Ralstonia	3
SRR14919241	Nonomuraea	1
SRR14919240	Parvularcula	3
SRR14919239	Clostridiisalibacter	1
SRR14919246	Gardnerella	1
SRR14919245	Pseudanabaena	4
SRR14919242	Symbiobacterium	19
SRR14919238	Haloarcula	3
SRR14919235	Salinimicrobium	1
SRR14919244	Avibacterium	6
SRR14919243	Desulforhopalus	1
SRR14919242	Halochromatium	1
SRR14919235	Oleispira	4
SRR14919245	Niabella	1
SRR14919244	Marinobacterium	3
SRR14919242	Advenella	1
SRR14919236	Yeosuana	1
SRR14919243	Mesorhizobium	2
SRR14919235	Knoellia	1
SRR14919241	Psychromonas	2
SRR14919240	Leuconostoc	250
SRR14919235	Cytophaga	7
SRR14919246	Caryophanon	1
SRR14919236	Methanocalculus	28
SRR14919244	Anaerotruncus	417
SRR14919235	Pseudokineococcus	1
SRR14919245	Thermotalea	47
SRR14919243	Natroniella	1
SRR14919244	Eudoraea	1
SRR14919236	Nitrosococcus	4
SRR14919239	Algicola	4
SRR14919239	Thermoanaerobacterium	114
SRR14919239	Methylomarinum	1
SRR14919236	Dehalococcoides	1
SRR14919244	Thalassolituus	1
SRR14919238	Nicotiana	1
SRR14919246	Hyphomicrobium	2
SRR14919237	Acidaminococcus	6
SRR14919245	Phocaeicola	18
SRR14919245	Cenarchaeum	164
SRR14919243	Prolixibacter	1
SRR14919246	Porifericola	1
SRR14919244	Pseudoalteromonas	26
SRR14919239	Ruminococcus	13153
SRR14919246	Marinobacter	2
SRR14919243	Dethiosulfatibacter	2
SRR14919235	Desulfohalobium	1
SRR14919237	Acinetobacter	90
SRR14919240	Natronococcus	1
SRR14919240	Francisella	60
SRR14919236	Pyrococcus	2
SRR14919246	Dolichospermum	7
SRR14919243	Primorskyibacter	1
SRR14919245	Parvimonas	12
SRR14919242	Halonotius	4
SRR14919238	Lachnospira	27
SRR14919236	Exiguobacterium	4
SRR14919241	Asterionella	1
SRR14919243	Syntrophobacter	1
SRR14919236	Pseudoramibacter	2
SRR14919239	Aureibacter	4
SRR14919236	Thalassospira	1
SRR14919244	Acetatifactor	8
SRR14919246	Helicobacter	184
SRR14919246	Ornatilinea	1
SRR14919240	Dialister	1394
SRR14919236	Guggenheimella	2
SRR14919239	Subtercola	3
SRR14919245	Caloranaerobacter	2
SRR14919237	Ochromonas	5
SRR14919245	Persephonella	1
SRR14919235	Pseudoxanthomonas	1
SRR14919240	Haliscomenobacter	1
SRR14919246	Paracoccus	10
SRR14919242	Corallococcus	3
SRR14919235	Blattabacterium	47
SRR14919239	Leptotrichia	4
SRR14919236	Methylomicrobium	3
SRR14919239	Shuttleworthia	11
SRR14919237	Mariprofundus	2
SRR14919246	Microchaete	2
SRR14919240	Tabrizicola	1
SRR14919238	Rhodospirillum	1
SRR14919243	Trigonala	2
SRR14919239	Thermoflavimicrobium	1
SRR14919245	Desulfocapsa	1
SRR14919243	Methanocella	149
SRR14919240	Centipeda	1
SRR14919243	Antarctobacter	3
SRR14919242	Syntrophococcus	42
SRR14919246	Fusicatenibacter	74
SRR14919244	Bradyrhizobium	271
SRR14919242	Sporomusa	40
SRR14919236	Vitreoscilla	1
SRR14919239	Roseburia	5155
SRR14919242	Adhaeribacter	37
SRR14919238	Halogranum	1
SRR14919243	Pedobacter	12
SRR14919240	Paludibacterium	1
SRR14919240	Ochromonas	5
SRR14919246	Lysinibacillus	43
SRR14919242	Chloroidium	2
SRR14919242	Pediococcus	339
SRR14919245	Sedimentibacter	102
SRR14919242	Ureibacillus	6
SRR14919242	Brevibacillus	28
SRR14919239	Oscillospira	4931
SRR14919246	Nocardioides	8
SRR14919241	Pseudochlorella	8
SRR14919235	Odoribacter	13
SRR14919245	Succiniclasticum	1
SRR14919236	Oceanotoga	1
SRR14919246	Ruminofilibacter	5
SRR14919236	Pelagibius	1
SRR14919238	Thioploca	2
SRR14919239	Opitutus	2
SRR14919236	Pilibacter	2
SRR14919244	Epulopiscium	2
SRR14919242	Acidiphilium	1
SRR14919236	Desulfurella	1
SRR14919243	Xylella	112
SRR14919235	Marinomonas	1
SRR14919239	Defluviitalea	10
SRR14919245	Coprobacter	202
SRR14919235	Sulfolobus	1
SRR14919238	Aggregatibacter	7
SRR14919240	Brenneria	3
SRR14919245	Mitsuokella	2
SRR14919237	Anaerobacillus	2
SRR14919245	Phormidium	7
SRR14919239	Telmatospirillum	1
SRR14919245	Catenibacterium	4
SRR14919242	Arcobacter	3
SRR14919246	Euglena	13
SRR14919236	Coprococcus	1573
SRR14919238	Oxalophagus	4
SRR14919244	Sutterella	312
SRR14919240	Brevibacterium	10
SRR14919244	Lactococcus	100
SRR14919239	Vibrio	161
SRR14919235	Petrobacter	1
SRR14919235	Lawsonia	1
SRR14919244	Methylovirgula	1
SRR14919241	Methanimicrococcus	5
SRR14919243	Cellulosilyticum	2
SRR14919235	Volucribacter	7
SRR14919236	Erwinia	6
SRR14919243	Loktanella	1
SRR14919245	Orientia	1
SRR14919238	Methanococcoides	23
SRR14919245	Nitrospira	1
SRR14919235	Leptospira	64
SRR14919241	Leptospirillum	3
SRR14919235	Desulfotalea	242
SRR14919244	Cyanidium	1
SRR14919236	Anaerovorax	3
SRR14919243	Robiginitalea	2
SRR14919242	Flexibacter	6
SRR14919241	Nevskia	1
SRR14919245	Erythrobacter	1
SRR14919235	Tepidibacter	1
SRR14919239	Arcobacter	1
SRR14919239	Streptobacillus	1
SRR14919239	Granulosicoccus	2
SRR14919236	Lysobacter	70
SRR14919243	Anoxynatronum	1
SRR14919240	Butyrivibrio	1525
SRR14919246	Bilophila	56
SRR14919236	Enhygromyxa	51
SRR14919244	Bigelowiella	1
SRR14919242	Sphingopyxis	1
SRR14919236	Mahella	1
SRR14919235	Kinetoplastibacterium	31
SRR14919244	Phytophthora	27
SRR14919236	Actinopolyspora	1
SRR14919236	Azospirillum	6
SRR14919245	Acidovorax	1
SRR14919238	Holdemania	20
SRR14919246	Olivibacter	29
SRR14919240	Tolumonas	1
SRR14919244	Isosphaera	2
SRR14919241	Tumebacillus	1
SRR14919242	Lentibacillus	1
SRR14919241	Winogradskyella	58
SRR14919243	Maricaulis	1
SRR14919246	Methylobacterium	31
SRR14919241	Fusicatenibacter	9
SRR14919237	Desulfofaba	1
SRR14919244	Aeromonas	54
SRR14919242	Pasteuria	1
SRR14919239	Desulfobacterium	9
SRR14919238	Stigmatella	1
SRR14919240	Simplicispira	9
SRR14919246	Solanum	2
SRR14919245	Actinomyces	31
SRR14919235	Sphingobacterium	94
SRR14919246	Nitrosococcus	1
SRR14919241	Gaetbulibacter	1
SRR14919236	Mycoplasma	420
SRR14919246	Cryptosporangium	1
SRR14919246	Stomatobaculum	2
SRR14919243	Anaerofilum	44
SRR14919242	Saccharofermentans	7
SRR14919241	Gracilaria	2
SRR14919239	Brasilonema	4
SRR14919235	Glaciecola	1
SRR14919237	Anaeroplasma	5
SRR14919235	Planktolyngbya	1
SRR14919245	Codium	9
SRR14919242	Snodgrassella	18
SRR14919236	Thiohalospira	12
SRR14919243	Microbulbifer	2
SRR14919237	Natranaerovirga	330
SRR14919240	Nitrobacter	1
SRR14919235	Polaromonas	27
SRR14919244	Rheinheimera	1
SRR14919246	Ureaplasma	2
SRR14919239	Anaerosporobacter	41
SRR14919243	Brassicibacter	1
SRR14919240	Selenomonas	133
SRR14919235	Aerosphaera	1
SRR14919240	Sphingomonas	303
SRR14919236	Paenalcaligenes	1
SRR14919238	Psychrobacillus	1
SRR14919235	Acetivibrio	1119
SRR14919245	Akkermansia	12176
SRR14919243	Sporotalea	1
SRR14919240	Peptococcus	17
SRR14919237	Halobacterium	15
SRR14919241	Acidilobus	14
SRR14919243	Reclinomonas	35
SRR14919237	Actinomadura	4
SRR14919242	Geobacter	4
SRR14919242	Ferrovum	11
SRR14919239	Spiribacter	1
SRR14919235	Allobacillus	1
SRR14919240	Caldisericum	2
SRR14919245	Methanoregula	1
SRR14919235	Ammonifex	1
SRR14919244	Pseudosphingobacterium	1
SRR14919238	Howardella	3
SRR14919240	Neisseria	78
SRR14919243	Armatimonas	7
SRR14919238	Gracilaria	2
SRR14919245	Caedibacter	40
SRR14919236	Falklandiella	1
SRR14919242	Gracilimonas	3
SRR14919237	Guggenheimella	2
SRR14919238	Anaplasma	1
SRR14919238	Streptacidiphilus	2
SRR14919237	Indibacter	1
SRR14919244	Mannheimia	1
SRR14919236	Oceanirhabdus	5
SRR14919243	Dickeya	1
SRR14919241	Chloroflexus	3
SRR14919238	Ethanoligenens	3
SRR14919235	Grimontia	1
SRR14919241	Corynebacterium	15
SRR14919236	Uruburuella	1
SRR14919243	Caloramator	76
SRR14919237	Varibaculum	1
SRR14919244	Limibacter	2
SRR14919241	Mogibacterium	2
SRR14919240	Leptolyngbya	1
SRR14919243	Parasporobacterium	140
SRR14919241	Cryptosporangium	1
SRR14919239	Flavitalea	1
SRR14919245	Rhodobacter	4
SRR14919238	Acidilobus	12
SRR14919239	Rhodospirillum	1
SRR14919239	Haladaptatus	5
SRR14919235	Xylella	117
SRR14919238	Coleofasciculus	1
SRR14919236	Caldicoprobacter	6
SRR14919241	Cyclobacterium	2
SRR14919245	Bradyrhizobium	270
SRR14919243	Alysiella	1
SRR14919244	Peptostreptococcus	2
SRR14919246	Methanohalobium	2
SRR14919243	Lactonifactor	11
SRR14919243	Oscillibacter	837
SRR14919239	Gelria	1
SRR14919239	Mucilaginibacter	5
SRR14919236	Roseiflexus	1
SRR14919240	Halanaerobacter	1
SRR14919236	Halomonas	20
SRR14919242	Christensenella	76
SRR14919237	Methanimicrococcus	3
SRR14919238	Methanomicrobium	1
SRR14919243	Weissella	9
SRR14919238	Euglena	23
SRR14919243	Dendrosporobacter	1
SRR14919237	Tissierella	4
SRR14919245	Runella	2
SRR14919244	Eutreptia	151
SRR14919241	Methanohalophilus	2
SRR14919236	Desulfacinum	2
SRR14919245	Symbiobacterium	3
SRR14919244	Stenotrophomonas	10
SRR14919236	Bibersteinia	1
SRR14919239	Fervidicella	4
SRR14919244	Peptoclostridium	158
SRR14919235	Tepidanaerobacter	4
SRR14919235	Merismopedia	3
SRR14919239	Brachyspira	1
SRR14919238	Paenisporosarcina	2
SRR14919237	Pelosinus	2
SRR14919240	Cronobacter	2
SRR14919239	Methanocalculus	19
SRR14919246	Thalassospira	3
SRR14919244	Myxococcus	12
SRR14919241	Leuconostoc	152
SRR14919239	Succinatimonas	1
SRR14919236	Aminivibrio	1
SRR14919240	Oleomonas	1
SRR14919245	Enterorhabdus	60
SRR14919242	Dyella	1
SRR14919238	Stenoxybacter	1
SRR14919240	Methanocorpusculum	1
SRR14919242	Alkaliflexus	7
SRR14919237	Desulfotomaculum	200
SRR14919241	Methylobacterium	42
SRR14919238	Coenonia	1
SRR14919238	Inhella	1
SRR14919238	Nostocoida	1
SRR14919246	Brachybacterium	1
SRR14919242	Olleya	3
SRR14919241	Brevibacterium	3
SRR14919240	Thermobrachium	7
SRR14919239	Pricia	1
SRR14919235	Streptomyces	508
SRR14919246	Phocaeicola	3
SRR14919236	Methylocaldum	1
SRR14919246	Cenarchaeum	130
SRR14919242	Beijerinckia	123
SRR14919246	Chroococcidiopsis	1
SRR14919245	Volucribacter	5
SRR14919239	Wolbachia	2
SRR14919244	Thalassiosira	45
SRR14919244	Antarctobacter	2
SRR14919240	Xanthomonas	16
SRR14919238	Gracilibacter	67
SRR14919242	Leptospirillum	5
SRR14919242	Acetobacterium	15
SRR14919236	Oceanicoccus	1
SRR14919237	Methanosphaerula	22
SRR14919242	Caldanaerobius	3
SRR14919246	Anaerovibrio	2
SRR14919238	Cohnella	1
SRR14919239	Exiguobacterium	1
SRR14919235	Agarivorans	37
SRR14919238	Arcicella	118
SRR14919239	Lachnospira	69
SRR14919240	Acidaminococcus	1
SRR14919239	Georgiella	1
SRR14919239	Oscillatoria	57
SRR14919236	Histophilus	1
SRR14919238	Saccharofermentans	3
SRR14919240	Brevundimonas	3
SRR14919240	Methanobrevibacter	24
SRR14919246	Hydrotalea	1
SRR14919246	Chryseobacterium	18
SRR14919238	Terrimonas	3
SRR14919243	Agrobacterium	143
SRR14919238	Alistipes	11809
SRR14919238	Blattabacterium	57
SRR14919241	Calothrix	4
SRR14919236	Kurthia	2
SRR14919238	Solanum	1
SRR14919235	Parvularcula	4
SRR14919238	Syntrophothermus	113
SRR14919235	Chlamydia	3
SRR14919239	Avibacterium	11
SRR14919241	Yeosuana	1
SRR14919239	Reichenbachiella	1
SRR14919235	Algimonas	2
SRR14919240	Knoellia	1
SRR14919246	Thermotalea	9
SRR14919245	Coprothermobacter	52
SRR14919241	Aneurinibacillus	1
SRR14919240	Dysgonomonas	165
SRR14919244	Hassallia	1
SRR14919236	Psychromonas	5
SRR14919245	Syntrophococcus	6
SRR14919238	Taylorella	78
SRR14919244	Algicola	2
SRR14919243	Prototheca	6
SRR14919236	Thalassomonas	199
SRR14919243	Pirellula	1
SRR14919243	Persicobacter	1
SRR14919238	Acholeplasma	11
SRR14919244	Alvinella	1
SRR14919241	Terrimonas	4
SRR14919236	Simkania	7
SRR14919235	Fervidicoccus	2
SRR14919244	Pseudochlorella	17
SRR14919238	Sulfobacillus	7
SRR14919243	Chloroidium	3
SRR14919235	Thermothrix	1
SRR14919244	Schlesneria	1
SRR14919236	Odoribacter	83
SRR14919244	Ochrobactrum	4
SRR14919242	Hydrogenoanaerobacterium	127
SRR14919236	Sorangium	5
SRR14919241	Francisella	56
SRR14919242	Gaetbulibacter	1
SRR14919245	Terriglobus	1
SRR14919239	Sphaerochaeta	1
SRR14919237	Oceanrickettsia	1
SRR14919246	Thiohalospira	5
SRR14919240	Mobiluncus	1
SRR14919242	Thermoanaerobaculum	1
SRR14919239	Pectinatus	2
SRR14919239	Parasporobacterium	315
SRR14919238	Natronorubrum	4
SRR14919246	Emticicia	5
SRR14919241	Taylorella	39
SRR14919238	Methanothermococcus	1
SRR14919244	Desulfovibrio	493
SRR14919240	Dolosicoccus	1
SRR14919236	Marinomonas	4
SRR14919240	Thermus	2
SRR14919236	Vibrio	241
SRR14919236	Oligella	1
SRR14919245	Cobetia	7
SRR14919244	Papillibacter	70
SRR14919236	Aureispira	80
SRR14919235	Vulcanibacillus	2
SRR14919244	Brassicibacter	1
SRR14919235	Dickeya	2
SRR14919242	Shewanella	4
SRR14919236	Asterionella	1
SRR14919245	Sulfolobus	1
SRR14919243	Lutispora	80
SRR14919246	Solitalea	3
SRR14919245	Cytinus	1
SRR14919240	Ruminococcus	20440
SRR14919239	Pylaiella	1
SRR14919235	Klebsiella	41
SRR14919243	Kushneria	12
SRR14919238	Lewinella	16
SRR14919241	Flammeovirga	1
SRR14919235	Alicyclobacillus	8
SRR14919241	Octadecabacter	1
SRR14919239	Oxalophagus	2
SRR14919243	Phascolarctobacterium	5
SRR14919241	Solobacterium	7
SRR14919240	Campylobacter	42
SRR14919245	Lactococcus	95
SRR14919242	Codium	15
SRR14919244	Methanolinea	1
SRR14919242	Turicibacter	92
SRR14919244	Tepidimicrobium	4
SRR14919236	Petrobacter	1
SRR14919242	Pectinatus	8
SRR14919240	Filomicrobium	1
SRR14919237	Nocardia	2
SRR14919235	Mesoplasma	4
SRR14919238	Janthinobacterium	1
SRR14919241	Aggregatibacter	2
SRR14919238	Tessaracoccus	1
SRR14919236	Treponema	320
SRR14919238	Methanocella	181
SRR14919241	Desulfobacula	1
SRR14919244	Virgibacillus	18
SRR14919243	Providencia	1
SRR14919239	Ethanoligenens	1
SRR14919235	Chlorobium	1
SRR14919237	Anaerovorax	2
SRR14919245	Macellibacteroides	7
SRR14919243	Carnimonas	1
SRR14919246	Parvibacter	5
SRR14919243	Flexibacter	4
SRR14919239	Shewanella	7
SRR14919237	Runella	2
SRR14919243	Pediococcus	231
SRR14919242	Geosporobacter	1
SRR14919240	Leptotrichia	5
SRR14919243	Pseudoflavonifractor	39
SRR14919242	Thermogladius	136
SRR14919244	Nostoc	1
SRR14919246	Lysobacter	34
SRR14919235	Thermosyntropha	2
SRR14919237	Ureibacillus	4
SRR14919242	Flavisolibacter	2
SRR14919245	Salinibacter	1
SRR14919242	Enterococcus	419
SRR14919236	Rubritalea	1
SRR14919246	Thalassolituus	1
SRR14919241	Salinivibrio	23
SRR14919237	Enhygromyxa	18
SRR14919236	Gemmiger	3
SRR14919245	Oxobacter	12
SRR14919244	Idiomarina	4
SRR14919243	Pantoea	3
SRR14919239	Epulopiscium	3
SRR14919239	Thermus	3
SRR14919243	Burkholderia	24
SRR14919241	Chryseobacterium	18
SRR14919243	Oligosphaera	1
SRR14919240	Picrophilus	1
SRR14919246	Coprobacter	140
SRR14919245	Haloferax	98
SRR14919239	Ilyobacter	1
SRR14919245	Picochlorum	1
SRR14919240	Oscillospira	1834
SRR14919237	Sulfitobacter	2
SRR14919246	Mitsuokella	2
SRR14919240	Parapedobacter	7
SRR14919238	Gelidium	1
SRR14919240	Trachelomonas	1
SRR14919242	Lactobacillus	675
SRR14919240	Chrysodidymus	145
SRR14919246	Rikenella	1
SRR14919237	Coprococcus	383
SRR14919244	Winogradskyella	52
SRR14919240	Sporobacterium	3
SRR14919235	Methylobacter	2
SRR14919235	Thiobacter	1
SRR14919245	Yimella	1
SRR14919240	Caldalkalibacillus	1
SRR14919236	Methanobrevibacter	19
SRR14919242	Schwartzia	2
SRR14919240	Azotobacter	11
SRR14919237	Youngiibacter	43
SRR14919245	Paucimonas	1
SRR14919241	Algorimarina	1
SRR14919239	Agromyces	3
SRR14919240	Syntrophomonas	18
SRR14919238	Guggenheimella	3
SRR14919246	Actinomyces	17
SRR14919240	Alkalibacillus	2
SRR14919240	Eubacterium	29891
SRR14919238	Thiothrix	2
SRR14919246	Oceanirhabdus	1
SRR14919246	Mycoplasma	211
SRR14919245	Leptospira	60
SRR14919242	Ilyobacter	3
SRR14919236	Sinorhizobium	10
SRR14919244	Sporanaerobacter	1
SRR14919244	Dissulfuribacter	2
SRR14919244	Anaerofilum	42
SRR14919243	Oribacterium	10
SRR14919246	Catellicoccus	1
SRR14919241	Thermobrachium	1
SRR14919237	Fervidobacterium	1
SRR14919243	Desulfosporosinus	2
SRR14919238	Propionibacterium	6
SRR14919240	Thermocrinis	1
SRR14919240	Haemophilus	300
SRR14919239	Carbophilus	1
SRR14919236	Polaromonas	40
SRR14919243	Nocardiopsis	1
SRR14919245	Allofustis	1
SRR14919238	Peptoniphilus	150
SRR14919238	Pseudoclavibacter	1
SRR14919237	Desulfotignum	2
SRR14919242	Cupriavidus	3
SRR14919241	Selenomonas	46
SRR14919236	Acetivibrio	443
SRR14919245	Antarctobacter	9
SRR14919242	Cyclobacterium	2
SRR14919240	Pseudanabaena	6
SRR14919246	Akkermansia	15
SRR14919246	Bradyrhizobium	217
SRR14919241	Peptococcus	1
SRR14919241	Desulfonatronovibrio	2
SRR14919236	Thermosipho	2
SRR14919235	Ehrlichia	3
SRR14919236	Oleispira	1
SRR14919243	Acetobacterium	4
SRR14919240	Calditerrivibrio	2
SRR14919235	Bifidobacterium	62
SRR14919246	Rhodopseudomonas	16
SRR14919239	Acetohalobium	2
SRR14919235	Butyrivibrio	1404
SRR14919239	Streptococcus	213
SRR14919242	Anaerofustis	10
SRR14919242	Faecalibacterium	9331
SRR14919237	Arcanobacterium	1
SRR14919240	Natranaerovirga	244
SRR14919244	Coxiella	2
SRR14919245	Sarcina	1
SRR14919244	Armatimonas	6
SRR14919240	Rhodospira	1
SRR14919235	Buchnera	262
SRR14919246	Caedibacter	32
SRR14919241	Strombomonas	2
SRR14919242	Granulosicoccus	4
SRR14919239	Phytophthora	45
SRR14919235	Erysipelothrix	5
SRR14919240	Megasphaera	774
SRR14919241	Petrimonas	1
SRR14919239	Salinicoccus	2
SRR14919236	Petrotoga	2
SRR14919241	Thermodesulfovibrio	1
SRR14919244	Synechococcus	2
SRR14919244	Komagataeibacter	1
SRR14919244	Thiohalobacter	1
SRR14919239	Desulfonatronovibrio	2
SRR14919236	Thermodesulforhabdus	1
SRR14919241	Trichocoleus	1
SRR14919244	Corynebacterium	22
SRR14919245	Pseudokineococcus	1
SRR14919243	Hyphomonas	8
SRR14919238	Ruegeria	81
SRR14919237	Uruburuella	1
SRR14919238	Desulfofaba	2
SRR14919236	Tumebacillus	5
SRR14919236	Gelria	3
SRR14919244	Caloramator	21
SRR14919238	Varibaculum	1
SRR14919242	Aquicella	1
SRR14919236	Cedecea	1
SRR14919242	Kordiimonas	2
SRR14919239	Bergeyella	1
SRR14919239	Anaerobacillus	1
SRR14919237	Micrococcus	1
SRR14919241	Atopococcus	1
SRR14919235	Methanosphaera	2
SRR14919245	Glaciecola	1
SRR14919242	Anaerosporobacter	45
SRR14919242	Brevibacterium	10
SRR14919237	Cobetia	5
SRR14919237	Rhodococcus	1
SRR14919235	Butyricimonas	4
SRR14919239	Rhizobium	2
SRR14919245	Christensenella	40
SRR14919243	Slackia	15
SRR14919242	Pontibacter	5
SRR14919236	Proteiniborus	2
SRR14919235	Carboxydocella	1
SRR14919238	Petrimonas	2
SRR14919239	Criblamydia	2
SRR14919244	Coprobacillus	2
SRR14919243	Laribacter	8
SRR14919241	Paenibacillus	286
SRR14919241	Dialister	694
SRR14919239	Cardiobacterium	1
SRR14919235	Limnobacter	2
SRR14919239	Rheinheimera	2
SRR14919243	Arthrobacter	7
SRR14919242	Geminocystis	5
SRR14919238	Thermoanaerobacterium	110
SRR14919243	Leptospirillum	3
SRR14919240	Haladaptatus	3
SRR14919239	Melioribacter	3
SRR14919235	Sphingomonas	204
SRR14919235	Cesiribacter	1
SRR14919242	Pseudaminobacter	2
SRR14919240	Microbacterium	2
SRR14919236	Cytophaga	72
SRR14919244	Desulfurivibrio	1
SRR14919245	Chloroherpeton	1
SRR14919242	Plasticicumulans	1
SRR14919240	Methanosarcina	1
SRR14919238	Reclinomonas	60
SRR14919244	Ohtaekwangia	6
SRR14919241	Cronobacter	2
SRR14919237	Marinimicrobium	2
SRR14919244	Chitinophaga	2
SRR14919238	Sulfurihydrogenibium	3
SRR14919242	Leuconostoc	229
SRR14919245	Pseudoxanthomonas	1
SRR14919244	Hymenobacter	1
SRR14919235	Caldisericum	2
SRR14919235	Gramella	1
SRR14919236	Persicirhabdus	1
SRR14919244	Pseudoscillatoria	1
SRR14919244	Acidaminobacter	10
SRR14919241	Chromohalobacter	1
SRR14919239	Candidatus_Liberibacter	1
SRR14919246	Nubsella	1
SRR14919238	Serratia	8
SRR14919244	Paludibacter	4
SRR14919244	Thiohalophilus	1
SRR14919244	Wohlfahrtiimonas	2
SRR14919235	Holospora	8
SRR14919240	Geothrix	1
SRR14919241	Ardenticatena	1
SRR14919239	Thioploca	4
SRR14919238	Anabaena	9
SRR14919235	Methanothermus	1
SRR14919242	Methanocalculus	18
SRR14919235	Singulisphaera	1
SRR14919243	Colwellia	1
SRR14919236	Trichodesmium	1
SRR14919235	Leptolyngbya	1
SRR14919245	Sphaerospermopsis	1
SRR14919235	Pantoea	5
SRR14919235	Bacillus	1089
SRR14919238	Legionella	3
SRR14919246	Thalassomonas	82
SRR14919237	Caldicellulosiruptor	10
SRR14919235	Haloquadratum	3
SRR14919238	Croceitalea	1
SRR14919235	Dehalobacterium	1
SRR14919244	Proteocatella	3
SRR14919242	Dehalococcoides	2
SRR14919238	Thermolithobacter	1
SRR14919245	Fervidicoccus	1
SRR14919243	Acidaminococcus	147
SRR14919235	Thermovirga	2
SRR14919238	Pleurocapsa	2
SRR14919246	Fabibacter	1
SRR14919240	Amycolatopsis	2
SRR14919239	Brevibacillus	15
SRR14919245	Marinicella	1
SRR14919241	Rhodopseudomonas	31
SRR14919238	Massilia	2
SRR14919238	Tissierella	2
SRR14919243	Gaetbulibacter	1
SRR14919240	Persephonella	2
SRR14919237	Yimella	1
SRR14919244	Geovibrio	1
SRR14919244	Glycomyces	5
SRR14919241	Legionella	9
SRR14919235	Flaviramulus	1
SRR14919238	Pelagicoccus	1
SRR14919238	Ornithobacterium	2
SRR14919244	Rickettsia	2
SRR14919242	Exiguobacterium	2
SRR14919235	Bilophila	2
SRR14919235	Tannerella	5
SRR14919246	Algivirga	1
SRR14919244	Fusibacter	3
SRR14919241	Centipeda	1
SRR14919245	Brassicibacter	2
SRR14919243	Sporomusa	29
SRR14919245	Desulfurispira	1
SRR14919241	Parapedobacter	4
SRR14919244	Zymophilus	1
SRR14919235	Achromatium	1
SRR14919243	Coenonia	3
SRR14919242	Heliorestis	1
SRR14919242	Thioalkalimicrobium	1
SRR14919239	Corallococcus	2
SRR14919237	Alkaliflexus	1
SRR14919238	Thiohalorhabdus	1
SRR14919238	Caldibacillus	1
SRR14919241	Sporobacterium	1
SRR14919241	Blattabacterium	39
SRR14919236	Anaerorhabdus	241
SRR14919242	Methanimicrococcus	3
SRR14919238	Dechloromonas	1
SRR14919236	Chloroflexus	1
SRR14919241	Psychrobacter	8
SRR14919244	Chloroidium	2
SRR14919237	Odoribacter	34
SRR14919241	Syntrophomonas	11
SRR14919246	Methylomonas	56
SRR14919240	Avibacterium	8
SRR14919239	Guggenheimella	4
SRR14919242	Francisella	79
SRR14919241	Xanthomonas	10
SRR14919241	Alkalibacillus	1
SRR14919236	Euglenaria	4
SRR14919237	Beijerinckia	45
SRR14919246	Sinorhizobium	2
SRR14919241	Rummeliibacillus	1
SRR14919244	Planctomyces	4
SRR14919239	Adhaeribacter	43
SRR14919239	Hydrogenoanaerobacterium	40
SRR14919242	Thermobrachium	11
SRR14919237	Anaerosalibacter	13
SRR14919243	Anaerosphaera	1
SRR14919236	Agarivorans	81
SRR14919245	Nonlabens	1
SRR14919242	Acidianus	3
SRR14919235	Calochaete	31
SRR14919240	Rapidithrix	3
SRR14919243	Geosporobacter	1
SRR14919241	Brenneria	1
SRR14919237	Marinomonas	3
SRR14919238	Vulcanibacillus	3
SRR14919235	Nitrosopumilus	1
SRR14919238	Phacus	1
SRR14919240	Halomicroarcula	1
SRR14919246	Methanomethylovorans	1
SRR14919243	Cyclobacterium	1
SRR14919244	Entomoplasma	1
SRR14919245	Klebsiella	57
SRR14919238	Olavius	1
SRR14919235	Persicitalea	1
SRR14919235	Pasteurella	38
SRR14919240	Fangia	1
SRR14919236	Thermogymnomonas	409
SRR14919240	Alloprevotella	3
SRR14919236	Amphibacillus	1
SRR14919243	Hydrocoleum	1
SRR14919237	Bryopsis	32
SRR14919246	Lactococcus	84
SRR14919242	Kocuria	3
SRR14919244	Pyrolobus	2
SRR14919243	Anaerovirgula	1
SRR14919236	Pseudorhodobacter	4
SRR14919236	Kitasatospora	1
SRR14919241	Nostoc	1
SRR14919245	Cyanidium	1
SRR14919240	Oscillatoria	72
SRR14919236	Erysipelothrix	8
SRR14919242	Aeribacillus	1
SRR14919235	Alkalibacterium	1
SRR14919245	Imtechium	1
SRR14919243	Gordonibacter	40
SRR14919241	Metabacterium	1
SRR14919235	Slackia	2
SRR14919244	Mechercharimyces	3
SRR14919239	Myroides	1
SRR14919235	Dysgonomonas	59
SRR14919238	Sinobacterium	1
SRR14919245	Anaerococcus	366
SRR14919244	Providencia	3
SRR14919235	Fibrobacter	2
SRR14919243	Pelotomaculum	2
SRR14919238	Anaerovorax	4
SRR14919240	Erythrobacter	2
SRR14919239	Lentibacillus	1
SRR14919244	Flexibacter	4
SRR14919244	Pediococcus	285
SRR14919235	Acetobacter	22
SRR14919243	Saccharofermentans	14
SRR14919240	Prevotella	544
SRR14919237	Simplicispira	5
SRR14919243	Enterobacter	20
SRR14919238	Thermosyntropha	1
SRR14919235	Saccharibacillus	1
SRR14919244	Archaeoglobus	1
SRR14919245	Flavisolibacter	5
SRR14919245	Peptostreptococcus	4
SRR14919244	Jonesia	1
SRR14919240	Granulicatella	2
SRR14919243	Brevibacterium	7
SRR14919239	Ochrobactrum	6
SRR14919245	Butyricimonas	2256
SRR14919239	Snodgrassella	16
SRR14919238	Pseudoalteromonas	32
SRR14919236	Dactylosporangium	1
SRR14919240	Methanoregula	1
SRR14919240	Allobaculum	4
SRR14919238	Enhygromyxa	34
SRR14919241	Neisseria	62
SRR14919244	Bacteriovorax	1
SRR14919243	Cohnella	2
SRR14919246	Trichococcus	129
SRR14919246	Oenococcus	1
SRR14919236	Carboxydocella	1
SRR14919238	Nesterenkonia	1
SRR14919246	Aureispira	31
SRR14919245	Salarchaeum	1
SRR14919241	Oligella	1
SRR14919235	Dolosicoccus	1
SRR14919242	Halovivax	1
SRR14919236	Pseudoroseobacter	2
SRR14919246	Antarctobacter	13
SRR14919244	Leptospirillum	2
SRR14919236	Luteolibacter	1
SRR14919244	Acetobacterium	2
SRR14919244	Caldanaerobius	1
SRR14919238	Coprococcus	4132
SRR14919235	Ruminococcus	1741
SRR14919237	Prevotella	258
SRR14919245	Aeromonas	48
SRR14919244	Gelidiella	1
SRR14919242	Marinobacter	3
SRR14919241	Microbacterium	1
SRR14919240	Hespellia	216
SRR14919239	Caloranaerobacter	8
SRR14919245	Mesoplasma	3
SRR14919241	Azotobacter	2
SRR14919241	Nitrosococcus	2
SRR14919237	Persicirhabdus	1
SRR14919242	Nocardia	2
SRR14919237	Turicibacter	11
SRR14919242	Carboxydothermus	1
SRR14919236	Robinsoniella	81
SRR14919241	Eubacterium	11546
SRR14919239	Rothia	1
SRR14919235	Porphyromonas	15
SRR14919244	Anaeroglobus	2
SRR14919244	Parasporobacterium	64
SRR14919237	Thermoanaerobaculum	1
SRR14919244	Vagococcus	1
SRR14919242	Helicobacter	350
SRR14919240	Facklamia	4
SRR14919238	Quinella	1
SRR14919242	Methylomicrobium	3
SRR14919243	Planktothrix	10
SRR14919241	Haemophilus	200
SRR14919242	Nitrobacter	2
SRR14919237	Polaromonas	12
SRR14919242	Acinetobacter	170
SRR14919236	Terrahaemophilus	1
SRR14919242	Halobellus	2
SRR14919236	Singulisphaera	1
SRR14919245	Eutreptia	141
SRR14919246	Meniscus	1
SRR14919246	Trichodesmium	1
SRR14919245	Proteinimicrobium	1
SRR14919242	Parasegetibacter	3
SRR14919242	Selenomonas	197
SRR14919243	Geobacter	1
SRR14919235	Borrelia	5
SRR14919235	Leptotrichia	3
SRR14919242	Marinoscillum	7
SRR14919239	Listeria	7
SRR14919243	Euzebya	5
SRR14919242	Peptococcus	414
SRR14919235	Propionispora	1
SRR14919238	Methanimicrococcus	6
SRR14919238	Bifidobacterium	29
SRR14919237	Thermosipho	1
SRR14919240	Lepocinclis	3
SRR14919236	Ammonifex	2
SRR14919237	Selaginella	1
SRR14919237	Desulfurispora	1
SRR14919243	Natranaerovirga	27
SRR14919241	Gemmiger	3
SRR14919241	Thalassospira	1
SRR14919237	Enterococcus	217
SRR14919241	Methanobrevibacter	9
SRR14919236	Salinivibrio	29
SRR14919239	Roseomonas	1
SRR14919239	Anaplasma	2
SRR14919245	Armatimonas	10
SRR14919245	Granulosicoccus	2
SRR14919238	Burkholderia	23
SRR14919245	Tepidanaerobacter	4
SRR14919236	Grimontia	1
SRR14919241	Megasphaera	32
SRR14919241	Escherichia/Shigella	20
SRR14919238	Thiobacillus	1
SRR14919238	Planktolyngbya	1
SRR14919235	Oscillospira	6
SRR14919235	Paracoccus	4
SRR14919242	Nocardioides	5
SRR14919235	Marivirga	1
SRR14919242	Mariprofundus	1
SRR14919242	Lutibacter	1
SRR14919241	Methanosarcina	1
SRR14919238	Halospina	2
SRR14919238	Uruburuella	5
SRR14919242	Pseudoramibacter	6
SRR14919239	Desulfofaba	2
SRR14919245	Caloramator	25
SRR14919239	Varibaculum	1
SRR14919244	Variovorax	1
SRR14919235	Chelativorans	1
SRR14919246	Brassicibacter	2
SRR14919243	Kordiimonas	1
SRR14919242	Lachnoanaerobaculum	31
SRR14919240	Epulopiscium	3
SRR14919238	Filifactor	12
SRR14919242	Roseomonas	2
SRR14919244	Herminiimonas	2
SRR14919243	Alkalibacter	17
SRR14919241	Propionibacterium	4
SRR14919241	Komvophoron	1
SRR14919239	Syntrophobotulus	3
SRR14919239	Escherichia/Shigella	11
SRR14919245	Anaerofilum	85
SRR14919244	Saccharospirillum	1
SRR14919240	Phytophthora	43
SRR14919237	Halomonas	7
SRR14919245	Salmonella	1
SRR14919240	Spirulina	1
SRR14919240	Salinicoccus	5
SRR14919238	Rhodococcus	4
SRR14919235	Veillonella	29
SRR14919244	Weissella	11
SRR14919238	Mogibacterium	7
SRR14919244	Polycladomyces	1
SRR14919243	Pontibacter	1
SRR14919238	Oribacterium	51
SRR14919236	Tunicatimonas	2
SRR14919244	Geotoga	2
SRR14919238	Dietzia	1
SRR14919238	Azospira	1
SRR14919242	Dethiobacter	7
SRR14919235	Thermocrinis	1
SRR14919237	Acetivibrio	92
SRR14919238	Nocardiopsis	1
SRR14919239	Lutibacter	2
SRR14919239	Alistipes	20267
SRR14919237	Cymbella	2
SRR14919243	Methanolobus	33
SRR14919244	Methanococcoides	23
SRR14919236	Caminicella	1
SRR14919243	Aquimarina	2
SRR14919246	Proteus	7
SRR14919238	Pelosinus	4
SRR14919236	Chlamydia	8
SRR14919244	Defluviitalea	29
SRR14919236	Cellulophaga	3
SRR14919238	Succiniclasticum	1
SRR14919239	Ruminofilibacter	2
SRR14919239	Saccharofermentans	14
SRR14919246	Sphingobacterium	82
SRR14919244	Geosporobacter	1
SRR14919244	Gemella	131
SRR14919240	Enterorhabdus	3
SRR14919246	Nitrosomonas	2
SRR14919238	Caldisphaera	1
SRR14919245	Hassallia	1
SRR14919242	Cronobacter	5
SRR14919235	Emticicia	4
SRR14919235	Halostagnicola	1
SRR14919243	Leuconostoc	158
SRR14919237	Anaerofustis	6
SRR14919237	Brevundimonas	2
SRR14919243	Catabacter	4
SRR14919240	Buchnera	406
SRR14919246	Sediminicola	1
SRR14919244	Pirellula	1
SRR14919237	Prosthecobacter	2
SRR14919236	Strombomonas	1
SRR14919242	Phaeobacter	1
SRR14919241	Alloprevotella	4
SRR14919236	Planomicrobium	1
SRR14919245	Rhodothermus	3
SRR14919240	Arcanobacterium	2
SRR14919236	Jonesia	1
SRR14919245	Thermotoga	1
SRR14919245	Methanocalculus	12
SRR14919243	Ruegeria	83
SRR14919240	Volucribacter	9
SRR14919240	Marinimicrobium	2
SRR14919242	Parapedobacter	14
SRR14919245	Telmatospirillum	1
SRR14919244	Vibrio	130
SRR14919241	Stanieria	1
SRR14919239	Arcicella	113
SRR14919238	Dehalobacterium	2
SRR14919240	Geobacillus	3
SRR14919243	Alkaliphilus	22
SRR14919242	Sporobacterium	1
SRR14919246	Anaerorhabdus	4
SRR14919235	Propionivibrio	1
SRR14919246	Oligella	1
SRR14919236	Cellulosilyticum	9
SRR14919240	Flavonifractor	207
SRR14919239	Pleurocapsa	2
SRR14919238	Neorickettsia	1
SRR14919244	Lutispora	21
SRR14919239	Fusicatenibacter	724
SRR14919246	Fucus	7
SRR14919245	Desulfobacterium	4
SRR14919236	Limnobacter	2
SRR14919242	Syntrophomonas	23
SRR14919238	Eggerthia	1
SRR14919235	Cryptobacterium	1
SRR14919236	Pontibacillus	1
SRR14919239	Tissierella	5
SRR14919244	Kushneria	12
SRR14919242	Sulfurivirga	2
SRR14919241	Sphingobacterium	122
SRR14919239	Lewinella	13
SRR14919242	Calothrix	1
SRR14919235	Leptothrix	4
SRR14919240	Allisonella	2
SRR14919244	Nitrospina	1
SRR14919243	Thermobrachium	5
SRR14919238	Arthrobacter	2
SRR14919236	Algimonas	1
SRR14919235	Haladaptatus	6
SRR14919245	Exiguobacterium	2
SRR14919243	Azorhizobium	1
SRR14919240	Aeriscardovia	1
SRR14919240	Waddlia	1
SRR14919237	Microaerobacter	1
SRR14919243	Tabrizicola	1
SRR14919239	Ohtaekwangia	4
SRR14919238	Alkalibaculum	18
SRR14919240	Spiroplasma	3
SRR14919239	Chitinophaga	2
SRR14919242	Chryseomicrobium	1
SRR14919240	Rheinheimera	2
SRR14919239	Hymenobacter	4
SRR14919245	Acetobacterium	3
SRR14919245	Cuspidothrix	1
SRR14919238	Roseococcus	1
SRR14919243	Algoriphagus	8
SRR14919237	Methanobrevibacter	16
SRR14919242	Microbacterium	2
SRR14919236	Halorubrum	58
SRR14919236	Tistrella	1
SRR14919244	Aestuariibacter	1
SRR14919243	Vallitalea	18
SRR14919235	Thermonema	1
SRR14919240	Telmatospirillum	1
SRR14919236	Brooklawnia	1
SRR14919237	Filomicrobium	1
SRR14919235	Euzebya	8
SRR14919239	Paludibacter	9
SRR14919237	Thermothrix	1
SRR14919246	Thermoplasma	1
SRR14919246	Schlesneria	1
SRR14919244	Blautia	14675
SRR14919243	Meiothermus	1
SRR14919237	Erysipelothrix	3
SRR14919236	Xenorhabdus	2
SRR14919243	Thermanaeromonas	1
SRR14919243	Anabaena	7
SRR14919241	Thermolithobacter	1
SRR14919238	Odoribacter	292
SRR14919235	Phacus	1
SRR14919236	Fusobacterium	13
SRR14919246	Macellibacteroides	4
SRR14919236	Muricauda	1
SRR14919245	Fucus	11
SRR14919244	Anaerostipes	2711
SRR14919246	Robinsoniella	5
SRR14919245	Chrysiogenes	1
SRR14919243	Francisella	49
SRR14919242	Xanthomonas	18
SRR14919241	Thiohalospira	3
SRR14919235	Staphylococcus	17
SRR14919238	Schlegelella	1
SRR14919246	Euglenaria	2
SRR14919245	Porphyromonas	342
SRR14919246	Gemmiger	2317
SRR14919239	Methylobacterium	43
SRR14919244	Auritidibacter	1
SRR14919240	Bacillus	1530
SRR14919238	Desulfobacula	1
SRR14919244	Stygiolobus	2
SRR14919242	Phascolarctobacterium	11
SRR14919235	Sporobacter	41
SRR14919245	Adlercreutzia	1
SRR14919235	Mycobacterium	13
SRR14919236	Sporosarcina	3
SRR14919237	Agarivorans	36
SRR14919246	Segetibacter	2
SRR14919245	Calochaete	50
SRR14919245	Pseudovibrio	1
SRR14919236	Melghirimyces	2
SRR14919243	Anaerobranca	3
SRR14919235	Ureaplasma	5
SRR14919244	Methanosaeta	2
SRR14919245	Riemerella	1
SRR14919236	Prauserella	1
SRR14919236	Yaniella	1
SRR14919243	Massilia	1
SRR14919243	Acidithiobacillus	3
SRR14919239	Zoogloea	1
SRR14919235	Intestinimonas	50
SRR14919244	Brevibacterium	6
SRR14919245	Propionispora	2
SRR14919243	Trachelium	40
SRR14919238	Olsenella	1
SRR14919237	Dendrosporobacter	1
SRR14919244	Thiocystis	1
SRR14919235	Collinsella	524
SRR14919244	Simiduia	1
SRR14919237	Carboxydocella	1
SRR14919244	Hydrocoleum	1
SRR14919240	Actinobacillus	154
SRR14919235	Methanohalophilus	1
SRR14919245	Tannerella	15
SRR14919243	Rhodovulum	1
SRR14919244	Palmaria	1
SRR14919237	Moryella	1
SRR14919238	Bogoriella	2
SRR14919239	Bulleidia	2
SRR14919235	Zavarzinia	2
SRR14919242	Finegoldia	3
SRR14919236	Pelobacter	6
SRR14919237	Treponema	120
SRR14919240	Methanoculleus	113
SRR14919238	Alkalibacterium	1
SRR14919241	Oceanirhabdus	1
SRR14919245	Leptospirillum	1
SRR14919235	Fibrella	1
SRR14919245	Thermodesulforhabdus	2
SRR14919238	Saccharophagus	1
SRR14919243	Heliorestis	1
SRR14919239	Dolosigranulum	1
SRR14919237	Chrysodidymus	63
SRR14919236	Scytonematopsis	1
SRR14919244	Blattabacterium	46
SRR14919241	Caldalkalibacillus	1
SRR14919236	Geotoga	1
SRR14919244	Fucus	4
SRR14919238	Solobacterium	13
SRR14919237	Campylobacter	17
SRR14919245	Providencia	3
SRR14919243	Serratia	6
SRR14919240	Acidimicrobium	1
SRR14919242	Methanosarcina	2
SRR14919239	Anaerovorax	12
SRR14919239	Coprothermobacter	57
SRR14919242	Acetanaerobacterium	1079
SRR14919239	Demetria	1
SRR14919240	Haloarcula	8
SRR14919245	Chloroidium	2
SRR14919245	Pediococcus	258
SRR14919236	Acetobacter	41
SRR14919235	Fervidicella	2
SRR14919239	Gracilibacillus	1
SRR14919237	Spongiispira	2
SRR14919238	Proteus	19
SRR14919243	Aerococcus	2
SRR14919235	Desulfitibacter	1
SRR14919238	Clostridiisalibacter	1
SRR14919241	Bogoriella	1
SRR14919240	Edaphobacter	1
SRR14919236	Gemella	216
SRR14919246	Oxobacter	4
SRR14919240	Desulfobacterium	1
SRR14919240	Helcococcus	4
SRR14919235	Avibacterium	7
SRR14919235	Pusillimonas	2
SRR14919246	Haloferax	63
SRR14919241	Allobaculum	1
SRR14919239	Enhygromyxa	30
SRR14919235	Brochothrix	1
SRR14919245	Haloechinothrix	1
SRR14919240	Halobaculum	4
SRR14919239	Planctomyces	2
SRR14919236	Marinilabilia	1
SRR14919245	Buchnera	332
SRR14919237	Marininema	1
SRR14919246	Tunicatimonas	1
SRR14919239	Ensifer	1
SRR14919239	Thermogladius	113
SRR14919237	Methanothermus	1
SRR14919236	Subdoligranulum	42
SRR14919242	Halobacterium	20
SRR14919242	Picrophilus	1
SRR14919239	Larkinella	1
SRR14919236	Balneola	2
SRR14919236	Salinicola	1
SRR14919242	Fucus	12
SRR14919244	Natronoanaerobium	1
SRR14919242	Caldicoprobacter	11
SRR14919236	Thiomargarita	437
SRR14919245	Natronincola	2
SRR14919240	Nonomuraea	1
SRR14919235	Desulfoluna	1
SRR14919235	Ralstonia	1
SRR14919236	Pasteurella	62
SRR14919236	Rothia	5
SRR14919237	Haloarcula	3
SRR14919238	Moorella	4
SRR14919243	Methanosphaerula	18
SRR14919240	Microcoleus	1
SRR14919239	Waddlia	1
SRR14919238	Desulfurispora	6
SRR14919239	Coprococcus	763
SRR14919245	Mucilaginibacter	9
SRR14919241	Pelospora	1
SRR14919239	Entomoplasma	2
SRR14919240	Ochrobactrum	3
SRR14919240	Natrinema	1
SRR14919245	Actinopolyspora	1
SRR14919243	Fucus	11
SRR14919242	Bryopsis	74
SRR14919239	Thiothrix	4
SRR14919237	Stenotrophomonas	2
SRR14919242	Anaerovibrio	11
SRR14919245	Gaetbulibacter	1
SRR14919235	Pseudobutyrivibrio	4
SRR14919237	Peptoclostridium	52
SRR14919239	Planktolyngbya	1
SRR14919239	Fodinibius	1
SRR14919237	Trachelomonas	2
SRR14919239	Lactobacillus	578
SRR14919238	Halonotius	2
SRR14919242	Eubacterium	34671
SRR14919235	Oscillatoria	59
SRR14919245	Bdellovibrio	1
SRR14919244	Myroides	1
SRR14919236	Fibrobacter	2
SRR14919245	Flexibacter	3
SRR14919245	Deferrisoma	1
SRR14919240	Thermoflavimicrobium	2
SRR14919235	Pelodictyon	3
SRR14919243	Nitrobacter	1
SRR14919240	Metallosphaera	2
SRR14919238	Polaromonas	26
SRR14919240	Scardovia	1
SRR14919241	Pseudoalteromonas	27
SRR14919246	Alicyclobacillus	5
SRR14919243	Parapedobacter	7
SRR14919236	Tetragenococcus	6
SRR14919243	Gracilibacter	21
SRR14919236	Ehrlichia	1
SRR14919243	Desulfotomaculum	79
SRR14919243	Selenomonas	94
SRR14919240	Succinivibrio	1
SRR14919238	Aerosphaera	1
SRR14919246	Caldicellulosiruptor	5
SRR14919238	Niabella	1
SRR14919238	Enterobacter	23
SRR14919241	Fucus	13
SRR14919238	Thermosipho	1
SRR14919246	Ectothiorhodospira	2
SRR14919241	Lepocinclis	1
SRR14919246	Natranaerovirga	8
SRR14919244	Parvimonas	5
SRR14919242	Hymenopellis	2
SRR14919235	Beggiatoa	1
SRR14919238	Thermoflavimicrobium	4
SRR14919239	Dokdonella	1
SRR14919240	Halogranum	1
SRR14919243	Syntrophomonas	16
SRR14919238	Paenibacillus	313
SRR14919241	Polaribacter	2
SRR14919242	Tenacibaculum	1
SRR14919243	Alkalibacillus	1
SRR14919237	Pseudanabaena	3
SRR14919240	Erwinia	4
SRR14919242	Caloranaerobacter	2
SRR14919242	Megasphaera	111
SRR14919239	Pedobacter	13
SRR14919245	Rhodoblastus	1
SRR14919236	Ochromonas	9
SRR14919243	Methanococcus	2
SRR14919245	Paracoccus	6
SRR14919244	Thermobrachium	7
SRR14919241	Bifidobacterium	1899
SRR14919235	Mesorhizobium	2
SRR14919236	Blautia	79242
SRR14919245	Geosporobacter	4
SRR14919240	Lentisphaera	1
SRR14919236	Anaerotruncus	13
SRR14919238	Desulfococcus	3
SRR14919243	Proteiniclasticum	27
SRR14919239	Uruburuella	1
SRR14919244	Colwellia	3
SRR14919246	Caloramator	21
SRR14919243	Desulfurococcus	1
SRR14919237	Marinobacter	1
SRR14919242	Azotobacter	10
SRR14919239	Chryseobacterium	22
SRR14919243	Desulfotalea	224
SRR14919240	Proteiniphilum	5
SRR14919245	Cyclobacterium	2
SRR14919244	Desulfobacter	3
SRR14919237	Thermoanaerobacterium	69
SRR14919241	Thalassomonas	120
SRR14919246	Acetobacterium	6
SRR14919243	Methanimicrococcus	2
SRR14919246	Anaerofilum	102
SRR14919236	Melissococcus	1
SRR14919246	Xylella	61
SRR14919242	Alloprevotella	8
SRR14919241	Subtercola	1
SRR14919241	Gallionella	2
SRR14919239	Rhodococcus	2
SRR14919242	Pedobacter	117
SRR14919240	Fervidicoccus	2
SRR14919243	Sulfobacillus	10
SRR14919241	Wautersiella	1
SRR14919244	Syntrophothermus	98
SRR14919242	Dialister	789
SRR14919240	Fucus	19
SRR14919241	Photorhabdus	2
SRR14919239	Anaeroglobus	4
SRR14919242	Haemophilus	259
SRR14919237	Parabacteroides	1611
SRR14919244	Pontibacter	3
SRR14919245	Reichenbachiella	2
SRR14919237	Helicobacter	154
SRR14919235	Oceanibaculum	1
SRR14919238	Erysipelothrix	9
SRR14919246	Fusobacterium	3
SRR14919244	Cupriavidus	2
SRR14919242	Shimazuella	2
SRR14919244	Sphaerochaeta	2
SRR14919238	Planktothrix	7
SRR14919235	Pilibacter	1
SRR14919238	Acetivibrio	89
SRR14919237	Cytophaga	12
SRR14919236	Staphylococcus	27
SRR14919243	Peptococcus	394
SRR14919243	Natronorubrum	3
SRR14919240	Borrelia	10
SRR14919244	Listeria	1
SRR14919245	Trigonala	1
SRR14919245	Mycobacterium	17
SRR14919239	Pseudendoclonium	1
SRR14919239	Sediminitomix	1
SRR14919237	Eudoraea	1
SRR14919244	Azospirillum	2
SRR14919241	Flavonifractor	396
SRR14919236	Acetatifactor	29
SRR14919236	Desulfocapsa	2
SRR14919237	Amycolatopsis	2
SRR14919246	Armatimonas	5
SRR14919240	Catonella	2
SRR14919236	Flavobacterium	6
SRR14919244	Leuconostoc	181
SRR14919240	Mucilaginibacter	8
SRR14919239	Erwinia	3
SRR14919244	Phormidium	10
SRR14919244	Thermoactinomyces	2
SRR14919238	Methanosphaera	1
SRR14919242	Granulicatella	5
SRR14919236	Intestinimonas	15
SRR14919245	Brevibacterium	9
SRR14919241	Arcobacter	2
SRR14919241	Vibrio	142
SRR14919236	Holospora	13
SRR14919238	Neochlamydia	1
SRR14919246	Pseudorhodobacter	1
SRR14919241	Actinobacillus	107
SRR14919237	Nocardioides	3
SRR14919243	Marinimicrobium	1
SRR14919237	Pyramidobacter	1
SRR14919235	Limnoraphis	1
SRR14919245	Bacillus	1145
SRR14919241	Salinibacter	1
SRR14919235	Aliivibrio	1
SRR14919245	Anaeroplasma	5
SRR14919241	Methanoculleus	128
SRR14919246	Leptospirillum	1
SRR14919243	Atopococcus	1
SRR14919240	Ignisphaera	1
SRR14919246	Phacus	1
SRR14919243	Acidianus	1
SRR14919240	Holdemania	9
SRR14919241	Alicyclobacillus	3
SRR14919243	Microbacterium	1
SRR14919241	Geobacillus	3
SRR14919236	Veillonella	705
SRR14919243	Tepidibacter	1
SRR14919238	Alkalibacter	12
SRR14919239	Roseiflexus	1
SRR14919235	Phytophthora	26
SRR14919238	Psychrobacter	7
SRR14919239	Albidiferax	1
SRR14919235	Salinicoccus	1
SRR14919237	Ferruginibacter	2
SRR14919239	Persicirhabdus	1
SRR14919236	Anaerosporobacter	15
SRR14919235	Lysobacter	35
SRR14919235	Rhodopirellula	1
SRR14919245	Actinomadura	9
SRR14919237	Desulfosporosinus	2
SRR14919240	Leclercia	1
SRR14919237	Caminicella	2
SRR14919245	Auritidibacter	2
SRR14919241	Allisonella	1
SRR14919237	Dethiobacter	1
SRR14919236	Bilophila	1
SRR14919246	Melghirimyces	1
SRR14919238	Methanolobus	38
SRR14919240	Malawimonas	6
SRR14919237	Tatlockia	1
SRR14919244	Sporomusa	36
SRR14919239	Loktanella	2
SRR14919237	Lachnoanaerobaculum	4
SRR14919238	Orientia	1
SRR14919242	Thermococcus	1
SRR14919244	Acidovorax	1
SRR14919237	Holdemania	69
SRR14919245	Citricoccus	1
SRR14919240	Desulfobotulus	2
SRR14919242	Deefgea	1
SRR14919246	Thiomargarita	191
SRR14919241	Populus	1
SRR14919240	Methylobacter	1
SRR14919237	Achromatium	1
SRR14919235	Granulicella	1
SRR14919236	Haloferula	1
SRR14919239	Desulfurispora	1
SRR14919246	Halorubrum	32
SRR14919242	Maricaulis	6
SRR14919235	Desulfitobacterium	40
SRR14919242	Youngiibacter	44
SRR14919240	Ferroplasma	114
SRR14919246	Shimwellia	1
SRR14919242	Nautilia	1
SRR14919235	Pseudomonas	206
SRR14919242	Euglena	22
SRR14919241	Sinorhizobium	2
SRR14919235	Alishewanella	1
SRR14919240	Microaerobacter	1
SRR14919239	Odoribacter	117
SRR14919240	Howardella	1
SRR14919235	Mycoplasma	275
SRR14919241	Palleronia	1
SRR14919240	Reichenbachiella	1
SRR14919244	Francisella	46
SRR14919243	Xanthomonas	9
SRR14919240	Gracilaria	6
SRR14919242	Brenneria	3
SRR14919244	Saccharofermentans	2
SRR14919243	Methanosarcina	2
SRR14919237	Arthrospira	1
SRR14919245	Vampirovibrio	2
SRR14919242	Monomorphina	1
SRR14919238	Rhodanobacter	1
SRR14919236	Sporobacter	128
SRR14919243	Peptoniphilus	98
SRR14919240	Acetitomaculum	472
SRR14919238	Agarivorans	50
SRR14919245	Ureaplasma	7
SRR14919238	Alkaliphilus	21
SRR14919246	Peptostreptococcus	1
SRR14919243	Halovivax	1
SRR14919246	Halomicroarcula	1
SRR14919239	Methanimicrococcus	6
SRR14919235	Photobacterium	2
SRR14919245	Leptothrix	1
SRR14919244	Leptonema	1
SRR14919239	Maricaulis	5
SRR14919243	Merismopedia	2
SRR14919240	Acidilobus	12
SRR14919244	Pasteuria	1
SRR14919244	Sporobacterium	3
SRR14919243	Fervidobacterium	2
SRR14919244	Micromonospora	1
SRR14919237	Sulfurivirga	1
SRR14919240	Butyricicoccus	12
SRR14919246	Marinilabilia	2
SRR14919237	Afipia	1
SRR14919236	Collinsella	178
SRR14919236	Pseudonocardia	1
SRR14919235	Paenisporosarcina	1
SRR14919246	Blastococcus	1
SRR14919240	Venenivibrio	1
SRR14919235	Oxalobacter	1
SRR14919237	Gracilaria	2
SRR14919242	Cerasibacillus	1
SRR14919238	Xylella	145
SRR14919245	Zavarzinia	2
SRR14919241	Spiroplasma	2
SRR14919240	Nodularia	1
SRR14919240	Salsuginibacillus	1
SRR14919239	Rhodopseudomonas	50
SRR14919243	Mannheimia	1
SRR14919243	Streptomyces	440
SRR14919242	Roseibacillus	1
SRR14919238	Pseudoscillatoria	2
SRR14919235	Rheinheimera	1
SRR14919246	Geosporobacter	1
SRR14919243	Limibacter	2
SRR14919239	Heterosigma	1
SRR14919238	Flavitalea	2
SRR14919237	Acidilobus	5
SRR14919246	Chloroidium	2
SRR14919246	Pediococcus	214
SRR14919240	Starria	1
SRR14919237	Acetobacter	27
SRR14919238	Nitrosococcus	1
SRR14919237	Xenorhabdus	2
SRR14919245	Parasporobacterium	174
SRR14919241	Proteiniphilum	4
SRR14919235	Ferrovum	8
SRR14919243	Chroococcidiopsis	2
SRR14919241	Alkalibacterium	1
SRR14919241	Gelria	2
SRR14919240	Butyricimonas	8
SRR14919240	Ohtaekwangia	3
SRR14919242	Neisseria	91
SRR14919240	Chitinophaga	4
SRR14919235	Microbulbifer	4
SRR14919246	Melissococcus	1
SRR14919235	Pyrobaculum	109
SRR14919236	Halanaerobium	2
SRR14919243	Alloprevotella	1310
SRR14919240	Hymenobacter	3
SRR14919239	Anaerostipes	9793
SRR14919235	Oscillibacter	47
SRR14919245	Prolixibacter	1
SRR14919243	Thermodesulfobacterium	1
SRR14919242	Rapidithrix	1
SRR14919242	Allobaculum	6
SRR14919244	Desulfacinum	1
SRR14919239	Marinomonas	1
SRR14919239	Acinetobacter	136
SRR14919244	Parapedobacter	3
SRR14919242	Natronococcus	1
SRR14919241	Halomicronema	1
SRR14919237	Grimontia	1
SRR14919242	Thioalkalicoccus	2
SRR14919242	Novispirillum	318
SRR14919244	Thermosyntropha	2
SRR14919238	Zavarzinella	2
SRR14919238	Anaerobranca	1
SRR14919241	Flavitalea	2
SRR14919240	Paludibacter	13
SRR14919236	Marivirga	1
SRR14919246	Aeromonas	39
SRR14919239	Marinoscillum	3
SRR14919244	Streptococcus	145
SRR14919246	Dickeya	2
SRR14919241	Hespellia	3
SRR14919236	Desulfoluna	1
SRR14919242	Methanobrevibacter	20
SRR14919237	Pasteurella	30
SRR14919244	Zoogloea	1
SRR14919237	Methanoregula	1
SRR14919241	Microcoleus	1
SRR14919242	Flavonifractor	629
SRR14919245	Desulfopila	1
SRR14919243	Myxococcus	5
SRR14919244	Syntrophomonas	19
SRR14919237	Flavobacterium	1
SRR14919236	Methanobacterium	4
SRR14919246	Pelobacter	1
SRR14919242	Moryella	1
SRR14919242	Coprothermobacter	70
SRR14919239	Methanosphaera	2
SRR14919242	Methanocorpusculum	1
SRR14919241	Spirulina	2
SRR14919235	Faecalibacterium	65
SRR14919246	Acholeplasma	4
SRR14919243	Thalassobacter	1
SRR14919241	Facklamia	1
SRR14919246	Brevibacterium	9
SRR14919245	Thermobrachium	2
SRR14919244	Chondrus	2
SRR14919243	Eubacterium	9865
SRR14919245	Mesorhizobium	1
SRR14919242	Isochromatium	1
SRR14919235	Anoxybacillus	2
SRR14919245	Weissella	13
SRR14919237	Fibrobacter	1
SRR14919246	Flexibacter	7
SRR14919246	Anaerotruncus	255
SRR14919239	Carboxydocella	2
SRR14919246	Eutreptia	121
SRR14919238	Algoriphagus	11
SRR14919241	Carnobacterium	2
SRR14919245	Borrelia	2
SRR14919236	Pelodictyon	1
SRR14919239	Tetragenococcus	9
SRR14919244	Capreolia	1
SRR14919236	Thalassiosira	57
SRR14919238	Thiorhodococcus	1
SRR14919240	Tindallia	1
SRR14919243	Desulfonatronospira	1
SRR14919241	Helcococcus	2
SRR14919235	Lactonifactor	265
SRR14919244	Microbacterium	4
SRR14919239	Thermosipho	1
SRR14919236	Brochothrix	2
SRR14919243	Denitrobacterium	49
SRR14919241	Halobaculum	3
SRR14919240	Nostocoida	1
SRR14919238	Aminobacter	1
SRR14919239	Subdoligranulum	86
SRR14919243	Castellaniella	1
SRR14919239	Erysipelothrix	2
SRR14919239	Prototheca	5
SRR14919236	Nevskia	3
SRR14919237	Devosia	1
SRR14919240	Alcaligenes	3
SRR14919237	Staphylococcus	10
SRR14919246	Kinetoplastibacterium	21
SRR14919243	Megasphaera	115
SRR14919244	Bifidobacterium	256
SRR14919237	Thioalkalibacter	1
SRR14919239	Rummeliibacillus	1
SRR14919242	Salisaeta	1
SRR14919242	Methylomonas	99
SRR14919237	Acetanaerobacterium	115
SRR14919235	Clostridium	41703
SRR14919238	Thalassospira	2
SRR14919246	Acetatifactor	10
SRR14919244	Psychromonas	2
SRR14919243	Halococcus	1
SRR14919246	Desulfurococcus	2
SRR14919242	Jeotgalibacillus	1
SRR14919241	Runella	3
SRR14919240	Planctomyces	4
SRR14919236	Delftia	1
SRR14919243	Azotobacter	3
SRR14919235	Pseudaminobacter	3
SRR14919246	Methanocella	104
SRR14919238	Halomonas	16
SRR14919244	Corallococcus	2
SRR14919243	Granulicatella	3
SRR14919241	Georgiella	1
SRR14919237	Intestinimonas	134
SRR14919242	Trichococcus	201
SRR14919237	Taylorella	34
SRR14919237	Anaerovibrio	8
SRR14919242	Prototheca	9
SRR14919244	Ornithobacterium	4
SRR14919242	Actinobacillus	119
SRR14919242	Brackiella	2
SRR14919240	Terrimonas	1
SRR14919241	Leucobacter	1
SRR14919243	Thermus	2
SRR14919243	Haemophilus	158
SRR14919239	Polaromonas	18
SRR14919245	Ureibacillus	1
SRR14919235	Sporacetigenium	1
SRR14919237	Volucribacter	5
SRR14919242	Methanoculleus	149
SRR14919239	Hahella	1
SRR14919245	Alishewanella	1
SRR14919245	Cupriavidus	2
SRR14919244	Selenomonas	57
SRR14919239	Pelosinus	1
SRR14919237	Chlamydia	3
SRR14919244	Adhaeribacter	33
SRR14919239	Acetivibrio	119
SRR14919244	Peptococcus	5
SRR14919243	Niabella	3
SRR14919242	Acidimicrobium	2
SRR14919238	Pectinatus	1
SRR14919244	Brevibacillus	15
SRR14919236	Emticicia	7
SRR14919240	Taylorella	63
SRR14919236	Desemzia	1
SRR14919240	Parabacteroides	6146
SRR14919243	Thioalkalivibrio	32
SRR14919240	Pseudobutyrivibrio	51
SRR14919241	Shewanella	3
SRR14919241	Anaerococcus	320
SRR14919240	Atopobium	3
SRR14919246	Alvinella	2
SRR14919236	Solitalea	1
SRR14919239	Echinicola	1
SRR14919235	Agrobacterium	162
SRR14919246	Ochromonas	5
SRR14919241	Amphibacillus	1
SRR14919236	Polaribacter	1
SRR14919245	Methanohalophilus	3
SRR14919237	Tistrella	1
SRR14919243	Phacus	2
SRR14919243	Moorella	30
SRR14919241	Phascolarctobacterium	5
SRR14919246	Arcanobacterium	2
SRR14919241	Butyricicoccus	30
SRR14919237	Aeriscardovia	1
SRR14919242	Pseudoflavonifractor	72
SRR14919240	Cyanoptyche	37
SRR14919239	Tepidanaerobacter	4
SRR14919246	Marinimicrobium	3
SRR14919243	Dongia	10
SRR14919239	Singulisphaera	2
SRR14919241	Pectinatus	1
SRR14919242	Nannocystis	3
SRR14919235	Coleochaete	1
SRR14919235	Ochrobactrum	5
SRR14919236	Mobiluncus	1
SRR14919235	Janthinobacterium	1
SRR14919238	Methanobrevibacter	123
SRR14919235	Stackebrandtia	1
SRR14919243	Sinobacterium	20
SRR14919235	Persicobacter	3
SRR14919235	Halothermothrix	1
SRR14919238	Desulfotalea	319
SRR14919240	Adlercreutzia	3
SRR14919242	Thermogymnomonas	315
SRR14919242	Echinicola	1
SRR14919242	Geobacillus	3
SRR14919237	Veillonella	2
SRR14919245	Lutispora	18
SRR14919240	Megamonas	2
SRR14919239	Blastochloris	1
SRR14919238	Shewanella	2
SRR14919239	Eggerthia	1
SRR14919242	Simplicispira	5
SRR14919245	Pontibacter	3
SRR14919236	Thermomicrobium	1
SRR14919245	Kushneria	13
SRR14919238	Dickeya	4
SRR14919238	Methanocorpusculum	2
SRR14919236	Photorhabdus	3
SRR14919235	Microcystis	406
SRR14919238	Sediminibacterium	1
SRR14919236	Anaerolinea	1
SRR14919244	Snodgrassella	11
SRR14919238	Thiohalospira	5
SRR14919243	Alterococcus	1
SRR14919238	Caminicella	3
SRR14919245	Microbulbifer	7
SRR14919244	Dehalobacterium	3
SRR14919242	Allisonella	2
SRR14919239	Planomicrobium	1
SRR14919236	Desulfovibrio	401
SRR14919241	Tuberibacillus	1
SRR14919241	Acetitomaculum	74
SRR14919243	Idiomarina	5
SRR14919235	Oxobacter	21
SRR14919235	Methanolinea	1
SRR14919236	Papillibacter	48
SRR14919242	Eudoraea	1
SRR14919242	Metallosphaera	6
SRR14919235	Paraprevotella	1
SRR14919241	Desulfomicrobium	1
SRR14919237	Algicola	2
SRR14919238	Treponema	224
SRR14919235	Aureispira	41
SRR14919245	Anoxynatronum	1
SRR14919244	Cronobacter	3
SRR14919240	Anaeroglobus	1
SRR14919235	Haloferax	102
SRR14919245	Parapedobacter	8
SRR14919238	Ilyobacter	1
SRR14919245	Leuconostoc	194
SRR14919236	Photobacterium	2
SRR14919236	Leadbetterella	2
SRR14919235	Smegmaraptor	1
SRR14919237	Pilimelia	1
SRR14919244	Phaeobacter	1
SRR14919241	Cobetia	3
SRR14919239	Quatrionicoccus	1
SRR14919236	Pseudobutyrivibrio	4
SRR14919242	Xylanibacter	1
SRR14919241	Schwartzia	1
SRR14919237	Muricauda	1
SRR14919237	Opitutus	1
SRR14919245	Syntrophomonas	18
SRR14919241	Ferroplasma	70
SRR14919244	Paucimonas	1
SRR14919242	Caldalkalibacillus	3
SRR14919241	Robinsoniella	7
SRR14919237	Lachnobacterium	510
SRR14919245	Alkalibacillus	1
SRR14919240	Jahnella	1
SRR14919240	Porphyromonas	71
SRR14919239	Thermothrix	1
SRR14919236	Pseudomonas	340
SRR14919240	Desulfonatronovibrio	8
SRR14919238	Oceanirhabdus	8
SRR14919245	Mycoplasma	272
SRR14919244	Leptospira	48
SRR14919236	Virgibacillus	21
SRR14919245	Francisella	64
SRR14919244	Xanthomonas	8
SRR14919246	Pantoea	1
SRR14919242	Verrucomicrobium	1
SRR14919240	Desulfosporosinus	5
SRR14919237	Sporobacter	3709
SRR14919236	Cellulomonas	1
SRR14919235	Propionibacterium	4
SRR14919245	Rarobacter	1
SRR14919239	Agarivorans	73
SRR14919239	Nitrosopumilus	2
SRR14919244	Rothia	3
SRR14919246	Balneola	1
SRR14919238	Tepidibacter	4
SRR14919245	Lysobacter	41
SRR14919240	Parasutterella	1
SRR14919242	Proteiniphilum	7
SRR14919243	Butyrivibrio	234
SRR14919239	Olsenella	6
SRR14919239	Hyphomonas	1
SRR14919245	Lactonifactor	30
SRR14919244	Alloprevotella	1
SRR14919245	Oscillibacter	1156
SRR14919244	Acetoanaerobium	1
SRR14919236	Fulvivirga	1
SRR14919237	Collinsella	286
SRR14919235	Parasegetibacter	1
SRR14919242	Terrahaemophilus	1
SRR14919235	Johnsonella	8
SRR14919239	Halobacterium	22
SRR14919238	Salisediminibacterium	1
SRR14919243	Orientia	9
SRR14919241	Spirosoma	1
SRR14919245	Tabrizicola	1
SRR14919242	Spiroplasma	933
SRR14919241	Moraxella	1
SRR14919240	Petrimonas	6
SRR14919238	Staphylococcus	65
SRR14919242	Geomicrobium	1
SRR14919235	Thermus	6
SRR14919235	Sedimentibacter	90
SRR14919242	Hyphomonas	6
SRR14919243	Flavonifractor	2365
SRR14919238	Flavobacterium	1
SRR14919238	Xenorhabdus	3
SRR14919235	Calditerricola	1
SRR14919238	Acetobacter	35
SRR14919244	Granulicatella	2
SRR14919238	Intestinimonas	201
SRR14919242	Nitrosomonas	2
SRR14919245	Anoxybacillus	1
SRR14919243	Mogibacterium	14
SRR14919236	Pyrobaculum	187
SRR14919240	Chlorogloeopsis	1
SRR14919243	Actinobacillus	88
SRR14919241	Tunicatimonas	1
SRR14919238	Petrotoga	1
SRR14919237	Sulfurihydrogenibium	1
SRR14919243	Allobaculum	5
SRR14919239	Andreprevotia	1
SRR14919242	Laribacter	4
SRR14919246	Thalassiosira	29
SRR14919243	Sphingomonas	176
SRR14919236	Ralstonia	3
SRR14919243	Methanoculleus	78
SRR14919241	Rhodothermus	1
SRR14919235	Anaerobaculum	1
SRR14919236	Thermoanaerobacterium	132
SRR14919235	Methylomicrobium	2
SRR14919243	Flaviramulus	1
SRR14919246	Reclinomonas	43
SRR14919242	Pelospora	1
SRR14919245	Microbacterium	5
SRR14919238	Pasteurella	56
SRR14919240	Desulfitobacterium	60
SRR14919236	Ammoniphilus	2
SRR14919245	Hippea	1
SRR14919240	Anaerostipes	2755
SRR14919240	Dasania	1
SRR14919242	Brevundimonas	2
SRR14919245	Fusicatenibacter	82
SRR14919242	Pseudoxanthomonas	1
SRR14919245	Gracilimonas	2
SRR14919245	Alkaliflexus	3
SRR14919236	Caldicellulosiruptor	10
SRR14919235	Methanothermobacter	2
SRR14919245	Agrobacterium	157
SRR14919242	Segetibacter	1
SRR14919239	Sphingobacterium	122
SRR14919244	Chloroflexus	6
SRR14919236	Conchiformibius	1
SRR14919244	Eubacterium	5579
SRR14919241	Sarcina	5
SRR14919239	Laribacter	5
SRR14919246	Slackia	2
SRR14919238	Fibrobacter	1
SRR14919236	Modestobacter	1
SRR14919245	Ruminofilibacter	4
SRR14919242	Butyricicoccus	178
SRR14919237	Ehrlichia	1
SRR14919235	Rhodovibrio	1
SRR14919242	Ekhidna	1
SRR14919245	Beijerinckia	88
SRR14919244	Methanimicrococcus	4
SRR14919242	Desulfobotulus	2
SRR14919237	Pelodictyon	1
SRR14919238	Cytophaga	15
SRR14919244	Alkalibacterium	1
SRR14919242	Sphaerospermopsis	1
SRR14919241	Sneathia	1
SRR14919237	Legionella	3
SRR14919241	Yimella	1
SRR14919237	Derxia	14
SRR14919240	Ferrovum	7
SRR14919240	Diphasiastrum	1
SRR14919242	Helcococcus	5
SRR14919236	Mesostigma	2
SRR14919237	Halolactibacillus	1
SRR14919235	Eggerthella	598
SRR14919235	Thermolithobacter	2
SRR14919235	Ohtaekwangia	2
SRR14919237	Fervidicoccus	2
SRR14919243	Neorickettsia	1
SRR14919237	Brochothrix	1
SRR14919236	Coprobacillus	2
SRR14919241	Catonella	8
SRR14919235	Chitinophaga	1
SRR14919242	Halobaculum	8
SRR14919239	Nubsella	1
SRR14919235	Hymenobacter	1
SRR14919235	Catenibacterium	6
SRR14919242	Tetragenococcus	4
SRR14919237	Holospora	4
SRR14919239	Desulfacinum	1
SRR14919241	Alcaligenes	2
SRR14919238	Flexithrix	1
SRR14919239	Bibersteinia	1
SRR14919244	Megasphaera	1253
SRR14919245	Trueperella	1
SRR14919246	Desulfovibrio	199
SRR14919245	Colwellia	2
SRR14919243	Glycomyces	6
SRR14919242	Thermoplasma	2
SRR14919240	Desmonostoc	3
SRR14919240	Legionella	8
SRR14919242	Acetitomaculum	96
SRR14919242	Cellulosilyticum	7044
SRR14919236	Clostridium	25303
SRR14919246	Papillibacter	148
SRR14919243	Rickettsia	2
SRR14919238	Natronoanaerobium	1
SRR14919243	Metallosphaera	2
SRR14919236	Paraprevotella	8
SRR14919243	Alkalibaculum	36
SRR14919243	Fusibacter	2
SRR14919242	Subdoligranulum	101
SRR14919237	Methanococcoides	16
SRR14919241	Halioglobus	1
SRR14919244	Eubostrichus	1
SRR14919239	Tenacibaculum	2
SRR14919243	Dysgonomonas	188
SRR14919237	Photobacterium	1
SRR14919238	Pantoea	3
SRR14919243	Zymophilus	10
SRR14919244	Paramoritella	1
SRR14919243	Dialister	497
SRR14919246	Sporobacterium	1
SRR14919240	Methanosaeta	5
SRR14919242	Halopelagius	2
SRR14919243	Gallionella	1
SRR14919238	Streptomyces	618
SRR14919242	Oerskovia	1
SRR14919236	Thermobispora	1
SRR14919244	Haemophilus	185
SRR14919241	Fusobacterium	9
SRR14919245	Nitrobacter	1
SRR14919243	Cloacibacterium	1
SRR14919238	Thalassomonas	135
SRR14919246	Cupriavidus	1
SRR14919245	Selenomonas	59
SRR14919245	Saccharofermentans	1
SRR14919243	Desulfobacula	1
SRR14919235	Euglenaria	3
SRR14919237	Bilophila	2
SRR14919236	Proteocatella	3
SRR14919240	Mycobacterium	11
SRR14919238	Methanogenium	1
SRR14919245	Peptococcus	3
SRR14919244	Bryobacter	1
SRR14919246	Anaerosporobacter	2
SRR14919245	Sporomusa	25
SRR14919235	Pseudoalteromonas	41
SRR14919240	Phacus	2
SRR14919240	Halorussus	1
SRR14919245	Kocuria	1
SRR14919243	Proteiniphilum	5
SRR14919243	Ruminococcus	6885
SRR14919242	Dehalobacter	3
SRR14919244	Klebsiella	43
SRR14919245	Polyangium	2
SRR14919245	Methylobacterium	36
SRR14919240	Fusicatenibacter	474
SRR14919245	Alloprevotella	4
SRR14919242	Tuberibacillus	1
SRR14919238	Desulfobacterium	6
SRR14919240	Roseburia	8212
SRR14919238	Methanopyrus	1
SRR14919245	Blastocatella	1
SRR14919238	Parvularcula	2
SRR14919242	Flectobacillus	3
SRR14919244	Cecembia	1
SRR14919241	Cyanoptyche	34
SRR14919236	Caloranaerobacter	4
SRR14919246	Parapedobacter	11
SRR14919245	Cryptosporangium	1
SRR14919239	Roseimicrobium	1
SRR14919237	Methylomonas	40
SRR14919240	Ruminofilibacter	3
SRR14919239	Psychromonas	1
SRR14919235	Cyanidium	1
SRR14919235	Scherffelia	1
SRR14919237	Leadbetterella	1
SRR14919242	Chrysodidymus	124
SRR14919243	Brenneria	1
SRR14919235	Planctomyces	1
SRR14919236	Desulfitobacterium	60
SRR14919243	Solobacterium	11
SRR14919242	Campylobacter	50
SRR14919240	Gordonia	1
SRR14919242	Ignisphaera	1
SRR14919243	Natronobacterium	2
SRR14919244	Chlorobium	1
SRR14919243	Geobacillus	4
SRR14919238	Veillonella	42
SRR14919237	Trichococcus	96
SRR14919244	Flavonifractor	145
SRR14919246	Parasporobacterium	62
SRR14919238	Sporacetigenium	1
SRR14919246	Pontibacter	4
SRR14919246	Syntrophomonas	17
SRR14919243	Leptotrichia	3
SRR14919239	Flavobacterium	2
SRR14919241	Rhodoblastus	1
SRR14919236	Diatoma	1
SRR14919238	Sinorhizobium	4
SRR14919235	Entomoplasma	1
SRR14919238	Lawsonia	1
SRR14919246	Virgibacillus	7
SRR14919239	Intestinimonas	167
SRR14919236	Lacinutrix	3
SRR14919239	Caminicella	1
SRR14919237	Desulfitispora	1
SRR14919241	Marinilabilia	4
SRR14919236	Thermanaeromonas	1
SRR14919244	Thermogladius	103
SRR14919243	Carnobacterium	1
SRR14919243	Parabacteroides	26313
SRR14919239	Desulfotignum	1
SRR14919237	Hydrogenobaculum	1
SRR14919246	Burkholderia	12
SRR14919242	Malawimonas	8
SRR14919241	Nodularia	1
SRR14919245	Aureispira	47
SRR14919241	Parasutterella	5
SRR14919245	Cronobacter	3
SRR14919243	Hydrogenoanaerobacterium	69
SRR14919246	Leuconostoc	108
SRR14919241	Thiomargarita	297
SRR14919243	Oscillospira	4430
SRR14919245	Aneurinibacillus	1
SRR14919242	Tepidanaerobacter	8
SRR14919236	Desulfatiferula	1
SRR14919236	Piscirickettsia	2
SRR14919236	Anaerococcus	508
SRR14919246	Microbacterium	3
SRR14919239	Achromatium	1
SRR14919236	Prevotella	698
SRR14919235	Aeromonas	50
SRR14919235	Anaerovirgula	1
SRR14919245	Turicibacter	52
SRR14919239	Sulfitobacter	3
SRR14919245	Castellaniella	2
SRR14919237	Sebaldella	1
SRR14919235	Caldicoprobacter	12
SRR14919244	Mesoplasma	5
SRR14919241	Rothia	3
SRR14919239	Sporotomaculum	1
SRR14919242	Dietzia	1
SRR14919242	Ferroplasma	107
SRR14919238	Rhodopirellula	4
SRR14919242	Trachelomonas	2
SRR14919239	Brevinema	1
SRR14919244	Lactobacillus	415
SRR14919243	Neisseria	63
SRR14919239	Staphylococcus	29
SRR14919237	Pseudomonas	139
SRR14919238	Desulfomonile	2
SRR14919236	Cohnella	3
SRR14919238	Mucilaginibacter	3
SRR14919240	Vampirovibrio	2
SRR14919235	Pelotomaculum	2
SRR14919245	Xanthomonas	9
SRR14919240	Halobacillus	1
SRR14919243	Vagococcus	1
SRR14919241	Dethiosulfatibacter	1
SRR14919235	Capnocytophaga	2
SRR14919236	Catellatospora	1
SRR14919239	Youngiibacter	64
SRR14919238	Sporobacter	15022
SRR14919242	Quatrionicoccus	2
SRR14919243	Thermocrinis	2
SRR14919240	Pectobacterium	8
SRR14919236	Globicatella	1
SRR14919245	Flavihumibacter	1
SRR14919243	Stenotrophomonas	11
SRR14919240	Kroppenstedtia	1
SRR14919236	Microcystis	662
SRR14919236	Desulforhopalus	1
SRR14919245	Pasteuria	1
SRR14919240	Escherichia/Shigella	7
SRR14919243	Peptoclostridium	87
SRR14919242	Hespellia	103
SRR14919240	Lachnobacterium	309
SRR14919237	Marinobacterium	1
SRR14919244	Coraliomargarita	2
SRR14919241	Fructobacillus	1
SRR14919237	Butyricimonas	5
SRR14919245	Rubritalea	1
SRR14919245	Enterococcus	328
SRR14919244	Salinivibrio	6
SRR14919243	Allisonella	1
SRR14919240	Filifactor	16
SRR14919244	Actinobacillus	108
SRR14919235	Microvirga	1
SRR14919246	Fulvivirga	1
SRR14919239	Alicyclobacillus	4
SRR14919235	Nocardia	3
SRR14919245	Anaerofustis	10
SRR14919236	Desulfotomaculum	86
SRR14919243	Paenibacillus	365
SRR14919240	Methylobacterium	42
SRR14919238	Collinsella	622
SRR14919238	Roseomonas	3
SRR14919240	Jonesia	1
SRR14919244	Methanoculleus	100
SRR14919242	Pseudanabaena	9
SRR14919239	Natronococcus	3
SRR14919236	Johnsonella	6
SRR14919243	Methanobrevibacter	6
SRR14919242	Algicola	6
SRR14919242	Facklamia	4
SRR14919238	Escherichia/Shigella	8
SRR14919236	Brachybacterium	1
SRR14919243	Spiroplasma	496
SRR14919236	Pigmentiphaga	3
SRR14919235	Anaeroglobus	3
SRR14919240	Mesorhizobium	2
SRR14919243	Haloplasma	1
SRR14919241	Anaerotruncus	28
SRR14919235	Agrococcus	1
SRR14919240	Desulfurella	1
SRR14919239	Meniscus	2
SRR14919245	Geobacter	4
SRR14919238	Thermoactinomyces	4
SRR14919239	Tumebacillus	1
SRR14919245	Ferrovum	8
SRR14919243	Variovorax	1
SRR14919238	Ammonifex	1
SRR14919242	Ferrimonas	2
SRR14919236	Methanosphaerula	42
SRR14919237	Filifactor	3
SRR14919242	Opitutus	1
SRR14919239	Xenorhabdus	3
SRR14919238	Photobacterium	1
SRR14919240	Azospirillum	1
SRR14919237	Xylanibacter	1
SRR14919246	Euzebya	2
SRR14919239	Woodsholea	2
SRR14919246	Francisella	26
SRR14919245	Kinetoplastibacterium	22
SRR14919237	Kocuria	2
SRR14919238	Paraeggerthella	4
SRR14919246	Oribacterium	31
SRR14919244	Salmonella	1
SRR14919243	Butyricicoccus	10
SRR14919239	Arthrospira	2
SRR14919239	Pseudonocardia	1
SRR14919238	Grimontia	2
SRR14919235	Oceanobacillus	1
SRR14919244	Rapidithrix	2
SRR14919244	Allobaculum	8
SRR14919239	Catabacter	8
SRR14919237	Marivirga	2
SRR14919235	Eutreptia	166
SRR14919245	Chryseobacterium	27
SRR14919235	Trichormus	1
SRR14919246	Arthrobacter	2
SRR14919242	Conexibacter	1
SRR14919237	Syntrophothermus	70
SRR14919246	Proteocatella	2
SRR14919244	Sediminitomix	2
SRR14919236	Halorientalis	1
SRR14919238	Reichenbachiella	1
SRR14919238	Proteiniborus	1
SRR14919238	Desulfoluna	1
SRR14919239	Pasteurella	46
SRR14919242	Woodsholea	3
SRR14919238	Butyrivibrio	1506
SRR14919246	Coprobacillus	1
SRR14919241	Acetatifactor	12
SRR14919241	Anaeroplasma	2
SRR14919241	Pseudobutyrivibrio	33
SRR14919242	Siphonobacter	1
SRR14919235	Syntrophococcus	27
SRR14919240	Deinococcus	6
SRR14919239	Halomonas	16
SRR14919242	Persephonella	6
SRR14919244	Proteiniphilum	6
SRR14919245	Pseudahrensia	1
SRR14919242	Catabacter	5
SRR14919246	Weissella	4
SRR14919240	Melittangium	1
SRR14919239	Conchiformibius	1
SRR14919238	Sedimentibacter	119
SRR14919246	Alloprevotella	4
SRR14919235	Achromobacter	3
SRR14919243	Acetitomaculum	65
SRR14919245	Pseudendoclonium	2
SRR14919241	Actinomadura	6
SRR14919239	Fibrobacter	2
SRR14919245	Janthinobacterium	2
SRR14919244	Metallosphaera	1
SRR14919237	Paraprevotella	800
SRR14919244	Euzebyella	1
SRR14919242	Blastopirellula	2
SRR14919236	Dyadobacter	1
SRR14919239	Acetobacter	50
SRR14919238	Pelodictyon	1
SRR14919236	Herminiimonas	2
SRR14919238	Leadbetterella	3
SRR14919238	Leptolyngbya	2
SRR14919244	Sporosarcina	1
SRR14919237	Emticicia	5
SRR14919237	Pyrobaculum	85
SRR14919243	Helcococcus	4
SRR14919246	Desemzia	1
SRR14919243	Psychrobacter	5
SRR14919242	Coxiella	1
SRR14919244	Methylacidiphilum	1
SRR14919240	Negativicoccus	1
SRR14919235	Olivibacter	32
SRR14919236	Eggerthella	63
SRR14919244	Lepocinclis	1
SRR14919238	Chromobacterium	1
SRR14919237	Nitrosomonas	1
SRR14919245	Flavonifractor	405
SRR14919239	Orbus	1
SRR14919243	Halobaculum	3
SRR14919241	Atopobium	6
SRR14919238	Catenibacterium	8
SRR14919246	Faecalibacterium	3187
SRR14919237	Solitalea	1
SRR14919236	Gelidium	1
SRR14919240	Pandoraea	1
SRR14919245	Tetragenococcus	1
SRR14919240	Comamonas	1
SRR14919245	Geminocystis	2
SRR14919243	Haladaptatus	1
SRR14919242	Alcaligenes	3
SRR14919240	Oscillochloris	7
SRR14919238	Sphingomonas	252
SRR14919238	Cesiribacter	1
SRR14919243	Nitrospina	1
SRR14919236	Defluviitalea	29
SRR14919239	Cellulosibacter	1
SRR14919236	Ruegeria	98
SRR14919236	Rhodothermus	4
SRR14919241	Desmonostoc	1
SRR14919244	Carnobacterium	1
SRR14919245	Subdoligranulum	90
SRR14919238	Olleya	3
SRR14919242	Parasutterella	1319
SRR14919242	Proteus	17
SRR14919239	Natronovirga	1
SRR14919245	Azotobacter	6
SRR14919238	Ptilophora	1
SRR14919246	Lutispora	14
SRR14919240	Nicoletella	7
SRR14919240	Gemella	169
SRR14919238	Amphibacillus	1
SRR14919245	Eubacterium	7327
SRR14919240	Alteromonas	1
SRR14919245	Edwardsiella	1
SRR14919245	Lachnoanaerobaculum	6
SRR14919242	Desulfonatronum	2
SRR14919243	Flectobacillus	1
SRR14919235	Halorubrum	36
SRR14919242	Vallitalea	53
SRR14919246	Kushneria	14
SRR14919244	Calothrix	3
SRR14919243	Caldalkalibacillus	1
SRR14919239	Chloroflexus	5
SRR14919239	Methanobrevibacter	113
SRR14919235	Shimwellia	1
SRR14919240	Alishewanella	2
SRR14919245	Haemophilus	172
SRR14919238	Chlamydia	4
SRR14919246	Nitrobacter	1
SRR14919245	Gordonibacter	54
SRR14919243	Metabacterium	1
SRR14919240	Halolactibacillus	1
SRR14919244	Desulfosalsimonas	2
SRR14919246	Selenomonas	37
SRR14919238	Anaerorhabdus	11
SRR14919245	Pelotomaculum	1
SRR14919243	Rhodanobacter	1
SRR14919240	Chryseobacterium	33
SRR14919246	Peptococcus	7
SRR14919240	Phascolarctobacterium	14
SRR14919237	Adlercreutzia	2
SRR14919243	Marinivirga	1
SRR14919236	Capnocytophaga	2
SRR14919240	Anoxynatronum	2
SRR14919241	Pectobacterium	2
SRR14919244	Riemerella	1
SRR14919239	Salimesophilobacter	2
SRR14919239	Simkania	5
SRR14919237	Calditerricola	1
SRR14919244	Thermodesulforhabdus	2
SRR14919239	Bermanella	1
SRR14919238	Tistrella	1
SRR14919246	Granulicatella	10
SRR14919241	Natronoanaerobium	1
SRR14919240	Belliella	1
SRR14919239	Vallitalea	23
SRR14919240	Acidithiobacillus	3
SRR14919239	Sorangium	4
SRR14919245	Megasphaera	540
SRR14919245	Chromohalobacter	1
SRR14919242	Trachelium	83
SRR14919238	Desulfitispora	3
SRR14919240	Rhodovarius	1
SRR14919245	Actinobacillus	111
SRR14919243	Thiocystis	2
SRR14919237	Clostridium	6931
SRR14919246	Dorea	443
SRR14919239	Aerococcus	2
SRR14919244	Tannerella	17
SRR14919242	Rhodovulum	1
SRR14919238	Euzebya	1
SRR14919243	Prosthecochloris	1
SRR14919236	Fretibacterium	1
SRR14919237	Clostridiisalibacter	1
SRR14919245	Methanoculleus	120
SRR14919243	Dissulfuribacter	2
SRR14919241	Finegoldia	2
SRR14919235	Anaerostipes	18731
SRR14919238	Luteolibacter	1
SRR14919236	Fervidobacterium	2
SRR14919237	Orbus	1
SRR14919239	Gemella	170
SRR14919241	Megamonas	2
SRR14919239	Eubostrichus	1
SRR14919240	Desulfacinum	1
SRR14919237	Pseudobutyrivibrio	5
SRR14919238	Dysgonomonas	91
SRR14919243	Fervidicella	2
SRR14919244	Gallionella	1
SRR14919236	Coprothermobacter	64
SRR14919244	Geobacillus	3
SRR14919239	Veillonella	18
SRR14919236	Massilia	2
SRR14919236	Chlamydomonas	1
SRR14919235	Methanosaeta	1
SRR14919243	Nitrosococcus	1
SRR14919237	Halopelagius	2
SRR14919239	Rhodopirellula	2
SRR14919236	Mucispirillum	1
SRR14919236	Gardnerella	1
SRR14919246	Nanoarchaeum	1
SRR14919239	Trachelium	78
SRR14919243	Avibacterium	5
SRR14919242	Aerococcus	6
SRR14919238	Robinsoniella	49
SRR14919243	Pusillimonas	4
SRR14919237	Porphyromonas	32
SRR14919245	Rhodopseudomonas	24
SRR14919244	Calypogeia	1
SRR14919245	Euglenaria	4
SRR14919240	Microbulbifer	3
SRR14919245	Propionibacterium	3
SRR14919246	Lacinutrix	1
SRR14919241	Faecalibacterium	25918
SRR14919240	Oscillibacter	2036
SRR14919238	Anaerolinea	1
SRR14919236	Oxobacter	14
SRR14919244	Dorea	1561
SRR14919237	Candidatus_Liberibacter	1
SRR14919240	Roseovarius	1
SRR14919246	Sulfurihydrogenibium	2
SRR14919246	Pseudaminobacter	2
SRR14919244	Butyricicoccus	14
SRR14919244	Calochaete	32
SRR14919239	Treponema	236
SRR14919236	Haloferax	167
SRR14919246	Parabacteroides	6538
SRR14919239	Simplicispira	8
SRR14919244	Acinetobacter	123
SRR14919245	Crenothrix	1
SRR14919242	Spirosoma	1
SRR14919242	Acholeplasma	13
SRR14919244	Desulfobotulus	1
SRR14919243	Malawimonas	2
SRR14919243	Caldivirga	1
SRR14919238	Codium	15
SRR14919246	Cronobacter	3
SRR14919245	Dorea	957
SRR14919244	Marinoscillum	4
SRR14919236	Serratia	7
SRR14919241	Coenonia	3
SRR14919242	Fructobacillus	1
SRR14919237	Propionispora	14
SRR14919239	Desulfatiferula	2
SRR14919240	Barnesiella	232
SRR14919239	Geotoga	3
SRR14919235	Cenarchaeum	174
SRR14919236	Haloarcula	6
SRR14919236	Anabaena	8
SRR14919246	Prevotella	396
SRR14919237	Dehalobacter	1
SRR14919238	Ruminococcus	10672
SRR14919242	Modicisalibacter	1
SRR14919240	Laceyella	3
SRR14919242	Cyanoptyche	52
SRR14919239	Gemmiger	1139
SRR14919240	Hafnia	1
SRR14919235	Pelobacter	1
SRR14919245	Caldicellulosiruptor	12
SRR14919243	Ferroplasma	81
SRR14919243	Oscillatoria	51
SRR14919246	Pigmentiphaga	1
SRR14919238	Pseudomonas	235
SRR14919240	Anoxybacillus	1
SRR14919237	Halonotius	1
SRR14919235	Abiotrophia	4
SRR14919244	Acetitomaculum	13
SRR14919245	Rummeliibacillus	2
SRR14919243	Dorea	592
SRR14919238	Paraprevotella	6
SRR14919239	Sporobacter	1517
SRR14919238	Symbiobacterium	2
SRR14919246	Planktothrix	5
SRR14919243	Haloplanus	2
SRR14919241	Thalassiosira	54
SRR14919246	Enterobacter	12
SRR14919242	Methanobacterium	2
SRR14919239	Desulforhopalus	1
SRR14919235	Altererythrobacter	32
SRR14919241	Pseudaminobacter	1
SRR14919240	Natrialba	1
SRR14919237	Microcystis	257
SRR14919243	Lachnobacterium	249
SRR14919236	Natronincola	3
SRR14919242	Natrinema	1
SRR14919240	Lactonifactor	24
SRR14919240	Garciella	10
SRR14919238	Leptotrichia	5
SRR14919236	Rhodoblastus	1
SRR14919241	Plasticicumulans	2
SRR14919241	Citrobacter	3
SRR14919240	Psychromonas	1
SRR14919243	Lawsonia	2
SRR14919235	Bryopsis	55
SRR14919245	Selenihalanaerobacter	2
SRR14919244	Allisonella	8
SRR14919239	Caldalkalibacillus	3
SRR14919236	Microchaete	4
SRR14919235	Thermotalea	18
SRR14919240	Blautia	19202
SRR14919243	Parvimonas	1
SRR14919242	Methanocella	244
SRR14919241	Negativicoccus	2
SRR14919240	Halonotius	2
SRR14919236	Oceanobacillus	2
SRR14919242	Desulfatimicrobium	1
SRR14919240	Chromohalobacter	1
SRR14919235	Orbus	1
SRR14919242	Moraxella	3
SRR14919240	Desulfatibacillum	2
SRR14919238	Citromicrobium	1
SRR14919238	Dolosicoccus	1
SRR14919237	Johnsonella	7
SRR14919241	Desulfitobacterium	43
SRR14919246	Neochlamydia	1
SRR14919244	Spiroplasma	3
SRR14919243	Wohlfahrtiimonas	2
SRR14919238	Pedobacter	8
SRR14919235	Ochromonas	2
SRR14919236	Denitrobacterium	2
SRR14919241	Oscillochloris	4
SRR14919236	Bdellovibrio	1
SRR14919244	Paracoccus	6
SRR14919242	Scardovia	1
SRR14919241	Ureibacillus	3
SRR14919243	Thalassospira	1
SRR14919235	Ensifer	1
SRR14919245	Marinobacter	6
SRR14919236	Dethiosulfatibacter	1
SRR14919242	Enterorhabdus	189
SRR14919239	Oleispira	1
SRR14919238	Ehrlichia	1
SRR14919245	Agrococcus	2
SRR14919235	Stenoxybacter	2
SRR14919245	Carnobacterium	2
SRR14919239	Flammeovirga	1
SRR14919244	Actinobaculum	1
SRR14919235	Thermincola	3
SRR14919239	Methanohalophilus	1
SRR14919243	Parasutterella	222
SRR14919242	Dorea	2586
SRR14919239	Brevundimonas	3
SRR14919235	Halothiobacillus	2
SRR14919235	Kingella	1
SRR14919245	Proteiniphilum	3
SRR14919242	Syntrophus	1
SRR14919235	Waddlia	1
SRR14919235	Thermoanaerobacterium	99
SRR14919241	Planococcus	1
SRR14919239	Syntrophobacter	1
SRR14919246	Alkalibacter	3
SRR14919238	Buchnera	370
SRR14919245	Acetanaerobacterium	32
SRR14919246	Xanthomonas	10
SRR14919241	Cohnella	1
SRR14919235	Jeotgalibacillus	2
SRR14919245	Methanimicrococcus	4
SRR14919245	Helicobacter	268
SRR14919244	Flectobacillus	1
SRR14919241	Pedobacter	6
SRR14919240	Rhodopseudomonas	50
SRR14919236	Ornatilinea	1
SRR14919243	Bifissio	1
SRR14919242	Volucribacter	7
SRR14919237	Ralstonia	1
SRR14919235	Halobacillus	1
SRR14919244	Moritella	1
SRR14919240	Fontibacter	88
SRR14919235	Gracilibacter	19
SRR14919239	Leadbetterella	3
SRR14919245	Dethiobacter	3
SRR14919243	Erwinia	2
SRR14919238	Thermocrinis	1
SRR14919235	Geovibrio	1
SRR14919237	Ornithobacterium	1
SRR14919246	Methanolobus	32
SRR14919237	Diphasiastrum	1
SRR14919239	Blautia	23793
SRR14919235	Trigonala	1
SRR14919246	Flavonifractor	560
SRR14919246	Rubrivivax	1
SRR14919239	Salinivibrio	17
SRR14919238	Arenicella	1
SRR14919238	Syntrophococcus	106
SRR14919239	Collinsella	514
SRR14919240	Nocardia	5
SRR14919239	Halorhodospira	1
SRR14919242	Pectobacterium	7
SRR14919240	Agromyces	2
SRR14919237	Myroides	2
SRR14919238	Calditerricola	1
SRR14919246	Rhodomonas	1
SRR14919240	Agrobacterium	192
SRR14919244	Dialister	6
SRR14919243	Phormidium	8
SRR14919235	Methanococcus	1
SRR14919241	Dorea	112
SRR14919246	Defluviitalea	11
SRR14919240	Arcobacter	1
SRR14919238	Oscillospira	1723
SRR14919237	Pseudochlorella	7
SRR14919245	Nocardioides	5
SRR14919242	Sutterella	2
SRR14919242	Aeriscardovia	1
SRR14919240	Rhizobium	4
SRR14919239	Robiginitomaculum	1
SRR14919236	Thioalkalivibrio	1
SRR14919245	Derxia	15
SRR14919243	Pseudorhodobacter	2
SRR14919243	Mahella	11
SRR14919239	Cytophaga	18
SRR14919244	Meniscus	2
SRR14919246	Methylomicrobium	1
SRR14919243	Epulopiscium	3
SRR14919235	Desulfurella	1
SRR14919239	Desulfomicrobium	3
SRR14919236	Desmospora	1
SRR14919237	Listeria	3
SRR14919236	Desulfobacter	3
SRR14919237	Dyadobacter	1
SRR14919236	Anaerosalibacter	1
SRR14919244	Reinekea	1
SRR14919240	Persicobacter	1
SRR14919246	Parasegetibacter	2
SRR14919243	Nitrospira	2
SRR14919243	Phytophthora	23
SRR14919243	Salinicoccus	2
SRR14919242	Catonella	30
SRR14919235	Sulfobacillus	14
SRR14919235	Coprobacter	57
SRR14919242	Conchiformibius	1
SRR14919235	Azospirillum	3
SRR14919246	Alkaliphilus	845
SRR14919241	Sedimentibacter	74
SRR14919238	Pyrobaculum	127
SRR14919244	Helcococcus	2
SRR14919235	Mitsuokella	3
SRR14919235	Desulfobulbus	1
SRR14919237	Eggerthella	96
SRR14919245	Allobaculum	9
SRR14919246	Saccharofermentans	4
SRR14919238	Holospora	10
SRR14919244	Halobaculum	9
SRR14919238	Fusobacterium	4
SRR14919243	Geothrix	1
SRR14919237	Arcobacter	1
SRR14919236	Sphaerochaeta	1
SRR14919235	Olleya	1
SRR14919239	Parvibaculum	1
SRR14919236	Branchiibius	1
SRR14919238	Leisingera	1
SRR14919243	Thiohalospira	7
SRR14919239	Sutterella	380
SRR14919246	Picrophilus	1
SRR14919235	Thermogymnomonas	215
SRR14919245	Pseudoalteromonas	25
SRR14919235	Natronorubrum	2
SRR14919241	Desulfovibrio	258
SRR14919243	Alcaligenes	1
SRR14919237	Tepidimicrobium	1
SRR14919237	Mycobacterium	13
SRR14919240	Dorea	1695
SRR14919238	Bacillus	1399
SRR14919241	Papillibacter	13
SRR14919238	Melghirimyces	1
SRR14919238	Catellatospora	1
SRR14919244	Microcoleus	1
SRR14919242	Desmonostoc	3
SRR14919235	Actinomyces	26
SRR14919239	Planobispora	1
SRR14919243	Pseudoroseobacter	1
SRR14919241	Chromobacterium	1
SRR14919241	Deinococcus	5
SRR14919245	Acidianus	1
SRR14919243	Acidovorax	1
SRR14919236	Anaeroplasma	11
SRR14919236	Holdemania	99
SRR14919245	Euglena	15
SRR14919243	Granulicella	1
SRR14919243	Fructobacillus	1
SRR14919242	Isosphaera	1
SRR14919243	Rheinheimera	1
SRR14919239	Strombomonas	4
SRR14919241	Sulfurimonas	1
SRR14919246	Caloranaerobacter	1
SRR14919242	Nitrolancea	1
SRR14919246	Actinobacillus	70
SRR14919246	Eubacterium	3997
SRR14919241	Alteromonas	1
SRR14919236	Pseudoxanthomonas	3
SRR14919245	Halorubrum	49
SRR14919241	Maricaulis	3
SRR14919244	Thermonema	1
SRR14919235	Akkermansia	7
SRR14919235	Flavisolibacter	4
SRR14919246	Methanoculleus	74
SRR14919245	Shimwellia	1
SRR14919237	Desulfitobacterium	23
SRR14919236	Actinomadura	4
SRR14919238	Bilophila	63
SRR14919246	Haemophilus	133
SRR14919243	Oceanirhabdus	1
SRR14919239	Pelodictyon	1
SRR14919235	Cymbella	2
SRR14919244	Centipeda	1
SRR14919241	Virgibacillus	15
SRR14919235	Dolichospermum	9
SRR14919239	Chrysodidymus	112
SRR14919246	Sporomusa	19
SRR14919246	Cetobacterium	1
SRR14919239	Campylobacter	39
SRR14919241	Mangroviflexus	1
SRR14919236	Olivibacter	39
SRR14919245	Roseivirga	1
SRR14919246	Coenonia	1
SRR14919239	Paraprevotella	7327
SRR14919246	Anaerobranca	6
SRR14919244	Ureaplasma	4
SRR14919239	Isosphaera	1
SRR14919242	Xylella	131
SRR14919240	Zobellia	1
SRR14919237	Winogradskyella	35
SRR14919245	Spongiimonas	1
SRR14919235	Verrucomicrobium	2
SRR14919244	Leptothrix	1
SRR14919241	Roseburia	17776
SRR14919238	Maricaulis	2
SRR14919246	Megasphaera	61
SRR14919239	Limibacter	1
SRR14919235	Rhodobacter	1
SRR14919245	Butyricicoccus	12
SRR14919238	Haladaptatus	3
SRR14919241	Ruegeria	75
SRR14919237	Oceanobacillus	1
SRR14919238	Clostridium	6596
SRR14919244	Halobacterium	16
SRR14919236	Howardella	1
SRR14919240	Thioploca	2
SRR14919236	Cyanidium	1
SRR14919236	Elusimicrobium	1
SRR14919241	Catenibacterium	26
SRR14919240	Lishizhenia	2
SRR14919236	Gracilaria	7
SRR14919236	Imtechium	1
SRR14919246	Cohnella	2
SRR14919244	Zavarzinia	2
SRR14919238	Thiomargarita	304
SRR14919246	Pseudoscardovia	1
SRR14919243	Orenia	1
SRR14919241	Methylomicrobium	3
SRR14919235	Lysinibacillus	59
SRR14919241	Grammonema	1
SRR14919246	Algoriphagus	4
SRR14919235	Erwinia	6
SRR14919240	Sulfurospirillum	1
SRR14919242	Limibacter	1
SRR14919245	Fibrisoma	1
SRR14919244	Perexilibacter	1
SRR14919242	Reclinomonas	74
SRR14919242	Pelagicoccus	1
SRR14919236	Acidilobus	22
SRR14919246	Proteiniphilum	6
SRR14919243	Caldanaerobacter	1
SRR14919243	Plesiomonas	1
SRR14919235	Codium	9
SRR14919240	Chroococcidiopsis	3
SRR14919240	Nevskia	2
SRR14919240	Gallibacterium	21
SRR14919245	Methanomassiliicoccus	1
SRR14919245	Acetitomaculum	24
SRR14919243	Methylocaldum	1
SRR14919235	Caedibacter	49
SRR14919235	Peptoniphilus	104
SRR14919242	Acetomicrobium	2
SRR14919239	Myxococcus	11
SRR14919235	Granulosicoccus	3
SRR14919246	Metallosphaera	2
SRR14919241	Alkaliflexus	3
SRR14919236	Fangia	2
SRR14919240	Chloroflexus	2
SRR14919242	Succinivibrio	3
SRR14919238	Grammonema	2
SRR14919237	Corynebacterium	25
SRR14919244	Simkania	1
SRR14919236	Streptococcus	352
SRR14919236	Aeromonas	70
SRR14919241	Barnesiella	149
SRR14919236	Phocaeicola	5
SRR14919241	Pseudoramibacter	1
SRR14919246	Haloarcula	2
SRR14919236	Cenarchaeum	248
SRR14919241	Beijerinckia	77
SRR14919242	Negativicoccus	1
SRR14919244	Methanobrevibacter	250
SRR14919242	Gemmata	2
SRR14919236	Thermogemmatispora	1
SRR14919244	Neisseria	67
SRR14919243	Cyanoptyche	24
SRR14919242	Myxococcus	20
SRR14919244	Telmatospirillum	1
SRR14919241	Synechococcus	3
SRR14919239	Pseudanabaena	8
SRR14919235	Oceanicoccus	1
SRR14919245	Pelobacter	2
SRR14919245	Anaerovibrio	3
SRR14919238	Christensenella	25
SRR14919242	Oscillochloris	8
SRR14919245	Chondromyces	1
SRR14919242	Desulfatiferula	1
SRR14919242	Piscirickettsia	2
SRR14919235	Weissella	6
SRR14919236	Abiotrophia	7
SRR14919245	Geobacillus	2
SRR14919240	Spirochaeta	3
SRR14919236	Eutreptia	270
SRR14919243	Methanothermobacter	3
SRR14919244	Parasutterella	53
SRR14919243	Hespellia	19
SRR14919235	Paucibacter	1
SRR14919241	Massilia	1
SRR14919238	Fervidicella	7
SRR14919246	Nonomuraea	3
SRR14919243	Methanococcoides	20
SRR14919246	Lachnobacterium	46
SRR14919243	Edaphobacter	1
SRR14919239	Nevskia	3
SRR14919238	Microcystis	452
SRR14919238	Ruminofilibacter	1
SRR14919238	Melissococcus	1
SRR14919245	Sphingobacterium	108
SRR14919244	Halothermothrix	4
SRR14919245	Nocardia	4
SRR14919242	Neosiphonia	1
SRR14919238	Avibacterium	6
SRR14919239	Halococcus	1
SRR14919238	Pusillimonas	1
SRR14919237	Prolixibacter	1
SRR14919241	Coprobacillus	2680
SRR14919245	Allisonella	12
SRR14919240	Eubostrichus	1
SRR14919236	Thermotalea	16
SRR14919235	Moryella	5
SRR14919237	Euglena	13
SRR14919237	Acidaminobacter	55
SRR14919243	Salinimonas	1
SRR14919245	Gracilibacter	36
SRR14919243	Facklamia	3
SRR14919242	Derxia	28
SRR14919242	Desulforhopalus	1
SRR14919245	Natronorubrum	5
SRR14919237	Acholeplasma	8
SRR14919244	Hydrotalea	2
SRR14919244	Kinetoplastibacterium	13
SRR14919243	Marinobacterium	1
SRR14919242	Pseudobutyrivibrio	44
SRR14919245	Spiroplasma	2
SRR14919241	Serratia	4
SRR14919246	Geobacter	3
SRR14919238	Brackiella	2
SRR14919238	Borrelia	3
SRR14919238	Desulfuromusa	1
SRR14919246	Capreolia	1
SRR14919235	Methanocalculus	18
SRR14919241	Nitrosovibrio	1
SRR14919243	Ochrobactrum	1
SRR14919241	Anabaena	5
SRR14919242	Halococcus	1
SRR14919244	Tenacibaculum	1
SRR14919243	Pectobacterium	3
SRR14919242	Tindallia	5
SRR14919244	Oleomonas	1
SRR14919239	Calditerricola	4
SRR14919236	Thermincola	3
SRR14919243	Kroppenstedtia	1
SRR14919244	Ferroplasma	72
SRR14919244	Gemmiger	820
SRR14919242	Dickeya	3
SRR14919243	Cryptanaerobacter	1
SRR14919239	Nordella	1
SRR14919239	Pseudomonas	213
SRR14919242	Planococcus	1
SRR14919236	Acidaminococcus	2
SRR14919244	Dethiosulfovibrio	2
SRR14919235	Cellulosilyticum	8
SRR14919236	Taylorella	87
SRR14919239	Grimontia	3
SRR14919241	Prototheca	2
SRR14919238	Oscillatoria	60
SRR14919239	Streptacidiphilus	2
SRR14919238	Anaerotruncus	101
SRR14919238	Fusicatenibacter	1381
SRR14919244	Desulfobacterium	3
SRR14919235	Mitsuaria	1
SRR14919238	Marivirga	3
SRR14919246	Gelidium	1
SRR14919237	Citreicella	1
SRR14919240	Sphingobacterium	155
SRR14919241	Fontibacter	81
SRR14919244	Oceanimonas	1
SRR14919241	Nitriliruptor	1
SRR14919243	Thalassomonas	103
SRR14919240	Anaplasma	2
SRR14919241	Fucophilus	1
SRR14919236	Dolichospermum	11
SRR14919242	Citrobacter	2
SRR14919235	Exiguobacterium	3
SRR14919244	Pyrococcus	1
SRR14919242	Fervidicoccus	1
SRR14919245	Sulfobacillus	10
SRR14919241	Turicibacter	9
SRR14919246	Caldicoprobacter	2
SRR14919237	Microchaete	1
SRR14919242	Mangroviflexus	8
SRR14919236	Brevibacillus	42
SRR14919241	Pseudoflavonifractor	17
SRR14919237	Pectinatus	5
SRR14919240	Bryopsis	64
SRR14919236	Hassallia	2
SRR14919235	Psychromonas	1
SRR14919243	Spirulina	1
SRR14919244	Runella	2
SRR14919237	Methanocella	113
SRR14919238	Johnsonella	4
SRR14919238	Prototheca	5
SRR14919240	Shewanella	7
SRR14919243	Sulfolobus	1
SRR14919239	Oxalobacter	8
SRR14919245	Ochromonas	4
SRR14919240	Bacteroides	111085
SRR14919236	Hydrogenophilus	1
SRR14919240	Marichromatium	1
SRR14919246	Butyricicoccus	6
SRR14919245	Calothrix	1
SRR14919235	Luteimonas	1
SRR14919238	Acetatifactor	25
SRR14919239	Pseudoflavonifractor	57
SRR14919239	Amycolatopsis	2
SRR14919242	Croceibacter	1
SRR14919242	Thermanaeromonas	1
SRR14919246	Thermus	3
SRR14919239	Chlamydia	1
SRR14919236	Tepidanaerobacter	5
SRR14919236	Ureibacillus	12
SRR14919246	Desulfobotulus	1
SRR14919240	Altererythrobacter	39
SRR14919235	Terriglobus	1
SRR14919240	Pectinatus	1
SRR14919239	Paenisporosarcina	1
SRR14919237	Elusimicrobium	1
SRR14919235	Thermoanaerobaculum	1
SRR14919238	Methylobacterium	49
SRR14919246	Desulfotalea	188
SRR14919240	Salinivibrio	19
SRR14919236	Corallococcus	4
SRR14919238	Emticicia	5
SRR14919238	Dyadobacter	1
SRR14919242	Methylobacter	4
SRR14919246	Coprothermobacter	35
SRR14919239	Idiomarina	3
SRR14919244	Caldalkalibacillus	3
SRR14919242	Burkholderia	28
SRR14919236	Lysinibacillus	95
SRR14919244	Sedimentibacter	89
SRR14919243	Buchnera	257
SRR14919245	Oceanospirillum	1
SRR14919240	Pseudochlorella	16
SRR14919236	Coprobacter	315
SRR14919238	Cryptosporangium	1
SRR14919246	Tepidibacter	1
SRR14919242	Thiobacillus	4
SRR14919242	Atopobium	11
SRR14919239	Pyrobaculum	150
SRR14919235	Lutispora	54
SRR14919245	Helcococcus	3
SRR14919238	Solitalea	2
SRR14919237	Shewanella	2
SRR14919241	Pandoraea	1
SRR14919236	Mitsuokella	7
SRR14919246	Allobaculum	5
SRR14919243	Sinorhizobium	2
SRR14919239	Tistrella	1
SRR14919235	Kushneria	19
SRR14919240	Flammeovirga	2
SRR14919236	Moorella	2
SRR14919236	Natronobacterium	1
SRR14919236	Adhaeribacter	45
SRR14919246	Ruegeria	51
SRR14919235	Lactococcus	87
SRR14919242	Haloglycomyces	3
SRR14919241	Gallibacterium	1
SRR14919246	Acetitomaculum	355
SRR14919245	Peptoniphilus	118
SRR14919243	Acetomicrobium	1
SRR14919237	Schwartzia	2
SRR14919244	Desulfotignum	3
SRR14919242	Idiomarina	8
SRR14919237	Aggregatibacter	1
SRR14919245	Microcoleus	1
SRR14919236	Actinomyces	27
SRR14919237	Anoxynatronum	1
SRR14919242	Deinococcus	4
SRR14919246	Holdemania	15
SRR14919242	Oribacterium	45
SRR14919242	Myroides	1
SRR14919240	Arcicella	132
SRR14919240	Tepidimicrobium	2
SRR14919245	Haloferula	2
SRR14919238	Oceanobacillus	2
SRR14919241	Sinorickettsia	2
SRR14919239	Roseibaca	1
SRR14919236	Methylococcus	1
SRR14919239	Algimonas	4
SRR14919238	Flavisolibacter	3
SRR14919241	Syntrophococcus	3
SRR14919235	Lyngbya	1
SRR14919240	Gordonibacter	10
SRR14919236	Niabella	4
SRR14919241	Enterococcus	287
SRR14919238	Pseudobutyrivibrio	58
SRR14919237	Desulfonatronovibrio	1
SRR14919242	Haloleptolyngbya	1
SRR14919240	Alistipes	23510
SRR14919242	Listeria	3
SRR14919240	Pelotomaculum	6
SRR14919238	Epulopiscium	2
SRR14919244	Cellulomonas	1
SRR14919244	Mycoplasma	267
SRR14919243	Oscillochloris	4
SRR14919243	Leptospira	57
SRR14919241	Anaerofustis	6
SRR14919240	Ilyobacter	2
SRR14919243	Gramella	1
SRR14919242	Ophioglossum	1
SRR14919244	Youngiibacter	33
SRR14919240	Strombomonas	1
SRR14919237	Olivibacter	14
SRR14919238	Eggerthella	25
SRR14919238	Phytophthora	31
SRR14919238	Salinicoccus	2
SRR14919242	Costertonia	1
SRR14919245	Halobaculum	2
SRR14919245	Parasutterella	75
SRR14919246	Serratia	10
SRR14919242	Kandleria	2
SRR14919237	Insolitispirillum	1
SRR14919244	Lysobacter	42
SRR14919242	Butyricimonas	13
SRR14919242	Methanosphaerula	40
SRR14919236	Snodgrassella	26
SRR14919237	Microbulbifer	5
SRR14919238	Hyphomonas	1
SRR14919244	Alcaligenes	2
SRR14919244	Cobetia	11
SRR14919246	Flectobacillus	2
SRR14919236	Stenotrophomonas	15
SRR14919235	Fulvivirga	1
SRR14919243	Desmonostoc	2
SRR14919243	Bacillus	1221
SRR14919240	Roseospira	1
SRR14919236	Alkanibacter	1
SRR14919236	Peptoclostridium	73
SRR14919244	Natronococcus	1
SRR14919241	Wolbachia	1
SRR14919239	Clostridium	8317
SRR14919238	Planifilum	1
SRR14919244	Catenibacterium	1
SRR14919235	Haloalcalophilium	1
SRR14919238	Undibacterium	1
SRR14919246	Gracilaria	1
SRR14919241	Lishizhenia	1
SRR14919240	Rubrobacter	3
SRR14919245	Aglaothamnion	1
SRR14919242	Megamonas	227
SRR14919246	Acetohalobium	1
SRR14919246	Streptococcus	159
SRR14919240	Winogradskyella	70
SRR14919239	Yaniella	1
SRR14919239	Methanoregula	2
SRR14919240	Lachnoanaerobaculum	9
SRR14919238	Granulicella	1
SRR14919244	Selenihalanaerobacter	1
SRR14919245	Alicyclobacillus	3
SRR14919242	Arthrobacter	8
SRR14919242	Desulfotomaculum	219
SRR14919236	Sulfurimonas	1
SRR14919238	Aneurinibacillus	1
SRR14919236	Akkermansia	29
SRR14919244	Pectobacterium	2
SRR14919245	Leucobacter	1
SRR14919236	Stomatobaculum	3
SRR14919246	Acidilobus	9
SRR14919237	Oxobacter	34
SRR14919244	Plesiomonas	1
SRR14919240	Lewinella	22
SRR14919236	Natranaerovirga	64
SRR14919236	Runella	3
SRR14919246	Codium	15
SRR14919243	Ohtaekwangia	6
SRR14919237	Haloferax	69
SRR14919236	Sphingopyxis	1
SRR14919245	Monomorphina	1
SRR14919243	Hymenobacter	3
SRR14919236	Caedibacter	62
SRR14919238	Granulosicoccus	1
SRR14919236	Altererythrobacter	37
SRR14919239	Zymobacter	1
SRR14919241	Cloacibacillus	1
SRR14919243	Trichodesmium	1
SRR14919238	Desulfosalsimonas	2
SRR14919236	Petrimonas	3
SRR14919238	Rikenella	1
SRR14919243	Dasania	1
SRR14919241	Laribacter	4
SRR14919235	Caldicellulosiruptor	11
SRR14919240	Bulleidia	1
SRR14919242	Haloquadratum	2
SRR14919243	Paludibacter	13
SRR14919242	Pantoea	3
SRR14919237	Lactonifactor	5
SRR14919240	Atopobacter	3
SRR14919237	Oscillibacter	5024
SRR14919244	Ammoniphilus	1
SRR14919240	Bergeyella	1
SRR14919242	Barnesiella	2029
SRR14919236	Rhodobacter	6
SRR14919242	Duganella	1
SRR14919243	Limnothrix	1
SRR14919238	Chryseobacterium	19
SRR14919235	Hydrogenoanaerobacterium	9
SRR14919245	Kingella	1
SRR14919242	Desulfitobacterium	63
SRR14919235	Anaerobiospirillum	13
SRR14919237	Coraliomargarita	1
SRR14919244	Cyanoptyche	30
SRR14919240	Sporosarcina	2
SRR14919240	Ignatzschineria	1
SRR14919242	Palaeococcus	1
SRR14919240	Corynebacterium	36
SRR14919235	Pseudochrobactrum	1
SRR14919243	Syntrophothermus	91
SRR14919245	Desulfatiferula	2
SRR14919239	Balneola	1
SRR14919246	Streptomyces	384
SRR14919244	Reichenbachiella	1
SRR14919245	Ignisphaera	1
SRR14919238	Ralstonia	2
SRR14919238	Laribacter	2
SRR14919245	Moritella	1
SRR14919238	Rheinheimera	2
SRR14919237	Abiotrophia	2
SRR14919246	Geobacillus	9
SRR14919241	Spirochaeta	4
SRR14919241	Geminocystis	5
SRR14919241	Pylaiella	2
SRR14919235	Advenella	1
SRR14919246	Corallococcus	2
SRR14919245	Bryopsis	46
SRR14919246	Methanimicrococcus	1
SRR14919237	Reclinomonas	30
SRR14919237	Anoxybacillus	1
SRR14919239	Microcystis	463
SRR14919238	Pseudendoclonium	1
SRR14919239	Glycomyces	2
SRR14919245	Dechloromonas	1
SRR14919235	Mogibacterium	4
SRR14919243	Chitinophaga	3
SRR14919239	Rickettsia	16
SRR14919243	Moraxella	3
SRR14919246	Allisonella	1
SRR14919237	Thermotalea	248
SRR14919239	Volucribacter	9
SRR14919244	Desulfosporosinus	1
SRR14919238	Thalassiosira	63
SRR14919244	Symbiobacterium	1
SRR14919245	Malawimonas	2
SRR14919236	Gracilimonas	2
SRR14919240	Thiothrix	1
SRR14919237	Salinimicrobium	1
SRR14919236	Halopenitus	1
SRR14919241	Edwardsiella	2
SRR14919236	Alkaliflexus	5
SRR14919237	Dolichospermum	4
SRR14919246	Adhaeribacter	18
SRR14919243	Scardovia	1
SRR14919241	Methylohalomonas	2
SRR14919240	Desulfurivibrio	1
SRR14919239	Ehrlichia	1
SRR14919237	Flexithrix	1
SRR14919235	Chloroflexus	2
SRR14919246	Brevibacillus	14
SRR14919243	Mangroviflexus	1
SRR14919238	Methanocalculus	15
SRR14919237	Cenarchaeum	123
SRR14919242	Glycomyces	10
SRR14919235	Colwellia	3
SRR14919242	Rickettsia	6
SRR14919238	Methanothermobacter	1
SRR14919242	Sphingobium	3
SRR14919240	Acidaminobacter	33
SRR14919236	Beijerinckia	127
SRR14919242	Fusibacter	10
SRR14919243	Planctomyces	1
SRR14919245	Ferroplasma	72
SRR14919240	Diatoma	1
SRR14919240	Alicyclobacillus	11
SRR14919237	Agrobacterium	91
SRR14919242	Zymophilus	8
SRR14919236	Paramoritella	1
SRR14919245	Olavius	2
SRR14919240	Ruminobacter	1
SRR14919246	Taylorella	37
SRR14919240	Alcanivorax	1
SRR14919239	Aeriscardovia	1
SRR14919239	Enterorhabdus	66
SRR14919243	Chlamydophila	1
SRR14919239	Oceanobacillus	6
SRR14919242	Ancylobacter	1
SRR14919238	Elusimicrobium	1
SRR14919235	Bradyrhizobium	263
SRR14919242	Fontibacter	97
SRR14919236	Cobetia	5
SRR14919237	Dictyoglomus	1
SRR14919243	Anaerorhabdus	6
SRR14919236	Legionella	4
SRR14919238	Exiguobacterium	2
SRR14919237	Persicobacter	1
SRR14919246	Lentibacillus	1
SRR14919242	Slackia	48
SRR14919236	Cytinus	1
SRR14919237	Lysinibacillus	45
SRR14919238	Algivirga	1
SRR14919239	Fusibacter	8
SRR14919235	Neorickettsia	1
SRR14919238	Edaphobacter	1
SRR14919238	Soehngenia	3
SRR14919243	Anaerosporobacter	12
SRR14919235	Sporomusa	26
SRR14919241	Agromyces	2
SRR14919242	Kouleothrix	1
SRR14919240	Moryella	4
SRR14919236	Sphaerobacter	1
SRR14919245	Dialister	5
SRR14919235	Eubostrichus	1
SRR14919242	Sharpea	1
SRR14919242	Jeongeupia	1
SRR14919239	Johnsonella	5
SRR14919244	Soonwooa	1
SRR14919242	Gallibacterium	3
SRR14919241	Rhizobium	1
SRR14919236	Natranaerobius	1
SRR14919246	Sporohalobacter	1
SRR14919246	Spiroplasma	3
SRR14919241	Verminephrobacter	1
SRR14919243	Klebsiella	39
SRR14919241	Bacteroides	264662
SRR14919238	Desulfovibrio	301
SRR14919244	Polyangium	1
SRR14919244	Acetomicrobium	1
SRR14919239	Faecalibacterium	11076
SRR14919239	Plasticicumulans	2
SRR14919238	Papillibacter	234
SRR14919245	Methylomonas	70
SRR14919243	Borrelia	7
SRR14919235	Alkalibaculum	29
SRR14919241	Coriobacterium	1
SRR14919240	Victivallis	12
SRR14919242	Halobiforma	2
SRR14919236	Thiomicrospira	2
SRR14919243	Luteolibacter	1
SRR14919245	Brachybacterium	1
SRR14919238	Ochrobactrum	10
SRR14919239	Acidaminococcus	403
SRR14919243	Catonella	104
SRR14919241	Cetobacterium	1
SRR14919240	Acetanaerobacterium	169
SRR14919238	Porphyra	1
SRR14919245	Trichococcus	161
SRR14919243	Pseudochlorella	10
SRR14919235	Dasania	1
SRR14919236	Prosthecochloris	1
SRR14919243	Chlorobium	2
SRR14919238	Desulfitobacterium	50
SRR14919239	Holospora	12
SRR14919237	Coprobacter	191
SRR14919236	Halomicroarcula	6
SRR14919237	Mitsuokella	1
SRR14919243	Robinsoniella	7
SRR14919242	Porphyromonas	110
SRR14919237	Stomatobaculum	2
SRR14919242	Fervidobacterium	1
SRR14919238	Virgibacillus	13
SRR14919244	Oscillochloris	5
SRR14919242	Adlercreutzia	6
SRR14919241	Thiomonas	1
SRR14919236	Lactococcus	148
SRR14919235	Lacinutrix	3
SRR14919243	Bryobacter	1
SRR14919244	Simplicispira	13
SRR14919241	Thioploca	1
SRR14919245	Aquiflexum	2
SRR14919237	Vibrio	89
SRR14919236	Turicibacter	82
SRR14919246	Microcoleus	1
SRR14919244	Oenococcus	1
SRR14919239	Thermolithobacter	2
SRR14919246	Parasutterella	1255
SRR14919245	Brenneria	2
SRR14919238	Rhodopseudomonas	36
SRR14919237	Actinomyces	11
SRR14919244	Aureispira	33
SRR14919245	Dietzia	3
SRR14919243	Anaeroglobus	1
SRR14919243	Deinococcus	6
SRR14919237	Blattabacterium	25
SRR14919246	Jeotgalibacillus	1
SRR14919246	Snodgrassella	10
SRR14919244	Anaerococcus	345
SRR14919242	Propionispora	6
SRR14919242	Chondrus	2
SRR14919237	Parvibacter	10
SRR14919245	Methanobrevibacter	143
SRR14919242	Paenisporosarcina	1
SRR14919242	Planktothrix	11
SRR14919237	Blastocatella	1
SRR14919243	Tepidimicrobium	2
SRR14919239	Sitophilus	1
SRR14919242	Enterobacter	21
SRR14919235	Prevotella	360
SRR14919242	Gelidiella	3
SRR14919246	Fibrisoma	1
SRR14919239	Bilophila	224
SRR14919244	Syntrophococcus	12
SRR14919235	Thermoactinomyces	1
SRR14919236	Sebaldella	1
SRR14919243	Mesoplasma	1
SRR14919240	Pannonibacter	1
SRR14919240	Synergistes	1
SRR14919236	Methanofollis	1
SRR14919235	Solobacterium	6
SRR14919245	Methanocorpusculum	1
SRR14919237	Pseudorhodobacter	2
SRR14919235	Modicisalibacter	1
SRR14919235	Salinivibrio	19
SRR14919245	Thermophagus	1
SRR14919242	Vagococcus	1
SRR14919239	Eggerthella	2
SRR14919238	Olivibacter	36
SRR14919237	Burkholderia	11
SRR14919245	Pectobacterium	8
SRR14919237	Oligosphaera	1
SRR14919246	Halobaculum	2
SRR14919242	Roseburia	2937
SRR14919239	Wautersiella	2
SRR14919235	Leptonema	1
SRR14919237	Escherichia/Shigella	14
SRR14919237	Thiobacillus	1
SRR14919236	Sarcina	1
SRR14919241	Nocardioides	3
SRR14919239	Photorhabdus	1
SRR14919242	Caldithrix	1
SRR14919241	Marinobacter	3
SRR14919239	Haloplasma	1
SRR14919235	Pasteuria	1
SRR14919237	Aeromonas	38
SRR14919238	Hyphomicrobium	1
SRR14919241	Halocella	1
SRR14919246	Butyrivibrio	211
SRR14919235	Flammeovirga	1
SRR14919245	Mogibacterium	8
SRR14919241	Dichelobacter	1
SRR14919239	Sneathia	2
SRR14919244	Rubritalea	2
SRR14919243	Tunicatimonas	1
SRR14919236	Thermogladius	174
SRR14919235	Desulfurobacterium	3
SRR14919242	Jasminum	1
SRR14919240	Stella	1
SRR14919239	Pseudoalteromonas	47
SRR14919242	Alkalibacter	23
SRR14919237	Roseomonas	2
SRR14919235	Anaerofilum	100
SRR14919242	Lamprocystis	1
SRR14919242	Lishizhenia	2
SRR14919241	Rubrobacter	1
SRR14919238	Dolichospermum	6
SRR14919241	Helicobacter	275
SRR14919243	Winogradskyella	56
SRR14919239	Vagococcus	1
SRR14919236	Desulfothermus	1
SRR14919244	Methanomassiliicoccus	1
SRR14919238	Nereida	1
SRR14919242	Haloplasma	3
SRR14919241	Kocuria	5
SRR14919237	Oribacterium	48
SRR14919244	Mangroviflexus	3
SRR14919243	Codium	10
SRR14919240	Stenoxybacter	1
SRR14919235	Thermodesulfatator	3
SRR14919240	Aureibacter	3
SRR14919244	Hespellia	182
SRR14919235	Geobacter	1
SRR14919246	Thermogymnomonas	153
SRR14919240	Aggregatibacter	21
SRR14919244	Brevundimonas	2
SRR14919245	Xylanibacter	3
SRR14919237	Akkermansia	8
SRR14919242	Variovorax	1
SRR14919242	Methanolobus	51
SRR14919236	Lactobacillus	737
SRR14919236	Filifactor	10
SRR14919241	Niabella	1
SRR14919244	Fangia	2
SRR14919240	Roseomonas	2
SRR14919239	Natranaerovirga	73
SRR14919244	Dethiosulfatibacter	1
SRR14919236	Enterococcus	519
SRR14919238	Woodsholea	2
SRR14919242	Denitrobacterium	113
SRR14919245	Nitrosomonas	2
SRR14919235	Armatimonas	10
SRR14919242	Cerasicoccus	1
SRR14919237	Caedibacter	26
SRR14919235	Algicola	2
SRR14919236	Anaerofustis	6
SRR14919240	Gracilibacter	34
SRR14919245	Nostoc	4
SRR14919246	Petrimonas	8
SRR14919241	Flavisolibacter	3
SRR14919239	Elusimicrobium	1
SRR14919238	Catabacter	9
SRR14919236	Bradyrhizobium	424
SRR14919235	Strombomonas	1
SRR14919246	Fructobacillus	1
SRR14919246	Cesiribacter	1
SRR14919246	Sphingomonas	168
SRR14919236	Thioalkalibacter	1
SRR14919238	Rummeliibacillus	4
SRR14919244	Rhodothermus	1
SRR14919242	Anaerosalibacter	6
SRR14919237	Lutibacter	1
SRR14919245	Mariniflexile	1
SRR14919245	Saccharibacillus	1
SRR14919238	Lysinibacillus	56
SRR14919235	Caloramator	20
SRR14919238	Ferrovum	10
SRR14919245	Aquabacterium	1
SRR14919243	Barnesiella	1808
SRR14919235	Thermoanaerobacter	4
SRR14919237	Rhodobacter	2
SRR14919245	Neisseria	73
SRR14919244	Actinoalloteichus	1
SRR14919243	Cryomorpha	1
SRR14919241	Woodsholea	2
SRR14919236	Alysiella	1
SRR14919235	Paenibacillus	259
SRR14919241	Granulosicoccus	2
SRR14919243	Pseudobutyrivibrio	26
SRR14919245	Cyanoptyche	32
SRR14919240	Yersinia	2
SRR14919240	Methanococcus	2
SRR14919242	Alkaliphilus	7045
SRR14919244	Haloglycomyces	2
SRR14919243	Corynebacterium	19
SRR14919243	Gallibacterium	1
SRR14919236	Weissella	30
SRR14919243	Ornithobacterium	2
SRR14919240	Roseibacterium	1
SRR14919239	Scherffelia	2
SRR14919246	Tepidanaerobacter	2
SRR14919244	Yaniella	1
SRR14919239	Marivirga	1
SRR14919237	Eutreptia	92
SRR14919244	Acidicapsa	1
SRR14919246	Ignisphaera	1
SRR14919242	Thalassobaculum	1
SRR14919237	Gelria	2
SRR14919238	Abiotrophia	5
SRR14919242	Spirochaeta	4
SRR14919241	Desulfobacter	2
SRR14919242	Magnetococcus	1
SRR14919235	Haliscomenobacter	1
SRR14919237	Arthrobacter	6
SRR14919243	Kinetoplastibacterium	14
SRR14919240	Sulfobacillus	18
SRR14919245	Moryella	1
SRR14919244	Christensenella	37
SRR14919244	Spirulina	5
SRR14919244	Filomicrobium	1
SRR14919244	Facklamia	2
SRR14919245	Mesostigma	1
SRR14919242	Thioalkalivibrio	53
SRR14919238	Ohtaekwangia	3
SRR14919243	Fusobacterium	2
SRR14919238	Thermotalea	37
SRR14919241	Sphaerochaeta	1
SRR14919235	Antarctobacter	4
SRR14919240	Aliifodinibius	4
SRR14919236	Pirellula	1
SRR14919242	Hellea	1
SRR14919242	Euzebya	4
SRR14919238	Hymenobacter	3
SRR14919239	Parasegetibacter	1
SRR14919246	Malawimonas	2
SRR14919240	Natronorubrum	10
SRR14919245	Desulfobacula	1
SRR14919238	Proteocatella	4
SRR14919245	Oscillochloris	5
SRR14919242	Mycobacterium	23
SRR14919236	Arcanobacterium	1
SRR14919235	Lachnoanaerobaculum	6
SRR14919239	Fervidicoccus	1
SRR14919243	Gemella	112
SRR14919242	Nitrospina	1
SRR14919238	Phocaeicola	2
SRR14919236	Marinimicrobium	2
SRR14919238	Coprobacillus	4
SRR14919238	Cenarchaeum	159
SRR14919238	Paludibacter	1
SRR14919243	Tindallia	1
SRR14919245	Thermoplasma	1
SRR14919243	Acidaminobacter	69
SRR14919237	Pterocladiella	1
SRR14919243	Anaerostipes	856
SRR14919243	Sphingobium	2
SRR14919238	Thermincola	4
SRR14919246	Ferroplasma	55
SRR14919241	Thermogymnomonas	256
SRR14919239	Desemzia	1
SRR14919237	Natranaerobius	1
SRR14919242	Halolamina	1
SRR14919242	Zavarzinella	6
SRR14919243	Atopobium	24
SRR14919236	Lutispora	19
SRR14919243	Weeksella	1
SRR14919241	Altererythrobacter	25
SRR14919239	Solitalea	4
SRR14919243	Methanosaeta	3
SRR14919244	Balneola	1
SRR14919245	Alkalibaculum	1
SRR14919239	Pseudoramibacter	1
SRR14919242	Coriobacterium	1
SRR14919241	Anaplasma	3
SRR14919239	Ornatilinea	1
SRR14919246	Moorella	1
SRR14919243	Thermodesulforhabdus	1
SRR14919239	Citreicella	1
SRR14919245	Caldalkalibacillus	1
SRR14919243	Fontibacter	56
SRR14919241	Methylosinus	1
SRR14919239	Nitrospina	1
SRR14919246	Oceanimonas	1
SRR14919244	Chrysodidymus	99
SRR14919236	Geminocystis	6
SRR14919242	Halanaerobacter	1
SRR14919245	Solobacterium	147
SRR14919244	Campylobacter	39
SRR14919243	Terribacillus	2
SRR14919246	Legionella	7
SRR14919237	Hassallia	2
SRR14919242	Propionibacterium	2
SRR14919235	Psychrobacter	3
SRR14919243	Geotoga	2
SRR14919239	Methylomicrobium	1
SRR14919240	Desulfomicrobium	3
SRR14919245	Saccharospirillum	1
SRR14919242	Pseudoclavibacter	1
SRR14919240	Saccharibacillus	4
SRR14919240	Anaerobiospirillum	23
SRR14919238	Chitinophaga	2
SRR14919246	Pectobacterium	3
SRR14919237	Finegoldia	1
SRR14919238	Sulfurospirillum	3
SRR14919238	Stomatobaculum	2
SRR14919245	Proteus	17
SRR14919242	Algoriphagus	11
SRR14919242	Halomicrobium	2
SRR14919240	Brasilonema	3
SRR14919246	Calothrix	2
SRR14919243	Melghirimyces	1
SRR14919238	Vallitalea	23
SRR14919236	Edwardsiella	1
SRR14919241	Trachelium	57
SRR14919246	Thermogladius	99
SRR14919235	Pediococcus	236
SRR14919235	Chloroidium	2
SRR14919235	Brassicibacter	1
SRR14919236	Spongiispira	1
SRR14919242	Thiocystis	1
SRR14919238	Aerococcus	5
SRR14919243	Tannerella	14
SRR14919241	Victivallis	2
SRR14919239	Emticicia	4
SRR14919243	Thiomargarita	268
SRR14919239	Phascolarctobacterium	893
SRR14919237	Terriglobus	2
SRR14919235	Coxiella	2
SRR14919246	Dysgonomonas	142
SRR14919240	Pelosinus	1
SRR14919240	Heliobacterium	3
SRR14919246	Pseudochlorella	4
SRR14919242	Hydrogenophilus	1
SRR14919241	Alcanivorax	3
SRR14919236	Dinophysis	1
SRR14919245	Halopelagius	1
SRR14919241	Methanocalculus	19
SRR14919240	Brachyspira	1
SRR14919239	Pseudobutyrivibrio	44
SRR14919236	Kushneria	32
SRR14919238	Coprobacter	106
SRR14919235	Salinibacillus	1
SRR14919244	Trachelomonas	2
SRR14919237	Gordonibacter	13
SRR14919235	Metabacterium	2
SRR14919246	Lactobacillus	427
SRR14919238	Trachelium	62
SRR14919235	Nonomuraea	2
SRR14919241	Aerococcus	2
SRR14919244	Euglenaria	6
SRR14919242	Vampirovibrio	2
SRR14919242	Acidaminococcus	1203
SRR14919239	Thiocystis	3
SRR14919237	Pelotomaculum	4
SRR14919237	Lactococcus	81
SRR14919240	Peptoniphilus	150
SRR14919245	Lacinutrix	4
SRR14919238	Rhodovulum	2
SRR14919237	Halotalea	1
SRR14919241	Terrahaemophilus	1
SRR14919243	Calochaete	29
SRR14919242	Wolbachia	1
SRR14919241	Anaerovibrio	1
SRR14919240	Desulfohalobium	1
SRR14919236	Caldanaerobacter	1
SRR14919244	Acidobacterium	1
SRR14919242	Silvimonas	1
SRR14919244	Caldicellulosiruptor	11
SRR14919243	Megamonas	26
SRR14919241	Chondromyces	2
SRR14919239	Phacus	1
SRR14919246	Cellulosilyticum	760
SRR14919244	Deinococcus	3
SRR14919241	Streptococcus	547
SRR14919239	Hyphomicrobium	1
SRR14919235	Providencia	2
SRR14919241	Arcicella	106
SRR14919236	Aeribacillus	1
SRR14919240	Thermosediminibacter	1
SRR14919246	Oenothera	1
SRR14919246	Ruminococcus	862
SRR14919235	Flexibacter	5
SRR14919238	Parvibacter	2
SRR14919237	Thauera	1
SRR14919243	Marinilabilia	2
SRR14919242	Bacteroides	87323
SRR14919246	Tepidimicrobium	1
SRR14919240	Cryptoglena	1
SRR14919235	Haloarcula	4
SRR14919243	Desulfitobacterium	43
SRR14919239	Haloplanus	1
SRR14919245	Prevotella	39932
SRR14919245	Paenibacillus	236
SRR14919246	Polynucleobacter	1
SRR14919242	Planobacterium	1
SRR14919240	Eggerthia	3
SRR14919240	Kribbella	1
SRR14919244	Pseudanabaena	6
SRR14919238	Dendrosporobacter	2
SRR14919241	Alistipes	60
SRR14919238	Oxobacter	8
SRR14919237	Nanoarchaeum	1
SRR14919241	Lewinella	14
SRR14919238	Nitritalea	1
SRR14919239	Dolichospermum	7
SRR14919236	Methanohalophilus	2
SRR14919236	Bizionia	1
SRR14919245	Eudoraea	1
SRR14919245	Haloglycomyces	1
SRR14919240	Blattabacterium	51
SRR14919238	Haloferax	129
SRR14919246	Amphora	1
SRR14919244	Gallibacterium	1
SRR14919241	Roseibacterium	1
SRR14919238	Planctomyces	2
SRR14919236	Halonotius	1
SRR14919243	Blautia	5990
SRR14919235	Nitrosococcus	3
SRR14919243	Rhodonellum	1
SRR14919237	Cryptanaerobacter	1
SRR14919238	Mitsuokella	8
SRR14919239	Olivibacter	35
SRR14919244	Natronincola	1
SRR14919246	Leptotrichia	2
SRR14919242	Haloplanus	1
SRR14919235	Gemella	132
SRR14919244	Carica	1
SRR14919237	Altererythrobacter	26
SRR14919242	Laceyella	7
SRR14919242	Prolixibacter	2
SRR14919242	Thermolithobacter	43
SRR14919237	Halorubellus	1
SRR14919243	Selenihalanaerobacter	2
SRR14919237	Vulcanibacillus	4
SRR14919246	Negativicoccus	3
SRR14919240	Codium	10
SRR14919236	Acinetobacter	195
SRR14919244	Fusicatenibacter	217
SRR14919246	Dolosicoccus	1
SRR14919244	Rhodovarius	2
SRR14919245	Desmonostoc	2
SRR14919238	Actinomyces	28
SRR14919236	Antarctobacter	12
SRR14919241	Aliifodinibius	5
SRR14919237	Bradyrhizobium	202
SRR14919238	Sphingobacterium	136
SRR14919244	Bdellovibrio	1
SRR14919236	Anaerofilum	43
SRR14919235	Roseateles	1
SRR14919239	Butyricimonas	164
SRR14919246	Winogradskyella	54
SRR14919246	Oscillospira	2321
SRR14919239	Haloquadratum	1
SRR14919243	Lishizhenia	1
SRR14919242	Rubrobacter	2
SRR14919235	Acetanaerobacterium	6
SRR14919241	Fangia	1
SRR14919239	Lysinibacillus	63
SRR14919244	Ruminofilibacter	2
SRR14919240	Hydrogenivirga	1
SRR14919238	Anaeroglobus	4
SRR14919239	Anaerococcus	385
SRR14919245	Natronoanaerobium	3
SRR14919243	Paracoccus	3
SRR14919240	Lachnospira	1404
SRR14919236	Anaerobiospirillum	45
SRR14919244	Acidithiobacillus	5
SRR14919240	Sporocytophaga	37
SRR14919244	Alteromonas	3
SRR14919243	Aggregatibacter	1
SRR14919242	Pylaiella	2
SRR14919241	Aureibacter	3
SRR14919236	Robiginitomaculum	1
SRR14919243	Desulfurella	1
SRR14919242	Garciella	12
SRR14919237	Planktothrix	3
SRR14919237	Enterobacter	15
SRR14919244	Hydrogenoanaerobacterium	10
SRR14919242	Nostoc	2
SRR14919238	Akkermansia	78
SRR14919238	Pigmentiphaga	1
SRR14919235	Geotoga	3
SRR14919241	Syntrophus	2
SRR14919246	Filifactor	8
SRR14919242	Mesorhizobium	1
SRR14919246	Erwinia	2
SRR14919239	Parvimonas	6
SRR14919236	Mariprofundus	1
SRR14919246	Orientia	1
SRR14919239	Atopostipes	1
SRR14919245	Desulfococcus	1
SRR14919243	Anaerotruncus	440
SRR14919237	Achromobacter	1
SRR14919244	Moraxella	1
SRR14919243	Halobacillus	3
SRR14919240	Desulfurobacterium	1
SRR14919237	Telmatospirillum	1
SRR14919240	Polaribacter	1
SRR14919235	Halogranum	1
SRR14919237	Proteus	11
SRR14919236	Armatimonas	16
SRR14919240	Pedobacter	14
SRR14919242	Fodinibacter	1
SRR14919240	Jeotgalicoccus	1
SRR14919238	Caedibacter	46
SRR14919239	Globicatella	1
SRR14919239	Phormidium	10
SRR14919238	Herminiimonas	4
SRR14919244	Scardovia	1
SRR14919237	Bifidobacterium	326
SRR14919240	Thermobacillus	1
SRR14919244	Trichormus	1
SRR14919242	Natranaerovirga	89
SRR14919241	Cellulosilyticum	2
SRR14919241	Brevibacillus	11
SRR14919236	Huperzia	1
SRR14919236	Nocardioides	6
SRR14919242	Atopobacter	1
SRR14919236	Caloramator	35
SRR14919236	Marinobacter	3
SRR14919242	Oceanibacterium	1
SRR14919236	Methanococcoides	35
SRR14919242	Parvimonas	4
SRR14919240	Salinibacter	1
SRR14919238	Rhodobacter	2
SRR14919242	Desulfotalea	367
SRR14919244	Granulosicoccus	3
SRR14919239	Stomatobaculum	4
SRR14919239	Herbaspirillum	1
SRR14919246	Cyanoptyche	33
SRR14919241	Tropheryma	1
SRR14919246	Corynebacterium	19
SRR14919239	Caldicoprobacter	7
SRR14919246	Sediminitomix	1
SRR14919246	Oscillochloris	1
SRR14919242	Tepidibacter	3
SRR14919241	Aminobacterium	1
SRR14919241	Polynucleobacter	1
SRR14919236	Subtercola	1
SRR14919242	Phormidium	12
SRR14919237	Pedobacter	4
SRR14919240	Photorhabdus	2
SRR14919239	Ralstonia	3
SRR14919242	Kistimonas	1
SRR14919243	Acetatifactor	10
SRR14919246	Thiocapsa	1
SRR14919236	Helicobacter	398
SRR14919241	Sutterella	2
SRR14919236	Brassicibacter	2
SRR14919240	Parachlamydia	1
SRR14919240	Pseudorhodobacter	1
SRR14919243	Spirochaeta	2
SRR14919240	Marvinbryantia	84
SRR14919241	Corallococcus	1
SRR14919237	Trigonala	1
SRR14919236	Dethiobacter	1
SRR14919243	Azospirillum	2
SRR14919240	Oxalophagus	3
SRR14919239	Desulfitobacterium	52
SRR14919237	Methanolobus	37
SRR14919242	Nitrospira	3
SRR14919242	Agromyces	6
SRR14919246	Dialister	1937
SRR14919244	Roseovarius	1
SRR14919243	Planomonospora	1
SRR14919241	Thiothrix	1
SRR14919240	Marinifilum	1
SRR14919240	Algicola	1
SRR14919242	Fluviimonas	7
SRR14919241	Adhaeribacter	38
SRR14919236	Arcobacter	2
SRR14919244	Methylobacterium	30
SRR14919236	Halochromatium	2
SRR14919238	Sutterella	288
SRR14919237	Desulfobacterium	1
SRR14919242	Pseudoalteromonas	48
SRR14919239	Arcanobacterium	1
SRR14919244	Erythrobacter	1
SRR14919236	Colwellia	2
SRR14919245	Psychrobacter	7
SRR14919240	Thermodesulfatator	1
SRR14919239	Kyrpidia	1
SRR14919236	Halarsenatibacter	1
SRR14919244	Barnesiella	6714
SRR14919239	Phocaeicola	4
SRR14919237	Desulfonatronobacter	1
SRR14919239	Rhodothermus	3
SRR14919239	Cenarchaeum	218
SRR14919246	Mahella	1
SRR14919243	Ferrovum	6
SRR14919236	Chromatium	1
SRR14919244	Anaeroplasma	9
SRR14919246	Acidaminobacter	12
SRR14919244	Epilithonimonas	1
SRR14919239	Nitrospira	1
SRR14919235	Acidianus	3
SRR14919244	Catonella	5
SRR14919235	Holdemania	127
SRR14919239	Dethiosulfatibacter	2
SRR14919239	Thermincola	2
SRR14919238	Defluviitalea	16
SRR14919235	Blautia	114556
SRR14919240	Leisingera	1
SRR14919239	Sinobacter	1
SRR14919245	Planococcus	1
SRR14919237	Alkaliphilus	36
SRR14919243	Caloranaerobacter	2
SRR14919244	Cloacibacillus	18
SRR14919244	Actinomadura	7
SRR14919242	Neoptilota	1
SRR14919244	Halorubrum	39
SRR14919239	Abiotrophia	6
SRR14919240	Maricaulis	6
SRR14919240	Ammoniphilus	1
SRR14919244	Proteiniclasticum	2
SRR14919242	Thiomonas	1
SRR14919237	Dehalobacterium	1
SRR14919245	Xylella	112
SRR14919244	Fontibacter	79
SRR14919241	Heliobacterium	1
SRR14919240	Desulfurispirillum	1
SRR14919235	Thermanaeromonas	1
SRR14919236	Sporomusa	42
SRR14919246	Mangroviflexus	6
SRR14919240	Thermoanaerobacter	4
SRR14919236	Geodermatophilus	1
SRR14919240	Halorhabdus	1
SRR14919238	Chlamydomonas	1
SRR14919245	Nitrosococcus	2
SRR14919242	Sufflavibacter	2
SRR14919239	Thermotalea	34
SRR14919236	Salinibacillus	1
SRR14919246	Escherichia/Shigella	27
SRR14919243	Ureaplasma	8
SRR14919246	Salinimonas	1
SRR14919244	Kouleothrix	1
SRR14919244	Aneurinibacillus	1
SRR14919241	Snodgrassella	8
SRR14919235	Thiohalospira	5
SRR14919242	Rhizobium	2
SRR14919242	Microbulbifer	2
SRR14919241	Prochlorococcus	2
SRR14919241	Brasilonema	1
SRR14919236	Desulfurobacterium	1
SRR14919246	Haladaptatus	7
SRR14919239	Adlercreutzia	1
SRR14919244	Exiguobacterium	1
SRR14919239	Marinimicrobium	1
SRR14919237	Maricaulis	2
SRR14919246	Fulvitalea	1
SRR14919238	Limibacter	1
SRR14919246	Acinetobacter	100
SRR14919242	Anoxynatronum	8
SRR14919236	Chloroidium	2
SRR14919246	Centipeda	1
SRR14919238	Erwinia	2
SRR14919245	Desulfonema	1
SRR14919238	Bradyrhizobium	290
SRR14919242	Victivallis	1
SRR14919237	Mucilaginibacter	4
SRR14919246	Marinoscillum	1
SRR14919246	Methanobrevibacter	8
SRR14919235	Gracilaria	6
SRR14919235	Acetobacterium	2
SRR14919238	Terriglobus	1
SRR14919239	Propionispora	1
SRR14919243	Zavarzinia	3
SRR14919241	Eikenella	1
SRR14919240	Shuttleworthia	6
SRR14919238	Anaerostipes	3304
SRR14919239	Coenonia	1
SRR14919237	Aquisalimonas	1
SRR14919241	Spiribacter	2
SRR14919245	Thermoactinomyces	2
SRR14919244	Methanocalculus	20
SRR14919242	Alcanivorax	1
SRR14919241	Sporocytophaga	35
SRR14919242	Stenotrophomonas	26
SRR14919246	Fervidicella	1
SRR14919246	Thermoanaerobacterium	86
SRR14919243	Roseburia	773
SRR14919242	Peptoclostridium	282
SRR14919236	Leptonema	2
SRR14919242	Merismopedia	2
SRR14919235	Oceanirhabdus	2
SRR14919238	Methanosaeta	2
SRR14919235	Acidilobus	8
SRR14919236	Phacus	4
SRR14919245	Vibrio	154
SRR14919245	Gallibacterium	2
SRR14919245	Acidaminococcus	87
SRR14919239	Natranaerobius	1
SRR14919243	Methanomassiliicoccus	1
SRR14919238	Alicyclobacillus	5
SRR14919242	Thioploca	2
SRR14919238	Lactococcus	100
SRR14919235	Desulfotomaculum	58
SRR14919246	Brenneria	3
SRR14919242	Halomicroarcula	2
SRR14919238	Mucispirillum	1
SRR14919239	Porphyromonas	52
SRR14919242	Streptomyces	684
SRR14919240	Brachymonas	4
SRR14919238	Mannheimia	1
SRR14919237	Grammonema	1
SRR14919242	Lactonifactor	24
SRR14919242	Oscillibacter	3426
SRR14919237	Anaerosporobacter	35
SRR14919236	Providencia	3
SRR14919235	Sporolactobacillus	2
SRR14919239	Parvibacter	4
SRR14919236	Flexibacter	4
SRR14919238	Desulfosporosinus	3
SRR14919243	Bacteroides	156630
SRR14919237	Algoriphagus	1
SRR14919245	Haloarcula	4
SRR14919236	Pediococcus	447
SRR14919242	Salimesophilobacter	2
SRR14919242	Microtetraspora	1
SRR14919236	Halobacterium	27
SRR14919243	Oceanicoccus	2
SRR14919235	Methanosphaerula	25
SRR14919237	Antarctobacter	4
SRR14919242	Aliifodinibius	2
SRR14919241	Cyanobacterium	2
SRR14919235	Leptospirillum	2
SRR14919241	Myxococcus	6
SRR14919244	Pelobacter	1
SRR14919243	Blattabacterium	34
SRR14919246	Oscillatoria	51
SRR14919243	Nevskia	1
SRR14919243	Aestuariibacter	1
SRR14919244	Desemzia	1
SRR14919240	Coxiella	2
SRR14919246	Lyngbya	1
SRR14919244	Rickettsiella	1
SRR14919244	Bythopirellula	1
SRR14919241	Brachyspira	3
SRR14919244	Chryseobacterium	19
SRR14919239	Coprobacter	370
SRR14919238	Gracilibacillus	1
SRR14919241	Euglena	12
SRR14919238	Picochlorum	1
SRR14919237	Simkania	1
SRR14919236	Flavitalea	2
SRR14919238	Oceanicola	1
SRR14919242	Methanopyrus	1
SRR14919242	Nubsella	1
SRR14919238	Aeromonas	46
SRR14919238	Methylothermus	1
SRR14919239	Mitsuokella	7
SRR14919241	Marvinbryantia	21
SRR14919242	Parvularcula	2
SRR14919239	Pseudoscillatoria	1
SRR14919236	Syntrophothermus	172
SRR14919245	Nonomuraea	1
SRR14919243	Delftia	1
SRR14919246	Avibacterium	5
SRR14919240	Mogibacterium	41
SRR14919236	Thiohalophilus	1
SRR14919246	Neisseria	50
SRR14919243	Psychromonas	2
SRR14919238	Neptunomonas	1
SRR14919239	Cohnella	2
SRR14919238	Myxococcus	9
SRR14919238	Halococcus	4
SRR14919244	Volucribacter	5
SRR14919244	Coriobacterium	2
SRR14919243	Thalassiosira	39
SRR14919240	Thermosyntropha	3
SRR14919246	Desmonostoc	1
SRR14919245	Acholeplasma	8
SRR14919239	Actinomyces	33
SRR14919237	Oligella	1
SRR14919236	Georgiella	1
SRR14919236	Anaerovibrio	3
SRR14919245	Dickeya	3
SRR14919245	Deinococcus	1
SRR14919241	Thermobacillus	2
SRR14919237	Weissella	7
SRR14919245	Gelria	2
SRR14919237	Anaerofilum	89
SRR14919236	Thermoanaerobacter	2
SRR14919244	Pseudendoclonium	1
SRR14919244	Lishizhenia	1
SRR14919236	Chondromyces	3
SRR14919243	Hydrotalea	2
SRR14919242	Kinetoplastibacterium	27
SRR14919238	Eutreptia	177
SRR14919242	Shinella	1
SRR14919237	Rothia	2
SRR14919245	Hespellia	161
SRR14919243	Methylosarcina	2
SRR14919244	Pseudobutyrivibrio	17
SRR14919241	Lachnospira	39
SRR14919240	Vulcanibacillus	1
SRR14919246	Nitrolancea	2
SRR14919245	Nicoletella	1
SRR14919237	Xylella	66
SRR14919245	Alteromonas	2
SRR14919237	Alkalibacterium	1
SRR14919242	Aureibacter	1
SRR14919235	Cupriavidus	2
SRR14919236	Tenacibaculum	2
SRR14919245	Rudaea	1
SRR14919242	Agrobacterium	190
SRR14919238	Nocardia	2
SRR14919239	Akkermansia	10454
SRR14919235	Simiduia	1
SRR14919246	Halonotius	3
SRR14919243	Asterionella	1
SRR14919245	Algicola	4
SRR14919245	Facklamia	1
SRR14919244	Enterorhabdus	57
SRR14919235	Taylorella	43
SRR14919240	Pseudoflavonifractor	46
SRR14919240	Prototheca	11
SRR14919235	Propionispira	1
SRR14919237	Brassicibacter	3
SRR14919236	Streptacidiphilus	1
SRR14919245	Cloacibacillus	35
SRR14919245	Faecalibacterium	6905
SRR14919237	Armatimonas	5
SRR14919240	Anaerococcus	457
SRR14919235	Tetragenococcus	3
SRR14919240	Brackiella	1
SRR14919239	Caedibacter	43
SRR14919238	Desulfobacter	3
SRR14919242	Frateuria	1
SRR14919235	Thalassomonas	110
SRR14919242	Persicobacter	2
SRR14919242	Heliobacterium	2
SRR14919241	Methylomonas	80
SRR14919240	Fucophilus	1
SRR14919245	Natranaerovirga	72
SRR14919245	Opitutus	1
SRR14919235	Subdoligranulum	102
SRR14919238	Pseudoflavonifractor	42
SRR14919237	Caloramator	155
SRR14919237	Desulfobulbus	2
SRR14919238	Discoplastis	1
SRR14919236	Pectinatus	2
SRR14919237	Gemmiger	638
SRR14919245	Methanocella	164
SRR14919239	Rhodobacter	2
SRR14919237	Gracilibacter	49
SRR14919245	Vulcanisaeta	1
SRR14919241	Trichococcus	165
SRR14919246	Modicisalibacter	1
SRR14919245	Thiohalospira	7
SRR14919238	Vitreoscilla	1
SRR14919237	Prototheca	3
SRR14919237	Natronorubrum	2
SRR14919242	Sulfolobus	1
SRR14919243	Desulfovibrio	281
SRR14919240	Bifidobacterium	78
SRR14919239	Mycobacterium	16
SRR14919244	Ochromonas	5
SRR14919243	Papillibacter	446
SRR14919244	Ureibacillus	3
SRR14919242	Anaplasma	12
SRR14919240	Alkalibaculum	17
SRR14919235	Calothrix	2
SRR14919235	Cyclobacterium	5
SRR14919239	Bradyrhizobium	287
SRR14919244	Spirochaeta	5
SRR14919242	Altererythrobacter	27
SRR14919241	Shuttleworthia	2
SRR14919238	Hassallia	1
SRR14919246	Methanobacterium	2
SRR14919245	Spirulina	2
SRR14919236	Phaeodactylum	1
SRR14919241	Oxalophagus	4
SRR14919243	Coprothermobacter	49
SRR14919238	Idiomarina	3
SRR14919241	Aquitalea	1
SRR14919239	Cycloclasticus	1
SRR14919245	Plasticicumulans	1
SRR14919240	Carnimonas	1
SRR14919236	Algibacter	1
SRR14919246	Caldalkalibacillus	3
SRR14919235	Leuconostoc	153
SRR14919236	Shewanella	7
SRR14919238	Alvinella	1
SRR14919238	Halobacillus	1
SRR14919239	Magnetococcus	1
SRR14919240	Desulfobacula	2
SRR14919243	Fluviimonas	1
SRR14919246	Arcobacter	2
SRR14919244	Chromohalobacter	1
SRR14919243	Roseibacterium	1
SRR14919237	Sulfobacillus	4
SRR14919242	Heliophilum	1
SRR14919241	Anaerobiospirillum	24
SRR14919241	Xylanibacter	1
SRR14919242	Prosthecochloris	1
SRR14919245	Barnesiella	11993
SRR14919242	Sporanaerobacter	1
SRR14919242	Dissulfuribacter	1
SRR14919244	Cardiobacterium	1
SRR14919241	Idiomarina	4
SRR14919235	Nevskia	3
SRR14919245	Coxiella	1
SRR14919242	Alkalitalea	1
SRR14919239	Prosthecobacter	1
SRR14919236	Desulfonatronovibrio	5
SRR14919237	Desulfotalea	177
SRR14919239	Leptospira	67
SRR14919235	Brevibacterium	10
SRR14919236	Ilyobacter	1
SRR14919236	Buchnera	478
SRR14919245	Holdemania	40
SRR14919240	Globicatella	1
SRR14919239	Salimicrobium	1
SRR14919244	Atopobium	2
SRR14919237	Lutispora	32
SRR14919239	Halothiobacillus	1
SRR14919237	Carnimonas	1
SRR14919238	Actinoalloteichus	1
SRR14919242	Blastocatella	1
SRR14919245	Thioalkalispira	1
SRR14919235	Cellulomonas	1
SRR14919242	Arcanobacterium	3
SRR14919237	Kushneria	15
SRR14919244	Haloferula	1
SRR14919246	Halobacterium	14
SRR14919239	Ruegeria	100
SRR14919238	Antarctobacter	10
SRR14919243	Aliifodinibius	3
SRR14919244	Rhodopseudomonas	18
SRR14919242	Butyrivibrio	1248
SRR14919236	Leptospirillum	5
SRR14919236	Acetobacterium	7
SRR14919236	Caldanaerobius	2
SRR14919240	Solobacterium	8
SRR14919240	Faecalibacterium	22962
SRR14919245	Pseudaminobacter	1
SRR14919243	Mycoplasma	223
SRR14919242	Leptospira	73
SRR14919236	Parabacteroides	1018
SRR14919246	Phytophthora	31
SRR14919245	Bythopirellula	1
SRR14919242	Thermus	2
SRR14919246	Salinicoccus	4
SRR14919242	Sporocytophaga	43
SRR14919238	Azospirillum	4
SRR14919236	Ferruginibacter	2
SRR14919246	Citrobacter	1
SRR14919246	Neosiphonia	1
SRR14919241	Halorhabdus	2
SRR14919235	Myroides	2
SRR14919245	Oceanirhabdus	5
SRR14919242	Exilispira	1
SRR14919235	Sinorhizobium	5
SRR14919243	Virgibacillus	9
SRR14919240	Halomonas	15
SRR14919242	Allofustis	1
SRR14919238	Altererythrobacter	39
SRR14919238	Phascolarctobacterium	821
SRR14919245	Kouleothrix	2
SRR14919242	Arcicella	124
SRR14919243	Tumebacillus	3
SRR14919243	Lysobacter	34
SRR14919242	Caminibacter	1
SRR14919235	Heliorestis	1
SRR14919240	Dehalobacterium	2
SRR14919237	Thiohalophilus	1
SRR14919241	Thermogladius	134
SRR14919237	Hyphomonas	1
SRR14919241	Modicisalibacter	1
SRR14919235	Sulfurihydrogenibium	2
SRR14919237	Peptoniphilus	72
SRR14919236	Desulfotignum	1
SRR14919239	Microaerobacter	1
SRR14919239	Paucimonas	1
SRR14919242	Alistipes	77621
SRR14919235	Listeria	3
SRR14919237	Planifilum	1
SRR14919246	Desulfonema	2
SRR14919245	Howardella	3
SRR14919235	Francisella	45
SRR14919246	Palleronia	1
SRR14919245	Sphingobium	2
SRR14919239	Anaeroplasma	9
SRR14919245	Gracilaria	2
SRR14919242	Thermobacillus	1
SRR14919244	Desulfitobacterium	37
SRR14919242	Vibrio	175
SRR14919237	Anaerobiospirillum	20
SRR14919239	Runella	1
SRR14919246	Planococcus	1
SRR14919244	Sulfurimonas	1
SRR14919244	Indibacter	2
SRR14919236	Cylindrospermopsis	1
SRR14919243	Alcanivorax	1
SRR14919241	Methanobacterium	3
SRR14919246	Methanohalophilus	1
SRR14919242	Cesiribacter	1
SRR14919242	Sphingomonas	288
SRR14919240	Hyphomonas	2
SRR14919240	Pseudaminobacter	2
SRR14919241	Lactobacillus	411
SRR14919240	Rhodothermus	5
SRR14919239	Anabaena	6
SRR14919239	Actinomadura	7
SRR14919245	Acidilobus	14
SRR14919245	Fontibacter	67
SRR14919243	Laceyella	3
SRR14919243	Aminobacterium	1
SRR14919238	Chloroherpeton	1
SRR14919236	Roseibacillus	1
SRR14919243	Wolbachia	2
SRR14919242	Glaciecola	1
SRR14919240	Sorangium	2
SRR14919239	Thermogymnomonas	266
SRR14919239	Lactococcus	104
SRR14919238	Brassicibacter	8
SRR14919237	Dickeya	3
SRR14919240	Desulfofaba	4
SRR14919236	Desulfopila	1
SRR14919245	Halomicroarcula	1
SRR14919244	Megamonas	3
SRR14919244	Gracilimonas	1
SRR14919240	Thermodesulfobacterium	2
SRR14919239	Methylothermus	1
SRR14919242	Marvinbryantia	52
SRR14919235	Desulfosalsimonas	2
SRR14919236	Nitrosospira	1
SRR14919235	Denitrobacterium	1
SRR14919246	Natronoflexus	1
SRR14919240	Laribacter	8
SRR14919241	Brachymonas	1
SRR14919239	Vampirovibrio	2
SRR14919242	Leptolyngbya	1
SRR14919237	Flexibacter	3
SRR14919244	Bacteroides	65867
SRR14919240	Paenibacillus	398
SRR14919242	Meniscus	2
SRR14919243	Garciella	9
SRR14919237	Pediococcus	200
SRR14919239	Oxobacter	17
SRR14919241	Criblamydia	3
SRR14919236	Natronococcus	3
SRR14919242	Lewinella	25
SRR14919240	Aciduliprofundum	1
SRR14919244	Succinivibrio	1
SRR14919239	Haloferax	108
SRR14919238	Melioribacter	2
SRR14919238	Saccharibacillus	1
SRR14919246	Blattabacterium	35
SRR14919245	Filimonas	1
SRR14919239	Terriglobus	2
SRR14919238	Streptococcus	163
SRR14919245	Spirosoma	1
SRR14919242	Thioalkalibacter	1
SRR14919240	Cobetia	10
SRR14919246	Aestuariibacter	1
SRR14919240	Desulfococcus	1
SRR14919242	Spiribacter	2
SRR14919243	Nitrosovibrio	1
SRR14919239	Serratia	4
SRR14919242	Brachyspira	6
SRR14919237	Laribacter	2
SRR14919240	Treponema	234
SRR14919235	Moritella	1
SRR14919246	Tenacibaculum	1
SRR14919243	Synechococcus	1
SRR14919240	Ethanoligenens	9
SRR14919245	Reclinomonas	57
SRR14919236	Ornithobacterium	1
SRR14919245	Pantoea	1
SRR14919242	Shuttleworthia	7
SRR14919242	Gelria	3
SRR14919241	Thermoplasma	1
SRR14919236	Bacillus	1841
SRR14919238	Glycomyces	3
SRR14919244	Rudanella	1
SRR14919238	Rickettsia	1
SRR14919237	Salimesophilobacter	2
SRR14919243	Methanomethylovorans	1
SRR14919243	Eubostrichus	2
SRR14919244	Alkaliflexus	1
SRR14919240	Anaerosporobacter	105
SRR14919245	Thalassomonas	112
SRR14919245	Oceanrickettsia	1
SRR14919242	Eremococcus	1
SRR14919241	Desulfosporosinus	3
SRR14919236	Empedobacter	1
SRR14919236	Propionibacterium	3
SRR14919243	Chloroflexus	4
SRR14919243	Proteocatella	1
SRR14919245	Deferribacter	2
SRR14919245	Methanogenium	1
SRR14919241	Chitinimonas	1
SRR14919246	Deinococcus	1
SRR14919245	Carboxydothermus	1
SRR14919243	Coprobacillus	3
SRR14919237	Streptomyces	375
SRR14919243	Pylaiella	4
SRR14919235	Blastopirellula	1
SRR14919245	Natrinema	1
SRR14919244	Beijerinckia	84
SRR14919243	Vulcanibacillus	4
SRR14919241	Glycomyces	2
SRR14919240	Pleurocapsa	3
SRR14919243	Azovibrio	1
SRR14919238	Bryopsis	62
SRR14919246	Alteromonas	1
SRR14919243	Aureibacter	2
SRR14919241	Rickettsia	1
SRR14919235	Anaerosalibacter	1
SRR14919236	Cupriavidus	2
SRR14919235	Selenomonas	89
SRR14919237	Fuchsiella	2
SRR14919241	Fusibacter	1
SRR14919240	Tissierella	5
SRR14919245	Parasegetibacter	1
SRR14919243	Lachnoanaerobaculum	7
SRR14919241	Olsenella	3
SRR14919235	Thermobrachium	1
SRR14919238	Oceanicoccus	1
SRR14919245	Moraxella	2
SRR14919241	Zymophilus	14
SRR14919243	Pseudoxanthomonas	1
SRR14919245	Taylorella	46
SRR14919242	Bulleidia	1
SRR14919237	Desulfitibacter	1
SRR14919238	Tetragenococcus	3
SRR14919238	Armatimonas	10
SRR14919244	Skermania	1
SRR14919239	Antarctobacter	8
SRR14919236	Cyclobacterium	2
SRR14919245	Halosimplex	1
SRR14919242	Simkania	2
SRR14919238	Corallococcus	3
SRR14919237	Acetobacterium	1
SRR14919245	Sharpea	1
SRR14919235	Solibacillus	1
SRR14919239	Klebsiella	49
SRR14919240	Sporolactobacillus	1
SRR14919235	Legionella	14
SRR14919240	Psychrobacter	5
SRR14919237	Parvularcula	1
SRR14919243	Hydrogenivirga	2
SRR14919238	Subdoligranulum	227
SRR14919243	Sporocytophaga	30
SRR14919238	Fusibacter	3
SRR14919238	Caloramator	50
SRR14919245	Pseudoramibacter	2
SRR14919243	Thermosyntropha	1
SRR14919242	Dysgonomonas	179
SRR14919238	Psychromonas	3
SRR14919236	Roseivivax	1
SRR14919238	Halolactibacillus	1
SRR14919235	Dialister	16952
SRR14919238	Adhaeribacter	26
SRR14919236	Auritidibacter	1
SRR14919245	Tranquillimonas	1
SRR14919242	Oligella	4
SRR14919241	Halopelagius	2
SRR14919238	Anaerofilum	190
SRR14919243	Bifidobacterium	1052
SRR14919244	Roseibacterium	1
SRR14919245	Lishizhenia	1
SRR14919238	Brevibacillus	26
SRR14919245	Terrimonas	2
SRR14919242	Klebsiella	55
SRR14919240	Desulfocella	1
SRR14919236	Pontibacter	4
SRR14919242	Lachnospira	263
SRR14919246	Ochrobactrum	4
SRR14919238	Trigonala	3
SRR14919238	Aristoptilon	1
SRR14919239	Cobetia	9
SRR14919236	Brevibacterium	8
SRR14919235	Centipeda	1
SRR14919235	Sideroxydans	1
SRR14919235	Peptococcus	1
SRR14919235	Amphibacillus	1
SRR14919237	Sporomusa	20
SRR14919237	Alloiococcus	1
SRR14919238	Acidithiobacillus	2
SRR14919244	Mobiluncus	1
SRR14919243	Nocardia	3
SRR14919241	Galbibacter	1
SRR14919245	Slackia	4
SRR14919243	Agromyces	2
SRR14919242	Dolosicoccus	1
SRR14919242	Oxalophagus	3
SRR14919242	Thiothrix	4
SRR14919240	Anaerobacillus	4
SRR14919236	Oleiphilus	1
SRR14919237	Parachlamydia	1
SRR14919235	Cronobacter	1
SRR14919238	Asterionella	1
SRR14919236	Leuconostoc	274
SRR14919246	Shewanella	5
SRR14919242	Gordonibacter	28
SRR14919243	Rhizobium	3
SRR14919242	Ruminococcus	18847
SRR14919237	Leptospirillum	4
SRR14919237	Caldanaerobius	1
SRR14919241	Thermoanaerobacter	1
SRR14919241	Olavius	2
SRR14919235	Anaerorhabdus	32
SRR14919235	Anaerococcus	344
SRR14919242	Pelotomaculum	5
SRR14919240	Rhodanobacter	2
SRR14919246	Roseibacillus	1
SRR14919246	Youngiibacter	9
SRR14919244	Fischerella	1
SRR14919244	Turicibacter	15
SRR14919240	Anaerovorax	4
SRR14919244	Atopobacter	1
SRR14919236	Thalassobius	1
SRR14919236	Methylomonas	119
SRR14919246	Pectinatus	1
SRR14919246	Barnesiella	5502
SRR14919239	Mesoplasma	4
SRR14919236	Acidianus	2
SRR14919245	Catonella	1
SRR14919245	Sinorhizobium	2
SRR14919243	Archaeoglobus	1
SRR14919243	Oenococcus	1
SRR14919243	Marvinbryantia	31
SRR14919242	Gemmiger	3788
SRR14919236	Thermolithobacter	1
SRR14919240	Cytophaga	47
SRR14919236	Pseudoscardovia	1
SRR14919235	Brenneria	3
SRR14919243	Alkalitalea	1
SRR14919243	Aureispira	35
SRR14919240	Methylomicrobium	4
SRR14919241	Anaerosinus	9
SRR14919239	Chlorobium	2
SRR14919238	Thiohalophilus	1
SRR14919236	Trichococcus	229
SRR14919240	Asaccharobacter	1
SRR14919245	Arcanobacterium	1
SRR14919246	Desulfotignum	2
SRR14919240	Parasegetibacter	2
SRR14919240	Enhygromyxa	28
SRR14919244	Phacus	2
SRR14919242	Leptotrichia	1
SRR14919239	Cellulosilyticum	274
SRR14919239	Anoxynatronum	2
SRR14919246	Lentisphaera	1
SRR14919242	Caldanaerobacter	1
SRR14919237	Pantoea	2
SRR14919239	Ureibacillus	8
SRR14919235	Luteolibacter	2
SRR14919236	Escherichia/Shigella	73
SRR14919238	Caldithrix	1
SRR14919245	Spirochaeta	7
SRR14919245	Leifsonia	1
SRR14919238	Pyrolobus	1
SRR14919243	Thermobacillus	2
SRR14919242	Mesoplasma	8
SRR14919239	Natronoanaerobium	8
SRR14919244	Enterococcus	290
SRR14919244	Sphingobacterium	123
SRR14919243	Salinivibrio	13
SRR14919243	Thioploca	1
SRR14919239	Cyanidium	2
SRR14919239	Parabacteroides	3245
SRR14919240	Coprococcus	829
SRR14919245	Burkholderia	19
SRR14919239	Polynucleobacter	1
SRR14919239	Ferruginibacter	1
SRR14919240	Nitrosococcus	1
SRR14919240	Bdellovibrio	2
SRR14919237	Salinisphaera	1
SRR14919245	Thiobacillus	2
SRR14919241	Vagococcus	2
SRR14919242	Oscillospira	10336
SRR14919235	Chondrus	2
SRR14919237	Gaetbulibacter	1
SRR14919235	Robinsoniella	82
SRR14919238	Lentimonas	1
SRR14919246	Dehalobium	1
SRR14919245	Rhodocytophaga	1
SRR14919244	Aminobacterium	4
SRR14919240	Pseudoramibacter	2
SRR14919236	Nitzschia	1
SRR14919243	Dehalobacterium	9
SRR14919241	Caldithrix	2
SRR14919236	Borrelia	9
SRR14919238	Haloplasma	1
SRR14919243	Thermaerobacter	2
SRR14919238	Gelidiella	2
SRR14919239	Otariodibacter	1
SRR14919238	Cymbella	1
SRR14919236	Simplicispira	11
SRR14919241	Acinetobacter	104
SRR14919244	Kocuria	5
SRR14919243	Rubritalea	1
SRR14919239	Brassicibacter	2
SRR14919243	Telmatospirillum	1
SRR14919237	Syntrophobotulus	7
SRR14919242	Carbophilus	2
SRR14919245	Thermoanaerobacterium	105
SRR14919241	Marinoscillum	5
SRR14919238	Halalkalicoccus	1
SRR14919236	Pseudoalteromonas	51
SRR14919242	Bavariicoccus	1
SRR14919236	Sporolactobacillus	6
SRR14919244	Butyricimonas	740
SRR14919236	Roseomonas	2
SRR14919238	Snodgrassella	18
SRR14919246	Thermanaeromonas	3
SRR14919235	Methanotorris	1
SRR14919235	Xanthomonas	15
SRR14919236	Francisella	81
SRR14919239	Microbulbifer	5
SRR14919245	Oribacterium	33
SRR14919235	Sporobacterium	1
SRR14919244	Heliobacterium	1
SRR14919238	Thermohalobacter	1
SRR14919235	Micromonospora	1
SRR14919237	Haloterrigena	1
SRR14919239	Oscillibacter	7420
SRR14919238	Vagococcus	3
SRR14919245	Pseudobutyrivibrio	17
SRR14919242	Methanomassiliicoccus	4
SRR14919241	Buchnera	331
SRR14919237	Polycladomyces	1
SRR14919243	Labrys	1
SRR14919242	Thermocrinis	1
SRR14919236	Thermophagus	1
SRR14919244	Gelidium	2
SRR14919244	Roseburia	4800
SRR14919241	Gelidiella	1
SRR14919245	Sufflavibacter	1
SRR14919242	Methanococcoides	27
SRR14919239	Aeromonas	46
SRR14919236	Halobellus	1
SRR14919236	Lachnobacterium	5
SRR14919246	Jonesia	1
SRR14919243	Acetanaerobacterium	205
SRR14919243	Cellulophaga	1
SRR14919244	Ruegeria	94
SRR14919240	Ferrimonas	1
SRR14919235	Filifactor	8
SRR14919237	Caloranaerobacter	2
SRR14919246	Fontibacter	55
SRR14919242	Achromobacter	3
SRR14919237	Butyrivibrio	456
SRR14919246	Streptacidiphilus	2
SRR14919237	Geosporobacter	4
SRR14919244	Anaerofustis	6
SRR14919242	Anaerophaga	3
SRR14919240	Anaeroplasma	6
SRR14919237	Woodsholea	1
SRR14919237	Bisgaardia	1
SRR14919242	Salmonella	2
SRR14919240	Uruburuella	2
SRR14919241	Desulfofaba	2
SRR14919238	Proteiniclasticum	1
SRR14919243	Strombomonas	3
SRR14919245	Rothia	1
SRR14919237	Cyclobacterium	1
SRR14919245	Petrimonas	3
SRR14919243	Fodinicurvata	106
SRR14919237	Catabacter	45
SRR14919240	Myroides	1
SRR14919243	Shuttleworthia	4
SRR14919239	Anoxybacillus	1
SRR14919243	Acetoanaerobium	1
SRR14919243	Brasilonema	5
SRR14919237	Mogibacterium	8
SRR14919237	Geobacter	1
SRR14919242	Rhodospirillum	1
SRR14919240	Actinomadura	4
SRR14919236	Lutibacter	1
SRR14919238	Providencia	2
SRR14919235	Tunicatimonas	1
SRR14919238	Tumebacillus	1
SRR14919245	Bacteroides	107639
SRR14919244	Sporocytophaga	35
SRR14919238	Variovorax	1
SRR14919235	Neisseria	63
SRR14919240	Woodsholea	1
SRR14919238	Pediococcus	319
SRR14919238	Chloroidium	3
SRR14919237	Thermoanaerobacter	3
SRR14919240	Cuscuta	1
SRR14919244	Victivallis	1
SRR14919240	Listeria	3
SRR14919239	Lactonifactor	103
SRR14919245	Euptilota	1
SRR14919245	Roseibacterium	2
SRR14919237	Fusicatenibacter	158
SRR14919243	Desulfobacterium	5
SRR14919240	Catabacter	1
SRR14919246	Haloleptolyngbya	1
SRR14919236	Nitrosomonas	8
SRR14919243	Tepidanaerobacter	1
SRR14919238	Actinosynnema	1
SRR14919235	Syntrophomonas	20
SRR14919241	Actinobaculum	2
SRR14919241	Dietzia	1
SRR14919241	Rhodobium	1
SRR14919243	Brachyspira	1
SRR14919242	Microaerobacter	1
SRR14919236	Brevundimonas	2
SRR14919245	Arthrobacter	1
SRR14919244	Geminocystis	2
SRR14919243	Altererythrobacter	29
SRR14919246	Rhodonellum	1
SRR14919242	Euzebyella	1
SRR14919242	Haladaptatus	7
SRR14919236	Thermobrachium	10
SRR14919237	Brevibacterium	3
SRR14919237	Sphingomonas	142
SRR14919245	Caldicoprobacter	4
SRR14919235	Rhodothermus	1
SRR14919238	Alysiella	1
SRR14919241	Kinetoplastibacterium	24
SRR14919246	Ohtaekwangia	4
SRR14919246	Methanosphaerula	12
SRR14919241	Anaerobacillus	1
SRR14919246	Chitinophaga	1
SRR14919246	Hymenobacter	2
SRR14919242	Telmatobacter	1
SRR14919245	Aliifodinibius	5
SRR14919243	Leptolinea	4
SRR14919238	Weissella	11
SRR14919238	Leptospirillum	1
SRR14919242	Sporolituus	1
SRR14919241	Brevinema	1
SRR14919238	Acetobacterium	15
SRR14919238	Caldanaerobius	2
SRR14919240	Micrococcus	4
SRR14919239	Eutreptia	171
SRR14919245	Anaerorhabdus	1
SRR14919239	Gracilimonas	3
SRR14919242	Anaerobiospirillum	26
SRR14919239	Persicobacter	1
SRR14919235	Eubacterium	6042
SRR14919246	Hespellia	15
SRR14919244	Edwardsiella	1
SRR14919237	Mariniflexile	1
SRR14919245	Phaseolus	1
SRR14919246	Paludibacter	44
SRR14919244	Massilia	1
SRR14919236	Geomicrobium	1
SRR14919238	Blastopirellula	2
SRR14919238	Flexibacter	3
SRR14919246	Flexithrix	1
SRR14919241	Nitrospina	1
SRR14919238	Deferrisoma	1
SRR14919241	Pleurocapsa	2
SRR14919237	Methylobacterium	26
SRR14919237	Leptolyngbya	1
SRR14919245	Desulfonatronovibrio	4
SRR14919242	Thermodesulforhabdus	2
SRR14919238	Moryella	5
SRR14919246	Desulfotomaculum	34
SRR14919243	Defluviitalea	22
SRR14919241	Tissierella	1
SRR14919246	Spirulina	2
SRR14919239	Thiohalophilus	2
SRR14919237	Cryptosporangium	1
SRR14919237	Streptosporangium	1
SRR14919242	Aquitalea	1
SRR14919236	Hydrogenoanaerobacterium	7
SRR14919244	Serratia	6
SRR14919235	Clostridiisalibacter	2
SRR14919240	Vallitalea	40
SRR14919243	Alkalibacterium	1
SRR14919235	Natronobacterium	1
SRR14919245	Euzebya	5
SRR14919239	Agrobacterium	181
SRR14919239	Thermoactinomyces	4
SRR14919244	Thermobacillus	3
SRR14919236	Kocuria	1
SRR14919238	Paramoritella	1
SRR14919235	Megasphaera	11
SRR14919244	Anabaena	3
SRR14919245	Tindallia	1
SRR14919238	Derxia	14
SRR14919245	Legionella	7
SRR14919246	Gemella	101
SRR14919241	Bacillus	1087
SRR14919236	Filomicrobium	2
SRR14919239	Tannerella	14
SRR14919236	Thermoplasma	2
SRR14919246	Thermosyntropha	1
SRR14919235	Fusobacterium	9
SRR14919239	Caloramator	62
SRR14919235	Azotobacter	8
SRR14919238	Gaetbulibacter	1
SRR14919240	Ammonifex	1
SRR14919245	Robinsoniella	96
SRR14919241	Tetragenococcus	15
SRR14919240	Thiohalospira	8
SRR14919238	Halolamina	1
SRR14919240	Odoribacter	322
SRR14919242	Riemerella	1
SRR14919238	Lachnoanaerobaculum	19
SRR14919245	Aminobacterium	1
SRR14919244	Marinitoga	1
SRR14919239	Alkaliflexus	1
SRR14919244	Adlercreutzia	29
SRR14919239	Anaerofilum	52
SRR14919235	Methanosarcina	2
SRR14919243	Anaplasma	3
SRR14919242	Fervidicella	2
SRR14919246	Lishizhenia	3
SRR14919245	Rubrobacter	1
SRR14919244	Sulfurihydrogenibium	2
SRR14919237	Vallitalea	25
SRR14919236	Calothrix	3
SRR14919238	Chloroflexus	2
SRR14919246	Simplicispira	6
SRR14919240	Trachelium	75
SRR14919242	Geodermatophilus	1
SRR14919235	Haemophilus	183
SRR14919241	Subdoligranulum	25
SRR14919235	Pontibacillus	2
SRR14919237	Pontibacter	3
SRR14919243	Lachnospira	33
SRR14919241	Seinonella	2
SRR14919244	Marvinbryantia	38
SRR14919242	Avibacterium	7
SRR14919244	Aureibacter	3
SRR14919242	Pusillimonas	3
SRR14919236	Selenomonas	109
SRR14919242	Tannerella	79
SRR14919240	Histophilus	1
SRR14919240	Rhodovulum	1
SRR14919239	Hassallia	1
SRR14919239	Beijerinckia	99
SRR14919244	Propionispora	2
SRR14919243	Bryopsis	37
SRR14919236	Peptococcus	5
SRR14919245	Heliobacterium	1
SRR14919242	Aquisalimonas	1
SRR14919239	Calochaete	43
SRR14919239	Alvinella	1
SRR14919243	Oxalophagus	1
SRR14919241	Acholeplasma	4
SRR14919237	Alkalibaculum	4
SRR14919240	Caldicoprobacter	6
SRR14919239	Riemerella	2
SRR14919242	Cloacibacterium	1
SRR14919241	Halomonas	14
SRR14919240	Oceanirhabdus	4
SRR14919239	Armatimonas	13
SRR14919236	Cronobacter	8
SRR14919245	Luteolibacter	1
SRR14919243	Caldicellulosiruptor	7
SRR14919237	Lentzea	1
SRR14919241	Methanosphaerula	37
SRR14919237	Leuconostoc	124
SRR14919243	Mucilaginibacter	2
SRR14919236	Chrysodidymus	183
SRR14919246	Janthinobacterium	1
SRR14919243	Cetobacterium	1
SRR14919237	Persicitalea	1
SRR14919237	Solobacterium	2
SRR14919236	Campylobacter	45
SRR14919237	Trachelium	37
SRR14919242	Methanomicrobium	1
SRR14919240	Aerococcus	5
SRR14919245	Piscicoccus	1
SRR14919238	Geosporobacter	2
SRR14919235	Stenotrophomonas	8
SRR14919235	Kopriimonas	1
SRR14919235	Thermoflavimicrobium	1
SRR14919244	Lacinutrix	1
SRR14919235	Peptoclostridium	61
SRR14919243	Kingella	1
SRR14919245	Desulfosalsimonas	1
SRR14919244	Heliophilum	1
SRR14919241	Guggenheimella	1
SRR14919245	Atopobacter	1
SRR14919241	Phacus	3
SRR14919239	Altererythrobacter	29
SRR14919242	Calochaete	59
SRR14919244	Porphyromonas	311
SRR14919242	Pelosinus	1
SRR14919242	Oscillatoria	76
SRR14919246	Buchnera	227
SRR14919242	Ethanoligenens	6
SRR14919239	Pseudoscardovia	4
SRR14919245	Methylacidiphilum	1
SRR14919245	Atopobium	4
SRR14919238	Lutispora	37
SRR14919246	Rhodocytophaga	1
SRR14919238	Eubostrichus	2
SRR14919246	Bifidobacterium	374
SRR14919244	Pandoraea	1
SRR14919237	Dysgonomonas	66
SRR14919244	Shuttleworthia	4
SRR14919235	Alloprevotella	1
SRR14919243	Asaccharobacter	1
SRR14919242	Anaerosinus	1
SRR14919238	Kushneria	19
SRR14919241	Kangiella	1
SRR14919236	Oenothera	1
SRR14919244	Alicyclobacillus	4
SRR14919239	Moorella	6
SRR14919238	Thermogladius	122
SRR14919241	Desulfotomaculum	47
SRR14919236	Desulfocurvus	1
SRR14919236	Halopelagius	2
SRR14919241	Halobacterium	16
SRR14919241	Enhygromyxa	28
SRR14919236	Parapedobacter	12
SRR14919245	Enterobacter	23
SRR14919238	Haloplanus	1
SRR14919244	Prevotella	99944
SRR14919241	Acidithiobacillus	3
SRR14919240	Marinomonas	1
SRR14919241	Proteus	14
SRR14919245	Desulfitobacterium	48
SRR14919235	Thiomargarita	268
SRR14919238	Anaerobiospirillum	22
SRR14919235	Dendrosporobacter	2
SRR14919237	Phascolarctobacterium	4267
SRR14919246	Spirochaeta	3
SRR14919237	Staphylothermus	1
SRR14919236	Sporobacterium	2
SRR14919244	Wolbachia	2
SRR14919241	Coprococcus	37
SRR14919245	Megamonas	1
SRR14919236	Salicola	2
SRR14919237	Sporacetigenium	1
SRR14919245	Myroides	4
SRR14919236	Syntrophomonas	23
SRR14919242	Ensifer	1
SRR14919243	Arcicella	98
SRR14919240	Catellicoccus	1
SRR14919235	Dethiosulfovibrio	2
SRR14919238	Lactobacillus	558
SRR14919243	Marinifilum	1
SRR14919241	Natronoflexus	1
SRR14919238	Methanofollis	1
SRR14919237	Coprothermobacter	35
SRR14919237	Thermobrachium	5
SRR14919246	Dehalobacterium	1
SRR14919240	Ureibacillus	6
SRR14919237	Ruminococcus	57588
SRR14919238	Rhabdochromatium	1
SRR14919244	Marinobacter	2
SRR14919239	Niabella	1
SRR14919242	Eggerthia	1
SRR14919237	Chryseobacterium	17
SRR14919243	Alistipes	41764
SRR14919242	Parabacteroides	7652
SRR14919245	Listeria	6
SRR14919236	Coraliomargarita	2
SRR14919238	Cyclobacterium	1
SRR14919246	Aliifodinibius	4
SRR14919246	Gramella	2
SRR14919240	Polaromonas	29
SRR14919240	Chlamydia	6
SRR14919239	Turicibacter	42
SRR14919243	Lactovum	1
SRR14919237	Meiothermus	1
SRR14919239	Acetobacterium	7
SRR14919238	Chroococcidiopsis	3
SRR14919246	Roseomonas	3
SRR14919242	Syntrophothermus	153
SRR14919237	Acanthopleuribacter	2
SRR14919236	Xanthomonas	24
SRR14919237	Francisella	39
SRR14919245	Hydrogenivirga	3
SRR14919244	Helicobacter	235
SRR14919245	Planktothrix	7
SRR14919237	Euzebya	2
SRR14919245	Sporocytophaga	32
SRR14919242	Natronoanaerobium	4
SRR14919242	Paracoccus	7
SRR14919237	Paenibacillus	1104
SRR14919246	Blautia	2421
SRR14919239	Lachnobacterium	284
SRR14919236	Pseudanabaena	10
SRR14919245	Alcanivorax	4
SRR14919237	Leptotrichia	1
SRR14919245	Prosthecobacter	1
SRR14919242	Rothia	1
SRR14919242	Methanococcus	1
SRR14919235	Methanohalobium	1
SRR14919237	Pseudendoclonium	1
SRR14919238	Gemella	159
SRR14919246	Bacillus	933
SRR14919241	Sorangium	1
SRR14919245	Filifactor	8
SRR14919241	Methanocella	166
SRR14919242	Stenoxybacter	1
SRR14919238	Parvimonas	4
SRR14919239	Enterococcus	360
SRR14919246	Defluviicoccus	1
SRR14919238	Salinivibrio	23
SRR14919246	Brevundimonas	3
SRR14919243	Thorsellia	1
SRR14919243	Desulfobacter	1
SRR14919242	Desulfofaba	4
SRR14919235	Desulforhopalus	3
SRR14919241	Sporolactobacillus	1
SRR14919235	Granulicatella	1
SRR14919240	Chondrus	2
SRR14919236	Marinobacterium	2
SRR14919238	Brevibacterium	9
SRR14919236	Calditerrivibrio	1
SRR14919238	Phormidium	6
SRR14919240	Methylohalomonas	2
SRR14919237	Oscillospira	1936
SRR14919244	Nocardioides	6
SRR14919244	Haloarchaeobius	1
SRR14919239	Paracoccus	2
SRR14919245	Geothermobacterium	1
SRR14919244	Pylaiella	2
SRR14919244	Garciella	2
SRR14919241	Borrelia	4
SRR14919241	Rhodococcus	1
SRR14919239	Providencia	1
SRR14919243	Lewinella	15
SRR14919246	Fluoribacter	1
SRR14919242	Gracilibacter	98
SRR14919242	Epulopiscium	5
SRR14919246	Bacteroides	131648
SRR14919245	Fusobacterium	8
SRR14919241	Parvimonas	4
SRR14919239	Chloroidium	2
SRR14919239	Pediococcus	300
SRR14919245	Cyanobacterium	1
SRR14919242	Rhodoplanes	1
SRR14919242	Thermodesulfatator	1
SRR14919239	Leptospirillum	2
SRR14919245	Alkalibacter	3
SRR14919238	Acetanaerobacterium	70
SRR14919236	Acidiferrobacter	1
SRR14919242	Natronorubrum	7
SRR14919239	Orientia	1
SRR14919246	Moraxella	2
SRR14919238	Geotoga	3
SRR14919245	Victivallis	1
SRR14919242	Phytophthora	34
SRR14919236	Microbacterium	5
SRR14919240	Acetivibrio	185
SRR14919244	Mycobacterium	11
SRR14919236	Methanosarcina	2
SRR14919241	Phormidium	6
SRR14919236	Pedobacter	7
SRR14919241	Treponema	186
SRR14919245	Halogeometricum	2
SRR14919235	Allobaculum	8
SRR14919235	Rapidithrix	1
SRR14919244	Spiribacter	1
SRR14919245	Pontibacillus	1
SRR14919245	Microaerobacter	2
SRR14919240	Caloranaerobacter	8
SRR14919239	Modicisalibacter	1
SRR14919237	Aquicella	1
SRR14919244	Brachyspira	5
SRR14919244	Dethiobacter	4
SRR14919237	Thermocrinis	1
SRR14919245	Duganella	1
SRR14919245	Marvinbryantia	19
SRR14919245	Methanolobus	34
SRR14919246	Natronomonas	1
SRR14919237	Desulfococcus	1
SRR14919235	Anaerotruncus	11
SRR14919244	Flavihumibacter	1
SRR14919242	Promicromonospora	1
SRR14919240	Thalassomonas	132
SRR14919235	Anaeroplasma	6
SRR14919242	Granulicella	3
SRR14919236	Dialister	26509
SRR14919242	Erwinia	6
SRR14919240	Methanogenium	1
SRR14919240	Deferribacter	2
SRR14919241	Micrococcus	3
SRR14919235	Arcobacter	1
SRR14919238	Strombomonas	3
SRR14919246	Campylobacter	30
SRR14919245	Terribacillus	2
SRR14919244	Natrialba	1
SRR14919242	Sulfobacillus	17
SRR14919236	Eubacterium	2349
SRR14919238	Faecalibacterium	25569
SRR14919246	Filomicrobium	2
SRR14919239	Flexibacter	5
SRR14919245	Desulfofustis	2
SRR14919239	Gaetbulibacter	1
SRR14919242	Pleurocapsa	1
SRR14919242	Olsenella	7
SRR14919243	Ethanoligenens	1
SRR14919242	Tissierella	7
SRR14919241	Acidovorax	2
SRR14919237	Sedimentibacter	84
SRR14919245	Alkaliphilus	19
SRR14919239	Anaerosphaera	1
SRR14919245	Melghirimyces	1
SRR14919244	Dermacoccus	1
SRR14919235	Prosthecochloris	1
SRR14919243	Thiothrix	5
SRR14919235	Acetatifactor	14
SRR14919235	Sporanaerobacter	1
SRR14919235	Derxia	20
SRR14919236	Amycolatopsis	1
SRR14919241	Blastopirellula	1
SRR14919246	Denitrobacterium	14
SRR14919246	Alkalibacterium	1
SRR14919245	Escherichia/Shigella	37
SRR14919243	Halorubrum	50
SRR14919236	Picrophilus	1
SRR14919245	Thiomargarita	292
SRR14919243	Shimwellia	1
SRR14919239	Leptothrix	3
SRR14919237	Sporobacterium	2
SRR14919246	Heliobacterium	1
SRR14919236	Megasphaera	39
SRR14919239	Geminocystis	5
SRR14919238	Cellulophaga	1
SRR14919240	Ehrlichia	4
SRR14919246	Anaerosalibacter	1
SRR14919237	Rhodopseudomonas	20
SRR14919246	Catonella	3
SRR14919237	Syntrophomonas	16
SRR14919240	Sinorhizobium	4
SRR14919242	Thermoanaerobacter	74
SRR14919238	Acidovorax	1
SRR14919245	Jeotgalibacillus	1
SRR14919244	Tetragenococcus	2
SRR14919243	Desulfitibacter	6
SRR14919237	Alkalibacillus	1
SRR14919236	Azotobacter	7
SRR14919239	Gordonibacter	67
SRR14919246	Chrysodidymus	62
SRR14919242	Ureaplasma	2
SRR14919238	Pseudaminobacter	1
SRR14919244	Eremococcus	1
SRR14919241	Odoribacter	8
SRR14919238	Thermobrachium	4
SRR14919237	Isosphaera	1
SRR14919238	Blautia	37622
SRR14919238	Cellulosibacter	4
SRR14919239	Geovibrio	2
SRR14919237	Geopsychrobacter	1
SRR14919236	Erythrobacter	2
SRR14919244	Succinatimonas	1
SRR14919242	Peptoniphilus	160
SRR14919239	Geosporobacter	4
SRR14919237	Psychrobacter	8
SRR14919238	Neoptilota	1
SRR14919242	Leptothrix	3
SRR14919241	Desulfotignum	1
SRR14919236	Maricaulis	3
SRR14919235	Gallionella	1
SRR14919242	Guggenheimella	42
SRR14919245	Fulvitalea	2
SRR14919244	Subdoligranulum	117
SRR14919239	Edwardsiella	1
SRR14919241	Reclinomonas	55
SRR14919240	Agarivorans	75
SRR14919235	Actinomadura	4
SRR14919237	Limibacter	1
SRR14919245	Zoogloea	1
SRR14919237	Sporolactobacillus	2
SRR14919236	Haemophilus	329
SRR14919244	Lachnospira	27
SRR14919245	Raoultella	1
SRR14919239	Cyclobacterium	1
SRR14919239	Olleya	1
SRR14919246	Anaerostipes	286
SRR14919238	Sporomusa	38
SRR14919237	Selenomonas	140
SRR14919238	Cupriavidus	2
SRR14919245	Shuttleworthia	5
SRR14919236	Alloprevotella	3
SRR14919243	Moryella	2
SRR14919237	Peptococcus	88
SRR14919242	Zavarzinia	3
SRR14919240	Gracilimonas	1
SRR14919238	Sporosarcina	1
SRR14919242	Mahella	7
SRR14919241	Sulfitobacter	3
SRR14919240	Thioalkalicoccus	1
SRR14919240	Alkaliflexus	2
SRR14919240	Mannheimia	1
SRR14919246	Sporocytophaga	24
SRR14919242	Thermoactinomyces	3
SRR14919239	Ureaplasma	7
SRR14919246	Methanosaeta	2
SRR14919244	Rhizobium	7
SRR14919246	Pseudanabaena	9
SRR14919244	Spongiimonas	1
SRR14919244	Thermoanaerobacterium	95
SRR14919240	Limibacter	1
SRR14919236	Sporotalea	4
SRR14919246	Borrelia	9
SRR14919244	Pseudorhodobacter	2
SRR14919236	Ferrovum	6
SRR14919237	Haladaptatus	4
SRR14919241	Youngiibacter	2
SRR14919235	Flavonifractor	211
SRR14919237	Catenibacterium	170
SRR14919242	Bryocella	1
SRR14919237	Nitrosococcus	1
SRR14919241	Cytophaga	48
SRR14919236	Brenneria	3
SRR14919235	Nannocystis	2
SRR14919241	Xylella	89
SRR14919236	Granulicatella	2
SRR14919239	Brevibacterium	10
SRR14919244	Marininema	1
SRR14919239	Pelotomaculum	4
SRR14919237	Mannheimia	1
SRR14919245	Alkalitalea	1
SRR14919245	Algoriphagus	4
SRR14919244	Prolixibacter	2
SRR14919235	Actinobacillus	97
SRR14919245	Roseburia	3918
SRR14919235	Geobacillus	1
SRR14919242	Balneola	1
SRR14919245	Thermogymnomonas	222
SRR14919243	Anaerobacillus	1
SRR14919246	Pseudoalteromonas	28
SRR14919238	Acinetobacter	128
SRR14919241	Natronococcus	2
SRR14919238	Thermoanaerobacter	2
SRR14919244	Haloarcula	3
SRR14919238	Pontibacter	2
SRR14919235	Wohlfahrtiimonas	2
SRR14919239	Spongiispira	1
SRR14919240	Holospora	9
SRR14919235	Methanoculleus	128
SRR14919244	Euglena	21
SRR14919243	Melioribacter	4
SRR14919241	Marinomonas	2
SRR14919242	Edaphobacter	2
SRR14919238	Marinoscillum	3
SRR14919243	Streptococcus	178
SRR14919242	Microlunatus	1
SRR14919246	Pseudobutyrivibrio	4
SRR14919244	Thioploca	2
SRR14919242	Pseudoscardovia	3
SRR14919240	Myxococcus	12
SRR14919244	Pseudoroseobacter	1
SRR14919237	Microbacterium	3
SRR14919243	Pseudoteredinibacter	28
SRR14919243	Pelobacter	2
SRR14919236	Pelistega	1
SRR14919237	Pusillimonas	1
SRR14919246	Hydrogenivirga	1
SRR14919242	Centroceras	1
SRR14919235	Daucus	1
SRR14919241	Fibrella	1
SRR14919244	Oxalophagus	3
SRR14919242	Coprococcus	2184
SRR14919237	Cronobacter	1
SRR14919238	Leuconostoc	194
SRR14919244	Halorhabdus	1
SRR14919236	Acholeplasma	14
SRR14919239	Auritidibacter	1
SRR14919244	Marinifilum	1
SRR14919239	Hydrotalea	1
SRR14919244	Nonomuraea	3
SRR14919235	Halarchaeum	1
SRR14919240	Beijerinckia	112
SRR14919240	Jeotgalibacillus	1
SRR14919245	Anaerotruncus	465
SRR14919245	Parabacteroides	8272
SRR14919236	Neisseria	102
SRR14919242	Anaerovorax	7
SRR14919245	Ferruginibacter	1
SRR14919237	Myxococcus	11
SRR14919244	Anaerovibrio	2
SRR14919240	Luteibacter	1
SRR14919240	Bilophila	6
SRR14919244	Chondromyces	1
SRR14919246	Thermobacillus	3
SRR14919242	Ornithobacterium	3
SRR14919237	Oscillatoria	43
SRR14919242	Elstera	1
SRR14919238	Francisella	70
SRR14919237	Xanthomonas	9
SRR14919242	Pedomicrobium	1
SRR14919242	Hydrotalea	2
SRR14919241	Thermosipho	1
SRR14919236	Methanothermobacter	1
SRR14919238	Pasteuria	1
SRR14919245	Verrucomicrobium	4
SRR14919242	Enhygromyxa	33
SRR14919236	Brackiella	2
SRR14919235	Hespellia	40
SRR14919244	Endozoicomonas	1
SRR14919244	Moorella	2
SRR14919240	Aminobacter	1
SRR14919238	Carboxydothermus	1
SRR14919244	Ethanoligenens	7
SRR14919235	Allisonella	5
SRR14919236	Rickettsiella	1
SRR14919237	Thalassospira	1
SRR14919245	Acetatifactor	10
SRR14919244	Hymenopellis	1
SRR14919237	Pseudoflavonifractor	32
SRR14919245	Halonotius	1
SRR14919235	Facklamia	4
SRR14919244	Altererythrobacter	32
SRR14919235	Metallosphaera	2
SRR14919237	Symbiobacterium	5
SRR14919246	Halobacillus	1
SRR14919244	Clostridiisalibacter	1
SRR14919238	Actinobaculum	3
SRR14919238	Parasegetibacter	2
SRR14919238	Desulforhopalus	1
SRR14919246	Marvinbryantia	20
SRR14919244	Desulfomicrobium	1
SRR14919243	Polaribacter	1
SRR14919243	Desulfofaba	1
SRR14919243	Corallococcus	4
SRR14919243	Varibaculum	1
SRR14919239	Marinobacterium	2
SRR14919243	Elizabethkingia	1
SRR14919241	Isochromatium	1
SRR14919235	Spiroplasma	2
SRR14919238	Geobacter	2
SRR14919242	Dechloromonas	2
SRR14919240	Halothermothrix	4
SRR14919238	Micromonospora	1
SRR14919242	Ochrobactrum	5
SRR14919245	Brasilonema	1
SRR14919244	Niabella	1
SRR14919236	Volucribacter	8
SRR14919239	Marinobacter	2
SRR14919236	Cerasibacillus	2
SRR14919235	Thalassiosira	33
SRR14919245	Desulfotalea	238
SRR14919243	Anaerobiospirillum	22
SRR14919241	Polaromonas	21
SRR14919245	Orbus	2
SRR14919243	Adhaeribacter	22
SRR14919240	Thermogymnomonas	311
SRR14919243	Eudoraea	1
SRR14919239	Codium	18
SRR14919243	Sinosporangium	1
SRR14919238	Algicola	1
SRR14919245	Primorskyibacter	1
SRR14919241	Burkholderia	25
SRR14919246	Victivallis	6
SRR14919241	Oligosphaera	2
SRR14919236	Prototheca	9
SRR14919243	Brevibacillus	20
SRR14919241	Acetivibrio	42
SRR14919245	Salimesophilobacter	1
SRR14919240	Kinetoplastibacterium	29
SRR14919246	Pedobacter	25
SRR14919238	Pseudoramibacter	2
SRR14919243	Ochromonas	4
SRR14919243	Guggenheimella	37
SRR14919236	Allobaculum	12
SRR14919236	Rapidithrix	3
SRR14919245	Spiribacter	1
SRR14919239	Helicobacter	268
SRR14919235	Proteiniphilum	2
SRR14919239	Oceanotoga	1
SRR14919245	Brachyspira	2
SRR14919239	Alysiella	1
SRR14919239	Pilibacter	1
SRR14919240	Turicibacter	108
SRR14919238	Opitutus	2
SRR14919246	Shuttleworthia	4
SRR14919237	Alloprevotella	1
SRR14919244	Solanum	1
SRR14919236	Enterorhabdus	3
SRR14919236	Aeriscardovia	1
SRR14919235	Spirulina	1
SRR14919235	Microcoleus	2
SRR14919240	Coprothermobacter	67
SRR14919237	Idiomarina	1
SRR14919238	Parapedobacter	3
SRR14919239	Weissella	69
SRR14919236	Methanocella	262
SRR14919242	Brevinema	1
SRR14919242	Uruburuella	2
SRR14919242	Lachnobacterium	223
SRR14919235	Desulfonatronovibrio	2
SRR14919235	Shewanella	2
SRR14919245	Hydrogenoanaerobacterium	28
SRR14919240	Anaerorhabdus	6
SRR14919238	Sporobacterium	3
SRR14919242	Oceanotoga	1
SRR14919245	Arcobacter	4
SRR14919242	Thermicanus	1
SRR14919237	Eubacterium	7698
SRR14919236	Euglena	25
SRR14919236	Flavonifractor	1095
SRR14919242	Rhodococcus	2
SRR14919235	Ureibacillus	10
SRR14919239	Nocardioides	6
SRR14919240	Erysipelothrix	5
SRR14919238	Syntrophomonas	22
SRR14919240	Enterococcus	443
SRR14919245	Cryptoglena	1
SRR14919242	Roseiflexus	4
SRR14919236	Desulfosoma	1
SRR14919238	Alkalibacillus	4
SRR14919240	Idiomarina	7
SRR14919244	Criblamydia	2
SRR14919243	Pleurocapsa	1
SRR14919237	Thiohalospira	2
SRR14919242	Pelomonas	1
SRR14919239	Thermobrachium	6
SRR14919243	Cellulomonas	1
SRR14919235	Desulfovibrio	216
SRR14919236	Pseudochlorella	13
SRR14919238	Leptospira	80
SRR14919235	Ilyobacter	1
SRR14919244	Holdemania	60
SRR14919243	Tissierella	2
SRR14919239	Chamaesiphon	1
SRR14919245	Tepidibacter	2
SRR14919240	Caminicella	1
SRR14919235	Helcococcus	2
SRR14919235	Papillibacter	55
SRR14919235	Carnobacterium	1
SRR14919236	Lepocinclis	3
SRR14919245	Thermus	1
SRR14919235	Halobaculum	3
SRR14919246	Derxia	9
SRR14919239	Aetherobacter	1
SRR14919241	Dickeya	3
SRR14919240	Methanosphaera	1
SRR14919236	Salisaeta	1
SRR14919238	Allofustis	1
SRR14919243	Xanthobacter	1
SRR14919239	Lysobacter	53
SRR14919239	Dethiobacter	2
SRR14919238	Microbacterium	4
SRR14919237	Tepidanaerobacter	4
SRR14919237	Megasphaera	82
SRR14919246	Azospirillum	2
SRR14919240	Terrahaemophilus	3
SRR14919236	Stanieria	1
SRR14919240	Sedimentibacter	134
SRR14919238	Hellea	1
SRR14919243	Orbus	2
SRR14919242	Mycoplasma	388
SRR14919241	Leptospira	55
SRR14919244	Thermosinus	1
SRR14919244	Cryptanaerobacter	1
SRR14919241	Ammonifex	1
SRR14919238	Kriegella	1
SRR14919245	Dethiosulfovibrio	1
SRR14919245	Cellulosilyticum	4
SRR14919240	Robinsoniella	16
SRR14919242	Sinobacterium	39
SRR14919241	Oribacterium	748
SRR14919246	Atopobium	1
SRR14919239	Lutispora	79
SRR14919245	Pandoraea	1
SRR14919235	Methylocella	1
SRR14919237	Azotobacter	1
SRR14919235	Virgibacillus	10
SRR14919236	Olleya	1
SRR14919236	Phascolarctobacterium	3
SRR14919244	Anaplasma	3
SRR14919241	Thermothrix	1
SRR14919239	Kushneria	12
SRR14919242	Odoribacter	77
SRR14919236	Tepidimicrobium	1
SRR14919242	Lysobacter	78
SRR14919237	Granulicella	1
SRR14919240	Paraeggerthella	2
SRR14919241	Grimontia	2
SRR14919241	Simplicispira	10
SRR14919237	Syntrophococcus	11
SRR14919246	Maricaulis	2
SRR14919245	Polynucleobacter	3
SRR14919241	Arthrobacter	6
SRR14919236	Gallionella	1
SRR14919241	Actinoplanes	1
SRR14919241	Agarivorans	50
SRR14919245	Thermoproteus	1
SRR14919240	Marmoricola	1
SRR14919237	Haemophilus	136
SRR14919238	Nitrobacter	1
SRR14919245	Lachnospira	36
SRR14919243	Snodgrassella	12
SRR14919244	Microbulbifer	9
SRR14919240	Anaerofustis	1
SRR14919246	Aureibacter	1
SRR14919244	Howardella	2
SRR14919239	Cupriavidus	1
SRR14919239	Mycoplasma	315
SRR14919238	Selenomonas	87
SRR14919244	Oscillibacter	663
SRR14919244	Gracilaria	2
SRR14919236	Actinobacillus	207
SRR14919238	Peptococcus	3
SRR14919244	Monomorphina	2
SRR14919241	Cellulosibacter	1
SRR14919237	Phytophthora	19
SRR14919240	Singulisphaera	1
SRR14919246	Desulfitobacterium	39
SRR14919242	Halomonas	13
SRR14919243	Indibacter	1
SRR14919239	Anaerobiospirillum	27
SRR14919238	Halobacterium	24
SRR14919246	Flexistipes	1
SRR14919243	Haloferula	1
SRR14919243	Syntrophobotulus	2
SRR14919236	Methanoculleus	185
SRR14919239	Maribacter	1
SRR14919243	Methanohalophilus	2
SRR14919241	Thioprofundum	1
SRR14919242	Dethiosulfatibacter	3
SRR14919246	Sporotalea	1
SRR14919243	Ammoniphilus	2
SRR14919244	Acidilobus	14
SRR14919238	Methanosarcina	1
SRR14919244	Alistipes	11128
SRR14919243	Fusicatenibacter	183
SRR14919235	Alkanibacter	1
SRR14919243	Pelosinus	2
SRR14919237	Kopriimonas	1
SRR14919241	Chlamydia	4
SRR14919242	Frankia	1
SRR14919246	Heliophilum	1
SRR14919237	Sphingobacterium	86
SRR14919237	Oceanirhabdus	3
SRR14919242	Heterosigma	1
SRR14919236	Winogradskyella	72
SRR14919237	Catellicoccus	2
SRR14919244	Anoxybacillus	7
SRR14919242	Succiniclasticum	1
SRR14919240	Emticicia	3
SRR14919240	Xenorhabdus	2
SRR14919240	Acetobacter	27
SRR14919243	Ruminofilibacter	7
SRR14919242	Dioscorea	1
SRR14919242	Mogibacterium	67
SRR14919235	Ignisphaera	1
SRR14919235	Butyricicoccus	20
SRR14919238	Atopococcus	1
SRR14919240	Orbus	1
SRR14919240	Geminocystis	3
SRR14919236	Geobacillus	3
SRR14919242	Thermotomaculum	1
SRR14919240	Solitalea	2
SRR14919235	Desulfobotulus	2
SRR14919245	Thalassiosira	45
SRR14919239	Pontibacter	1
SRR14919240	Catenibacterium	5
SRR14919236	Solanum	2
SRR14919238	Chryseomicrobium	2
SRR14919242	Marinomonas	1
SRR14919245	Wolbachia	2
SRR14919244	Lactonifactor	53
SRR14919236	Reclinomonas	98
SRR14919242	Ohtaekwangia	4
SRR14919242	Sorangium	3
SRR14919242	Chitinophaga	2
SRR14919246	Megamonas	1
SRR14919242	Hymenobacter	6
SRR14919240	Pasteurella	79
SRR14919240	Selenihalanaerobacter	1
SRR14919244	Arcicella	88
SRR14919245	Oxalophagus	1
SRR14919243	Coprococcus	961
SRR14919239	Thermanaeromonas	1
SRR14919244	Nostocoida	1
SRR14919235	Malawimonas	1
SRR14919236	Laribacter	5
SRR14919235	Synechococcus	1
SRR14919240	Edwardsiella	2
SRR14919238	Cronobacter	3
SRR14919242	Paludibacter	10
SRR14919239	Leuconostoc	220
SRR14919239	Methanococcus	2
SRR14919243	Eggerthia	2
SRR14919240	Cellulosilyticum	6
SRR14919245	Garciella	2
SRR14919236	Halarchaeum	1
SRR14919235	Acetitomaculum	18
SRR14919235	Methanococcoides	24
SRR14919244	Lewinella	15
SRR14919238	Phaeobacter	1
SRR14919243	Cryptosporangium	1
SRR14919241	Ferrovum	8
SRR14919239	Bizionia	1
SRR14919237	Glycomyces	12
SRR14919236	Metallosphaera	2
SRR14919242	Sporolactobacillus	4
SRR14919240	Fibrobacter	1
SRR14919243	Anaerovorax	2
SRR14919239	Parapedobacter	4
SRR14919237	Rickettsia	5
SRR14919236	Ignatzschineria	2
SRR14919235	Ferroplasma	68
SRR14919236	Corynebacterium	46
SRR14919246	Porphyra	1
SRR14919238	Caldicoprobacter	8
SRR14919238	Natronoflexus	3
SRR14919244	Persicobacter	1
SRR14919240	Azonexus	1
SRR14919240	Planomicrobium	2
SRR14919239	Sporobacterium	4
SRR14919245	Streptomyces	503
SRR14919237	Thermus	1
SRR14919246	Alkalitalea	1
SRR14919243	Cobetia	7
SRR14919246	Volucribacter	5
SRR14919243	Thermodesulfatator	1
SRR14919235	Flexithrix	1
SRR14919239	Methylacidiphilum	1
SRR14919239	Syntrophomonas	17
SRR14919243	Enhygromyxa	31
SRR14919235	Natrinema	1
SRR14919239	Gracilibacter	69
SRR14919241	Aminobacter	1
SRR14919241	Tistrella	1
SRR14919240	Glycomyces	5
SRR14919239	Alkalibacillus	1
SRR14919244	Sinosporangium	1
SRR14919240	Rickettsia	5
SRR14919246	Stenotrophomonas	4
SRR14919237	Christensenella	10
SRR14919240	Fusibacter	6
SRR14919246	Peptoclostridium	114
SRR14919241	Desulfatiferula	1
SRR14919235	Moraxella	1
SRR14919237	Edaphobacter	1
SRR14919242	Melosira	1
SRR14919236	Allisonella	5
SRR14919240	Zymophilus	1
SRR14919244	Guggenheimella	1
SRR14919236	Carnobacterium	2
SRR14919238	Tenacibaculum	2
SRR14919236	Proteiniphilum	5
SRR14919241	Methanosphaera	2
SRR14919239	Desulfotomaculum	244
SRR14919244	Agrobacterium	132
SRR14919243	Methylobacterium	39
SRR14919245	Halorhabdus	1
SRR14919236	Desulfobacterium	11
SRR14919244	Desulfofaba	2
SRR14919240	Spongiispira	1
SRR14919236	Desulfurivibrio	2
SRR14919245	Stigmatella	1
SRR14919245	Pylaiella	3
SRR14919235	Runella	2
SRR14919238	Alloprevotella	1
SRR14919236	Spiroplasma	4
SRR14919236	Codium	17
SRR14919243	Halothermothrix	14
SRR14919238	Klebsiella	49
SRR14919245	Azovibrio	1
SRR14919235	Flectobacillus	1
SRR14919241	Filomicrobium	2
SRR14919239	Lawsonia	1
SRR14919244	Methylomonas	76
SRR14919240	Pyramidobacter	1
SRR14919243	Thermoanaerobacter	71
SRR14919242	Sandaracinus	1
SRR14919235	Thermobispora	1
SRR14919236	Acidaminobacter	4
SRR14919246	Psychromonas	2
SRR14919240	Fusobacterium	9
SRR14919235	Beijerinckia	71
SRR14919243	Olsenella	2
SRR14919237	Fusibacter	1
SRR14919242	Planctomyces	3
SRR14919237	Fangia	2
SRR14919237	Thalassomonas	81
SRR14919242	Desulfobacula	2
SRR14919242	Polaromonas	30
SRR14919235	Proteocatella	5
SRR14919239	Methanosphaerula	30
SRR14919235	Halolactibacillus	1
SRR14919237	Methanogenium	1
SRR14919237	Deferribacter	1
SRR14919244	Trichococcus	147
SRR14919242	Marinobacterium	1
SRR14919237	Coenonia	1
SRR14919244	Bulleidia	114
SRR14919239	Anaerovibrio	8
SRR14919242	Aerosphaera	1
SRR14919242	Desemzia	2
SRR14919240	Melghirimyces	2
SRR14919242	Treponema	289
SRR14919239	Sulfobacillus	14
SRR14919238	Xanthomonas	17
SRR14919239	Francisella	62
SRR14919246	Prototheca	1
SRR14919243	Koukoulia	1
SRR14919242	Acetivibrio	518
SRR14919239	Chondromyces	2
SRR14919237	Flavonifractor	252
SRR14919241	Ancylobacter	1
SRR14919242	Thermosipho	1
SRR14919239	Desulfobulbus	1
SRR14919241	Erysipelothrix	2
SRR14919240	Pontibacillus	2
SRR14919241	Klebsiella	52
SRR14919242	Polyangium	1
SRR14919237	Rapidithrix	1
SRR14919246	Spiribacter	1
SRR14919240	Rikenella	2
SRR14919239	Colwellia	3
SRR14919246	Lachnoanaerobaculum	5
SRR14919237	Rivularia	1
SRR14919238	Granulicatella	4
SRR14919239	Natronorubrum	3
SRR14919245	Desulfovibrio	633
SRR14919244	Olavius	1
SRR14919244	Blastocatella	2
SRR14919235	Hydrogenobaculum	1
SRR14919235	Acidithiobacillus	7
SRR14919245	Papillibacter	124
SRR14919243	Mobiluncus	2
SRR14919237	Actinobacillus	68
SRR14919239	Hazenella	2
SRR14919241	Mangrovibacter	1
SRR14919237	Cohnella	8
SRR14919245	Anaerobacillus	1
SRR14919242	Alkalibaculum	22
SRR14919244	Taylorella	51
SRR14919237	Dialister	13
SRR14919237	Methanoculleus	76
SRR14919245	Lachnobacterium	21
SRR14919239	Hymenopellis	2
SRR14919243	Anaerococcus	264
SRR14919239	Aureispira	43
SRR14919241	Chrysodidymus	101
SRR14919239	Granulibacter	1
SRR14919245	Shewanella	6
SRR14919242	Solobacterium	6
SRR14919241	Campylobacter	116
SRR14919240	Terribacillus	1
SRR14919235	Mantoniella	1
SRR14919235	Cytinus	1
SRR14919241	Carboxydocella	1
SRR14919238	Polaribacter	1
SRR14919241	Planktothrix	2
SRR14919241	Enterobacter	17
SRR14919243	Thermicanus	1
SRR14919240	Ralstonia	1
SRR14919238	Castellaniella	1
SRR14919243	Rhodococcus	2
SRR14919241	Bryobacter	1
SRR14919240	Veillonella	72
SRR14919237	Centipeda	1
SRR14919238	Amorphus	1
SRR14919240	Symbiobacterium	8
SRR14919236	Mucilaginibacter	12
SRR14919245	Pectinatus	2
SRR14919235	Escherichia/Shigella	21
SRR14919246	Cryptoglena	1
SRR14919243	Roseiflexus	3
SRR14919243	Derxia	18
SRR14919238	Mesoplasma	5
SRR14919245	Virgibacillus	9
SRR14919235	Roseivivax	1
SRR14919236	Nocardia	7
SRR14919245	Criblamydia	1
SRR14919244	Pleurocapsa	3
SRR14919244	Thiothrix	3
SRR14919239	Pseudochlorella	8
SRR14919242	Kiloniella	1
SRR14919242	Aureispira	41
SRR14919243	Sarcina	1
SRR14919242	Sporohalobacter	1
SRR14919243	Algicola	2
SRR14919244	Tissierella	3
SRR14919243	Thermogladius	100
SRR14919238	Sporolactobacillus	1
SRR14919239	Peptoniphilus	138
SRR14919242	Persicirhabdus	1
SRR14919241	Stenotrophomonas	14
SRR14919236	Helcococcus	6
SRR14919245	Rhizobium	4
SRR14919235	Hellea	1
SRR14919236	Burkholderia	41
SRR14919241	Peptoclostridium	48
SRR14919237	Allobaculum	4
SRR14919236	Desulfobotulus	3
SRR14919242	Coraliomargarita	1
SRR14919240	Thiomargarita	370
SRR14919239	Thermodesulfobacterium	3
SRR14919236	Thiobacillus	1
SRR14919236	Halobaculum	11
SRR14919238	Photorhabdus	1
SRR14919246	Brachyspira	2
SRR14919240	Marinobacter	2
SRR14919241	Brachybacterium	1
SRR14919235	Asteroleplasma	1
SRR14919238	Picrophilus	1
SRR14919237	Caldithrix	1
SRR14919246	Ferrovum	4
SRR14919245	Alterococcus	1
SRR14919237	Alicyclobacillus	4
SRR14919241	Mesoplasma	9
SRR14919241	Propionigenium	1
SRR14919235	Alcaligenes	2
SRR14919242	Oleispira	1
SRR14919241	Ehrlichia	2
SRR14919246	Desulfuromonas	1
SRR14919243	Sedimentibacter	81
SRR14919239	Rubritalea	1
SRR14919238	Acidianus	3
SRR14919235	Turicibacter	61
SRR14919237	Methanolinea	1
SRR14919238	Sulfitobacter	1
SRR14919244	Alteribacillus	1
SRR14919239	Oenococcus	2
SRR14919241	Desulfosporomusa	1
SRR14919241	Chlorobium	1
SRR14919241	Trachelomonas	1
SRR14919235	Cobetia	3
SRR14919243	Lactobacillus	372
SRR14919246	Ethanoligenens	2
SRR14919240	Helicobacter	325
SRR14919239	Geothrix	1
SRR14919236	Methylobacter	3
SRR14919242	Desulfurispora	10
SRR14919238	Azotobacter	12
SRR14919239	Tepidimicrobium	2
SRR14919239	Methanosarcina	2
SRR14919243	Paraeggerthella	1
SRR14919246	Tumebacillus	1
SRR14919240	Caldithrix	3
SRR14919239	Sphaerisporangium	1
SRR14919236	Acetitomaculum	15
SRR14919238	Eubacterium	44456
SRR14919238	Youngiibacter	41
SRR14919236	Bosea	1
SRR14919237	Metallosphaera	1
SRR14919243	Chromobacterium	1
SRR14919244	Xylanibacter	4
SRR14919241	Sharpea	1
SRR14919241	Methanolobus	39
SRR14919240	Sporobacter	1623
SRR14919239	Sporomusa	38
SRR14919237	Sinorhizobium	4
SRR14919242	Agarivorans	64
SRR14919243	Thermoanaerobacterium	85
SRR14919238	Haemophilus	233
SRR14919239	Nitrobacter	1
SRR14919246	Lachnospira	16
SRR14919244	Anaerosporobacter	57
SRR14919241	Aequorivita	1
SRR14919235	Enterococcus	307
SRR14919238	Salinibacter	1
SRR14919245	Ilyobacter	1
SRR14919239	Selenomonas	162
SRR14919235	Bacteriovorax	1
SRR14919239	Thermoanaerobacter	5
SRR14919238	Methylohalomonas	1
SRR14919236	Butyricicoccus	21
SRR14919244	Cellulosibacter	1
SRR14919240	Algivirga	1
SRR14919238	Salmonella	1
SRR14919239	Peptococcus	5
SRR14919237	Vagococcus	1
SRR14919238	Desulfotignum	1
SRR14919243	Chryseobacterium	14
SRR14919238	Cellulomonas	1
SRR14919242	Paenibacillus	456
SRR14919245	Oceanistipes	1
SRR14919240	Haloplasma	1
SRR14919238	Cerasibacillus	1
SRR14919241	Pseudanabaena	11
SRR14919240	Syntrophococcus	28
SRR14919240	Gelidiella	2
SRR14919240	Nocardioides	6
SRR14919238	Novispirillum	1
SRR14919236	Rubidimonas	2
SRR14919235	Syntrophothermus	78
SRR14919246	Succinivibrio	1
SRR14919240	Collinsella	1
SRR14919245	Butyrivibrio	463
SRR14919236	Ignavibacterium	1
SRR14919240	Variovorax	1
SRR14919238	Megasphaera	116
SRR14919246	Pseudoflavonifractor	22
SRR14919242	Cytophaga	153
SRR14919235	Gemmiger	2
SRR14919236	Woodsholea	2
SRR14919235	Perexilibacter	1
SRR14919241	Salmonella	2
SRR14919240	Vagococcus	2
SRR14919237	Proteiniphilum	4
SRR14919243	Rhodospira	1
SRR14919239	Winogradskyella	51
SRR14919243	Pseudendoclonium	2
SRR14919244	Petrimonas	2
SRR14919239	Thermococcus	1
SRR14919236	Catabacter	2
SRR14919236	Zobellia	1
SRR14919241	Xenorhabdus	3
SRR14919239	Alloprevotella	1
SRR14919236	Oribacterium	35
SRR14919246	Roseburia	274
SRR14919243	Odoribacter	54
SRR14919239	Leptonema	2
SRR14919239	Fervidobacterium	2
SRR14919236	Tuberibacillus	1
SRR14919236	Ekhidna	1
SRR14919238	Fibrisoma	1
SRR14919236	Aggregatibacter	23
SRR14919235	Lutibacter	1
SRR14919246	Hyphomonas	1
SRR14919241	Holospora	1
SRR14919241	Arthrospira	1
SRR14919245	Leptolyngbya	1
SRR14919236	Leucobacter	1
SRR14919243	Catenibacterium	102
SRR14919245	Thioploca	1
SRR14919244	Dietzia	2
SRR14919238	Thermotoga	1
SRR14919236	Butyricimonas	9
SRR14919236	Arthrobacter	5
SRR14919243	Marinomonas	1
SRR14919245	Proteocatella	1
SRR14919238	Shimazuella	1
SRR14919236	Actinoplanes	1
SRR14919240	Desulfuromusa	1
SRR14919240	Kocuria	4
SRR14919245	Coprobacillus	1
SRR14919240	Methanomassiliicoccus	1
SRR14919235	Anaerofustis	2
SRR14919244	Faecalibacterium	19083
SRR14919238	Flavonifractor	699
SRR14919242	Erysipelothrix	3
SRR14919241	Pasteurella	40
SRR14919237	Flavisolibacter	3
SRR14919238	Natronococcus	1
SRR14919239	Leptolinea	1
SRR14919246	Acetanaerobacterium	353
SRR14919241	Persephonella	1
SRR14919246	Oxalophagus	2
SRR14919244	Coprococcus	334
SRR14919240	Staphylococcus	90
SRR14919245	Cesiribacter	1
SRR14919245	Sphingomonas	219
SRR14919235	Desulfatibacillum	1
SRR14919236	Malawimonas	3
SRR14919246	Laribacter	2
SRR14919244	Pseudahrensia	1
SRR14919235	Pigmentiphaga	5
SRR14919239	Geobacter	2
SRR14919243	Rhodothermus	2
SRR14919239	Cronobacter	3
SRR14919242	Acidiferrobacter	1
SRR14919235	Natranaerovirga	82
SRR14919243	Acetonema	1
SRR14919244	Fervidicola	1
SRR14919240	Anaerotruncus	542
SRR14919246	Marinifilum	1
SRR14919245	Altererythrobacter	24
SRR14919236	Thermoactinomyces	2
SRR14919237	Neisseria	39
SRR14919237	Granulosicoccus	1
SRR14919240	Flavobacterium	5
SRR14919246	Natronovirga	1
SRR14919236	Bisgaardia	1
SRR14919246	Sporacetigenium	1
SRR14919237	Ruminobacillus	1
SRR14919241	Bilophila	3
SRR14919235	Parasutterella	17330
SRR14919238	Pseudorhodobacter	2
SRR14919235	Cyanoptyche	28
SRR14919244	Anaerovorax	3
SRR14919243	Coxiella	2
SRR14919242	Methanosphaera	3
SRR14919235	Herminiimonas	1
SRR14919245	Modicisalibacter	1
SRR14919244	Desulfonatronovibrio	4
SRR14919235	Sarcina	6
SRR14919241	Alkaliphilus	6
SRR14919240	Intestinimonas	131
SRR14919239	Corynebacterium	35
SRR14919240	Reinekea	1
SRR14919242	Leptolinea	1
SRR14919236	Ferroplasma	114
SRR14919239	Nitrosospira	1
SRR14919241	Acetobacter	34
SRR14919240	Pelodictyon	1
SRR14919242	Carboxydocella	2
SRR14919246	Chloroflexus	1
SRR14919239	Dechloromonas	1
SRR14919236	Hespellia	27
SRR14919236	Ignisphaera	2
SRR14919244	Anaerobiospirillum	22
SRR14919245	Flexithrix	2
SRR14919237	Ruegeria	69
SRR14919240	Nitrospina	1
SRR14919244	Enhygromyxa	32
SRR14919240	Brochothrix	1
SRR14919239	Thermodesulforhabdus	2
SRR14919235	Geminocystis	5
SRR14919245	Methanobacterium	3
SRR14919241	Azorhizobium	1
SRR14919240	Acetatifactor	22
SRR14919236	Spirulina	4
SRR14919236	Facklamia	6
SRR14919239	Pedomicrobium	1
SRR14919235	Macellibacteroides	3
SRR14919237	Ohtaekwangia	2
SRR14919240	Sporotomaculum	2
SRR14919237	Chitinophaga	1
SRR14919237	Hymenobacter	3
SRR14919241	Algoriphagus	5
SRR14919239	Capreolia	1
SRR14919246	Halothermothrix	1
SRR14919237	Amphibacillus	1
SRR14919241	Rhizosolenia	1
SRR14919243	Sulfurihydrogenibium	3
SRR14919237	Paludibacter	4
SRR14919238	Actinobacillus	132
SRR14919241	Prosthecochloris	1
SRR14919235	Tindallia	2
SRR14919244	Thermoplasma	2
SRR14919242	Methanothermus	1
SRR14919239	Denitrobacterium	7
SRR14919236	Pseudofulvimonas	1
SRR14919244	Legionella	7
SRR14919240	Meniscus	2
SRR14919239	Acidaminobacter	42
SRR14919236	Psychrobacillus	2
SRR14919242	Anaerostipes	801
SRR14919237	Seinonella	2
SRR14919242	Jonesia	2
SRR14919239	Parachlamydia	1
SRR14919238	Methanoculleus	123
SRR14919238	Tannerella	10
SRR14919244	Gordonibacter	67
SRR14919246	Eubostrichus	1
SRR14919245	Dysgonomonas	162
SRR14919246	Methylobacter	1
SRR14919244	Aquitalea	1
SRR14919243	Polaromonas	20
SRR14919238	Halothiobacillus	1
SRR14919235	Finegoldia	2
SRR14919245	Marinobacterium	2
SRR14919243	Desulfurispora	3
SRR14919239	Empedobacter	1
SRR14919237	Anaerorhabdus	1
SRR14919242	Rhodanobacter	2
SRR14919241	Zavarzinella	1
SRR14919242	Psychrobacter	7
SRR14919242	Methanosaeta	4
SRR14919244	Halopelagius	3
SRR14919239	Xanthomonas	12
SRR14919237	Serratia	5
SRR14919243	Acetivibrio	239
SRR14919240	Methanobacterium	2
SRR14919236	Vallitalea	27
SRR14919243	Thermosipho	1
SRR14919244	Desulfovermiculus	1
SRR14919243	Rhodopseudomonas	20
SRR14919242	Caldicellulosiruptor	34
SRR14919240	Methylosinus	1
SRR14919244	Planktolyngbya	1
SRR14919237	Anabaena	3
SRR14919240	Thiocystis	1
SRR14919244	Dyella	1
SRR14919235	Defluviitalea	31
SRR14919236	Aerococcus	6
SRR14919246	Alloscardovia	2
SRR14919241	Tannerella	27
SRR14919244	Piscirickettsia	1
SRR14919239	Kocuria	1
SRR14919239	Euglenaria	2
SRR14919237	Butyricicoccus	24
SRR14919242	Ammonifex	3
SRR14919240	Anaerovibrio	3
SRR14919236	Coleofasciculus	2
SRR14919238	Calochaete	47
SRR14919239	Cylindrospermopsis	1
SRR14919237	Desulfobotulus	1
SRR14919240	Chondromyces	1
SRR14919245	Anaplasma	2
SRR14919245	Desulfofaba	2
SRR14919240	Derxia	19
SRR14919245	Varibaculum	2
SRR14919238	Calothrix	4
SRR14919245	Ruminococcus	2787
SRR14919244	Syntrophobacter	1
SRR14919242	Grimontia	1
SRR14919240	Smithella	1
SRR14919240	Christensenella	5
SRR14919240	Modicisalibacter	1
SRR14919240	Hydrogenoanaerobacterium	37
SRR14919236	Trachelium	99
SRR14919236	Dietzia	4
SRR14919235	Spongiispira	1
SRR14919244	Micrococcus	1
SRR14919235	Chlamydomonas	1
SRR14919242	Euglenaria	8
SRR14919237	Thiocystis	1
SRR14919244	Thermicanus	1
SRR14919242	Nitrosococcus	1
SRR14919244	Lawsonia	2
SRR14919243	Lacinutrix	2
SRR14919239	Salinisphaera	1
SRR14919244	Rhodococcus	2
SRR14919243	Symbiobacterium	11
SRR14919236	Bryopsis	80
SRR14919236	Perexilibacter	1
SRR14919242	Desulfosalsimonas	2
SRR14919242	Metabacterium	1
SRR14919241	Euzebya	9
SRR14919241	Veillonella	490
SRR14919240	Thermoproteus	1
SRR14919244	Caldanaerocella	1
SRR14919239	Methylomonas	84
SRR14919237	Robinsoniella	39
SRR14919241	Calochaete	34
SRR14919244	Roseiflexus	1
SRR14919238	Desulfosoma	1
SRR14919246	Criblamydia	1
SRR14919239	Tonsilliphilus	1
SRR14919235	Atopobium	3
SRR14919235	Vogesella	1
SRR14919236	Adlercreutzia	1
SRR14919242	Gemella	170
SRR14919239	Anaerosalibacter	1
SRR14919237	Methanocalculus	10
SRR14919235	Chroococcidiopsis	1
SRR14919237	Acetitomaculum	94
SRR14919240	Salimesophilobacter	1
SRR14919242	Coenonia	3
SRR14919240	Anaerolinea	1
SRR14919238	Simplicispira	9
SRR14919243	Acinetobacter	95
SRR14919236	Cellulosimicrobium	1
SRR14919238	Metallosphaera	1
SRR14919242	Caminicella	1
SRR14919237	Helcococcus	1
SRR14919243	Natronincola	1
SRR14919237	Balneatrix	1
SRR14919245	Leptotrichia	1
SRR14919238	Allobaculum	9
SRR14919238	Rapidithrix	1
SRR14919243	Marinoscillum	2
SRR14919243	Prevotella	391
SRR14919246	Butyricimonas	4
SRR14919238	Acidaminococcus	5
SRR14919236	Propionispora	1
SRR14919237	Entomoplasma	2
SRR14919242	Planomicrobium	1
SRR14919235	Phascolarctobacterium	6
SRR14919244	Aminivibrio	1
SRR14919236	Halorubellus	1
SRR14919238	Thermogymnomonas	274
SRR14919246	Sedimentibacter	73
SRR14919235	Porifericola	1
SRR14919236	Alcaligenes	1
SRR14919236	Desulfohalobium	1
SRR14919239	Buchnera	360
SRR14919235	Desmonostoc	2
SRR14919242	Cohnella	4
SRR14919240	Pseudospirillum	1
SRR14919237	Luteolibacter	2
SRR14919235	Ectothiorhodospira	1
SRR14919246	Comamonas	1
SRR14919237	Caldivirga	1
SRR14919240	Daucus	1
SRR14919239	Azotobacter	4
SRR14919246	Paraeggerthella	2
SRR14919236	Dichotomicrobium	1
SRR14919236	Porphyrobacter	1
SRR14919238	Anaerococcus	363
SRR14919242	Geotoga	1
SRR14919240	Pseudomonas	281
SRR14919240	Herpetosiphon	1
SRR14919239	Eubacterium	37469
SRR14919241	Flavobacterium	5
SRR14919238	Carnobacterium	2
SRR14919239	Agrococcus	2
SRR14919236	Parasutterella	9252
SRR14919236	Enterobacter	27
SRR14919238	Proteiniphilum	2
SRR14919243	Methanosphaera	2
SRR14919236	Porphyromonas	95
SRR14919237	Saccharibacillus	2
SRR14919244	Proteus	12
SRR14919241	Sporobacter	3
SRR14919243	Propionibacterium	1
SRR14919236	Blattabacterium	79
SRR14919239	Haemophilus	208
SRR14919245	Pleurocapsa	1
SRR14919240	Hymenopellis	2
SRR14919242	Aequorivita	1
SRR14919241	Nocardia	4
SRR14919239	Mogibacterium	16
SRR14919244	Histophilus	2
SRR14919243	Halomonas	11
SRR14919242	Nitrosopumilus	1
SRR14919242	Tepidimicrobium	11
SRR14919245	Tissierella	3
SRR14919245	Arcicella	108
SRR14919239	Trichococcus	164
SRR14919242	Pyramidobacter	1
SRR14919238	Lepocinclis	1
SRR14919243	Syntrophococcus	12
SRR14919241	Paracoccus	5
SRR14919242	Ancalomicrobium	1
SRR14919235	Ornithobacterium	2
SRR14919246	Haloquadratum	1
SRR14919245	Halobellus	4
SRR14919236	Neochlamydia	1
SRR14919245	Alistipes	31875
SRR14919244	Methanothermobacter	1
SRR14919242	Pseudochlorella	13
SRR14919246	Salinivibrio	12
SRR14919238	Listeria	3
SRR14919235	Marinobacter	3
SRR14919244	Filifactor	1
SRR14919244	Pelosinus	1
SRR14919239	Megasphaera	99
SRR14919239	Flavonifractor	594
SRR14919242	Chlamydia	6
SRR14919241	Desulfotalea	228
SRR14919237	Parvimonas	1
SRR14919242	Achromatium	1
SRR14919235	Megamonas	1
SRR14919243	Actinobaculum	1
SRR14919242	Algimonas	3
SRR14919235	Pectobacterium	8
SRR14919241	Staphylococcus	15
SRR14919242	Thorsellia	1
SRR14919241	Emticicia	5
SRR14919245	Oscillospira	2069
SRR14919244	Carboxydothermus	1
SRR14919237	Anaeroglobus	1
SRR14919244	Achromobacter	3
SRR14919237	Phormidium	5
SRR14919244	Geothrix	1
SRR14919242	Xenorhabdus	5
SRR14919238	Cryptanaerobacter	2
SRR14919244	Odoribacter	224
SRR14919243	Sporolactobacillus	1
SRR14919239	Actinobacillus	112
SRR14919235	Helicobacter	230
SRR14919238	Paracoccus	3
SRR14919241	Solitalea	1
SRR14919239	Aggregatibacter	1
SRR14919241	Volucribacter	3
SRR14919245	Aureimarina	1
SRR14919242	Trichormus	1
SRR14919236	Planktothrix	15
SRR14919240	Thalassiosira	61
SRR14919238	Terrahaemophilus	2
SRR14919242	Tistrella	1
SRR14919238	Gallionella	1
SRR14919246	Catenibacterium	126
SRR14919244	Telmatobacter	1
SRR14919242	Arthrospira	1
SRR14919239	Methanoculleus	96
SRR14919246	Wolbachia	1
SRR14919241	Intestinimonas	1
SRR14919237	Leucobacter	4
SRR14919238	Vibrio	144
SRR14919244	Parasegetibacter	1
SRR14919243	Agarivorans	34
SRR14919240	Parvimonas	4
SRR14919243	Rubrivivax	1
SRR14919242	Azospirillum	6
SRR14919239	Xylanibacter	3
SRR14919245	Roseomonas	2
SRR14919244	Marinomonas	4
SRR14919236	Moraxella	1
SRR14919244	Thermodesulfatator	2
SRR14919236	Leptosira	1
SRR14919242	Gluconobacter	1
SRR14919240	Phormidium	7
SRR14919235	Pedobacter	12
SRR14919244	Codium	11
SRR14919242	Pasteurella	66
SRR14919238	Globicatella	2
SRR14919236	Scardovia	1
SRR14919236	Cerasicoccus	2
SRR14919237	Malawimonas	2
SRR14919235	Duganella	1
SRR14919246	Garciella	1
SRR14919245	Defluviitalea	32
SRR14919238	Natranaerovirga	56
SRR14919239	Trichormus	1
SRR14919245	Lewinella	14
SRR14919235	Nocardioides	1
SRR14919239	Dendrosporobacter	1
SRR14919238	Butyricicoccus	10
SRR14919242	Blautia	7688
SRR14919237	Methanohalophilus	1
SRR14919243	Anaeroplasma	7
SRR14919240	Gemmiger	803
SRR14919240	Flavisolibacter	2
SRR14919235	Desulfobacter	3
SRR14919242	Fibrobacter	2
SRR14919236	Cyanoptyche	60
SRR14919236	Magnetococcus	1
SRR14919245	Anaerovorax	1
SRR14919246	Strombomonas	1
SRR14919240	Oxobacter	17
SRR14919235	Chamaesiphon	1
SRR14919241	Tepidibacter	1
SRR14919236	Alkalibacter	1
SRR14919245	Bulleidia	132
SRR14919246	Catabacter	5
SRR14919243	Treponema	181
SRR14919236	Lamprocystis	1
SRR14919238	Moritella	1
SRR14919242	Acetobacter	34
SRR14919240	Haloferax	153
SRR14919244	Thermoanaerobacter	10
SRR14919239	Dethiosulfovibrio	1
SRR14919241	Zobellia	1
SRR14919235	Desulfurococcus	1
SRR14919243	Singulisphaera	1
SRR14919236	Sutterella	1
SRR14919236	Natrinema	1
SRR14919237	Ignisphaera	1
SRR14919243	Actinomadura	4
SRR14919237	Microbispora	1
SRR14919240	Streptobacillus	1
SRR14919240	Pyrobaculum	165
SRR14919238	Geobacillus	4
SRR14919237	Fusobacterium	8
SRR14919235	Sphaerochaeta	1
SRR14919239	Bacillus	1460
SRR14919244	Escherichia/Shigella	21
SRR14919243	Thermolithobacter	55
SRR14919235	Dethiobacter	1
SRR14919245	Enhygromyxa	28
SRR14919242	Thiohalospira	3
SRR14919241	Brochothrix	1
SRR14919238	Azoarcus	1
SRR14919242	Winogradskyella	61
SRR14919241	Extensimonas	1
SRR14919242	Corynebacterium	44
SRR14919236	Methanolobus	85
SRR14919246	Methanococcoides	18
SRR14919240	Desulfovibrio	414
SRR14919239	Acidimicrobium	1
SRR14919237	Natronomonas	1
SRR14919236	Mycobacterium	27
SRR14919246	Sporosarcina	1
SRR14919240	Acidovorax	1
SRR14919240	Papillibacter	263
SRR14919238	Acetitomaculum	111
SRR14919242	Gracilariopsis	1
SRR14919241	Desulfoluna	1
SRR14919239	Metallosphaera	1
SRR14919239	Nitrosomonas	3
SRR14919239	Roseivirga	1
SRR14919245	Aerosakkonema	1
SRR14919239	Litoribacter	1
SRR14919245	Coprococcus	232
SRR14919246	Natrialba	1
SRR14919238	Gelria	2
SRR14919246	Pylaiella	1
SRR14919246	Natronoanaerobium	1
SRR14919242	Halorubrum	40
SRR14919245	Acidithiobacillus	1
SRR14919245	Erwinia	2
SRR14919239	Sediminicola	1
SRR14919245	Haladaptatus	5
SRR14919237	Robiginitomaculum	1
SRR14919238	Leptothrix	2
SRR14919241	Pseudorhodobacter	1
SRR14919238	Spiroplasma	4
SRR14919238	Rhodothermus	2
SRR14919235	Negativicoccus	1
SRR14919236	Proteus	19
SRR14919244	Olsenella	82
SRR14919239	Alkalibaculum	24
SRR14919240	Photobacterium	1
SRR14919235	Desulfonema	2
SRR14919240	Leadbetterella	3
SRR14919236	Catonella	2
SRR14919240	Virgibacillus	20
SRR14919242	Roseivirga	1
SRR14919245	Thiothrix	3
SRR14919237	Ferroplasma	68
SRR14919241	Pelodictyon	1
SRR14919244	Polaromonas	27
SRR14919241	Ureaplasma	7
SRR14919239	Solobacterium	7
SRR14919235	Oscillochloris	8
SRR14919238	Campylobacter	44
SRR14919236	Alkaliphilus	25
SRR14919238	Cellulosilyticum	5
SRR14919244	Acetivibrio	86
SRR14919241	Leptothrix	4
SRR14919239	Halorubrum	48
SRR14919241	Caldanaerobacter	1
SRR14919240	Halorhodospira	2
SRR14919235	Maricaulis	2
SRR14919246	Vallitalea	2
SRR14919242	Acidaminobacter	56
SRR14919241	Olleya	2
SRR14919243	Pseudoalteromonas	32
SRR14919239	Proteiniphilum	2
SRR14919236	Limibacter	1
SRR14919246	Porphyromonas	85
SRR14919244	Selaginella	1
SRR14919239	Shimwellia	1
SRR14919243	Constrictibacter	2
SRR14919242	Ruegeria	100
SRR14919237	Oceanimonas	1
SRR14919243	Sphingobacterium	108
SRR14919239	Desulfobacula	1
SRR14919235	Sulfurivirga	1
SRR14919236	Leifsonia	1
SRR14919236	Halomicrobium	1
SRR14919246	Aerococcus	3
SRR14919243	Oleispira	1
SRR14919242	Ehrlichia	2
SRR14919238	Polynucleobacter	1
SRR14919235	Citrobacter	1
SRR14919238	Flectobacillus	1
SRR14919236	Thermoanaerobaculum	1
SRR14919236	Azorhizobium	1
SRR14919238	Dialister	12
SRR14919241	Thermodesulfobacterium	2
SRR14919243	Halobacterium	10
SRR14919238	Ureaplasma	5
SRR14919240	Clostridium	6296
SRR14919237	Oerskovia	2
SRR14919241	Streptomyces	468
SRR14919237	Thiomargarita	186
SRR14919243	Petrotoga	2
SRR14919245	Uruburuella	1
SRR14919235	Peptostreptococcus	1
SRR14919246	Varibaculum	1
SRR14919243	Christensenella	11
SRR14919241	Ralstonia	4
SRR14919236	Algoriphagus	7
SRR14919240	Iodobacter	2
SRR14919246	Trachelium	51
SRR14919238	Centipeda	3
SRR14919236	Syntrophobotulus	1
SRR14919244	Heliobacillus	1
SRR14919244	Erysipelothrix	2
SRR14919236	Oceaniserpentilla	1
SRR14919246	Nocardia	3
SRR14919246	Agromyces	1
SRR14919242	Oceanirhabdus	5
SRR14919237	Hydrogenoanaerobacterium	41
SRR14919242	Staphylococcus	18
SRR14919239	Thermoplasma	1
SRR14919242	Veillonella	35
SRR14919238	Trachelomonas	1
SRR14919238	Chrysodidymus	95
SRR14919243	Hellea	1
SRR14919237	Anaerostipes	2231
SRR14919238	Zavarzinia	2
SRR14919245	Finegoldia	1
SRR14919239	Pelobacter	2
SRR14919246	Promicromonospora	1
SRR14919242	Pseudoteredinibacter	29
SRR14919239	Longilinea	2
SRR14919236	Fusicatenibacter	383
SRR14919246	Rhizobium	3
SRR14919242	Desulfacinum	1
SRR14919235	Marinimicrobium	1
SRR14919240	Macellibacteroides	11
SRR14919239	Segetibacter	1
SRR14919242	Flavobacterium	6
SRR14919238	Pseudovibrio	1
SRR14919241	Anaerolinea	2
SRR14919241	Methanococcoides	20
SRR14919236	Zavarzinella	3
SRR14919236	Anaerobranca	1
SRR14919235	Roseburia	1167
SRR14919238	Pricia	1
SRR14919242	Serratia	10
SRR14919238	Helcococcus	1
SRR14919237	Parasutterella	249
SRR14919244	Methanosphaera	1
SRR14919239	Halopelagius	3
SRR14919241	Parvularcula	1
SRR14919242	Intestinimonas	260
SRR14919239	Rapidithrix	1
SRR14919239	Allobaculum	15
SRR14919236	Ruminofilibacter	2
SRR14919245	Avibacterium	7
SRR14919235	Acetohalobium	2
SRR14919245	Pusillimonas	1
SRR14919242	Anabaena	8
SRR14919240	Desulfitispora	1
SRR14919239	Acidianus	1
SRR14919245	Gemmiger	1195
SRR14919243	Cytophaga	27
SRR14919240	Empedobacter	2
SRR14919238	Brenneria	3
SRR14919242	Pelobacter	4
SRR14919240	Methanocalculus	27
SRR14919236	Caldimonas	1
SRR14919245	Actinokineospora	1
SRR14919244	Acholeplasma	11
SRR14919238	Pseudanabaena	7
SRR14919242	Thermoanaerobacterium	142
SRR14919235	Anaerovibrio	2
SRR14919244	Xylella	80
SRR14919235	Deinococcus	4
SRR14919244	Methanococcus	1
SRR14919244	Caloranaerobacter	1
SRR14919235	Yaniella	3
SRR14919242	Massilia	2
SRR14919238	Hydrotalea	2
SRR14919243	Nonomuraea	1
SRR14919238	Zoogloea	1
SRR14919244	Stenoxybacter	1
SRR14919235	Salimesophilobacter	1
SRR14919242	Aristoptilon	1
SRR14919245	Micrococcus	1
SRR14919242	Holospora	7
SRR14919245	Persicirhabdus	2
SRR14919242	Sporotomaculum	1
SRR14919241	Rhodopirellula	1
SRR14919236	Pectobacterium	9
SRR14919246	Thioploca	2
SRR14919236	Kroppenstedtia	1
SRR14919245	Desulfobacter	2
SRR14919236	Myxococcus	17
SRR14919242	Catellicoccus	1
SRR14919239	Blattabacterium	50
SRR14919236	Moryella	5
SRR14919241	Bryopsis	64
SRR14919245	Oscillatoria	50
SRR14919246	Isobaculum	1
SRR14919237	Melissococcus	1
SRR14919242	Desulfobacterium	10
SRR14919246	Pleurocapsa	3
SRR14919242	Asterionella	1
SRR14919238	Chondrus	1
SRR14919240	Microcystis	502
SRR14919236	Prolixibacter	1
SRR14919236	Pseudoflavonifractor	40
SRR14919246	Tissierella	2
SRR14919241	Hydrotalea	1
SRR14919237	Erwinia	1
SRR14919246	Syntrophococcus	11
SRR14919244	Gracilibacter	8
SRR14919239	Borrelia	5
SRR14919239	Lepocinclis	1
SRR14919241	Lachnoanaerobaculum	3
SRR14919238	Halobaculum	4
SRR14919239	Desulfosporosinus	4
SRR14919235	Streptococcus	159
SRR14919244	Caldicoprobacter	2
SRR14919240	Methylomonas	98
SRR14919238	Natronincola	7
SRR14919242	Nevskia	1
SRR14919245	Pseudochlorella	6
SRR14919242	Psychromonas	4
SRR14919240	Johnsonella	6
SRR14919245	Methanosphaerula	23
SRR14919241	Hydrogenophilus	1
SRR14919237	Desulfuromusa	2
SRR14919235	Mangroviflexus	1
SRR14919237	Alcaligenes	1
SRR14919241	Kingella	1
SRR14919244	Methanocella	170
SRR14919242	Bilophila	5
SRR14919239	Paenibacillus	470
SRR14919244	Halonotius	1
SRR14919240	Euglena	23
SRR14919243	Maricurvus	1
SRR14919243	Achromatium	2
SRR14919236	Desmonostoc	3
SRR14919240	Trichococcus	208
SRR14919239	Stenotrophomonas	5
SRR14919244	Buchnera	292
SRR14919240	Nonlabens	1
SRR14919239	Peptoclostridium	59
SRR14919246	Thermoactinomyces	3
SRR14919246	Altererythrobacter	32
SRR14919235	Vibrio	118
SRR14919235	Balneola	1
SRR14919237	Hespellia	14
SRR14919235	Thermodesulfobacterium	1
SRR14919240	Thermanaeromonas	1
SRR14919245	Elstera	1
SRR14919241	Pseudomonas	220
SRR14919239	Desulfococcus	1
SRR14919239	Ochromonas	4
SRR14919239	Butyricicoccus	5
SRR14919237	Anaerotruncus	1304
SRR14919243	Ureibacillus	2
SRR14919236	Vulcanibacillus	9
SRR14919245	Odoribacter	791
SRR14919237	Moorella	1
SRR14919240	Paraprevotella	33
SRR14919235	Alteromonas	1
SRR14919244	Gemmata	1
SRR14919236	Methylobacterium	45
SRR14919239	Desulfobotulus	2
SRR14919236	Halococcus	4
SRR14919242	Thalassomonas	149
SRR14919241	Codium	12
SRR14919239	Gallionella	2
SRR14919235	Hoeflea	1
SRR14919238	Pelistega	1
SRR14919242	Sporobacter	5245
SRR14919245	Desulfotomaculum	74
SRR14919238	Leucobacter	1
SRR14919244	Agarivorans	45
SRR14919240	Proteocatella	1
SRR14919242	Deferribacter	2
SRR14919241	Fervidicoccus	1
SRR14919244	Sulfobacillus	10
SRR14919245	Anaerobiospirillum	14
SRR14919242	Pseudonocardia	1
SRR14919240	Coprobacillus	30
SRR14919245	Histophilus	1
SRR14919235	Prototheca	4
SRR14919244	Desulfobulbus	5
SRR14919240	Actinopolyspora	1
SRR14919240	Cyanidium	1
SRR14919243	Myroides	3
SRR14919245	Pedobacter	15
SRR14919242	Aggregatibacter	1
SRR14919235	Echinicola	1
SRR14919242	Ochromonas	8
SRR14919240	Bordetella	1
SRR14919238	Anaerosporobacter	44
SRR14919244	Natronorubrum	5
SRR14919242	Collinsella	688
SRR14919235	Haloglycomyces	1
SRR14919243	Nostoc	1
SRR14919238	Neisseria	85
SRR14919246	Mycobacterium	8
SRR14919240	Actinokineospora	1
SRR14919236	Macellibacteroides	7
SRR14919236	Tindallia	1
SRR14919237	Niabella	1
SRR14919239	Acetitomaculum	115
SRR14919237	Magnetospirillum	1
SRR14919243	Thermoflavimicrobium	2
SRR14919237	Acetatifactor	6
SRR14919235	Barnesiella	92
SRR14919238	Amycolatopsis	1
SRR14919236	Thermosyntropha	2
SRR14919243	Listeria	1
SRR14919236	Idiomarina	7
SRR14919242	Novosphingobium	2
SRR14919243	Morganella	1
SRR14919242	Delftia	1
SRR14919236	Desulfotalea	455
SRR14919235	Corallococcus	3
SRR14919239	Kinetoplastibacterium	20
SRR14919237	Cyanoptyche	24
SRR14919246	Anaerovorax	1
SRR14919244	Rhodobium	1
SRR14919243	Acetobacter	21
SRR14919241	Natranaerovirga	13
SRR14919244	Arcobacter	3
SRR14919236	Negativicoccus	5
SRR14919246	Syntrophothermus	65
SRR14919238	Ignisphaera	3
SRR14919245	Erysipelothrix	2
SRR14919243	Granulosicoccus	4
SRR14919241	Pyrobaculum	120
SRR14919239	Geobacillus	7
SRR14919241	Butyrivibrio	371
SRR14919245	Epulopiscium	2
SRR14919245	Ignatzschineria	1
SRR14919240	Aeromonas	44
SRR14919237	Desulfurella	1
SRR14919244	Dickeya	2
SRR14919235	Adhaeribacter	24
SRR14919246	Enhygromyxa	20
SRR14919245	Winogradskyella	40
SRR14919242	Brochothrix	1
SRR14919235	Gelria	1
SRR14919245	Corynebacterium	22
SRR14919244	Chromatium	1
SRR14919245	Bigelowiella	1
SRR14919237	Spirulina	4
SRR14919236	Oscillochloris	9
SRR14919238	Aliivibrio	1
SRR14919245	Marinomonas	3
SRR14919239	Methanothermobacter	1
SRR14919235	Brevibacillus	25
SRR14919245	Phytophthora	31
SRR14919244	Peptoniphilus	118
SRR14919239	Psychrobacter	4
SRR14919237	Leptospira	34
SRR14919245	Salinicoccus	1
SRR14919243	Holdemania	5
SRR14919242	Terasakiella	1
SRR14919237	Azospirillum	2
SRR14919243	Flavobacterium	2
SRR14919236	Xylella	167
SRR14919241	Halorhodospira	1
SRR14919242	Desulfoluna	1
SRR14919239	Allisonella	52
SRR14919243	Pasteurella	43
SRR14919240	Methanosphaerula	24
SRR14919245	Methanosphaera	3
SRR14919242	Mucilaginibacter	10
SRR14919246	Coprococcus	107
SRR14919243	Intestinimonas	173
SRR14919242	Tumebacillus	2
SRR14919237	Allofustis	1
SRR14919238	Malawimonas	3
SRR14919240	Methanohalophilus	3
SRR14919238	Lysobacter	51
SRR14919245	Carboxydocella	1
SRR14919242	Azospira	1
SRR14919244	Nitrosopumilus	1
SRR14919240	Eutreptia	203
SRR14919243	Sulfitobacter	1
SRR14919244	Pyramidobacter	1
SRR14919239	Euglena	24
SRR14919237	Paenisporosarcina	1
SRR14919246	Runella	1
SRR14919241	Mycoplasma	287
SRR14919240	Leptospira	88
SRR14919245	Aquitalea	1
SRR14919243	Fibrobacter	2
SRR14919240	Thermophagus	1
SRR14919236	Bifidobacterium	79
SRR14919235	Sphingobium	2
SRR14919241	Methylobacter	1
SRR14919238	Anaeroplasma	3
SRR14919236	Atopobium	10
SRR14919245	Granulicella	3
SRR14919238	Ferroplasma	86
SRR14919245	Polaromonas	18
SRR14919243	Roseibacillus	1
SRR14919243	Alicyclobacillus	8
SRR14919243	Youngiibacter	38
SRR14919240	Desulfotomaculum	112
SRR14919236	Planococcus	2
SRR14919236	Tepidibacter	1
SRR14919241	Lysobacter	36
SRR14919239	Haloferula	1
SRR14919241	Cesiribacter	2
SRR14919237	Melittangium	1
SRR14919242	Rhodopirellula	2
SRR14919242	Sinorhizobium	6
SRR14919235	Hyphomonas	2
SRR14919237	Pectobacterium	7
SRR14919237	Malonomonas	1
SRR14919245	Maricaulis	2
SRR14919241	Methanomethylovorans	1
SRR14919240	Cardiobacterium	1
SRR14919236	Tepidiphilus	1
SRR14919243	Staphylococcus	8
SRR14919245	Thermosipho	1
SRR14919240	Eggerthella	86
SRR14919239	Metabacterium	1
SRR14919238	Actinomadura	9
SRR14919244	Bacillus	1101
SRR14919235	Fontibacter	72
SRR14919243	Sphingopyxis	1
SRR14919243	Howardella	51
SRR14919238	Erythrobacter	1
SRR14919243	Ammonifex	1
SRR14919238	Mycoplasma	291
SRR14919241	Thioalkalispira	1
SRR14919240	Catellatospora	1
SRR14919243	Desulfotignum	3
SRR14919243	Gracilaria	5
SRR14919237	Glaciecola	1
SRR14919243	Novispirillum	88
SRR14919246	Anaplasma	1
SRR14919235	Kouleothrix	1
SRR14919239	Calothrix	3
SRR14919244	Aglaothamnion	1
SRR14919237	Elstera	1
SRR14919241	Caminibacter	1
SRR14919241	Clostridium	4764
SRR14919245	Streptococcus	174
SRR14919236	Dehalobacterium	2
SRR14919236	Thermaerobacter	1
SRR14919246	Christensenella	4
SRR14919236	Gemmata	1
SRR14919246	Uruburuella	1
SRR14919236	Chryseobacterium	34
SRR14919242	Marivirga	2
SRR14919243	Acidilobus	10
SRR14919239	Spiroplasma	3
SRR14919236	Mangroviflexus	7
SRR14919235	Coraliomargarita	3
SRR14919246	Bryopsis	33
SRR14919236	Ectothiorhodospira	1
SRR14919242	Coleofasciculus	1
SRR14919236	Desulfonema	1
SRR14919242	Desulfomonile	1
SRR14919235	Pricia	1
SRR14919240	Nitrosomonas	4
SRR14919244	Coprothermobacter	51
SRR14919241	Syntrophothermus	99
SRR14919245	Desulfurobacterium	2
SRR14919240	Litoribacter	1
SRR14919239	Solanum	1
SRR14919237	Kurthia	1
SRR14919242	Reichenbachiella	1
SRR14919245	Rheinheimera	1
SRR14919244	Halomonas	13
SRR14919240	Hassallia	1
SRR14919238	Singularimonas	1
SRR14919238	Marinimicrobium	1
SRR14919236	Kandleria	1
SRR14919246	Mannheimia	1
SRR14919246	Ferrithrix	1
SRR14919241	Sphingomonas	219
SRR14919245	Acidaminobacter	27
SRR14919245	Acetivibrio	170
SRR14919239	Nitrosococcus	1
SRR14919235	Insolitispirillum	1
SRR14919235	Devosia	1
SRR14919242	Photobacterium	1
SRR14919240	Alvinella	3
SRR14919239	Sporanaerobacter	1
SRR14919246	Limibacter	1
SRR14919244	Reclinomonas	66
SRR14919241	Butyricimonas	2
SRR14919235	Snodgrassella	10
SRR14919241	Haloquadratum	1
SRR14919237	Bibersteinia	1
SRR14919242	Salinimicrobium	3
SRR14919245	Thermodesulfatator	1
SRR14919236	Microbulbifer	4
SRR14919237	Halanaerobium	1
SRR14919236	Allobacillus	2
SRR14919242	Proteiniborus	4
SRR14919240	Thermoplasma	4
SRR14919236	Oscillibacter	878
SRR14919236	Merismopedia	1
SRR14919235	Wolbachia	1
SRR14919235	Macrococcus	1
SRR14919244	Desulfonatronobacter	1
SRR14919243	Methanocalculus	12
SRR14919239	Renibacterium	1
SRR14919236	Megamonas	2
SRR14919243	Natronococcus	3
SRR14919242	Halomicronema	1
SRR14919243	Desulfonispora	1
SRR14919243	Alkaliflexus	5
SRR14919239	Blastococcus	1
SRR14919235	Nitrosospira	1
SRR14919242	Emticicia	6
SRR14919239	Perexilibacter	1
SRR14919244	Kangiella	1
SRR14919240	Pigmentiphaga	1
SRR14919242	Chloroflexus	4
SRR14919235	Laribacter	3
SRR14919243	Dehalococcoides	1
SRR14919236	Acetoanaerobium	2
SRR14919236	Deinococcus	2
SRR14919244	Acidaminococcus	146
SRR14919235	Gallibacterium	4
SRR14919237	Phacus	1
SRR14919242	Solitalea	7
SRR14919236	Streptomyces	826
SRR14919246	Vibrio	100
SRR14919241	Thermus	1
SRR14919246	Cobetia	8
SRR14919240	Scherffelia	1
SRR14919236	Nosocomiicoccus	1
SRR14919243	Beijerinckia	64
SRR14919236	Dickeya	7
SRR14919246	Micrococcus	3
SRR14919241	Halomicroarcula	1
SRR14919236	Nicoletella	2
SRR14919236	Glycomyces	7
SRR14919240	Herminiimonas	1
SRR14919236	Rickettsia	6
SRR14919243	Veillonella	10
SRR14919246	Myxococcus	11
SRR14919237	Oceanicoccus	1
SRR14919244	Sporolactobacillus	2
SRR14919239	Salicola	1
SRR14919236	Anoxybacillus	6
SRR14919246	Roseiflexus	1
SRR14919245	Planomicrobium	2
SRR14919239	Selenihalanaerobacter	1
SRR14919243	Exiguobacterium	2
SRR14919235	Fluviicola	1
SRR14919246	Arcicella	71
SRR14919236	Zymophilus	1
SRR14919241	Microcystis	405
SRR14919241	Paraprevotella	33
SRR14919235	Sinorickettsia	1
SRR14919236	Methylogaea	1
SRR14919244	Roseimicrobium	1
SRR14919239	Helcococcus	2
SRR14919237	Thalassiosira	25
SRR14919242	Leadbetterella	2
SRR14919245	Eggerthia	2
SRR14919235	Laceyella	2
SRR14919246	Alistipes	48145
SRR14919245	Adhaeribacter	43
SRR14919239	Halobaculum	6
SRR14919236	Lactonifactor	199
SRR14919246	Lewinella	8
SRR14919242	Blattabacterium	69
SRR14919245	Edaphobacter	1
SRR14919242	Calderihabitans	1
SRR14919246	Vulcanithermus	1
SRR14919237	Oscillochloris	4
SRR14919238	Runella	2
SRR14919245	Brevibacillus	14
SRR14919243	Chlamydia	4
SRR14919238	Alcaligenes	2
SRR14919242	Eubostrichus	1
SRR14919245	Gelidibacter	1
SRR14919241	Dysgonomonas	93
SRR14919245	Dethiosulfatibacter	1
SRR14919245	Cedecea	1
SRR14919239	Parasutterella	1
SRR14919244	Achromatium	1
SRR14919238	Methanobacterium	1
SRR14919240	Halopelagius	1
SRR14919242	Amphibacillus	1
SRR14919237	Faecalibacterium	3563
SRR14919244	Pantoea	4
SRR14919239	Acholeplasma	5
SRR14919235	Lishizhenia	2
SRR14919236	Geopsychrobacter	1
SRR14919240	Yaniella	3
SRR14919235	Pylaiella	1
SRR14919239	Vulcanibacillus	5
SRR14919245	Nitrosopumilus	1
SRR14919238	Enterorhabdus	2
SRR14919245	Thermothrix	1
SRR14919242	Pseudomonas	249
SRR14919244	Xenorhabdus	2
SRR14919243	Tistrella	1
SRR14919246	Odoribacter	608
SRR14919244	Marixanthomonas	1
SRR14919236	Alteromonas	3
SRR14919245	Ochrobactrum	4
SRR14919244	Sorangium	1
SRR14919239	Komagataeibacter	1
SRR14919246	Halococcus	1
SRR14919236	Lachnoanaerobaculum	8
SRR14919236	Fusibacter	3
SRR14919245	Thermoanaerobacter	1
SRR14919243	Sporobacter	2622
SRR14919240	Citreicella	1
SRR14919245	Agarivorans	43
SRR14919241	Moryella	1
SRR14919239	Mobiluncus	1
SRR14919240	Nostoc	3
SRR14919242	Commensalibacter	1
SRR14919236	Desulfosalsimonas	2
SRR14919246	Histophilus	1
SRR14919245	Prototheca	4
SRR14919245	Denitrobacterium	32
SRR14919238	Volucribacter	5
SRR14919246	Erysipelothrix	2
SRR14919245	Aggregatibacter	5
SRR14919237	Propionibacterium	1
SRR14919238	Rothia	3
SRR14919236	Alkalibacterium	2
SRR14919245	Echinicola	1
SRR14919240	Microchaete	2
SRR14919238	Pectobacterium	2
SRR14919241	Ruminococcus	306
SRR14919240	Fervidobacterium	4
SRR14919240	Klebsiella	48
SRR14919244	Staphylococcus	9
SRR14919246	Robiginitalea	1
SRR14919244	Borrelia	9
SRR14919240	Defluviitalea	38
SRR14919236	Methanopyrus	1
SRR14919243	Collinsella	328
SRR14919246	Cymbella	1
SRR14919236	Parvularcula	3
SRR14919241	Johnsonella	5
SRR14919243	Turicibacter	19
SRR14919242	Oxalobacter	1
SRR14919237	Bryobacter	1
SRR14919236	Rhodopseudomonas	42
SRR14919244	Flavobacterium	3
SRR14919239	Thermosyntropha	2
SRR14919235	Methylomonas	63
SRR14919236	Barnesiella	390
SRR14919244	Jeotgalibacillus	1
SRR14919246	Flavisolibacter	1
SRR14919243	Taylorella	41
SRR14919241	Oxobacter	7
SRR14919244	Intestinimonas	244
SRR14919237	Pseudaminobacter	1
SRR14919236	Agrobacterium	242
SRR14919244	Treponema	209
SRR14919239	Moritella	1
SRR14919239	Methanocella	191
SRR14919246	Polaribacter	1
SRR14919241	Haloferax	106
SRR14919238	Aureispira	50
SRR14919238	Cyanoptyche	34
SRR14919242	Desulfitispora	2
SRR14919244	Shewanella	4
SRR14919235	Trichococcus	166
SRR14919238	Pelospora	1
SRR14919244	Natranaerovirga	40
SRR14919237	Klebsiella	20
SRR14919246	Sarcina	1
SRR14919244	Acetobacter	21
SRR14919241	Leptotrichia	1
SRR14919240	Chlamydomonas	2
SRR14919242	Kitasatospora	2
SRR14919242	Rikenella	2
SRR14919246	Granulosicoccus	3
SRR14919236	Chromohalobacter	1
SRR14919242	Nitratiruptor	1
SRR14919242	Moorella	94
SRR14919239	Ignisphaera	3
SRR14919242	Robinsoniella	36
SRR14919238	Ureibacillus	5
SRR14919235	Hydrogenimonas	1
SRR14919242	Pyrobaculum	160
SRR14919235	Spirochaeta	7
SRR14919244	Pectinatus	2
SRR14919242	Salinivibrio	20
SRR14919237	Mesoplasma	2
SRR14919235	Agromyces	1
SRR14919246	Gelria	1
SRR14919241	Anaerosporobacter	520
SRR14919239	Dialister	15
SRR14919239	Fucus	15
SRR14919244	Burkholderia	24
SRR14919243	Simplicispira	8
SRR14919241	Aureispira	36
SRR14919242	Desulfosporosinus	2
SRR14919241	Desulfurococcus	1
SRR14919237	Chlorobium	1
SRR14919235	Cloacibacterium	1
SRR14919246	Wautersiella	1
SRR14919241	Oscillospira	5
SRR14919246	Photorhabdus	3
SRR14919238	Oerskovia	1
SRR14919243	Desulfoluna	1
SRR14919236	Acidobacterium	1
SRR14919245	Thioalkalivibrio	1
SRR14919244	Pasteurella	55
SRR14919245	Snodgrassella	17
SRR14919239	Thiohalospira	9
SRR14919242	Flammeovirga	2
SRR14919238	Cobetia	4
SRR14919246	Microbulbifer	2
SRR14919239	Fructobacillus	2
SRR14919239	Malawimonas	5
SRR14919235	Parasporobacterium	19
SRR14919237	Desulfovibrio	207
SRR14919246	Xanthobacter	2
SRR14919236	Caldithrix	1
SRR14919244	Slackia	58
SRR14919245	Methanolinea	1
SRR14919245	Olsenella	62
SRR14919240	Mesoplasma	7
SRR14919237	Papillibacter	1464
SRR14919246	Methanothermus	1
SRR14919243	Lutimaribacter	1
SRR14919242	Niabella	1
SRR14919238	Rubritalea	1
SRR14919237	Catonella	4
SRR14919246	Idiomarina	3
SRR14919242	Luteolibacter	3
SRR14919246	Thiothrix	1
SRR14919244	Pseudoxanthomonas	1
SRR14919239	Bifidobacterium	3330
SRR14919244	Thalassionema	1
SRR14919244	Fibrobacter	1
SRR14919242	Chthoniobacter	1
SRR14919240	Cetobacterium	1
SRR14919236	Sphingobium	1
SRR14919244	Oribacterium	82
SRR14919236	Algicola	3
SRR14919246	Pricia	1
SRR14919239	Stephanopyxis	1
SRR14919239	Ferroplasma	70
SRR14919246	Oceaniserpentilla	1
SRR14919241	Thermocrinis	1
SRR14919244	Thermogymnomonas	253
SRR14919244	Salinisphaera	1
SRR14919239	Falklandiella	1
SRR14919238	Fucus	13
SRR14919236	Gelidiella	2
SRR14919243	Cardiobacterium	1
SRR14919242	Litorilinea	1
SRR14919241	Porphyromonas	36
SRR14919239	Mechercharimyces	1
SRR14919239	Ferrovum	4
SRR14919239	Oceanirhabdus	2
SRR14919243	Enterococcus	275
SRR14919241	Eggerthella	69
SRR14919240	Olivibacter	31
SRR14919237	Virgibacillus	10
SRR14919244	Schwartzia	1
SRR14919244	Oleispira	1
SRR14919240	Denitrobacterium	29
SRR14919241	Thermoanaerobacterium	90
SRR14919246	Hydrogenoanaerobacterium	44
SRR14919240	Aquifex	1
SRR14919246	Anoxybacillus	1
SRR14919244	Caldisphaera	1
SRR14919241	Oenococcus	1
SRR14919241	Macellibacteroides	1
SRR14919236	Fontibacter	123
SRR14919246	Planomicrobium	1
SRR14919244	Mogibacterium	7
SRR14919243	Anaerofustis	7
SRR14919245	Cylindrospermopsis	1
SRR14919245	Pseudoflavonifractor	43
SRR14919244	Ilyobacter	1
SRR14919241	Arcanobacterium	2
SRR14919241	Yersinia	1
SRR14919235	Thermogladius	114
SRR14919242	Paraprevotella	14
SRR14919239	Halolactibacillus	1
SRR14919237	Citrobacter	1
SRR14919237	Salmonella	2
SRR14919238	Desertibacter	1
SRR14919235	Rhizobium	1
SRR14919236	Vagococcus	1
SRR14919242	Strombomonas	1
SRR14919243	Photobacterium	1
SRR14919236	Pantoea	2
SRR14919236	Rummeliibacillus	2
SRR14919239	Dehalobacterium	2
SRR14919246	Lactonifactor	12
SRR14919242	Clostridium	14297
SRR14919246	Oscillibacter	689
SRR14919242	Ralstonia	4
SRR14919240	Paenisporosarcina	2
SRR14919235	Parabacteroides	409
SRR14919240	Oceanobacillus	2
SRR14919240	Geovibrio	1
SRR14919236	Cryptobacterium	1
SRR14919239	Fulvivirga	2
SRR14919239	Acidithiobacillus	4
SRR14919235	Xylanibacter	1
SRR14919235	Woodsholea	1
SRR14919246	Moryella	1
SRR14919235	Lactobacillus	474
SRR14919237	Desulfonema	1
SRR14919240	Trigonala	1
SRR14919240	Salmonella	2
SRR14919237	Fucus	6
SRR14919241	Ornithobacterium	3
SRR14919240	Olavius	1
SRR14919242	Rhodospira	1
SRR14919244	Fibrella	1
SRR14919236	Gallibacterium	10
SRR14919242	Parvibaculum	1
SRR14919246	Polaromonas	23
SRR14919243	Petrimonas	1
SRR14919240	Tepidimonas	1
SRR14919235	Thermophagus	1
SRR14919235	Catabacter	1
SRR14919236	Roseburia	2234
SRR14919236	Thermovenabulum	1
SRR14919236	Haloplasma	1
SRR14919246	Acetivibrio	67
SRR14919245	Hyphomonas	2
SRR14919236	Oceanistipes	3
SRR14919236	Acetanaerobacterium	5
SRR14919244	Arthrobacter	6
SRR14919243	Ponticoccus	1
SRR14919236	Variovorax	2
SRR14919246	Selaginella	1
SRR14919239	Catellicoccus	2
SRR14919235	Thioploca	3
SRR14919236	Opitutus	1
SRR14919237	Thermotoga	1
SRR14919246	Anaerobiospirillum	11
SRR14919236	Butyrivibrio	561
SRR14919244	Cytophaga	24
SRR14919239	Brenneria	7
SRR14919240	Thioalkalivibrio	1
SRR14919246	Methanocalculus	14
SRR14919243	Vibrio	135
SRR14919241	Marinimicrobium	2
SRR14919240	Solirubrobacter	1
SRR14919236	Sinorickettsia	1
SRR14919245	Hymenobacter	3
SRR14919245	Roseimicrobium	1
SRR14919243	Desulfomicrobium	3
SRR14919245	Yaniella	2
SRR14919240	Thermodesulforhabdus	1
SRR14919238	Succinivibrio	2
SRR14919239	Acetoanaerobium	2
SRR14919238	Sarcina	6
SRR14919245	Laribacter	2
SRR14919238	Oscillochloris	7
SRR14919236	Fucus	15
SRR14919237	Deinococcus	5
SRR14919245	Paludibacter	4
SRR14919243	Holospora	2
SRR14919246	Ammoniphilus	1
SRR14919235	Bacteroides	8455
SRR14919235	Acaricomes	1
SRR14919245	Flavobacterium	2
SRR14919243	Brevundimonas	2
SRR14919242	Calditerricola	2
SRR14919240	Desulfobacter	1
SRR14919236	Leptolyngbya	1
SRR14919237	Synechococcus	2
SRR14919243	Thiorhodovibrio	1
SRR14919238	Thermodesulforhabdus	3
SRR14919246	Agrobacterium	101
SRR14919245	Intestinimonas	221
SRR14919242	Sporosarcina	3
SRR14919240	Abiotrophia	7
SRR14919239	Olavius	1
SRR14919235	Pseudorhodobacter	2
SRR14919236	Halobiforma	1
SRR14919244	Veillonella	20
SRR14919245	Paramoritella	1
SRR14919242	Mesostigma	34
SRR14919243	Desulfitispora	6
SRR14919242	Orientia	51
SRR14919235	Nitrosomonas	6
SRR14919241	Gardnerella	1
SRR14919237	Pseudoramibacter	1
SRR14919246	Zymophilus	1
SRR14919243	Kocuria	2
SRR14919246	Pyramidobacter	1
SRR14919242	Microcystis	555
SRR14919238	Microaerobacter	1
SRR14919239	Sulfurovum	1
SRR14919238	Acidicapsa	1
SRR14919242	Fusobacterium	6
SRR14919243	Anaerolinea	1
SRR14919243	Geminocystis	7
SRR14919245	Caminicella	1
SRR14919245	Acetonema	3
SRR14919239	Thalassomonas	116
SRR14919236	Sphingomonas	340
SRR14919240	Thermotalea	33
SRR14919239	Neisseria	70
SRR14919236	Halosimplex	1
SRR14919245	Blattabacterium	45
SRR14919237	Proteocatella	2
SRR14919241	Mycobacterium	11
SRR14919237	Methylomicrobium	1
SRR14919237	Knoellia	1
SRR14919239	Reclinomonas	65
SRR14919245	Ohtaekwangia	3
SRR14919238	Fervidicoccus	2
SRR14919242	Sulfurihydrogenibium	3
SRR14919243	Bilophila	2
SRR14919237	Coprobacillus	6
SRR14919237	Pseudoalteromonas	22
SRR14919241	Ectothiorhodospira	1
SRR14919235	Fucus	10
SRR14919235	Bonnemaisonia	1
SRR14919236	Sulfurospirillum	2
SRR14919239	Alcaligenes	3
SRR14919244	Tatlockia	1
SRR14919244	Rhodopirellula	1
SRR14919240	Phocaeicola	8
SRR14919237	Natronovirga	3
SRR14919239	Pectobacterium	4
SRR14919240	Cenarchaeum	238
SRR14919245	Staphylococcus	18
SRR14919243	Desulfonauticus	1
SRR14919245	Jonesia	2
SRR14919237	Macellibacteroides	2
SRR14919245	Achromatium	1
SRR14919238	Desmonostoc	1
SRR14919238	Gracilimonas	2
SRR14919238	Actinotalea	1
SRR14919243	Edwardsiella	1
SRR14919238	Alkaliflexus	1
SRR14919238	Hespellia	180
SRR14919239	Paucisalibacillus	1
SRR14919241	Capnocytophaga	2
SRR14919240	Thermincola	1
SRR14919236	Lishizhenia	1
SRR14919237	Chloroflexus	3
SRR14919240	Janthinobacterium	1
SRR14919244	Halomicroarcula	1
SRR14919244	Alkalibaculum	6
SRR14919243	Pseudomonas	173
SRR14919246	Glycomyces	2
SRR14919243	Legionella	11
SRR14919238	Caloranaerobacter	6
SRR14919237	Alteromonas	3
SRR14919241	Caldicellulosiruptor	4
SRR14919246	Rickettsia	3
SRR14919238	Beijerinckia	66
SRR14919237	Tannerella	3
SRR14919246	Fusibacter	3
SRR14919237	Necropsobacter	1
SRR14919238	Facklamia	6
SRR14919245	Arthrospira	1
SRR14919244	Solobacterium	117
SRR14919244	Sporobacter	402
SRR14919243	Campylobacter	35
SRR14919242	Rhabdothermus	1
SRR14919246	Agarivorans	34
SRR14919239	Proteiniclasticum	4
SRR14919240	Riemerella	1
SRR14919242	Marinitoga	1
SRR14919242	Vulcanibacillus	5
SRR14919242	Desulfofustis	1
SRR14919236	Slackia	1
SRR14919235	Vallitalea	29
SRR14919239	Caldicellulosiruptor	10
SRR14919240	Carpothamnion	1
SRR14919241	Salimicrobium	1
SRR14919238	Kinetoplastibacterium	20
SRR14919241	Halomicrobium	2
SRR14919239	Dictyoglomus	1
SRR14919237	Tindallia	1
SRR14919235	Sediminitomix	2
SRR14919244	Collinsella	199
SRR14919235	Aerococcus	3
SRR14919240	Tannerella	6
SRR14919242	Johnsonella	6
SRR14919238	Euglenaria	4
SRR14919245	Thermogladius	102
SRR14919243	Oxalobacter	3
SRR14919235	Thermoplasma	2
SRR14919243	Paraprevotella	7
SRR14919244	Cellulosilyticum	4
SRR14919237	Tetragenococcus	4
SRR14919236	Desulfitibacter	1
SRR14919241	Oscillatoria	47
SRR14919237	Calochaete	27
SRR14919244	Photobacterium	1
SRR14919239	Methanococcoides	34
SRR14919242	Thiomargarita	391
SRR14919244	Succinispira	1
SRR14919244	Euzebya	7
SRR14919237	Eubostrichus	2
SRR14919240	Sneathiella	1
SRR14919236	Dysgonomonas	274
SRR14919244	Tepidanaerobacter	1
SRR14919239	Cyanoptyche	39
SRR14919235	Anaplasma	1
SRR14919244	Thermoanaerobaculum	2
SRR14919245	Pseudonocardia	1
SRR14919244	Polynucleobacter	1
SRR14919241	Oceanobacillus	2
SRR14919237	Subdoligranulum	87
SRR14919235	Halopelagius	2
SRR14919235	Trachelium	62
SRR14919245	Xenorhabdus	1
SRR14919245	Acetobacter	36
SRR14919239	Thiohalomonas	1
SRR14919245	Desulfonispora	1
SRR14919241	Avibacterium	4
SRR14919240	Elusimicrobium	1
SRR14919242	Thermosyntropha	1
SRR14919241	Euglenaria	3
SRR14919241	Aeromonas	27
SRR14919241	Pusillimonas	2
SRR14919236	Hydrocarboniphaga	1
SRR14919242	Lacinutrix	1
SRR14919245	Lactobacillus	479
SRR14919243	Chrysodidymus	75
SRR14919240	Coprobacter	156
SRR14919238	Spirulina	9
SRR14919235	Rhodovulum	1
SRR14919245	Planctomyces	2
SRR14919245	Soehngenia	1
SRR14919245	Methanofollis	1
SRR14919243	Pyrobaculum	116
SRR14919236	Spirochaeta	7
SRR14919240	Mitsuokella	4
SRR14919240	Calochaete	53
SRR14919238	Haloglycomyces	2
SRR14919244	Ammonifex	2
SRR14919241	Crenothrix	1
SRR14919240	Acholeplasma	9
SRR14919235	Anaerobacter	1
SRR14919242	Syntrophobotulus	4
SRR14919238	Cuscuta	1
SRR14919236	Hippea	1
SRR14919239	Sinorhizobium	4
SRR14919244	Desulfoluna	2
SRR14919242	Smithella	1
SRR14919245	Pasteurella	44
SRR14919240	Weissella	14
SRR14919240	Acetohalobium	1
SRR14919244	Proteinimicrobium	1
SRR14919242	Prevotella	583
SRR14919241	Eutreptia	179
SRR14919236	Ruminococcus	932
SRR14919235	Dehalobacter	1
SRR14919242	Marinilabilia	3
SRR14919242	Fusicatenibacter	123
SRR14919243	Mesotoga	1
SRR14919239	Lacinutrix	2
SRR14919245	Geotoga	1
SRR14919239	Dietzia	3
SRR14919237	Barnesiella	983
SRR14919236	Sphingobacterium	191
SRR14919243	Pseudanabaena	5
SRR14919244	Leadbetterella	1
SRR14919238	Snowella	1
SRR14919242	Ruminofilibacter	19
SRR14919235	Kocuria	1
SRR14919246	Anaerococcus	259
SRR14919245	Fibrobacter	3
SRR14919239	Oscillochloris	1
SRR14919240	Desemzia	1
SRR14919237	Ectothiorhodospira	1
SRR14919245	Gemella	150
SRR14919240	Thauera	2
SRR14919245	Natronobacterium	1
SRR14919242	Dyadobacter	2
SRR14919244	Pelodictyon	1
SRR14919244	Planktothrix	6
SRR14919244	Enterobacter	17
SRR14919246	Flavobacterium	5
SRR14919239	Prevotella	639
SRR14919246	Desulfurobacterium	1
SRR14919245	Sporolactobacillus	2
SRR14919236	Leptotrichia	2
SRR14919245	Methermicoccus	1
SRR14919242	Eggerthella	3
SRR14919241	Olivibacter	31
SRR14919242	Bifidobacterium	2060
SRR14919240	Propionibacterium	1
SRR14919236	Pelotomaculum	3
SRR14919242	Desulfocapsa	1
SRR14919240	Methanocella	207
SRR14919237	Fontibacter	50
SRR14919244	Arcanobacterium	3
SRR14919235	Acinetobacter	111
SRR14919238	Thermanaeromonas	2
SRR14919236	Coriobacterium	1
SRR14919235	Arcicella	90
SRR14919246	Thermodesulfatator	1
SRR14919246	Vagococcus	1
SRR14919240	Melioribacter	3
SRR14919239	Burkholderia	17
SRR14919241	Peptostreptococcus	4
SRR14919235	Marinoscillum	5
SRR14919240	Streptococcus	2997
SRR14919235	Desulfobacterium	3
SRR14919240	Paracoccus	10
SRR14919238	Haloleptolyngbya	1
SRR14919238	Butyricimonas	4
SRR14919240	Mitsuaria	1
SRR14919240	Actinomyces	29
SRR14919236	Oscillospira	43
SRR14919243	Nocardioides	3
SRR14919243	Marinobacter	1
SRR14919241	Agrococcus	1
SRR14919243	Clostridium	8806
SRR14919246	Caldithrix	2
SRR14919242	Desulfuromusa	2
SRR14919238	Parabacteroides	5225
SRR14919235	Alistipes	1236
SRR14919237	Flammeovirga	2
SRR14919244	Paenibacillus	251
SRR14919243	Filifactor	1
SRR14919239	Cryptobacterium	1
SRR14919238	Turicibacter	33
SRR14919236	Parvimonas	5
SRR14919246	Staphylococcus	23
SRR14919245	Woodsholea	1
SRR14919237	Caldicoprobacter	2
SRR14919244	Alkalibacter	3
SRR14919235	Acrocarpospora	1
SRR14919236	Formosa	1
SRR14919238	Desulfonema	1
SRR14919245	Halomonas	13
SRR14919241	Hassallia	1
SRR14919241	Mesorhizobium	4
SRR14919243	Helicobacter	266
SRR14919240	Akkermansia	139
SRR14919244	Desulfococcus	1
SRR14919242	Anaerotruncus	438
SRR14919242	Capnocytophaga	1
SRR14919236	Phormidium	6
SRR14919240	Desulfatitalea	1
SRR14919246	Haloplasma	1
SRR14919237	Paracoccus	5
SRR14919236	Dethiosulfovibrio	1
SRR14919240	Vibrio	196
SRR14919235	Alcanivorax	1
