"Taxon","Prevalence","Mean_Abundance","Max_Abundance","Max_Abundance_Sample","Rank","Detection"
"Bacteroides",12,0.352790780394138,0.734225886635004,"SRR14919241","Genus","Detected in all samples"
"Blautia",12,0.0990028103131106,0.452381046404638,"SRR14919235","Genus","Detected in all samples"
"Alistipes",12,0.0788835046828222,0.225419643375733,"SRR14919242","Genus","Detected in all samples"
"Eubacterium",12,0.0597581509843496,0.166274568473809,"SRR14919238","Genus","Detected in all samples"
"Ruminococcus",12,0.0483187690314696,0.292949435344389,"SRR14919237","Genus","Detected in all samples"
"Prevotella",12,0.0437406248131135,0.346213934605112,"SRR14919244","Genus","Detected in all samples"
"Clostridium",12,0.0410771547792691,0.164684929451208,"SRR14919235","Genus","Detected in all samples"
"Faecalibacterium",12,0.0380657453950244,0.0956333102687338,"SRR14919238","Genus","Detected in all samples"
"Parabacteroides",12,0.0211517665333574,0.0877644139366407,"SRR14919243","Genus","Detected in all samples"
"Oscillibacter",12,0.0149109907560743,0.0917397565126325,"SRR14919238","Genus","Detected in all samples"
"Roseburia",12,0.0148894564538674,0.0493142172311243,"SRR14919241","Genus","Detected in all samples"
"Anaerostipes",12,0.0147366515369958,0.0739686212874513,"SRR14919235","Genus","Detected in all samples"
"Dialister",12,0.0130629655406966,0.0707534957709112,"SRR14919236","Genus","Detected in all samples"
"Akkermansia",12,0.0100165411902195,0.0425016363983786,"SRR14919239","Genus","Detected in all samples"
"Sporobacter",12,0.0100006941094336,0.0561853645765153,"SRR14919238","Genus","Detected in all samples"
"Barnesiella",12,0.00958040249144678,0.0415136399982,"SRR14919245","Genus","Detected in all samples"
"Oscillospira",12,0.00922992195228593,0.0300168438171575,"SRR14919242","Genus","Detected in all samples"
"Parasutterella",11,0.0087298827580714,0.0684360795959389,"SRR14919235","Genus","Detected in multiple samples"
"Dorea",12,0.00508862215423724,0.0162135571031886,"SRR14919239","Genus","Detected in all samples"
"Bacillus",12,0.00485569773739085,0.00887170617560281,"SRR14919237","Genus","Detected in all samples"
"Paraprevotella",12,0.00461143403512232,0.0297885488703769,"SRR14919239","Genus","Detected in all samples"
"Coprococcus",12,0.00455107069951379,0.0154545284536121,"SRR14919238","Genus","Detected in all samples"
"Gemmiger",12,0.00355550928902819,0.0110007550676657,"SRR14919242","Genus","Detected in all samples"
"Phascolarctobacterium",12,0.0031312398672059,0.021706175602808,"SRR14919237","Genus","Detected in all samples"
"Butyrivibrio",12,0.00291310231114473,0.00563274923793316,"SRR14919238","Genus","Detected in all samples"
"Bifidobacterium",12,0.0028294009558249,0.0135384014928832,"SRR14919239","Genus","Detected in all samples"
"Alkaliphilus",12,0.00216191826154066,0.0204594296335018,"SRR14919242","Genus","Detected in all samples"
"Flavonifractor",12,0.00215561422314248,0.00788822403223332,"SRR14919243","Genus","Detected in all samples"
"Cellulosilyticum",12,0.00208180062914112,0.0204565255270953,"SRR14919242","Genus","Detected in all samples"
"Streptomyces",12,0.00187772394355946,0.00231144689843472,"SRR14919238","Genus","Detected in all samples"
"Lactobacillus",12,0.00178990658161682,0.00234990872759354,"SRR14919239","Genus","Detected in all samples"
"Streptococcus",12,0.00156064097442543,0.0102194958109274,"SRR14919240","Genus","Detected in all samples"
"Paenibacillus",12,0.00153651905563271,0.00561603418455591,"SRR14919237","Genus","Detected in all samples"
"Microcystis",12,0.00148278688284407,0.00188236633369517,"SRR14919239","Genus","Detected in all samples"
"Fusicatenibacter",12,0.00143221802099487,0.00516522357077404,"SRR14919238","Genus","Detected in all samples"
"Papillibacter",12,0.00136104107526979,0.00744734967951979,"SRR14919237","Genus","Detected in all samples"
"Anaerotruncus",12,0.00134560443322486,0.00663343168175806,"SRR14919237","Genus","Detected in all samples"
"Desulfovibrio",12,0.00128418350970023,0.00232958079742404,"SRR14919239","Genus","Detected in all samples"
"Anaerococcus",12,0.00125658294280349,0.00156525062305106,"SRR14919239","Genus","Detected in all samples"
"Enterococcus",12,0.00116739737214767,0.0015105894708845,"SRR14919240","Genus","Detected in all samples"
"Buchnera",12,0.00114343424145574,0.00146361097220359,"SRR14919239","Genus","Detected in all samples"
"Collinsella",11,0.00112839392778773,0.00232640771978382,"SRR14919238","Genus","Detected in multiple samples"
"Thiomargarita",12,0.00104373834605324,0.00127252842861034,"SRR14919239","Genus","Detected in all samples"
"Mycoplasma",12,0.00101926840235817,0.00128065960067814,"SRR14919239","Genus","Detected in all samples"
"Bradyrhizobium",12,0.000999910257636294,0.00118664816222981,"SRR14919240","Genus","Detected in all samples"
"Pediococcus",12,0.000990579425716366,0.00121967581016966,"SRR14919239","Genus","Detected in all samples"
"Desulfotalea",12,0.000969336837633931,0.00121441173095042,"SRR14919236","Genus","Detected in all samples"
"Megasphaera",12,0.000941964981777577,0.00434049127571646,"SRR14919244","Genus","Detected in all samples"
"Butyricimonas",12,0.000934755938958164,0.00780911963945129,"SRR14919245","Genus","Detected in all samples"
"Helicobacter",12,0.000931416229098757,0.00110822026645025,"SRR14919240","Genus","Detected in all samples"
"Acetivibrio",12,0.00092546277127767,0.00441892516259986,"SRR14919235","Genus","Detected in all samples"
"Thermogymnomonas",12,0.000878212377337161,0.00109163603946972,"SRR14919236","Genus","Detected in all samples"
"Parasporobacterium",12,0.000822559483031616,0.00406802085500046,"SRR14919240","Genus","Detected in all samples"
"Odoribacter",12,0.000802664905964287,0.00273803795869059,"SRR14919245","Genus","Detected in all samples"
"Sphingomonas",12,0.000797840060910428,0.00103320227918285,"SRR14919240","Genus","Detected in all samples"
"Pseudomonas",12,0.00073719063486645,0.000958184291915448,"SRR14919240","Genus","Detected in all samples"
"Treponema",12,0.000732214543471252,0.00095947830400013,"SRR14919239","Genus","Detected in all samples"
"Haemophilus",12,0.000722282544233724,0.00102297255364639,"SRR14919240","Genus","Detected in all samples"
"Coprobacter",12,0.000680369109145439,0.00150426683254258,"SRR14919239","Genus","Detected in all samples"
"Leuconostoc",12,0.000650784288894172,0.000894428927457748,"SRR14919239","Genus","Detected in all samples"
"Cenarchaeum",12,0.000647257485144543,0.000886297755389951,"SRR14919239","Genus","Detected in all samples"
"Coprobacillus",11,0.00063520779993313,0.00743486173376537,"SRR14919241","Genus","Detected in multiple samples"
"Lachnobacterium",12,0.000631567982851768,0.0025943636178655,"SRR14919237","Genus","Detected in all samples"
"Acetanaerobacterium",11,0.000613567536360824,0.00313353081256897,"SRR14919242","Genus","Detected in multiple samples"
"Methanocella",12,0.000610452092395157,0.000776526932474682,"SRR14919239","Genus","Detected in all samples"
"Lachnospira",12,0.000585390381450112,0.00478751155106508,"SRR14919240","Genus","Detected in all samples"
"Eutreptia",12,0.000580411403412433,0.000720639928256292,"SRR14919236","Genus","Detected in all samples"
"Trichococcus",12,0.00056642441630536,0.000709260970528161,"SRR14919240","Genus","Detected in all samples"
"Agrobacterium",12,0.00055126486442426,0.000735871072135693,"SRR14919239","Genus","Detected in all samples"
"Peptoclostridium",12,0.000547893826492722,0.0029248405737475,"SRR14919238","Genus","Detected in all samples"
"Acidaminococcus",9,0.000540604269080538,0.00349364000696986,"SRR14919242","Genus","Detected in multiple samples"
"Sutterella",8,0.000517513953357519,0.00248534924695302,"SRR14919245","Genus","Detected in multiple samples"
"Vibrio",12,0.000515308353869841,0.000668342068382305,"SRR14919240","Genus","Detected in all samples"
"Gemella",12,0.000505175807245118,0.000691149625762806,"SRR14919239","Genus","Detected in all samples"
"Intestinimonas",12,0.000494387566712294,0.000845235332222519,"SRR14919244","Genus","Detected in all samples"
"Dysgonomonas",12,0.000467463400600294,0.00073131607534157,"SRR14919236","Genus","Detected in all samples"
"Acetitomaculum",12,0.000451428414900548,0.00160947681773698,"SRR14919240","Genus","Detected in all samples"
"Acinetobacter",12,0.000444907486667385,0.000552919700610244,"SRR14919239","Genus","Detected in all samples"
"Pyrobaculum",12,0.000444408826595183,0.000609837905084828,"SRR14919239","Genus","Detected in all samples"
"Peptoniphilus",12,0.000444106789359466,0.000592526163232951,"SRR14919236","Genus","Detected in all samples"
"Oribacterium",12,0.000442605786196292,0.00207510320031959,"SRR14919241","Genus","Detected in all samples"
"Sphingobacterium",12,0.000427825975821473,0.000528535819383966,"SRR14919240","Genus","Detected in all samples"
"Thalassomonas",12,0.000421198610845083,0.0005311383174926,"SRR14919236","Genus","Detected in all samples"
"Thermogladius",12,0.000412218411836071,0.000473977283189492,"SRR14919240","Genus","Detected in all samples"
"Desulfotomaculum",12,0.00041137427276364,0.00101739749720216,"SRR14919237","Genus","Detected in all samples"
"Actinobacillus",12,0.000395584680130763,0.000552490611663157,"SRR14919236","Genus","Detected in all samples"
"Methanoculleus",12,0.000395444947507242,0.00050547133227237,"SRR14919235","Genus","Detected in all samples"
"Haloferax",12,0.000395051971941065,0.000521716002359657,"SRR14919240","Genus","Detected in all samples"
"Xylella",12,0.000390690993705662,0.000544788528542447,"SRR14919239","Genus","Detected in all samples"
"Veillonella",12,0.000375970276823229,0.00188167092378032,"SRR14919236","Genus","Detected in all samples"
"Arcicella",12,0.000374464954154737,0.000459411221830571,"SRR14919239","Genus","Detected in all samples"
"Porphyromonas",12,0.000373076411123784,0.00118382930704448,"SRR14919245","Genus","Detected in all samples"
"Alloprevotella",12,0.000372755878711816,0.00436937567958801,"SRR14919243","Genus","Detected in all samples"
"Spiroplasma",11,0.000371287316240528,0.002709531277226,"SRR14919242","Genus","Detected in multiple samples"
"Thermoanaerobacterium",12,0.000370805199719694,0.000477387191701647,"SRR14919240","Genus","Detected in all samples"
"Sedimentibacter",12,0.000366079452582638,0.000493698089097985,"SRR14919242","Genus","Detected in all samples"
"Syntrophothermus",12,0.000365616552474508,0.000504132668203458,"SRR14919239","Genus","Detected in all samples"
"Subdoligranulum",12,0.000363854808675488,0.000849026611560975,"SRR14919238","Genus","Detected in all samples"
"Selenomonas",12,0.000363672330190123,0.00071217824804151,"SRR14919237","Genus","Detected in all samples"
"Natranaerovirga",12,0.000359827349658423,0.00167870587038356,"SRR14919237","Genus","Detected in all samples"
"Lactococcus",12,0.000357649680613166,0.000491026825750265,"SRR14919240","Genus","Detected in all samples"
"Chrysodidymus",12,0.000357364214518859,0.00049443673426242,"SRR14919240","Genus","Detected in all samples"
"Marvinbryantia",12,0.000348152062875773,0.00129411104669646,"SRR14919238","Genus","Detected in all samples"
"Hespellia",12,0.000325881207979536,0.000736540238625398,"SRR14919240","Genus","Detected in all samples"
"Eggerthella",12,0.000306786463026574,0.00236149888045998,"SRR14919235","Genus","Detected in all samples"
"Ruegeria",12,0.000302483711129204,0.000406558603389886,"SRR14919239","Genus","Detected in all samples"
"Beijerinckia",12,0.000288946496218611,0.000402493017355987,"SRR14919239","Genus","Detected in all samples"
"Anaerofilum",12,0.000285830827437191,0.000710639014081873,"SRR14919238","Genus","Detected in all samples"
"Ferroplasma",12,0.000285072074912946,0.000388729570385627,"SRR14919240","Genus","Detected in all samples"
"Catenibacterium",12,0.000272611687989421,0.00128065960067814,"SRR14919239","Genus","Detected in all samples"
"Anaerosporobacter",12,0.000269775426372152,0.00144258511252164,"SRR14919241","Genus","Detected in all samples"
"Methylomonas",12,0.00026868952728669,0.000341509226847504,"SRR14919239","Genus","Detected in all samples"
"Fontibacter",12,0.000267964458769493,0.000328291522872311,"SRR14919236","Genus","Detected in all samples"
"Peptococcus",12,0.000260925189246111,0.00131414810515853,"SRR14919243","Genus","Detected in all samples"
"Lactonifactor",12,0.000256700862671933,0.00104648361759514,"SRR14919235","Genus","Detected in all samples"
"Neisseria",12,0.000244274648812229,0.000317917453668206,"SRR14919238","Genus","Detected in all samples"
"Denitrobacterium",10,0.000231536707914236,0.00181171343750974,"SRR14919244","Genus","Detected in multiple samples"
"Methanobrevibacter",12,0.000224221745047587,0.00086601980760504,"SRR14919244","Genus","Detected in all samples"
"Leptospira",12,0.000221932519779882,0.000300071949069606,"SRR14919240","Genus","Detected in all samples"
"Trachelium",12,0.000221353762704071,0.000317115710644111,"SRR14919239","Genus","Detected in all samples"
"Lysinibacillus",12,0.000215463817814228,0.000262562955435906,"SRR14919240","Genus","Detected in all samples"
"Oscillatoria",12,0.000210394511985555,0.000256227530046681,"SRR14919236","Genus","Detected in all samples"
"Reclinomonas",12,0.000207199748543997,0.000264263092203426,"SRR14919239","Genus","Detected in all samples"
"Caloramator",12,0.000199631140921182,0.000788483060331672,"SRR14919237","Genus","Detected in all samples"
"Francisella",12,0.000195850787823953,0.000261814373609111,"SRR14919238","Genus","Detected in all samples"
"Winogradskyella",12,0.000192752030498627,0.000240888681786051,"SRR14919235","Genus","Detected in all samples"
"Taylorella",12,0.000190192607932923,0.000291736016307295,"SRR14919238","Genus","Detected in all samples"
"Coprothermobacter",12,0.000186079455441923,0.000243113346922746,"SRR14919238","Genus","Detected in all samples"
"Thermotalea",12,0.000185548035085823,0.00126157289653067,"SRR14919237","Genus","Detected in all samples"
"Bryopsis",12,0.000185305326708807,0.000231892730910927,"SRR14919238","Genus","Detected in all samples"
"Agarivorans",12,0.00018099853658893,0.000296787780474617,"SRR14919239","Genus","Detected in all samples"
"Lutispora",12,0.000178656654194285,0.000566300749259453,"SRR14919242","Genus","Detected in all samples"
"Pasteurella",12,0.000172266244824991,0.000269382772460215,"SRR14919240","Genus","Detected in all samples"
"Lysobacter",12,0.000169136555639905,0.000228463870314359,"SRR14919240","Genus","Detected in all samples"
"Thalassiosira",12,0.000167876901442845,0.000272394264271223,"SRR14919239","Genus","Detected in all samples"
"Blattabacterium",12,0.000166637342611492,0.000213191704224562,"SRR14919238","Genus","Detected in all samples"
"Aeromonas",12,0.000163585941192055,0.000197449739168895,"SRR14919235","Genus","Detected in all samples"
"Enterorhabdus",8,0.000163486648183788,0.000713775874375446,"SRR14919243","Genus","Detected in multiple samples"
"Desulfitobacterium",12,0.000161969456779074,0.000211410473762741,"SRR14919239","Genus","Detected in all samples"
"Turicibacter",12,0.000161637055355658,0.000368270119312699,"SRR14919240","Genus","Detected in all samples"
"Klebsiella",12,0.000160105546446495,0.000199213715661044,"SRR14919239","Genus","Detected in all samples"
"Halorubrum",12,0.000156585297397195,0.000213191704224562,"SRR14919238","Genus","Detected in all samples"
"Campylobacter",12,0.000156558905505435,0.000321807448177904,"SRR14919241","Genus","Detected in all samples"
"Bilophila",12,0.000154988555351252,0.000910691271593344,"SRR14919239","Genus","Detected in all samples"
"Methanolobus",12,0.000153853081050469,0.000226868125562166,"SRR14919236","Genus","Detected in all samples"
"Caedibacter",12,0.00015279527534535,0.000193500744385517,"SRR14919235","Genus","Detected in all samples"
"Aureispira",12,0.00014797187716112,0.000213522941705568,"SRR14919236","Genus","Detected in all samples"
"Calochaete",12,0.000145913607682919,0.000180725151144195,"SRR14919240","Genus","Detected in all samples"
"Robinsoniella",12,0.00014412060796643,0.000332302963380906,"SRR14919245","Genus","Detected in all samples"
"Holdemania",11,0.000142538532634947,0.000501522337488992,"SRR14919235","Genus","Detected in multiple samples"
"Methylobacterium",12,0.000137399186150106,0.000183270061526378,"SRR14919238","Genus","Detected in all samples"
"Hydrogenoanaerobacterium",12,0.000135957219161554,0.000368821513620259,"SRR14919242","Genus","Detected in all samples"
"Cytophaga",12,0.000134938507636526,0.000444328280188186,"SRR14919242","Genus","Detected in all samples"
"Gracilibacter",12,0.000132588304747999,0.000284602427832956,"SRR14919242","Genus","Detected in all samples"
"Pseudoflavonifractor",12,0.000131515492885033,0.000231738403932235,"SRR14919239","Genus","Detected in all samples"
"Pseudoalteromonas",12,0.000125071726897193,0.000191082543593246,"SRR14919239","Genus","Detected in all samples"
"Cyanoptyche",12,0.000123735491372086,0.000160142206279176,"SRR14919236","Genus","Detected in all samples"
"Fodinicurvata",2,0.000119005992191277,0.00107451937038973,"SRR14919242","Genus","Detected in multiple samples"
"Sporocytophaga",12,0.000117200903381195,0.000154010796551738,"SRR14919235","Genus","Detected in all samples"
"Adhaeribacter",12,0.000114143824642197,0.000174820199457651,"SRR14919239","Genus","Detected in all samples"
"Phytophthora",12,0.00011408927708817,0.000182951371525449,"SRR14919239","Genus","Detected in all samples"
"Olivibacter",12,0.000113086621410047,0.000148109426729395,"SRR14919242","Genus","Detected in all samples"
"Sporomusa",12,0.000111691955946052,0.000154492269288157,"SRR14919239","Genus","Detected in all samples"
"Altererythrobacter",12,0.000110697635011485,0.000145868008153648,"SRR14919238","Genus","Detected in all samples"
"Rhodopseudomonas",12,0.000109121963923705,0.000203279301694943,"SRR14919239","Genus","Detected in all samples"
"Acetobacter",12,0.000106649518712894,0.000203279301694943,"SRR14919239","Genus","Detected in all samples"
"Syntrophococcus",12,0.000105955151160003,0.00039646176575094,"SRR14919238","Genus","Detected in all samples"
"Enhygromyxa",12,0.000104698761816243,0.0001361208753373,"SRR14919236","Genus","Detected in all samples"
"Youngiibacter",10,0.000102520465977363,0.000260197506169527,"SRR14919239","Genus","Detected in multiple samples"
"Acidaminobacter",11,0.000102077070819786,0.000279784311730593,"SRR14919237","Genus","Detected in multiple samples"
"Novispirillum",4,0.000102018570385027,0.000923505837253877,"SRR14919242","Genus","Detected in multiple samples"
"Corynebacterium",12,0.000101300323843669,0.00014229551118646,"SRR14919239","Genus","Detected in all samples"
"Solobacterium",12,9.76351527917221e-05,0.000508838912677012,"SRR14919245","Genus","Detected in all samples"
"Staphylococcus",12,9.7470231763657e-05,0.000306891766093916,"SRR14919240","Genus","Detected in all samples"
"Butyricicoccus",12,9.2064757470329e-05,0.000516930940349654,"SRR14919242","Genus","Detected in all samples"
"Actinomyces",12,9.06190072177589e-05,0.000134164339118662,"SRR14919239","Genus","Detected in all samples"
"Methanosphaerula",12,8.94243288216612e-05,0.000121967581016966,"SRR14919239","Genus","Detected in all samples"
"Gordonibacter",9,8.87073134201757e-05,0.000272394264271223,"SRR14919239","Genus","Detected in multiple samples"
"Pseudobutyrivibrio",12,8.85325918007047e-05,0.000216931909561835,"SRR14919238","Genus","Detected in all samples"
"Defluviitalea",11,8.4615218887626e-05,0.000162629958761689,"SRR14919242","Genus","Detected in multiple samples"
"Polaromonas",12,8.41069199563556e-05,0.000106761470852784,"SRR14919236","Genus","Detected in all samples"
"Methanococcoides",12,8.40202128952163e-05,0.000138229925152561,"SRR14919239","Genus","Detected in all samples"
"Weissella",12,8.26784623522265e-05,0.000331068130336296,"SRR14919242","Genus","Detected in all samples"
"Burkholderia",12,7.92971360693338e-05,0.000109430507624104,"SRR14919236","Genus","Detected in all samples"
"Anaerobiospirillum",12,7.75407624739979e-05,0.000120106654709382,"SRR14919236","Genus","Detected in all samples"
"Chryseobacterium",12,7.7535618405832e-05,0.000112526980901102,"SRR14919240","Genus","Detected in all samples"
"Kinetoplastibacterium",12,7.60232368208669e-05,0.000122418838284715,"SRR14919235","Genus","Detected in all samples"
"Vallitalea",11,7.56276317122198e-05,0.000153917639542313,"SRR14919242","Genus","Detected in multiple samples"
"Escherichia/Shigella",12,7.45014297508265e-05,0.000194839684306331,"SRR14919236","Genus","Detected in all samples"
"Anaerorhabdus",9,7.34008695640768e-05,0.000643237861888023,"SRR14919236","Genus","Detected in multiple samples"
"Bulleidia",7,7.28352348466987e-05,0.000456916574648745,"SRR14919245","Genus","Detected in multiple samples"
"Brevibacillus",12,7.21266361473897e-05,0.000112099544395423,"SRR14919236","Genus","Detected in all samples"
"Megamonas",12,7.12133837536778e-05,0.000659232154266132,"SRR14919242","Genus","Detected in all samples"
"Enterobacter",12,6.84841897493949e-05,9.54774383403293e-05,"SRR14919240","Genus","Detected in all samples"
"Oxobacter",12,6.83436092249914e-05,0.000172957574524367,"SRR14919237","Genus","Detected in all samples"
"Derxia",12,6.69419238850818e-05,0.00010570523688137,"SRR14919239","Genus","Detected in all samples"
"Pedobacter",12,6.68820959607159e-05,0.000339780449555672,"SRR14919242","Genus","Detected in all samples"
"Euglena",12,6.60337799179612e-05,9.75740648135726e-05,"SRR14919239","Genus","Detected in all samples"
"Syntrophomonas",12,6.54574295977367e-05,8.22845174200064e-05,"SRR14919238","Genus","Detected in all samples"
"Salinivibrio",12,6.47710910311011e-05,8.65372300471109e-05,"SRR14919245","Genus","Detected in all samples"
"Halobacterium",12,6.43405718298808e-05,8.97649280945524e-05,"SRR14919238","Genus","Detected in all samples"
"Alkalibaculum",11,6.35591765181125e-05,0.000162811243050496,"SRR14919236","Genus","Detected in multiple samples"
"Kushneria",12,6.21751092599463e-05,8.54091766822272e-05,"SRR14919236","Genus","Detected in all samples"
"Christensenella",10,6.18077018449687e-05,0.000220712086890864,"SRR14919242","Genus","Detected in multiple samples"
"Methanocalculus",12,6.14456283437865e-05,9.20675298281747e-05,"SRR14919240","Genus","Detected in all samples"
"Shuttleworthia",12,6.0015730544485e-05,0.000401872011394852,"SRR14919237","Genus","Detected in all samples"
"Tannerella",12,6.00146138535257e-05,0.00022942440611024,"SRR14919242","Genus","Detected in all samples"
"Lewinella",12,5.6568010613894e-05,8.64787872621833e-05,"SRR14919237","Genus","Detected in all samples"
"Acetatifactor",12,5.32061542036441e-05,9.75740648135726e-05,"SRR14919239","Genus","Detected in all samples"
"Mogibacterium",12,5.30213251226039e-05,0.000194575129232735,"SRR14919242","Genus","Detected in all samples"
"Mycobacterium",12,5.04680161726389e-05,7.20639928256292e-05,"SRR14919236","Genus","Detected in all samples"
"Caldicellulosiruptor",12,5.00255590941383e-05,0.000115946365455464,"SRR14919238","Genus","Detected in all samples"
"Olsenella",9,4.92455205621051e-05,0.000284054496894453,"SRR14919244","Genus","Detected in multiple samples"
"Proteus",12,4.89877259100059e-05,7.10639014081873e-05,"SRR14919238","Genus","Detected in all samples"
"Thermoanaerobacter",12,4.8243759882425e-05,0.000236813491031106,"SRR14919243","Genus","Detected in all samples"
"Virgibacillus",12,4.72725005193769e-05,6.81981702430924e-05,"SRR14919240","Genus","Detected in all samples"
"Snodgrassella",12,4.7219874079183e-05,6.93949560543096e-05,"SRR14919236","Genus","Detected in all samples"
"Halomonas",12,4.60624642052135e-05,6.50493765423817e-05,"SRR14919239","Genus","Detected in all samples"
"Xanthomonas",12,4.56121445766662e-05,6.40568825116704e-05,"SRR14919236","Genus","Detected in all samples"
"Catonella",11,4.54696718617328e-05,0.000346881733341338,"SRR14919243","Genus","Detected in multiple samples"
"Codium",12,4.48577978595418e-05,7.31805486101794e-05,"SRR14919239","Genus","Detected in all samples"
"Myxococcus",12,4.46805592391769e-05,7.26912732395731e-05,"SRR14919245","Genus","Detected in all samples"
"Acidilobus",12,4.44323429265616e-05,6.91149625762806e-05,"SRR14919239","Genus","Detected in all samples"
"Catabacter",11,4.04145014470604e-05,0.000228914436870485,"SRR14919237","Genus","Detected in multiple samples"
"Paludibacter",11,4.0330612540422e-05,0.000186742155768423,"SRR14919246","Genus","Detected in multiple samples"
"Slackia",9,4.01885619169026e-05,0.000200916595364369,"SRR14919244","Genus","Detected in multiple samples"
"Sulfobacillus",12,3.96076673315971e-05,6.13783532187831e-05,"SRR14919240","Genus","Detected in all samples"
"Fucus",12,3.94739285172307e-05,6.47882617309378e-05,"SRR14919240","Genus","Detected in all samples"
"Moorella",10,3.79614467693455e-05,0.000272986002207121,"SRR14919242","Genus","Detected in multiple samples"
"Armatimonas",12,3.73925355116859e-05,6.81981702430924e-05,"SRR14919240","Genus","Detected in all samples"
"Howardella",8,3.70494788463413e-05,0.000170105465388541,"SRR14919243","Genus","Detected in multiple samples"
"Pseudochlorella",12,3.65807919140929e-05,5.88893469171427e-05,"SRR14919244","Genus","Detected in all samples"
"Stenotrophomonas",12,3.51318170385493e-05,7.5506766567927e-05,"SRR14919242","Genus","Detected in all samples"
"Lachnoanaerobaculum",12,3.3228882377144e-05,9.00272986002207e-05,"SRR14919242","Genus","Detected in all samples"
"Acholeplasma",12,3.06682062394238e-05,4.11422587100032e-05,"SRR14919238","Genus","Detected in all samples"
"Simplicispira",12,2.9654835122866e-05,4.50330299954621e-05,"SRR14919244","Genus","Detected in all samples"
"Macellibacteroides",12,2.88224406703561e-05,8.13149793808445e-05,"SRR14919242","Genus","Detected in all samples"
"Legionella",12,2.85035106093592e-05,6.50493765423817e-05,"SRR14919239","Genus","Detected in all samples"
"Allisonella",10,2.80610757470708e-05,0.000211410473762741,"SRR14919239","Genus","Detected in multiple samples"
"Fusobacterium",12,2.79855332397688e-05,4.50330299954621e-05,"SRR14919244","Genus","Detected in all samples"
"Brevibacterium",12,2.79472178958475e-05,4.06558603389886e-05,"SRR14919239","Genus","Detected in all samples"
"Thermolithobacter",7,2.77946876564492e-05,0.000183447070517054,"SRR14919243","Genus","Detected in multiple samples"
"Phormidium",12,2.75349428292615e-05,4.06558603389886e-05,"SRR14919239","Genus","Detected in all samples"
"Antarctobacter",12,2.71618888729754e-05,5.51738187497613e-05,"SRR14919246","Genus","Detected in all samples"
"Allobaculum",12,2.57680171023149e-05,6.09837905084828e-05,"SRR14919239","Genus","Detected in all samples"
"Filifactor",11,2.57334960426022e-05,5.45585361944739e-05,"SRR14919240","Genus","Detected in multiple samples"
"Serratia",12,2.51783265012221e-05,4.73879374005347e-05,"SRR14919235","Genus","Detected in all samples"
"Dolichospermum",12,2.50445788420304e-05,3.5540953050401e-05,"SRR14919235","Genus","Detected in all samples"
"Guggenheimella",8,2.45513005451644e-05,0.000123409847438745,"SRR14919243","Genus","Detected in multiple samples"
"Atopobium",11,2.42001961489955e-05,8.00496307710781e-05,"SRR14919243","Genus","Detected in multiple samples"
"Alkalibacter",10,2.35309979327375e-05,6.67944473485508e-05,"SRR14919242","Genus","Detected in multiple samples"
"Pseudanabaena",12,2.32601475128152e-05,3.81972591344501e-05,"SRR14919246","Genus","Detected in all samples"
"Ferrovum",12,2.3180322613666e-05,3.74020533727302e-05,"SRR14919238","Genus","Detected in all samples"
"Thioalkalivibrio",7,2.31162666352891e-05,0.000153917639542313,"SRR14919242","Genus","Detected in multiple samples"
"Cobetia",12,2.27457030169681e-05,3.81048715346217e-05,"SRR14919244","Genus","Detected in all samples"
"Planktothrix",12,2.26991889716975e-05,4.0035551569794e-05,"SRR14919236","Genus","Detected in all samples"
"Holospora",11,2.23262208590874e-05,4.87870324067863e-05,"SRR14919239","Genus","Detected in multiple samples"
"Anaeroplasma",12,2.22523751836186e-05,3.65902743050897e-05,"SRR14919239","Genus","Detected in all samples"
"Actinomadura",12,2.17239355871789e-05,3.81972591344501e-05,"SRR14919246","Genus","Detected in all samples"
"Paracoccus",12,2.16874227986856e-05,4.24413990382779e-05,"SRR14919246","Genus","Detected in all samples"
"Borrelia",12,2.15541098346737e-05,3.81972591344501e-05,"SRR14919246","Genus","Detected in all samples"
"Avibacterium",11,2.14812802730439e-05,4.47214463728874e-05,"SRR14919239","Genus","Detected in multiple samples"
"Psychrobacter",11,2.13571690027146e-05,4.06958998880863e-05,"SRR14919237","Genus","Detected in multiple samples"
"Volucribacter",12,2.12430641229795e-05,3.65902743050897e-05,"SRR14919239","Genus","Detected in all samples"
"Euzebya",12,2.12346098115651e-05,4.0035551569794e-05,"SRR14919236","Genus","Detected in all samples"
"Alicyclobacillus",12,2.10895028435603e-05,3.75089936337008e-05,"SRR14919240","Genus","Detected in all samples"
"Thiohalospira",12,2.06393511608781e-05,3.65902743050897e-05,"SRR14919239","Genus","Detected in all samples"
"Algoriphagus",12,2.03582618310376e-05,4.11422587100032e-05,"SRR14919238","Genus","Detected in all samples"
"Parapedobacter",10,2.02710465383294e-05,4.66855389421057e-05,"SRR14919246","Genus","Detected in multiple samples"
"Anabaena",11,2.01003080228983e-05,3.36618480354571e-05,"SRR14919238","Genus","Detected in multiple samples"
"Mucilaginibacter",11,1.95559368285331e-05,3.20284412558352e-05,"SRR14919236","Genus","Detected in multiple samples"
"Glycomyces",12,1.90962424524366e-05,6.10438498321294e-05,"SRR14919237","Genus","Detected in all samples"
"Prototheca",12,1.90930602672946e-05,3.75089936337008e-05,"SRR14919240","Genus","Detected in all samples"
"Ureaplasma",12,1.89160612115916e-05,4.06958998880863e-05,"SRR14919237","Genus","Detected in all samples"
"Caldicoprobacter",11,1.89137916403725e-05,4.73879374005347e-05,"SRR14919235","Genus","Detected in multiple samples"
"Pectobacterium",12,1.87900057730232e-05,3.56089124020755e-05,"SRR14919237","Genus","Detected in all samples"
"Ochromonas",12,1.86183589074602e-05,2.99216426981841e-05,"SRR14919238","Genus","Detected in all samples"
"Acetobacterium",11,1.85609083739629e-05,5.61030800590952e-05,"SRR14919238","Genus","Detected in multiple samples"
"Ureibacillus",12,1.85463082575143e-05,3.94899478337789e-05,"SRR14919235","Genus","Detected in all samples"
"Azotobacter",10,1.82817176975043e-05,4.48824640472762e-05,"SRR14919238","Genus","Detected in multiple samples"
"Oscillochloris",12,1.80517390946856e-05,3.15919582670231e-05,"SRR14919235","Genus","Detected in all samples"
"Parvimonas",12,1.7954654876449e-05,5.51738187497613e-05,"SRR14919246","Genus","Detected in all samples"
"Anaerofustis",11,1.77672507276521e-05,3.46148920188443e-05,"SRR14919245","Genus","Detected in multiple samples"
"Phocaeicola",10,1.76929222268824e-05,6.23068056339198e-05,"SRR14919245","Genus","Detected in multiple samples"
"Rickettsia",12,1.7284119544802e-05,6.50493765423817e-05,"SRR14919239","Genus","Detected in all samples"
"Shewanella",12,1.68639741392037e-05,3.00186115391543e-05,"SRR14919243","Genus","Detected in all samples"
"Thermobrachium",11,1.68221590918381e-05,3.19451704710461e-05,"SRR14919242","Genus","Detected in multiple samples"
"Orientia",8,1.67498635034139e-05,0.000148109426729395,"SRR14919242","Genus","Detected in multiple samples"
"Mesoplasma",12,1.66930167682478e-05,3.20284412558352e-05,"SRR14919236","Genus","Detected in all samples"
"Tetragenococcus",12,1.65618416505462e-05,4.16130320919703e-05,"SRR14919241","Genus","Detected in all samples"
"Aggregatibacter",9,1.64521077794464e-05,7.1608078755247e-05,"SRR14919240","Genus","Detected in multiple samples"
"Spirochaeta",12,1.63758905249961e-05,2.8459102237292e-05,"SRR14919239","Genus","Detected in all samples"
"Emticicia",12,1.62778905483817e-05,2.54349374300539e-05,"SRR14919237","Genus","Detected in all samples"
"Johnsonella",12,1.62518693607303e-05,3.56089124020755e-05,"SRR14919237","Genus","Detected in all samples"
"Symbiobacterium",9,1.60810959865625e-05,5.51780217227159e-05,"SRR14919242","Genus","Detected in multiple samples"
"Nocardioides",12,1.60376615616527e-05,3.39531192306223e-05,"SRR14919246","Genus","Detected in all samples"
"Halothermothrix",9,1.5964287793819e-05,5.80821281291747e-05,"SRR14919242","Genus","Detected in multiple samples"
"Cloacibacillus",4,1.58349963075213e-05,0.000121152122065955,"SRR14919245","Genus","Detected in multiple samples"
"Haladaptatus",11,1.56634486911203e-05,2.97089793267945e-05,"SRR14919246","Genus","Detected in multiple samples"
"Desulfobacterium",11,1.55844718794969e-05,3.65902743050897e-05,"SRR14919239","Genus","Detected in multiple samples"
"Mitsuokella",12,1.55001219586106e-05,2.99216426981841e-05,"SRR14919238","Genus","Detected in all samples"
"Idiomarina",12,1.53941491833754e-05,2.4230424413191e-05,"SRR14919245","Genus","Detected in all samples"
"Sinobacterium",3,1.53090317359774e-05,0.000113260149851891,"SRR14919242","Genus","Detected in multiple samples"
"Saccharofermentans",10,1.52934564938476e-05,5.6918204474584e-05,"SRR14919239","Genus","Detected in multiple samples"
"Halobaculum",11,1.5195832769784e-05,3.11767130737814e-05,"SRR14919244","Genus","Detected in multiple samples"
"Anaerovibrio",12,1.51593433358007e-05,4.06958998880863e-05,"SRR14919237","Genus","Detected in all samples"
"Sinorhizobium",12,1.50791457678115e-05,2.6690367713196e-05,"SRR14919236","Genus","Detected in all samples"
"Listeria",12,1.50348564174391e-05,3.20284412558352e-05,"SRR14919236","Genus","Detected in all samples"
"Natronorubrum",12,1.50134639762558e-05,3.40990851215462e-05,"SRR14919240","Genus","Detected in all samples"
"Tissierella",12,1.49881547676048e-05,3.15919582670231e-05,"SRR14919235","Genus","Detected in all samples"
"Proteiniphilum",12,1.49157159079472e-05,2.54648394229667e-05,"SRR14919246","Genus","Detected in all samples"
"Ochrobactrum",11,1.48868218945616e-05,3.74020533727302e-05,"SRR14919238","Genus","Detected in multiple samples"
"Arthrobacter",12,1.48573156357738e-05,3.05219249160647e-05,"SRR14919237","Genus","Detected in all samples"
"Flexibacter",12,1.48103972398584e-05,2.97089793267945e-05,"SRR14919246","Genus","Detected in all samples"
"Pseudoteredinibacter",2,1.48008601405745e-05,9.33912358995911e-05,"SRR14919243","Genus","Detected in multiple samples"
"Chlamydia",12,1.46986810585244e-05,2.4230424413191e-05,"SRR14919245","Genus","Detected in all samples"
"Microbulbifer",12,1.44730138268113e-05,3.11767130737814e-05,"SRR14919244","Genus","Detected in all samples"
"Brassicibacter",11,1.43170726833977e-05,8.42190857873032e-05,"SRR14919242","Genus","Detected in multiple samples"
"Deinococcus",12,1.41379257373244e-05,2.54349374300539e-05,"SRR14919237","Genus","Detected in all samples"
"Gracilaria",12,1.41332997799592e-05,2.8459102237292e-05,"SRR14919239","Genus","Detected in all samples"
"Gallibacterium",10,1.41292024393269e-05,7.1608078755247e-05,"SRR14919240","Genus","Detected in multiple samples"
"Nocardia",12,1.39972791093922e-05,2.8459102237292e-05,"SRR14919239","Genus","Detected in all samples"
"Laribacter",12,1.38044743719529e-05,2.7279268097237e-05,"SRR14919240","Genus","Detected in all samples"
"Adlercreutzia",9,1.35190964850153e-05,0.000100458297682185,"SRR14919244","Genus","Detected in multiple samples"
"Dickeya",12,1.3455572074342e-05,3.40990851215462e-05,"SRR14919240","Genus","Detected in all samples"
"Methanimicrococcus",12,1.33780995687952e-05,2.43935162033931e-05,"SRR14919239","Genus","Detected in all samples"
"Haloarcula",11,1.3202881548475e-05,2.7279268097237e-05,"SRR14919240","Genus","Detected in multiple samples"
"Geminocystis",11,1.29043754508402e-05,2.33478089748978e-05,"SRR14919243","Genus","Detected in multiple samples"
"Fusibacter",11,1.28921298717059e-05,3.25246882711909e-05,"SRR14919239","Genus","Detected in multiple samples"
"Acidithiobacillus",11,1.28380578967394e-05,2.76429634836452e-05,"SRR14919235","Genus","Detected in multiple samples"
"Ohtaekwangia",12,1.26661556871036e-05,2.07844753825209e-05,"SRR14919244","Genus","Detected in all samples"
"Erysipelothrix",11,1.26500777816731e-05,3.36618480354571e-05,"SRR14919238","Genus","Detected in multiple samples"
"Geobacillus",11,1.26245633513289e-05,3.81972591344501e-05,"SRR14919246","Genus","Detected in multiple samples"
"Garciella",8,1.24731214418585e-05,3.48492768775048e-05,"SRR14919242","Genus","Detected in multiple samples"
"Ruminofilibacter",9,1.23299851641087e-05,5.51780217227159e-05,"SRR14919242","Genus","Detected in multiple samples"
"Euglenaria",11,1.21483318762147e-05,2.32328512516699e-05,"SRR14919242","Genus","Detected in multiple samples"
"Oceanirhabdus",12,1.20195519154003e-05,2.99216426981841e-05,"SRR14919238","Genus","Detected in all samples"
"Pelotomaculum",11,1.19633223289502e-05,2.61814373609111e-05,"SRR14919238","Genus","Detected in multiple samples"
"Erwinia",12,1.18234939368395e-05,2.36939687002673e-05,"SRR14919235","Genus","Detected in all samples"
"Anaerovorax",10,1.17221656080765e-05,4.87870324067863e-05,"SRR14919239","Genus","Detected in multiple samples"
"Dehalobacterium",11,1.16652302673495e-05,3.77533832839635e-05,"SRR14919242","Genus","Detected in multiple samples"
"Proteiniclasticum",6,1.14233514801036e-05,9.00558346174628e-05,"SRR14919243","Genus","Detected in multiple samples"
"Rhizobium",12,1.13361068102438e-05,2.42485546129411e-05,"SRR14919244","Genus","Detected in all samples"
"Tepidanaerobacter",11,1.13210874114764e-05,2.32328512516699e-05,"SRR14919242","Genus","Detected in multiple samples"
"Aliifodinibius",11,1.12734956188551e-05,2.24412320236381e-05,"SRR14919238","Genus","Detected in multiple samples"
"Brachyspira",12,1.12271920395204e-05,2.6690367713196e-05,"SRR14919236","Genus","Detected in all samples"
"Abiotrophia",11,1.11496583273795e-05,2.43935162033931e-05,"SRR14919239","Genus","Detected in multiple samples"
"Caloranaerobacter",11,1.10816437920018e-05,3.25246882711909e-05,"SRR14919239","Genus","Detected in multiple samples"
"Parvibacter",7,1.09534127942984e-05,5.08698748601078e-05,"SRR14919237","Genus","Detected in multiple samples"
"Propionispora",9,1.08886526847533e-05,7.1217824804151e-05,"SRR14919237","Genus","Detected in multiple samples"
"Thermoactinomyces",11,1.0665000654808e-05,2.6683210257026e-05,"SRR14919243","Genus","Detected in multiple samples"
"Thiothrix",12,1.063693901226e-05,1.66770064106413e-05,"SRR14919243","Genus","Detected in all samples"
"Flavobacterium",11,1.05437079495227e-05,2.1220699519139e-05,"SRR14919246","Genus","Detected in multiple samples"
"Hymenobacter",12,1.04565612184614e-05,1.74246384387524e-05,"SRR14919242","Genus","Detected in all samples"
"Aerococcus",10,1.03759540814724e-05,1.87010266863651e-05,"SRR14919238","Genus","Detected in multiple samples"
"Proteocatella",11,1.03160293074326e-05,2.43935162033931e-05,"SRR14919239","Genus","Detected in multiple samples"
"Facklamia",10,1.02504562731324e-05,2.24412320236381e-05,"SRR14919238","Genus","Detected in multiple samples"
"Chloroflexus",12,1.01855740271194e-05,2.07844753825209e-05,"SRR14919244","Genus","Detected in all samples"
"Vulcanibacillus",9,1.01675700592266e-05,2.40213309418764e-05,"SRR14919236","Genus","Detected in multiple samples"
"Spirulina",11,1.0149290029391e-05,3.36618480354571e-05,"SRR14919238","Genus","Detected in multiple samples"
"Nitrosomonas",10,1.01459445559853e-05,2.36939687002673e-05,"SRR14919235","Genus","Detected in multiple samples"
"Rothia",10,1.01421025699092e-05,5.11486276823193e-05,"SRR14919240","Genus","Detected in multiple samples"
"Algicola",11,9.98549404434274e-06,2.54648394229667e-05,"SRR14919246","Genus","Detected in multiple samples"
"Malawimonas",10,9.95441577924584e-06,2.32328512516699e-05,"SRR14919242","Genus","Detected in multiple samples"
"Rhodobacter",11,9.95285175790619e-06,1.74246384387524e-05,"SRR14919242","Genus","Detected in multiple samples"
"Ethanoligenens",9,9.94386228838994e-06,3.06891766093916e-05,"SRR14919240","Genus","Detected in multiple samples"
"Maricaulis",11,9.90339759336694e-06,2.04594510729277e-05,"SRR14919240","Genus","Detected in multiple samples"
"Marinoscillum",10,9.65634653256522e-06,2.03287448452111e-05,"SRR14919242","Genus","Detected in multiple samples"
"Victivallis",10,9.5562543810127e-06,4.09189021458554e-05,"SRR14919240","Genus","Detected in multiple samples"
"Cronobacter",11,9.51696074144921e-06,2.13522941705568e-05,"SRR14919236","Genus","Detected in multiple samples"
"Moryella",12,9.48025406723414e-06,1.97449739168895e-05,"SRR14919235","Genus","Detected in all samples"
"Anaerosalibacter",8,9.43066070762966e-06,6.61308373181402e-05,"SRR14919237","Genus","Detected in multiple samples"
"Anaplasma",12,9.40747340571328e-06,3.48492768775048e-05,"SRR14919242","Genus","Detected in all samples"
"Mesostigma",4,9.27328215844946e-06,9.87396178195969e-05,"SRR14919242","Genus","Detected in multiple samples"
"Leptospirillum",12,9.26461301437971e-06,2.03479499440431e-05,"SRR14919237","Genus","Detected in all samples"
"Ralstonia",11,9.20266646313917e-06,2.33478089748978e-05,"SRR14919243","Genus","Detected in multiple samples"
"Zymophilus",7,9.10107153693168e-06,3.88388299525057e-05,"SRR14919241","Genus","Detected in multiple samples"
"Azospirillum",11,9.08970490232853e-06,1.74246384387524e-05,"SRR14919242","Genus","Detected in multiple samples"
"Leptotrichia",12,9.07061655201715e-06,1.87010266863651e-05,"SRR14919238","Genus","Detected in all samples"
"Cohnella",11,9.07020665070835e-06,4.06958998880863e-05,"SRR14919237","Genus","Detected in multiple samples"
"Microbacterium",10,8.85006529709402e-06,1.73074460094222e-05,"SRR14919245","Genus","Detected in multiple samples"
"Oxalobacter",7,8.79759928898269e-06,3.25246882711909e-05,"SRR14919239","Genus","Detected in multiple samples"
"Helcococcus",11,8.76944805338359e-06,1.60142206279176e-05,"SRR14919236","Genus","Detected in multiple samples"
"Alkaliflexus",11,8.74725866332443e-06,2.03287448452111e-05,"SRR14919242","Genus","Detected in multiple samples"
"Granulicatella",8,8.74700000643459e-06,4.24413990382779e-05,"SRR14919246","Genus","Detected in multiple samples"
"Brenneria",10,8.6867382671574e-06,2.8459102237292e-05,"SRR14919239","Genus","Detected in multiple samples"
"Propionibacterium",10,8.55720865666104e-06,2.24412320236381e-05,"SRR14919238","Genus","Detected in multiple samples"
"Kocuria",12,8.41715579107785e-06,1.73203961521008e-05,"SRR14919244","Genus","Detected in all samples"
"Flavisolibacter",9,8.39950003334594e-06,1.73074460094222e-05,"SRR14919245","Genus","Detected in multiple samples"
"Marinobacter",12,8.34899808159869e-06,2.07689352113066e-05,"SRR14919245","Genus","Detected in all samples"
"Petrimonas",9,8.26087779942157e-06,3.39531192306223e-05,"SRR14919246","Genus","Detected in multiple samples"
"Corallococcus",11,8.25943968893412e-06,1.3341605128513e-05,"SRR14919243","Genus","Detected in multiple samples"
"Pantoea",11,8.19159900970628e-06,1.97449739168895e-05,"SRR14919235","Genus","Detected in multiple samples"
"Anoxybacillus",10,8.18555926580123e-06,2.42485546129411e-05,"SRR14919244","Genus","Detected in multiple samples"
"Solitalea",11,8.17833178726884e-06,2.03287448452111e-05,"SRR14919242","Genus","Detected in multiple samples"
"Desulfonatronovibrio",9,8.15794879075048e-06,2.7279268097237e-05,"SRR14919240","Genus","Detected in multiple samples"
"Brevundimonas",10,8.06217316858143e-06,1.97449739168895e-05,"SRR14919235","Genus","Detected in multiple samples"
"Pontibacter",10,8.04185108254643e-06,1.69765596153112e-05,"SRR14919246","Genus","Detected in multiple samples"
"Mangroviflexus",8,7.99691300315857e-06,2.54648394229667e-05,"SRR14919246","Genus","Detected in multiple samples"
"Dethiobacter",9,7.90242800627917e-06,2.6683210257026e-05,"SRR14919243","Genus","Detected in multiple samples"
"Pelobacter",12,7.89796879119006e-06,1.60142206279176e-05,"SRR14919236","Genus","Detected in all samples"
"Granulosicoccus",11,7.89145780197037e-06,1.3341605128513e-05,"SRR14919243","Genus","Detected in multiple samples"
"Hyphomonas",10,7.7731491785736e-06,2.6683210257026e-05,"SRR14919243","Genus","Detected in multiple samples"
"Geobacter",10,7.62915978482366e-06,1.70495425607731e-05,"SRR14919240","Genus","Detected in multiple samples"
"Thermus",11,7.62590747881416e-06,2.36939687002673e-05,"SRR14919235","Genus","Detected in multiple samples"
"Tepidimicrobium",10,7.57107072234769e-06,3.19451704710461e-05,"SRR14919242","Genus","Detected in multiple samples"
"Pectinatus",10,7.51305225412417e-06,2.54349374300539e-05,"SRR14919237","Genus","Detected in multiple samples"
"Desulfosporosinus",9,7.47069381595631e-06,1.70495425607731e-05,"SRR14919240","Genus","Detected in multiple samples"
"Oceanobacillus",11,7.4508819990219e-06,2.43935162033931e-05,"SRR14919239","Genus","Detected in multiple samples"
"Desulfofaba",11,7.27197574837574e-06,1.36396340486185e-05,"SRR14919240","Genus","Detected in multiple samples"
"Leptothrix",9,7.16484075037847e-06,1.86832573992372e-05,"SRR14919236","Genus","Detected in multiple samples"
"Methanobacterium",9,7.08166031056539e-06,2.03479499440431e-05,"SRR14919237","Genus","Detected in multiple samples"
"Epulopiscium",9,7.059970763041e-06,1.45205320322937e-05,"SRR14919242","Genus","Detected in multiple samples"
"Brasilonema",8,7.04331871218121e-06,1.66770064106413e-05,"SRR14919243","Genus","Detected in multiple samples"
"Stomatobaculum",9,7.01845781190755e-06,2.00124076927695e-05,"SRR14919243","Genus","Detected in multiple samples"
"Peptostreptococcus",9,6.96368910309314e-06,2.00124076927695e-05,"SRR14919243","Genus","Detected in multiple samples"
"Xenorhabdus",10,6.93551380581049e-06,1.45205320322937e-05,"SRR14919242","Genus","Detected in multiple samples"
"Ornithobacterium",11,6.93121116251915e-06,1.38563169216806e-05,"SRR14919244","Genus","Detected in multiple samples"
"Fervidicella",7,6.92326224768181e-06,2.61814373609111e-05,"SRR14919238","Genus","Detected in multiple samples"
"Methanosaeta",9,6.82940815499255e-06,1.70495425607731e-05,"SRR14919240","Genus","Detected in multiple samples"
"Chitinophaga",11,6.79153878737742e-06,1.36396340486185e-05,"SRR14919240","Genus","Detected in multiple samples"
"Oxalophagus",10,6.78977429040308e-06,1.49608213490921e-05,"SRR14919238","Genus","Detected in multiple samples"
"Runella",10,6.78896609889704e-06,1.74246384387524e-05,"SRR14919242","Genus","Detected in multiple samples"
"Sporolactobacillus",11,6.77514539465127e-06,1.60142206279176e-05,"SRR14919236","Genus","Detected in multiple samples"
"Thermobacillus",10,6.77218879378063e-06,2.24412320236381e-05,"SRR14919238","Genus","Detected in multiple samples"
"Rubrobacter",8,6.76503018367414e-06,2.54349374300539e-05,"SRR14919237","Genus","Detected in multiple samples"
"Strombomonas",10,6.74855748843115e-06,2.07689352113066e-05,"SRR14919245","Genus","Detected in multiple samples"
"Phacus",12,6.72624979277898e-06,1.73074460094222e-05,"SRR14919245","Genus","Detected in all samples"
"Nonomuraea",10,6.66199797439054e-06,2.03287448452111e-05,"SRR14919242","Genus","Detected in multiple samples"
"Dongia",2,6.65164294371852e-06,4.64657025033397e-05,"SRR14919242","Genus","Detected in multiple samples"
"Aureibacter",10,6.64520303668316e-06,1.62623441355954e-05,"SRR14919239","Genus","Detected in multiple samples"
"Planctomyces",10,6.63189516618185e-06,1.38563169216806e-05,"SRR14919244","Genus","Detected in multiple samples"
"Calothrix",9,6.6171334163851e-06,1.49608213490921e-05,"SRR14919238","Genus","Detected in multiple samples"
"Rhodothermus",10,6.57412872077454e-06,1.70495425607731e-05,"SRR14919240","Genus","Detected in multiple samples"
"Natronoanaerobium",9,6.56907659917299e-06,3.25246882711909e-05,"SRR14919239","Genus","Detected in multiple samples"
"Thioploca",11,6.54528111934286e-06,1.62623441355954e-05,"SRR14919239","Genus","Detected in multiple samples"
"Providencia",9,6.46425487667155e-06,2.04594510729277e-05,"SRR14919240","Genus","Detected in multiple samples"
"Sporobacterium",10,6.45736792691072e-06,1.62623441355954e-05,"SRR14919239","Genus","Detected in multiple samples"
"Roseomonas",10,6.39005329482954e-06,1.27324197114834e-05,"SRR14919246","Genus","Detected in multiple samples"
"Sarcina",8,6.38503208223731e-06,2.36939687002673e-05,"SRR14919235","Genus","Detected in multiple samples"
"Chloroidium",10,6.35750739995901e-06,1.1220616011819e-05,"SRR14919238","Genus","Detected in multiple samples"
"Agromyces",10,6.3421507455903e-06,1.74246384387524e-05,"SRR14919242","Genus","Detected in multiple samples"
"Limibacter",11,6.31636168661374e-06,2.4230424413191e-05,"SRR14919245","Genus","Detected in multiple samples"
"Psychromonas",10,6.27019666128043e-06,1.3345183856598e-05,"SRR14919236","Genus","Detected in multiple samples"
"Dietzia",9,6.23271955127598e-06,1.3341605128513e-05,"SRR14919243","Genus","Detected in multiple samples"
"Salinicoccus",9,6.22588455480504e-06,1.70495425607731e-05,"SRR14919240","Genus","Detected in multiple samples"
"Marinomonas",10,6.11585794729937e-06,1.52609624580324e-05,"SRR14919237","Genus","Detected in multiple samples"
"Tepidibacter",11,6.07141249312144e-06,1.49608213490921e-05,"SRR14919238","Genus","Detected in multiple samples"
"Syntrophobotulus",6,6.05924418738008e-06,3.56089124020755e-05,"SRR14919237","Genus","Detected in multiple samples"
"Arcobacter",11,6.01434578708075e-06,1.38459568075377e-05,"SRR14919245","Genus","Detected in multiple samples"
"Geosporobacter",8,5.99036569871311e-06,2.03479499440431e-05,"SRR14919237","Genus","Detected in multiple samples"
"Pseudorhodobacter",11,5.98736626240232e-06,1.06761470852784e-05,"SRR14919236","Genus","Detected in multiple samples"
"Desmonostoc",10,5.94968592390351e-06,1.21967581016966e-05,"SRR14919239","Genus","Detected in multiple samples"
"Pylaiella",11,5.90439884071435e-06,1.3341605128513e-05,"SRR14919243","Genus","Detected in multiple samples"
"Pleurocapsa",11,5.90278320047081e-06,1.27324197114834e-05,"SRR14919246","Genus","Detected in multiple samples"
"Desulfurispora",5,5.88675612120999e-06,2.90410640645873e-05,"SRR14919242","Genus","Detected in multiple samples"
"Alteromonas",10,5.88100974568244e-06,1.52609624580324e-05,"SRR14919237","Genus","Detected in multiple samples"
"Methanohalophilus",11,5.85015641477473e-06,1.1220616011819e-05,"SRR14919238","Genus","Detected in multiple samples"
"Gardnerella",6,5.84212130672707e-06,5.00310192319238e-05,"SRR14919243","Genus","Detected in multiple samples"
"Alcaligenes",10,5.8404326148389e-06,1.21967581016966e-05,"SRR14919239","Genus","Detected in multiple samples"
"Myroides",10,5.79951322716058e-06,1.38459568075377e-05,"SRR14919245","Genus","Detected in multiple samples"
"Lacinutrix",10,5.78074703820015e-06,1.38459568075377e-05,"SRR14919245","Genus","Detected in multiple samples"
"Metallosphaera",10,5.74970491933096e-06,1.74246384387524e-05,"SRR14919242","Genus","Detected in multiple samples"
"Zavarzinia",9,5.71690389473215e-06,1.02297255364639e-05,"SRR14919240","Genus","Detected in multiple samples"
"Coenonia",9,5.69210927324141e-06,1.73074460094222e-05,"SRR14919245","Genus","Detected in multiple samples"
"Halopelagius",10,5.66393783479438e-06,1.21967581016966e-05,"SRR14919239","Genus","Detected in multiple samples"
"Sorangium",8,5.63098787659429e-06,1.62623441355954e-05,"SRR14919239","Genus","Detected in multiple samples"
"Anaeroglobus",9,5.60615370722829e-06,1.62623441355954e-05,"SRR14919239","Genus","Detected in multiple samples"
"Desulfotignum",10,5.58562776586196e-06,1.03922376912605e-05,"SRR14919244","Genus","Detected in multiple samples"
"Parvularcula",9,5.56482328292426e-06,1.57959791335116e-05,"SRR14919235","Genus","Detected in multiple samples"
"Sulfurihydrogenibium",8,5.53931053888668e-06,1.1220616011819e-05,"SRR14919238","Genus","Detected in multiple samples"
"Gelria",10,5.49364463400122e-06,1.01739749720216e-05,"SRR14919237","Genus","Detected in multiple samples"
"Pseudoramibacter",9,5.49324146581457e-06,1.74246384387524e-05,"SRR14919242","Genus","Detected in multiple samples"
"Grimontia",9,5.46920202661806e-06,1.73074460094222e-05,"SRR14919245","Genus","Detected in multiple samples"
"Wolbachia",11,5.45975115991661e-06,1.01739749720216e-05,"SRR14919237","Genus","Detected in multiple samples"
"Leadbetterella",9,5.44118514429226e-06,1.21967581016966e-05,"SRR14919239","Genus","Detected in multiple samples"
"Nitrosococcus",12,5.43707735919021e-06,1.18469843501337e-05,"SRR14919235","Genus","Detected in all samples"
"Thermoplasma",11,5.38070780103138e-06,1.36396340486185e-05,"SRR14919240","Genus","Detected in multiple samples"
"Fibrobacter",11,5.34800321914219e-06,1.03844676056533e-05,"SRR14919245","Genus","Detected in multiple samples"
"Mahella",4,5.32761130198078e-06,3.66894141034108e-05,"SRR14919243","Genus","Detected in multiple samples"
"Moraxella",10,5.24358813672811e-06,1.21967581016966e-05,"SRR14919239","Genus","Detected in multiple samples"
"Nostoc",8,5.07782781111066e-06,1.38459568075377e-05,"SRR14919245","Genus","Detected in multiple samples"
"Desulfobacter",8,5.05697007034609e-06,1.18469843501337e-05,"SRR14919235","Genus","Detected in multiple samples"
"Natronococcus",10,5.05302123299302e-06,1.21967581016966e-05,"SRR14919239","Genus","Detected in multiple samples"
"Pusillimonas",9,5.00460268518518e-06,1.3341605128513e-05,"SRR14919243","Genus","Detected in multiple samples"
"Methylomicrobium",8,4.99803108257006e-06,1.36396340486185e-05,"SRR14919240","Genus","Detected in multiple samples"
"Marinobacterium",9,4.9871650307184e-06,1.49608213490921e-05,"SRR14919238","Genus","Detected in multiple samples"
"Thermosyntropha",10,4.97266254232946e-06,1.02297255364639e-05,"SRR14919240","Genus","Detected in multiple samples"
"Cyclobacterium",9,4.96590192453794e-06,1.97449739168895e-05,"SRR14919235","Genus","Detected in multiple samples"
"Marinimicrobium",10,4.93057968304008e-06,1.27324197114834e-05,"SRR14919246","Genus","Detected in multiple samples"
"Uruburuella",9,4.89619045727409e-06,1.87010266863651e-05,"SRR14919238","Genus","Detected in multiple samples"
"Woodsholea",10,4.83715985229638e-06,8.7123192193762e-06,"SRR14919242","Genus","Detected in multiple samples"
"Methanosphaera",9,4.82994569855139e-06,1.03844676056533e-05,"SRR14919245","Genus","Detected in multiple samples"
"Geotoga",8,4.82482932236741e-06,1.21967581016966e-05,"SRR14919239","Genus","Detected in multiple samples"
"Simkania",6,4.75922270294607e-06,2.03279301694943e-05,"SRR14919239","Genus","Detected in multiple samples"
"Lishizhenia",10,4.75781831737339e-06,1.27324197114834e-05,"SRR14919246","Genus","Detected in multiple samples"
"Caldalkalibacillus",8,4.75122798828738e-06,1.27324197114834e-05,"SRR14919246","Genus","Detected in multiple samples"
"Niabella",11,4.74565154789675e-06,1.06761470852784e-05,"SRR14919236","Genus","Detected in multiple samples"
"Exiguobacterium",8,4.74460009626833e-06,1.18469843501337e-05,"SRR14919235","Genus","Detected in multiple samples"
"Eubostrichus",10,4.72887255721796e-06,1.03844676056533e-05,"SRR14919245","Genus","Detected in multiple samples"
"Halonotius",9,4.7221722506614e-06,1.27324197114834e-05,"SRR14919246","Genus","Detected in multiple samples"
"Colwellia",8,4.6847120019372e-06,1.21967581016966e-05,"SRR14919239","Genus","Detected in multiple samples"
"Gracilimonas",8,4.6677339576881e-06,1.21967581016966e-05,"SRR14919239","Genus","Detected in multiple samples"
"Thermincola",7,4.62496755734855e-06,1.49608213490921e-05,"SRR14919238","Genus","Detected in multiple samples"
"Arcanobacterium",9,4.60367979288705e-06,1.03922376912605e-05,"SRR14919244","Genus","Detected in multiple samples"
"Cupriavidus",9,4.58329702648397e-06,8.7123192193762e-06,"SRR14919242","Genus","Detected in multiple samples"
"Xylanibacter",8,4.57433656513463e-06,1.38563169216806e-05,"SRR14919244","Genus","Detected in multiple samples"
"Tumebacillus",8,4.53068346133482e-06,1.3345183856598e-05,"SRR14919236","Genus","Detected in multiple samples"
"Pseudaminobacter",10,4.50255135109139e-06,1.18469843501337e-05,"SRR14919235","Genus","Detected in multiple samples"
"Anoxynatronum",7,4.48399363758944e-06,2.32328512516699e-05,"SRR14919242","Genus","Detected in multiple samples"
"Natronincola",6,4.47660161700872e-06,2.61814373609111e-05,"SRR14919238","Genus","Detected in multiple samples"
"Heliobacterium",11,4.46318710589645e-06,1.02297255364639e-05,"SRR14919240","Genus","Detected in multiple samples"
"Vagococcus",11,4.44226410104164e-06,1.1220616011819e-05,"SRR14919238","Genus","Detected in multiple samples"
"Blastopirellula",8,4.40952320542679e-06,1.3341605128513e-05,"SRR14919243","Genus","Detected in multiple samples"
"Ehrlichia",8,4.36708759325844e-06,1.36396340486185e-05,"SRR14919240","Genus","Detected in multiple samples"
"Laceyella",5,4.35023909434071e-06,2.03287448452111e-05,"SRR14919242","Genus","Detected in multiple samples"
"Tindallia",9,4.327278463416e-06,1.45205320322937e-05,"SRR14919242","Genus","Detected in multiple samples"
"Ignisphaera",9,4.31758949582242e-06,1.21967581016966e-05,"SRR14919239","Genus","Detected in multiple samples"
"Saccharibacillus",7,4.30697732304253e-06,1.36396340486185e-05,"SRR14919240","Genus","Detected in multiple samples"
"Roseibacterium",9,4.30267013642498e-06,1.18469843501337e-05,"SRR14919235","Genus","Detected in multiple samples"
"Salmonella",9,4.27228608962849e-06,1.01739749720216e-05,"SRR14919237","Genus","Detected in multiple samples"
"Melioribacter",6,4.26996611114075e-06,1.3341605128513e-05,"SRR14919243","Genus","Detected in multiple samples"
"Micrococcus",7,4.22135090668243e-06,1.36396340486185e-05,"SRR14919240","Genus","Detected in multiple samples"
"Terrimonas",6,4.22127353335128e-06,1.21967581016966e-05,"SRR14919239","Genus","Detected in multiple samples"
"Halococcus",7,4.21422247219478e-06,1.49608213490921e-05,"SRR14919238","Genus","Detected in multiple samples"
"Rhodococcus",7,4.19669640669829e-06,1.49608213490921e-05,"SRR14919238","Genus","Detected in multiple samples"
"Chondrus",7,4.19656750791915e-06,1.06761470852784e-05,"SRR14919236","Genus","Detected in multiple samples"
"Pelosinus",8,4.15778491434419e-06,1.49608213490921e-05,"SRR14919238","Genus","Detected in multiple samples"
"Parasegetibacter",9,4.14803143813305e-06,8.7123192193762e-06,"SRR14919242","Genus","Detected in multiple samples"
"Photorhabdus",7,4.13548849326907e-06,1.27324197114834e-05,"SRR14919246","Genus","Detected in multiple samples"
"Desulfobotulus",8,4.12162570049981e-06,8.13117206779771e-06,"SRR14919239","Genus","Detected in multiple samples"
"Anaerobranca",6,4.10777994931185e-06,2.54648394229667e-05,"SRR14919246","Genus","Detected in multiple samples"
"Fervidobacterium",7,4.10426556586062e-06,1.36396340486185e-05,"SRR14919240","Genus","Detected in multiple samples"
"Gelidiella",8,4.07686368498223e-06,1.03844676056533e-05,"SRR14919245","Genus","Detected in multiple samples"
"Fervidicoccus",9,4.07608144178897e-06,1.01739749720216e-05,"SRR14919237","Genus","Detected in multiple samples"
"Hassallia",10,4.07554452891088e-06,1.01739749720216e-05,"SRR14919237","Genus","Detected in multiple samples"
"Marininema",5,4.06766100976004e-06,2.03279301694943e-05,"SRR14919239","Genus","Detected in multiple samples"
"Thermodesulforhabdus",8,4.03545702689549e-06,1.1220616011819e-05,"SRR14919238","Genus","Detected in multiple samples"
"Desulfobulbus",5,4.02011430440687e-06,1.73203961521008e-05,"SRR14919244","Genus","Detected in multiple samples"
"Acidianus",7,3.99837247015664e-06,1.18469843501337e-05,"SRR14919235","Genus","Detected in multiple samples"
"Nevskia",7,3.99036496817916e-06,1.21967581016966e-05,"SRR14919239","Genus","Detected in multiple samples"
"Rummeliibacillus",7,3.98065532071141e-06,1.49608213490921e-05,"SRR14919238","Genus","Detected in multiple samples"
"Spiribacter",9,3.95976455766033e-06,1.18469843501337e-05,"SRR14919235","Genus","Detected in multiple samples"
"Rheinheimera",8,3.94312594581184e-06,1.06761470852784e-05,"SRR14919236","Genus","Detected in multiple samples"
"Rhodopirellula",8,3.89942595739852e-06,1.49608213490921e-05,"SRR14919238","Genus","Detected in multiple samples"
"Desulfitibacter",5,3.85316323048095e-06,2.00124076927695e-05,"SRR14919243","Genus","Detected in multiple samples"
"Ammonifex",10,3.82440769858053e-06,8.7123192193762e-06,"SRR14919242","Genus","Detected in multiple samples"
"Desulfitispora",5,3.79484437630595e-06,2.00124076927695e-05,"SRR14919243","Genus","Detected in multiple samples"
"Dendrosporobacter",7,3.78797490031379e-06,1.3345183856598e-05,"SRR14919236","Genus","Detected in multiple samples"
"Sulfitobacter",7,3.76065411725383e-06,1.21967581016966e-05,"SRR14919239","Genus","Detected in multiple samples"
"Rapidithrix",8,3.74257286319019e-06,1.02297255364639e-05,"SRR14919240","Genus","Detected in multiple samples"
"Desulfomicrobium",7,3.68700933601736e-06,1.21967581016966e-05,"SRR14919239","Genus","Detected in multiple samples"
"Ectothiorhodospira",7,3.6828600705027e-06,1.1220616011819e-05,"SRR14919238","Genus","Detected in multiple samples"
"Oleispira",8,3.68199648893976e-06,1.57959791335116e-05,"SRR14919235","Genus","Detected in multiple samples"
"Luteolibacter",8,3.67133353205481e-06,1.01739749720216e-05,"SRR14919237","Genus","Detected in multiple samples"
"Methanosarcina",8,3.64754721193825e-06,8.13117206779771e-06,"SRR14919239","Genus","Detected in multiple samples"
"Desulfosalsimonas",7,3.63209473531998e-06,7.89798956675578e-06,"SRR14919235","Genus","Detected in multiple samples"
"Zavarzinella",5,3.63202926112314e-06,1.74246384387524e-05,"SRR14919242","Genus","Detected in multiple samples"
"Yaniella",7,3.57821630527317e-06,1.18469843501337e-05,"SRR14919235","Genus","Detected in multiple samples"
"Chondromyces",8,3.56983129681828e-06,8.13117206779771e-06,"SRR14919239","Genus","Detected in multiple samples"
"Meniscus",7,3.5622760188639e-06,8.13117206779771e-06,"SRR14919239","Genus","Detected in multiple samples"
"Synechococcus",7,3.54857789696487e-06,1.01739749720216e-05,"SRR14919237","Genus","Detected in multiple samples"
"Thermoflavimicrobium",6,3.52285288065434e-06,1.49608213490921e-05,"SRR14919238","Genus","Detected in multiple samples"
"Thiocystis",7,3.51841017572108e-06,1.21967581016966e-05,"SRR14919239","Genus","Detected in multiple samples"
"Caminicella",8,3.51240481778205e-06,1.1220616011819e-05,"SRR14919238","Genus","Detected in multiple samples"
"Acidovorax",9,3.50123283237673e-06,8.48827980765558e-06,"SRR14919246","Genus","Detected in multiple samples"
"Negativicoccus",6,3.49075146241683e-06,1.3345183856598e-05,"SRR14919236","Genus","Detected in multiple samples"
"Thiobacillus",6,3.49021816452841e-06,1.18469843501337e-05,"SRR14919235","Genus","Detected in multiple samples"
"Olavius",8,3.4766628272881e-06,7.89798956675578e-06,"SRR14919235","Genus","Detected in multiple samples"
"Hydrogenivirga",7,3.47230695641448e-06,1.03844676056533e-05,"SRR14919245","Genus","Detected in multiple samples"
"Edwardsiella",9,3.46602491398488e-06,8.48827980765558e-06,"SRR14919246","Genus","Detected in multiple samples"
"Haloplasma",9,3.46133965238488e-06,8.7123192193762e-06,"SRR14919242","Genus","Detected in multiple samples"
"Achromobacter",5,3.44805019078503e-06,1.18469843501337e-05,"SRR14919235","Genus","Detected in multiple samples"
"Marivirga",7,3.44565921560324e-06,1.1220616011819e-05,"SRR14919238","Genus","Detected in multiple samples"
"Pelodictyon",9,3.4417608137086e-06,1.18469843501337e-05,"SRR14919235","Genus","Detected in multiple samples"
"Olleya",7,3.43766204872765e-06,1.1220616011819e-05,"SRR14919238","Genus","Detected in multiple samples"
"Marinilabilia",6,3.4251105125739e-06,1.10968085578588e-05,"SRR14919241","Genus","Detected in multiple samples"
"Nicoletella",4,3.40000786645031e-06,2.38693595850823e-05,"SRR14919240","Genus","Detected in multiple samples"
"Hydrotalea",8,3.38671244675594e-06,7.48041067454603e-06,"SRR14919238","Genus","Detected in multiple samples"
"Acetoanaerobium",5,3.38312258068304e-06,2.03287448452111e-05,"SRR14919242","Genus","Detected in multiple samples"
"Thermanaeromonas",8,3.37882201461395e-06,1.27324197114834e-05,"SRR14919246","Genus","Detected in multiple samples"
"Cellulosibacter",5,3.37713760090901e-06,1.52609624580324e-05,"SRR14919237","Genus","Detected in multiple samples"
"Alkalibacillus",7,3.37535870973236e-06,1.49608213490921e-05,"SRR14919238","Genus","Detected in multiple samples"
"Herminiimonas",6,3.36618078841846e-06,1.49608213490921e-05,"SRR14919238","Genus","Detected in multiple samples"
"Sphingobium",6,3.36279476666858e-06,8.7123192193762e-06,"SRR14919242","Genus","Detected in multiple samples"
"Ilyobacter",9,3.3514107403323e-06,8.7123192193762e-06,"SRR14919242","Genus","Detected in multiple samples"
"Methanococcus",8,3.34636776057243e-06,8.13117206779771e-06,"SRR14919239","Genus","Detected in multiple samples"
"Criblamydia",7,3.34362902684442e-06,8.32260641839407e-06,"SRR14919241","Genus","Detected in multiple samples"
"Roseiflexus",7,3.33453884958867e-06,1.16164256258349e-05,"SRR14919242","Genus","Detected in multiple samples"
"Pseudendoclonium",8,3.30898722099363e-06,6.92297840376887e-06,"SRR14919245","Genus","Detected in multiple samples"
"Trigonala",7,3.30058428103506e-06,1.1220616011819e-05,"SRR14919238","Genus","Detected in multiple samples"
"Desulfonema",7,3.28959668655808e-06,8.48827980765558e-06,"SRR14919246","Genus","Detected in multiple samples"
"Halomicroarcula",7,3.26468770238223e-06,1.60142206279176e-05,"SRR14919236","Genus","Detected in multiple samples"
"Pigmentiphaga",5,3.26219483200864e-06,1.97449739168895e-05,"SRR14919235","Genus","Detected in multiple samples"
"Aminobacterium",6,3.25324935729181e-06,1.38563169216806e-05,"SRR14919244","Genus","Detected in multiple samples"
"Algimonas",5,3.25026490791095e-06,1.62623441355954e-05,"SRR14919239","Genus","Detected in multiple samples"
"Thermodesulfobacterium",7,3.24980181506065e-06,1.21967581016966e-05,"SRR14919239","Genus","Detected in multiple samples"
"Mesorhizobium",6,3.23758444346029e-06,1.10968085578588e-05,"SRR14919241","Genus","Detected in multiple samples"
"Desulfococcus",7,3.22631473251222e-06,1.1220616011819e-05,"SRR14919238","Genus","Detected in multiple samples"
"Caldithrix",7,3.22222880200925e-06,1.02297255364639e-05,"SRR14919240","Genus","Detected in multiple samples"
"Haloglycomyces",6,3.22187870065188e-06,8.7123192193762e-06,"SRR14919242","Genus","Detected in multiple samples"
"Photobacterium",9,3.21985338047708e-06,7.89798956675578e-06,"SRR14919235","Genus","Detected in multiple samples"
"Modicisalibacter",9,3.20387343195906e-06,1.01739749720216e-05,"SRR14919237","Genus","Detected in multiple samples"
"Alcanivorax",7,3.20300091511424e-06,1.38459568075377e-05,"SRR14919245","Genus","Detected in multiple samples"
"Tenacibaculum",8,3.20278162831072e-06,8.13117206779771e-06,"SRR14919239","Genus","Detected in multiple samples"
"Calditerricola",6,3.19235281308825e-06,1.62623441355954e-05,"SRR14919239","Genus","Detected in multiple samples"
"Balneola",8,3.17634942828543e-06,7.48041067454603e-06,"SRR14919238","Genus","Detected in multiple samples"
"Granulicella",7,3.16521482110701e-06,1.03844676056533e-05,"SRR14919245","Genus","Detected in multiple samples"
"Methylobacter",6,3.16248133849972e-06,1.16164256258349e-05,"SRR14919242","Genus","Detected in multiple samples"
"Rubritalea",8,3.14864671429339e-06,1.01739749720216e-05,"SRR14919237","Genus","Detected in multiple samples"
"Thalassospira",7,3.12854477461441e-06,1.27324197114834e-05,"SRR14919246","Genus","Detected in multiple samples"
"Anaerobacillus",6,3.12085730650136e-06,1.36396340486185e-05,"SRR14919240","Genus","Detected in multiple samples"
"Pseudoscardovia",5,3.11968702575403e-06,1.62623441355954e-05,"SRR14919239","Genus","Detected in multiple samples"
"Persephonella",5,3.09591244738894e-06,1.74246384387524e-05,"SRR14919242","Genus","Detected in multiple samples"
"Persicobacter",7,3.08476330897198e-06,1.18469843501337e-05,"SRR14919235","Genus","Detected in multiple samples"
"Chlorobium",8,3.08245124553959e-06,8.13117206779771e-06,"SRR14919239","Genus","Detected in multiple samples"
"Atopobacter",7,3.07862255219261e-06,1.02297255364639e-05,"SRR14919240","Genus","Detected in multiple samples"
"Microchaete",5,3.07328701801429e-06,1.06761470852784e-05,"SRR14919236","Genus","Detected in multiple samples"
"Trachelomonas",7,3.06530475150413e-06,1.01739749720216e-05,"SRR14919237","Genus","Detected in multiple samples"
"Opitutus",8,3.06262872094248e-06,8.13117206779771e-06,"SRR14919239","Genus","Detected in multiple samples"
"Cyanidium",7,3.05842551606578e-06,1.16164256258349e-05,"SRR14919242","Genus","Detected in multiple samples"
"Fangia",6,3.04352559948968e-06,1.01739749720216e-05,"SRR14919237","Genus","Detected in multiple samples"
"Chroococcidiopsis",5,3.02618989997876e-06,1.1220616011819e-05,"SRR14919238","Genus","Detected in multiple samples"
"Coraliomargarita",6,3.0141580233318e-06,1.18469843501337e-05,"SRR14919235","Genus","Detected in multiple samples"
"Thermodesulfatator",7,3.01084900978565e-06,1.18469843501337e-05,"SRR14919235","Genus","Detected in multiple samples"
"Carnobacterium",7,3.00319518298415e-06,7.48041067454603e-06,"SRR14919238","Genus","Detected in multiple samples"
"Dethiosulfatibacter",7,2.99025843287661e-06,8.7123192193762e-06,"SRR14919242","Genus","Detected in multiple samples"
"Solanum",7,2.97633510829343e-06,8.48827980765558e-06,"SRR14919246","Genus","Detected in multiple samples"
"Reichenbachiella",9,2.95618339588705e-06,6.92297840376887e-06,"SRR14919245","Genus","Detected in multiple samples"
"Sporosarcina",6,2.91563925243043e-06,8.7123192193762e-06,"SRR14919242","Genus","Detected in multiple samples"
"Salimesophilobacter",6,2.91114602917947e-06,1.01739749720216e-05,"SRR14919237","Genus","Detected in multiple samples"
"Vampirovibrio",6,2.89648224401621e-06,8.13117206779771e-06,"SRR14919239","Genus","Detected in multiple samples"
"Methanothermobacter",7,2.89560059937591e-06,1.00062038463848e-05,"SRR14919243","Genus","Detected in multiple samples"
"Coxiella",6,2.89019693537542e-06,7.89798956675578e-06,"SRR14919235","Genus","Detected in multiple samples"
"Eggerthia",6,2.87778369017665e-06,1.02297255364639e-05,"SRR14919240","Genus","Detected in multiple samples"
"Centipeda",7,2.84574400558958e-06,1.1220616011819e-05,"SRR14919238","Genus","Detected in multiple samples"
"Finegoldia",6,2.83688258625707e-06,8.7123192193762e-06,"SRR14919242","Genus","Detected in multiple samples"
"Thermocrinis",8,2.82277339763629e-06,6.67080256425651e-06,"SRR14919243","Genus","Detected in multiple samples"
"Jeotgalibacillus",8,2.81700846580338e-06,7.89798956675578e-06,"SRR14919235","Genus","Detected in multiple samples"
"Polynucleobacter",7,2.81330564471238e-06,1.03844676056533e-05,"SRR14919245","Genus","Detected in multiple samples"
"Paraeggerthella",4,2.80035995526543e-06,1.49608213490921e-05,"SRR14919238","Genus","Detected in multiple samples"
"Flammeovirga",6,2.79923231383248e-06,1.01739749720216e-05,"SRR14919237","Genus","Detected in multiple samples"
"Oligella",6,2.75513287422619e-06,1.16164256258349e-05,"SRR14919242","Genus","Detected in multiple samples"
"Leptolyngbya",8,2.75220998913758e-06,7.48041067454603e-06,"SRR14919238","Genus","Detected in multiple samples"
"Leucobacter",5,2.74940694949874e-06,2.03479499440431e-05,"SRR14919237","Genus","Detected in multiple samples"
"Cymbella",5,2.74870568672654e-06,1.01739749720216e-05,"SRR14919237","Genus","Detected in multiple samples"
"Terriglobus",6,2.73260313704024e-06,1.01739749720216e-05,"SRR14919237","Genus","Detected in multiple samples"
"Varibaculum",7,2.7277809991289e-06,6.92297840376887e-06,"SRR14919245","Genus","Detected in multiple samples"
"Pseudoxanthomonas",7,2.71679932439786e-06,8.0071103139588e-06,"SRR14919236","Genus","Detected in multiple samples"
"Catellicoccus",6,2.69394842439005e-06,1.01739749720216e-05,"SRR14919237","Genus","Detected in multiple samples"
"Halomicrobium",5,2.69348970786556e-06,1.49608213490921e-05,"SRR14919238","Genus","Detected in multiple samples"
"Lepocinclis",6,2.69007571595661e-06,1.02297255364639e-05,"SRR14919240","Genus","Detected in multiple samples"
"Jonesia",7,2.67222999277816e-06,6.92297840376887e-06,"SRR14919245","Genus","Detected in multiple samples"
"Alkalibacterium",8,2.66100697542848e-06,5.3380735426392e-06,"SRR14919236","Genus","Detected in multiple samples"
"Carboxydocella",7,2.65667460523105e-06,8.13117206779771e-06,"SRR14919239","Genus","Detected in multiple samples"
"Flectobacillus",6,2.64077330501926e-06,8.7123192193762e-06,"SRR14919242","Genus","Detected in multiple samples"
"Massilia",7,2.63419068285587e-06,7.48041067454603e-06,"SRR14919238","Genus","Detected in multiple samples"
"Amycolatopsis",5,2.62785051439343e-06,1.01739749720216e-05,"SRR14919237","Genus","Detected in multiple samples"
"Tistrella",8,2.62530699311619e-06,6.92815846084032e-06,"SRR14919244","Genus","Detected in multiple samples"
"Thiohalophilus",6,2.61784060926794e-06,8.32260641839407e-06,"SRR14919241","Genus","Detected in multiple samples"
"Filomicrobium",6,2.61131107148414e-06,8.48827980765558e-06,"SRR14919246","Genus","Detected in multiple samples"
"Prolixibacter",7,2.58579094603116e-06,6.92815846084032e-06,"SRR14919244","Genus","Detected in multiple samples"
"Gallionella",7,2.5697744792705e-06,8.13117206779771e-06,"SRR14919239","Genus","Detected in multiple samples"
"Thermosipho",8,2.5588376191465e-06,5.3380735426392e-06,"SRR14919236","Genus","Detected in multiple samples"
"Desulfoluna",8,2.54535375705752e-06,6.92815846084032e-06,"SRR14919244","Genus","Detected in multiple samples"
"Natronovirga",4,2.54113889996066e-06,1.52609624580324e-05,"SRR14919237","Genus","Detected in multiple samples"
"Merismopedia",5,2.53825964408728e-06,1.18469843501337e-05,"SRR14919235","Genus","Detected in multiple samples"
"Actinobaculum",5,2.53235981896717e-06,1.1220616011819e-05,"SRR14919238","Genus","Detected in multiple samples"
"Paenisporosarcina",6,2.52549186738346e-06,7.48041067454603e-06,"SRR14919238","Genus","Detected in multiple samples"
"Streptacidiphilus",5,2.51941487931159e-06,8.48827980765558e-06,"SRR14919246","Genus","Detected in multiple samples"
"Orbus",6,2.50877148195563e-06,6.92297840376887e-06,"SRR14919245","Genus","Detected in multiple samples"
"Caldanaerobius",5,2.50682251274936e-06,8.7123192193762e-06,"SRR14919242","Genus","Detected in multiple samples"
"Desulfobacula",7,2.50040948598966e-06,6.81981702430924e-06,"SRR14919240","Genus","Detected in multiple samples"
"Alvinella",5,2.49898966214262e-06,1.02297255364639e-05,"SRR14919240","Genus","Detected in multiple samples"
"Selenihalanaerobacter",6,2.48928569059485e-06,6.92297840376887e-06,"SRR14919245","Genus","Detected in multiple samples"
"Metabacterium",7,2.48161985014714e-06,7.89798956675578e-06,"SRR14919235","Genus","Detected in multiple samples"
"Achromatium",7,2.46683714219228e-06,6.67080256425651e-06,"SRR14919243","Genus","Detected in multiple samples"
"Microaerobacter",7,2.46615428416542e-06,6.92297840376887e-06,"SRR14919245","Genus","Detected in multiple samples"
"Chromohalobacter",7,2.4570765195764e-06,7.89798956675578e-06,"SRR14919235","Genus","Detected in multiple samples"
"Capnocytophaga",6,2.44973274408592e-06,7.89798956675578e-06,"SRR14919235","Genus","Detected in multiple samples"
"Hyphomicrobium",6,2.44579829537382e-06,8.48827980765558e-06,"SRR14919246","Genus","Detected in multiple samples"
"Dyadobacter",6,2.43806678713305e-06,8.48827980765558e-06,"SRR14919246","Genus","Detected in multiple samples"
"Desulfurobacterium",5,2.42442066176705e-06,1.18469843501337e-05,"SRR14919235","Genus","Detected in multiple samples"
"Haloquadratum",5,2.39492710335354e-06,1.18469843501337e-05,"SRR14919235","Genus","Detected in multiple samples"
"Desulforhopalus",6,2.38011001510101e-06,1.18469843501337e-05,"SRR14919235","Genus","Detected in multiple samples"
"Stenoxybacter",7,2.36078881068414e-06,7.89798956675578e-06,"SRR14919235","Genus","Detected in multiple samples"
"Mechercharimyces",4,2.35434998691394e-06,1.03922376912605e-05,"SRR14919244","Genus","Detected in multiple samples"
"Halobacillus",6,2.34363787687356e-06,1.00062038463848e-05,"SRR14919243","Genus","Detected in multiple samples"
"Nitrobacter",7,2.33874525700704e-06,5.80821281291747e-06,"SRR14919242","Genus","Detected in multiple samples"
"Plasticicumulans",5,2.33769018908575e-06,8.13117206779771e-06,"SRR14919239","Genus","Detected in multiple samples"
"Gelidium",6,2.32620228243202e-06,6.92815846084032e-06,"SRR14919244","Genus","Detected in multiple samples"
"Anaerosinus",2,2.32266047180341e-06,2.49678192551822e-05,"SRR14919241","Genus","Detected in multiple samples"
"Mobiluncus",6,2.31331864888298e-06,7.48041067454603e-06,"SRR14919238","Genus","Detected in multiple samples"
"Planomicrobium",6,2.30213871196526e-06,6.92297840376887e-06,"SRR14919245","Genus","Detected in multiple samples"
"Cryptanaerobacter",5,2.29150422840858e-06,8.13117206779771e-06,"SRR14919239","Genus","Detected in multiple samples"
"Citrobacter",5,2.284245117044e-06,8.32260641839407e-06,"SRR14919241","Genus","Detected in multiple samples"
"Cesiribacter",7,2.27595159518095e-06,5.54840427892938e-06,"SRR14919241","Genus","Detected in multiple samples"
"Succinivibrio",5,2.27590479502707e-06,8.7123192193762e-06,"SRR14919242","Genus","Detected in multiple samples"
"Nitrospira",5,2.26286141027032e-06,8.7123192193762e-06,"SRR14919242","Genus","Detected in multiple samples"
"Telmatospirillum",7,2.25563263752707e-06,5.08698748601078e-06,"SRR14919237","Genus","Detected in multiple samples"
"Melghirimyces",6,2.24492719100516e-06,6.81981702430924e-06,"SRR14919240","Genus","Detected in multiple samples"
"Desulfatiferula",6,2.22807475591149e-06,8.13117206779771e-06,"SRR14919239","Genus","Detected in multiple samples"
"Cryptosporangium",7,2.21595167783057e-06,5.08698748601078e-06,"SRR14919237","Genus","Detected in multiple samples"
"Acetohalobium",5,2.21560970474955e-06,8.13117206779771e-06,"SRR14919239","Genus","Detected in multiple samples"
"Sediminitomix",5,2.21214853978978e-06,7.89798956675578e-06,"SRR14919235","Genus","Detected in multiple samples"
"Coriobacterium",5,2.20800998249187e-06,1.1220616011819e-05,"SRR14919238","Genus","Detected in multiple samples"
"Sphaerochaeta",6,2.18284925015157e-06,6.92815846084032e-06,"SRR14919244","Genus","Detected in multiple samples"
"Lutibacter",6,2.17297489975775e-06,8.13117206779771e-06,"SRR14919239","Genus","Detected in multiple samples"
"Terrahaemophilus",5,2.17145679402108e-06,1.02297255364639e-05,"SRR14919240","Genus","Detected in multiple samples"
"Ammoniphilus",6,2.16925917997975e-06,6.67080256425651e-06,"SRR14919243","Genus","Detected in multiple samples"
"Polaribacter",7,2.15426687434095e-06,5.54840427892938e-06,"SRR14919241","Genus","Detected in multiple samples"
"Entomoplasma",4,2.14318508780144e-06,1.01739749720216e-05,"SRR14919237","Genus","Detected in multiple samples"
"Thermoanaerobaculum",6,2.13357249515885e-06,6.92815846084032e-06,"SRR14919244","Genus","Detected in multiple samples"
"Natronoflexus",5,2.13315511255367e-06,1.1220616011819e-05,"SRR14919238","Genus","Detected in multiple samples"
"Gaetbulibacter",7,2.1139981572599e-06,5.08698748601078e-06,"SRR14919237","Genus","Detected in multiple samples"
"Lawsonia",5,2.11281226497055e-06,6.92815846084032e-06,"SRR14919244","Genus","Detected in multiple samples"
"Bryobacter",5,2.11140143527519e-06,1.06761470852784e-05,"SRR14919236","Genus","Detected in multiple samples"
"Methanomassiliicoccus",5,2.1072753210352e-06,1.16164256258349e-05,"SRR14919242","Genus","Detected in multiple samples"
"Sporacetigenium",6,2.10520895496562e-06,5.3380735426392e-06,"SRR14919236","Genus","Detected in multiple samples"
"Pilibacter",5,2.104954905853e-06,6.81981702430924e-06,"SRR14919240","Genus","Detected in multiple samples"
"Sulfurivirga",5,2.10460024865297e-06,6.67080256425651e-06,"SRR14919243","Genus","Detected in multiple samples"
"Microcoleus",6,2.10431737954229e-06,7.89798956675578e-06,"SRR14919235","Genus","Detected in multiple samples"
"Chlamydomonas",6,2.09742898406244e-06,6.81981702430924e-06,"SRR14919240","Genus","Detected in multiple samples"
"Methanocorpusculum",5,2.09615869681663e-06,7.89798956675578e-06,"SRR14919235","Genus","Detected in multiple samples"
"Dethiosulfovibrio",5,2.08518833622492e-06,7.89798956675578e-06,"SRR14919235","Genus","Detected in multiple samples"
"Pontibacillus",5,2.07615988318066e-06,7.89798956675578e-06,"SRR14919235","Genus","Detected in multiple samples"
"Wohlfahrtiimonas",4,2.0755715920006e-06,7.89798956675578e-06,"SRR14919235","Genus","Detected in multiple samples"
"Edaphobacter",6,2.07018371936405e-06,5.80821281291747e-06,"SRR14919242","Genus","Detected in multiple samples"
"Verrucomicrobium",3,2.05400439839602e-06,1.38459568075377e-05,"SRR14919245","Genus","Detected in multiple samples"
"Deferribacter",4,2.05316631058386e-06,6.92297840376887e-06,"SRR14919245","Genus","Detected in multiple samples"
"Piscirickettsia",4,2.05138078603013e-06,1.00062038463848e-05,"SRR14919243","Genus","Detected in multiple samples"
"Rhodovulum",6,2.04502590504583e-06,7.48041067454603e-06,"SRR14919238","Genus","Detected in multiple samples"
"Methylohalomonas",5,2.04423461738756e-06,6.81981702430924e-06,"SRR14919240","Genus","Detected in multiple samples"
"Natrinema",6,2.04372564524942e-06,8.13117206779771e-06,"SRR14919239","Genus","Detected in multiple samples"
"Halolactibacillus",6,2.04131850471191e-06,5.08698748601078e-06,"SRR14919237","Genus","Detected in multiple samples"
"Leptonema",5,2.02435234469913e-06,8.13117206779771e-06,"SRR14919239","Genus","Detected in multiple samples"
"Spongiispira",5,2.02229175606438e-06,1.01739749720216e-05,"SRR14919237","Genus","Detected in multiple samples"
"Clostridiisalibacter",5,2.02123730452988e-06,7.89798956675578e-06,"SRR14919235","Genus","Detected in multiple samples"
"Hymenopellis",4,2.01860676128705e-06,8.13117206779771e-06,"SRR14919239","Genus","Detected in multiple samples"
"Herbaspirillum",5,2.01301921559125e-06,6.92815846084032e-06,"SRR14919244","Genus","Detected in multiple samples"
"Rikenella",5,2.00615535668433e-06,6.81981702430924e-06,"SRR14919240","Genus","Detected in multiple samples"
"Flexithrix",5,1.99527549285486e-06,6.92297840376887e-06,"SRR14919245","Genus","Detected in multiple samples"
"Nitrospina",7,1.99185653232527e-06,4.06558603389886e-06,"SRR14919239","Genus","Detected in multiple samples"
"Cerasicoccus",5,1.98220216922447e-06,8.13117206779771e-06,"SRR14919239","Genus","Detected in multiple samples"
"Tunicatimonas",6,1.97553314044472e-06,5.3380735426392e-06,"SRR14919236","Genus","Detected in multiple samples"
"Fluviimonas",2,1.97201217727828e-06,2.03287448452111e-05,"SRR14919242","Genus","Detected in multiple samples"
"Desemzia",6,1.97174693871154e-06,5.80821281291747e-06,"SRR14919242","Genus","Detected in multiple samples"
"Cellulophaga",5,1.96926613510461e-06,8.0071103139588e-06,"SRR14919236","Genus","Detected in multiple samples"
"Brochothrix",6,1.95518940584216e-06,5.3380735426392e-06,"SRR14919236","Genus","Detected in multiple samples"
"Methanoregula",5,1.95207987916465e-06,8.13117206779771e-06,"SRR14919239","Genus","Detected in multiple samples"
"Mannheimia",6,1.94006014598455e-06,5.08698748601078e-06,"SRR14919237","Genus","Detected in multiple samples"
"Desulfuromusa",4,1.92769180286389e-06,1.01739749720216e-05,"SRR14919237","Genus","Detected in multiple samples"
"Ferruginibacter",4,1.91992697920367e-06,1.01739749720216e-05,"SRR14919237","Genus","Detected in multiple samples"
"Cellulomonas",6,1.9138275181197e-06,5.80821281291747e-06,"SRR14919242","Genus","Detected in multiple samples"
"Isosphaera",5,1.91115276421555e-06,6.92815846084032e-06,"SRR14919244","Genus","Detected in multiple samples"
"Erythrobacter",5,1.90197202804384e-06,6.81981702430924e-06,"SRR14919240","Genus","Detected in multiple samples"
"Pricia",5,1.90156192355723e-06,6.81981702430924e-06,"SRR14919240","Genus","Detected in multiple samples"
"Planococcus",6,1.89896643568114e-06,5.3380735426392e-06,"SRR14919236","Genus","Detected in multiple samples"
"Fulvivirga",5,1.89446240529967e-06,8.13117206779771e-06,"SRR14919239","Genus","Detected in multiple samples"
"Flavitalea",4,1.86937287750112e-06,7.48041067454603e-06,"SRR14919238","Genus","Detected in multiple samples"
"Arthrospira",5,1.86316310846803e-06,8.13117206779771e-06,"SRR14919239","Genus","Detected in multiple samples"
"Halobellus",3,1.86026719931457e-06,1.38459568075377e-05,"SRR14919245","Genus","Detected in multiple samples"
"Eudoraea",6,1.85980413673343e-06,5.08698748601078e-06,"SRR14919237","Genus","Detected in multiple samples"
"Janthinobacterium",5,1.85551891170018e-06,6.92297840376887e-06,"SRR14919245","Genus","Detected in multiple samples"
"Schwartzia",4,1.85170576290199e-06,1.01739749720216e-05,"SRR14919237","Genus","Detected in multiple samples"
"Variovorax",6,1.84931452592283e-06,5.3380735426392e-06,"SRR14919236","Genus","Detected in multiple samples"
"Oceanicoccus",5,1.84300224518648e-06,6.67080256425651e-06,"SRR14919243","Genus","Detected in multiple samples"
"Salinibacter",5,1.84151036751275e-06,8.7123192193762e-06,"SRR14919242","Genus","Detected in multiple samples"
"Brackiella",4,1.83638379518811e-06,7.48041067454603e-06,"SRR14919238","Genus","Detected in multiple samples"
"Desulfacinum",6,1.82966298875302e-06,5.3380735426392e-06,"SRR14919236","Genus","Detected in multiple samples"
"Oenococcus",5,1.82908288530322e-06,8.13117206779771e-06,"SRR14919239","Genus","Detected in multiple samples"
"Nitrosopumilus",5,1.82582014082824e-06,8.13117206779771e-06,"SRR14919239","Genus","Detected in multiple samples"
"Geovibrio",5,1.82152175001743e-06,8.13117206779771e-06,"SRR14919239","Genus","Detected in multiple samples"
"Insolitispirillum",4,1.81782396022198e-06,8.7123192193762e-06,"SRR14919242","Genus","Detected in multiple samples"
"Agrococcus",4,1.8147789495341e-06,8.13117206779771e-06,"SRR14919239","Genus","Detected in multiple samples"
"Elusimicrobium",6,1.81216052334346e-06,5.08698748601078e-06,"SRR14919237","Genus","Detected in multiple samples"
"Persicirhabdus",5,1.8040579251214e-06,6.92297840376887e-06,"SRR14919245","Genus","Detected in multiple samples"
"Komagataeibacter",5,1.79593140231548e-06,6.81981702430924e-06,"SRR14919240","Genus","Detected in multiple samples"
"Brachymonas",3,1.7917353061745e-06,1.36396340486185e-05,"SRR14919240","Genus","Detected in multiple samples"
"Singulisphaera",5,1.79120945139817e-06,8.13117206779771e-06,"SRR14919239","Genus","Detected in multiple samples"
"Fructobacillus",5,1.78241848330643e-06,8.13117206779771e-06,"SRR14919239","Genus","Detected in multiple samples"
"Riemerella",5,1.78089628489297e-06,8.13117206779771e-06,"SRR14919239","Genus","Detected in multiple samples"
"Amphibacillus",6,1.76029441032539e-06,5.08698748601078e-06,"SRR14919237","Genus","Detected in multiple samples"
"Dehalobacter",4,1.75697523090776e-06,8.7123192193762e-06,"SRR14919242","Genus","Detected in multiple samples"
"Histophilus",5,1.72606107083556e-06,6.92815846084032e-06,"SRR14919244","Genus","Detected in multiple samples"
"Proteiniborus",3,1.72455870881226e-06,1.16164256258349e-05,"SRR14919242","Genus","Detected in multiple samples"
"Prosthecobacter",4,1.70627102893913e-06,1.01739749720216e-05,"SRR14919237","Genus","Detected in multiple samples"
"Haloferula",5,1.70475681012798e-06,6.92297840376887e-06,"SRR14919245","Genus","Detected in multiple samples"
"Leptolinea",3,1.69260813073922e-06,1.3341605128513e-05,"SRR14919243","Genus","Detected in multiple samples"
"Dissulfuribacter",4,1.68693939740238e-06,6.92815846084032e-06,"SRR14919244","Genus","Detected in multiple samples"
"Acanthopleuribacter",2,1.68168156820053e-06,1.01739749720216e-05,"SRR14919237","Genus","Detected in multiple samples"
"Ignatzschineria",4,1.67562173528617e-06,7.89798956675578e-06,"SRR14919235","Genus","Detected in multiple samples"
"Sulfurospirillum",3,1.66404983888441e-06,1.1220616011819e-05,"SRR14919238","Genus","Detected in multiple samples"
"Scardovia",6,1.65400985303168e-06,4.06558603389886e-06,"SRR14919239","Genus","Detected in multiple samples"
"Dechloromonas",5,1.64537751310778e-06,5.80821281291747e-06,"SRR14919242","Genus","Detected in multiple samples"
"Rhodanobacter",4,1.641969704719e-06,6.81981702430924e-06,"SRR14919240","Genus","Detected in multiple samples"
"Waddlia",5,1.62806375096127e-06,5.3380735426392e-06,"SRR14919236","Genus","Detected in multiple samples"
"Thermothrix",5,1.61143830371972e-06,5.08698748601078e-06,"SRR14919237","Genus","Detected in multiple samples"
"Petrotoga",4,1.6008808871711e-06,6.67080256425651e-06,"SRR14919243","Genus","Detected in multiple samples"
"Methanogenium",5,1.59688914731192e-06,5.08698748601078e-06,"SRR14919237","Genus","Detected in multiple samples"
"Pyramidobacter",5,1.59243512823934e-06,5.08698748601078e-06,"SRR14919237","Genus","Detected in multiple samples"
"Indibacter",4,1.5908960471877e-06,6.92815846084032e-06,"SRR14919244","Genus","Detected in multiple samples"
"Shimwellia",5,1.58796760042644e-06,4.24413990382779e-06,"SRR14919246","Genus","Detected in multiple samples"
"Prosthecochloris",6,1.58680415790865e-06,3.94899478337789e-06,"SRR14919235","Genus","Detected in multiple samples"
"Zoogloea",5,1.58129164227535e-06,4.24413990382779e-06,"SRR14919246","Genus","Detected in multiple samples"
"Grammonema",4,1.56713996087014e-06,7.48041067454603e-06,"SRR14919238","Genus","Detected in multiple samples"
"Caldisericum",3,1.56528271874699e-06,7.89798956675578e-06,"SRR14919235","Genus","Detected in multiple samples"
"Anaerolinea",5,1.55857968181707e-06,5.54840427892938e-06,"SRR14919241","Genus","Detected in multiple samples"
"Moritella",5,1.5566962155712e-06,4.06558603389886e-06,"SRR14919239","Genus","Detected in multiple samples"
"Methanolinea",5,1.55254895608441e-06,5.08698748601078e-06,"SRR14919237","Genus","Detected in multiple samples"
"Desulfurococcus",4,1.54557316771887e-06,8.48827980765558e-06,"SRR14919246","Genus","Detected in multiple samples"
"Desulfurella",5,1.53752740291593e-06,5.08698748601078e-06,"SRR14919237","Genus","Detected in multiple samples"
"Scherffelia",4,1.53284848081575e-06,8.13117206779771e-06,"SRR14919239","Genus","Detected in multiple samples"
"Blastocatella",4,1.53172846293286e-06,6.92815846084032e-06,"SRR14919244","Genus","Detected in multiple samples"
"Sporotalea",3,1.5213073559362e-06,1.06761470852784e-05,"SRR14919236","Genus","Detected in multiple samples"
"Dolosicoccus",5,1.52061291192434e-06,4.24413990382779e-06,"SRR14919246","Genus","Detected in multiple samples"
"Aeriscardovia",5,1.51130210082022e-06,5.08698748601078e-06,"SRR14919237","Genus","Detected in multiple samples"
"Glaciecola",5,1.50588455408762e-06,5.08698748601078e-06,"SRR14919237","Genus","Detected in multiple samples"
"Natranaerobius",5,1.50509316498469e-06,5.08698748601078e-06,"SRR14919237","Genus","Detected in multiple samples"
"Hellea",5,1.49952448692806e-06,4.06558603389886e-06,"SRR14919239","Genus","Detected in multiple samples"
"Alishewanella",4,1.49754219557038e-06,6.81981702430924e-06,"SRR14919240","Genus","Detected in multiple samples"
"Acidiferrobacter",4,1.49570459578365e-06,8.13117206779771e-06,"SRR14919239","Genus","Detected in multiple samples"
"Sporanaerobacter",5,1.48702130467001e-06,4.06558603389886e-06,"SRR14919239","Genus","Detected in multiple samples"
"Methanomethylovorans",4,1.48617949999723e-06,7.48041067454603e-06,"SRR14919238","Genus","Detected in multiple samples"
"Trichormus",5,1.48272291385919e-06,4.06558603389886e-06,"SRR14919239","Genus","Detected in multiple samples"
"Salinimicrobium",3,1.47902512406374e-06,8.7123192193762e-06,"SRR14919242","Genus","Detected in multiple samples"
"Acetonema",3,1.47240530592995e-06,1.03844676056533e-05,"SRR14919245","Genus","Detected in multiple samples"
"Subtercola",3,1.46999975104007e-06,1.21967581016966e-05,"SRR14919239","Genus","Detected in multiple samples"
"Globicatella",4,1.46874516599326e-06,7.48041067454603e-06,"SRR14919238","Genus","Detected in multiple samples"
"Nostocoida",5,1.46532379335045e-06,4.06558603389886e-06,"SRR14919239","Genus","Detected in multiple samples"
"Natrialba",5,1.4606141462496e-06,4.24413990382779e-06,"SRR14919246","Genus","Detected in multiple samples"
"Pasteuria",5,1.45990624661785e-06,3.94899478337789e-06,"SRR14919235","Genus","Detected in multiple samples"
"Limnobacter",3,1.45668358443523e-06,7.89798956675578e-06,"SRR14919235","Genus","Detected in multiple samples"
"Delftia",5,1.45475176231682e-06,5.08698748601078e-06,"SRR14919237","Genus","Detected in multiple samples"
"Fulvitalea",4,1.45055216634864e-06,6.92297840376887e-06,"SRR14919245","Genus","Detected in multiple samples"
"Elizabethkingia",3,1.4488161703453e-06,8.7123192193762e-06,"SRR14919242","Genus","Detected in multiple samples"
"Haloplanus",4,1.44839169515726e-06,6.67080256425651e-06,"SRR14919243","Genus","Detected in multiple samples"
"Roseivirga",4,1.43758322221261e-06,6.81981702430924e-06,"SRR14919240","Genus","Detected in multiple samples"
"Kouleothrix",4,1.43667990200214e-06,6.92297840376887e-06,"SRR14919245","Genus","Detected in multiple samples"
"Thermophagus",5,1.43580288383413e-06,3.94899478337789e-06,"SRR14919235","Genus","Detected in multiple samples"
"Ornatilinea",5,1.43485586646944e-06,4.24413990382779e-06,"SRR14919246","Genus","Detected in multiple samples"
"Auritidibacter",4,1.42680670328396e-06,6.92297840376887e-06,"SRR14919245","Genus","Detected in multiple samples"
"Terribacillus",3,1.41697412334833e-06,6.92297840376887e-06,"SRR14919245","Genus","Detected in multiple samples"
"Picrophilus",5,1.41394974425281e-06,4.24413990382779e-06,"SRR14919246","Genus","Detected in multiple samples"
"Picochlorum",4,1.41046816416045e-06,6.81981702430924e-06,"SRR14919240","Genus","Detected in multiple samples"
"Pandoraea",5,1.40415703509974e-06,3.74020533727302e-06,"SRR14919238","Genus","Detected in multiple samples"
"Oerskovia",3,1.40152389297944e-06,1.01739749720216e-05,"SRR14919237","Genus","Detected in multiple samples"
"Desulfonatronum",4,1.39980520925234e-06,5.80821281291747e-06,"SRR14919242","Genus","Detected in multiple samples"
"Desulfocapsa",4,1.3992213864161e-06,5.3380735426392e-06,"SRR14919236","Genus","Detected in multiple samples"
"Natronobacterium",4,1.39586027673654e-06,6.67080256425651e-06,"SRR14919243","Genus","Detected in multiple samples"
"Alysiella",5,1.39286131925654e-06,4.06558603389886e-06,"SRR14919239","Genus","Detected in multiple samples"
"Alkalitalea",5,1.38451446380157e-06,4.24413990382779e-06,"SRR14919246","Genus","Detected in multiple samples"
"Roseibacillus",5,1.38451446380157e-06,4.24413990382779e-06,"SRR14919246","Genus","Detected in multiple samples"
"Nannocystis",2,1.38419239884433e-06,8.7123192193762e-06,"SRR14919242","Genus","Detected in multiple samples"
"Halobiforma",3,1.38403513766956e-06,8.13117206779771e-06,"SRR14919239","Genus","Detected in multiple samples"
"Bdellovibrio",4,1.36786851899445e-06,6.81981702430924e-06,"SRR14919240","Genus","Detected in multiple samples"
"Aneurinibacillus",5,1.36200685962509e-06,3.74020533727302e-06,"SRR14919238","Genus","Detected in multiple samples"
"Sulfolobus",5,1.35991903709741e-06,3.94899478337789e-06,"SRR14919235","Genus","Detected in multiple samples"
"Sinorickettsia",4,1.35266848896048e-06,5.54840427892938e-06,"SRR14919241","Genus","Detected in multiple samples"
"Cryptoglena",4,1.35021042532314e-06,5.08698748601078e-06,"SRR14919237","Genus","Detected in multiple samples"
"Methanothermus",4,1.34868571497293e-06,5.08698748601078e-06,"SRR14919237","Genus","Detected in multiple samples"
"Rhodospirillum",4,1.33733094335582e-06,5.3380735426392e-06,"SRR14919236","Genus","Detected in multiple samples"
"Desulfurivibrio",4,1.32935555187392e-06,5.3380735426392e-06,"SRR14919236","Genus","Detected in multiple samples"
"Syntrophobacter",4,1.32933783603817e-06,5.08698748601078e-06,"SRR14919237","Genus","Detected in multiple samples"
"Thermonema",4,1.32583083433029e-06,5.08698748601078e-06,"SRR14919237","Genus","Detected in multiple samples"
"Halorhabdus",4,1.32365676861572e-06,5.54840427892938e-06,"SRR14919241","Genus","Detected in multiple samples"
"Gramella",3,1.31438965609681e-06,8.48827980765558e-06,"SRR14919246","Genus","Detected in multiple samples"
"Mariprofundus",3,1.31225984581666e-06,1.01739749720216e-05,"SRR14919237","Genus","Detected in multiple samples"
"Melissococcus",4,1.3116974582026e-06,5.08698748601078e-06,"SRR14919237","Genus","Detected in multiple samples"
"Seinonella",2,1.31019827091258e-06,1.01739749720216e-05,"SRR14919237","Genus","Detected in multiple samples"
"Halothiobacillus",3,1.30864841149397e-06,7.89798956675578e-06,"SRR14919235","Genus","Detected in multiple samples"
"Citreicella",4,1.28888236987692e-06,5.08698748601078e-06,"SRR14919237","Genus","Detected in multiple samples"
"Segetibacter",3,1.2881643540011e-06,8.48827980765558e-06,"SRR14919246","Genus","Detected in multiple samples"
"Asterionella",5,1.28524599472036e-06,3.74020533727302e-06,"SRR14919238","Genus","Detected in multiple samples"
"Knoellia",4,1.2791664323335e-06,5.08698748601078e-06,"SRR14919237","Genus","Detected in multiple samples"
"Salinisphaera",4,1.27380746013745e-06,5.08698748601078e-06,"SRR14919237","Genus","Detected in multiple samples"
"Aquitalea",5,1.2727428124623e-06,3.46407923042016e-06,"SRR14919244","Genus","Detected in multiple samples"
"Neorickettsia",4,1.27239510888391e-06,4.24413990382779e-06,"SRR14919246","Genus","Detected in multiple samples"
"Parachlamydia",4,1.26929323361532e-06,5.08698748601078e-06,"SRR14919237","Genus","Detected in multiple samples"
"Planktolyngbya",4,1.26823878208083e-06,4.06558603389886e-06,"SRR14919239","Genus","Detected in multiple samples"
"Allofustis",4,1.26606570263558e-06,5.08698748601078e-06,"SRR14919237","Genus","Detected in multiple samples"
"Halogranum",4,1.2637245555587e-06,4.06558603389886e-06,"SRR14919239","Genus","Detected in multiple samples"
"Wautersiella",3,1.26245950925752e-06,8.13117206779771e-06,"SRR14919239","Genus","Detected in multiple samples"
"Caldanaerobacter",5,1.25772125929382e-06,3.40990851215462e-06,"SRR14919240","Genus","Detected in multiple samples"
"Aglaothamnion",4,1.25315367620071e-06,5.3380735426392e-06,"SRR14919236","Genus","Detected in multiple samples"
"Pseudoscillatoria",3,1.25083966157209e-06,7.48041067454603e-06,"SRR14919238","Genus","Detected in multiple samples"
"Maricurvus",2,1.2459855756636e-06,1.16164256258349e-05,"SRR14919242","Genus","Detected in multiple samples"
"Loktanella",3,1.24422104836218e-06,8.13117206779771e-06,"SRR14919239","Genus","Detected in multiple samples"
"Fibrisoma",4,1.23797857959499e-06,4.24413990382779e-06,"SRR14919246","Genus","Detected in multiple samples"
"Xanthobacter",3,1.22731562468688e-06,8.48827980765558e-06,"SRR14919246","Genus","Detected in multiple samples"
"Soehngenia",2,1.22350876780862e-06,1.1220616011819e-05,"SRR14919238","Genus","Detected in multiple samples"
"Heliophilum",4,1.21344336034038e-06,4.24413990382779e-06,"SRR14919246","Genus","Detected in multiple samples"
"Marinifilum",4,1.20446074404423e-06,4.24413990382779e-06,"SRR14919246","Genus","Detected in multiple samples"
"Cylindrospermopsis",4,1.20335432591089e-06,4.24413990382779e-06,"SRR14919246","Genus","Detected in multiple samples"
"Thioalkalibacter",4,1.20002800008851e-06,5.08698748601078e-06,"SRR14919237","Genus","Detected in multiple samples"
"Echinicola",4,1.19834803546833e-06,4.06558603389886e-06,"SRR14919239","Genus","Detected in multiple samples"
"Cardiobacterium",4,1.18958125488349e-06,4.06558603389886e-06,"SRR14919239","Genus","Detected in multiple samples"
"Geothrix",4,1.18958125488349e-06,4.06558603389886e-06,"SRR14919239","Genus","Detected in multiple samples"
"Perexilibacter",4,1.17897473491804e-06,4.06558603389886e-06,"SRR14919239","Genus","Detected in multiple samples"
"Halospina",3,1.17487018577029e-06,7.48041067454603e-06,"SRR14919238","Genus","Detected in multiple samples"
"Castellaniella",3,1.16654875193084e-06,6.92297840376887e-06,"SRR14919245","Genus","Detected in multiple samples"
"Oligosphaera",3,1.16423275392237e-06,5.54840427892938e-06,"SRR14919241","Genus","Detected in multiple samples"
"Sporotomaculum",3,1.14912578872224e-06,6.81981702430924e-06,"SRR14919240","Genus","Detected in multiple samples"
"Cetobacterium",4,1.14697098646461e-06,4.24413990382779e-06,"SRR14919246","Genus","Detected in multiple samples"
"Yersinia",3,1.1383004331394e-06,6.81981702430924e-06,"SRR14919240","Genus","Detected in multiple samples"
"Halorhodospira",3,1.1383004331394e-06,6.81981702430924e-06,"SRR14919240","Genus","Detected in multiple samples"
"Carboxydothermus",4,1.13082334800303e-06,3.74020533727302e-06,"SRR14919238","Genus","Detected in multiple samples"
"Empedobacter",3,1.12953665246064e-06,6.81981702430924e-06,"SRR14919240","Genus","Detected in multiple samples"
"Kingella",4,1.12667395057127e-06,3.94899478337789e-06,"SRR14919235","Genus","Detected in multiple samples"
"Dasania",4,1.12237555976045e-06,3.94899478337789e-06,"SRR14919235","Genus","Detected in multiple samples"
"Desulfatibacillum",3,1.11982071491723e-06,6.81981702430924e-06,"SRR14919240","Genus","Detected in multiple samples"
"Thiomonas",4,1.11952773360448e-06,5.08698748601078e-06,"SRR14919237","Genus","Detected in multiple samples"
"Methanopyrus",4,1.11491121241252e-06,4.06558603389886e-06,"SRR14919239","Genus","Detected in multiple samples"
"Allobacillus",3,1.11272119665966e-06,5.3380735426392e-06,"SRR14919236","Genus","Detected in multiple samples"
"Sufflavibacter",3,1.1112740040584e-06,5.80821281291747e-06,"SRR14919242","Genus","Detected in multiple samples"
"Paramoritella",4,1.11123421174143e-06,3.74020533727302e-06,"SRR14919238","Genus","Detected in multiple samples"
"Monomorphina",3,1.10781283909862e-06,6.92815846084032e-06,"SRR14919244","Genus","Detected in multiple samples"
"Polyangium",3,1.10759700338731e-06,6.92297840376887e-06,"SRR14919245","Genus","Detected in multiple samples"
"Acidimicrobium",3,1.10697561324758e-06,5.80821281291747e-06,"SRR14919242","Genus","Detected in multiple samples"
"Catellatospora",4,1.10693582093062e-06,3.74020533727302e-06,"SRR14919238","Genus","Detected in multiple samples"
"Rubrivivax",4,1.10482081098996e-06,4.24413990382779e-06,"SRR14919246","Genus","Detected in multiple samples"
"Spirosoma",4,1.10044864847556e-06,4.06558603389886e-06,"SRR14919239","Genus","Detected in multiple samples"
"Sulfurimonas",4,1.09595483708602e-06,4.24413990382779e-06,"SRR14919246","Genus","Detected in multiple samples"
"Brachybacterium",4,1.09573900137471e-06,4.24413990382779e-06,"SRR14919246","Genus","Detected in multiple samples"
"Persicitalea",3,1.09179735860729e-06,5.08698748601078e-06,"SRR14919237","Genus","Detected in multiple samples"
"Pseudonocardia",4,1.0916848677968e-06,4.06558603389886e-06,"SRR14919239","Genus","Detected in multiple samples"
"Fibrella",4,1.09094854664346e-06,3.94899478337789e-06,"SRR14919235","Genus","Detected in multiple samples"
"Hippea",3,1.08822370283703e-06,6.92815846084032e-06,"SRR14919244","Genus","Detected in multiple samples"
"Zobellia",4,1.07656112140315e-06,4.06558603389886e-06,"SRR14919239","Genus","Detected in multiple samples"
"Selaginella",3,1.06626721835489e-06,5.08698748601078e-06,"SRR14919237","Genus","Detected in multiple samples"
"Oceanimonas",3,1.06626721835489e-06,5.08698748601078e-06,"SRR14919237","Genus","Detected in multiple samples"
"Chromobacterium",4,1.06282626377706e-06,3.74020533727302e-06,"SRR14919238","Genus","Detected in multiple samples"
"Acetomicrobium",3,1.05064111045549e-06,5.80821281291747e-06,"SRR14919242","Genus","Detected in multiple samples"
"Kordiimonas",3,1.04612688393336e-06,5.80821281291747e-06,"SRR14919242","Genus","Detected in multiple samples"
"Methanohalobium",2,1.03643954925279e-06,8.48827980765558e-06,"SRR14919246","Genus","Detected in multiple samples"
"Thermotoga",3,1.02405683543069e-06,5.08698748601078e-06,"SRR14919237","Genus","Detected in multiple samples"
"Pseudoroseobacter",3,1.0114628379323e-06,5.3380735426392e-06,"SRR14919236","Genus","Detected in multiple samples"
"Natronomonas",3,1.00877746077527e-06,5.08698748601078e-06,"SRR14919237","Genus","Detected in multiple samples"
"Candidatus_Liberibacter",3,1.00472332719736e-06,5.08698748601078e-06,"SRR14919237","Genus","Detected in multiple samples"
"Saccharospirillum",3,1.00104632652628e-06,5.08698748601078e-06,"SRR14919237","Genus","Detected in multiple samples"
"Coleofasciculus",3,9.98532107197579e-07,5.3380735426392e-06,"SRR14919236","Genus","Detected in multiple samples"
"Cerasibacillus",3,9.98532107197579e-07,5.3380735426392e-06,"SRR14919236","Genus","Detected in multiple samples"
"Oceanospirillum",3,9.96532100004153e-07,5.08698748601078e-06,"SRR14919237","Genus","Detected in multiple samples"
"Kitasatospora",3,9.95110734554768e-07,5.80821281291747e-06,"SRR14919242","Genus","Detected in multiple samples"
"Gemmata",3,9.95110734554768e-07,5.80821281291747e-06,"SRR14919242","Genus","Detected in multiple samples"
"Syntrophus",3,9.92833323939379e-07,5.54840427892938e-06,"SRR14919241","Genus","Detected in multiple samples"
"Thauera",2,9.92233709193335e-07,6.81981702430924e-06,"SRR14919240","Genus","Detected in multiple samples"
"Caldivirga",3,9.90323164168623e-07,5.08698748601078e-06,"SRR14919237","Genus","Detected in multiple samples"
"Carnimonas",3,9.86024773357805e-07,5.08698748601078e-06,"SRR14919237","Genus","Detected in multiple samples"
"Bibersteinia",3,9.8513419093577e-07,5.08698748601078e-06,"SRR14919237","Genus","Detected in multiple samples"
"Robiginitomaculum",3,9.8513419093577e-07,5.08698748601078e-06,"SRR14919237","Genus","Detected in multiple samples"
"Dehalococcoides",3,9.8438757219711e-07,5.80821281291747e-06,"SRR14919242","Genus","Detected in multiple samples"
"Capreolia",3,9.811504306789e-07,4.24413990382779e-06,"SRR14919246","Genus","Detected in multiple samples"
"Rhodocytophaga",3,9.8093459496759e-07,4.24413990382779e-06,"SRR14919246","Genus","Detected in multiple samples"
"Halochromatium",3,9.71007371771046e-07,5.3380735426392e-06,"SRR14919236","Genus","Detected in multiple samples"
"Thiomicrospira",3,9.64798435935515e-07,5.3380735426392e-06,"SRR14919236","Genus","Detected in multiple samples"
"Hazenella",2,9.61756714996028e-07,8.13117206779771e-06,"SRR14919239","Genus","Detected in multiple samples"
"Anaerovirgula",3,9.60711330777828e-07,4.24413990382779e-06,"SRR14919246","Genus","Detected in multiple samples"
"Mucispirillum",3,9.58019132883617e-07,5.08698748601078e-06,"SRR14919237","Genus","Detected in multiple samples"
"Bacteriovorax",3,9.56555003974742e-07,4.06558603389886e-06,"SRR14919239","Genus","Detected in multiple samples"
"Oceanistipes",2,9.55716626320269e-07,8.0071103139588e-06,"SRR14919236","Genus","Detected in multiple samples"
"Elstera",3,9.54381924529496e-07,5.08698748601078e-06,"SRR14919237","Genus","Detected in multiple samples"
"Jeotgalicoccus",3,9.52040777452614e-07,4.06558603389886e-06,"SRR14919239","Genus","Detected in multiple samples"
"Algivirga",3,9.49521146104619e-07,4.24413990382779e-06,"SRR14919246","Genus","Detected in multiple samples"
"Nitrolancea",2,9.49365517842859e-07,8.48827980765558e-06,"SRR14919246","Genus","Detected in multiple samples"
"Anaerophaga",2,9.48446332557983e-07,8.7123192193762e-06,"SRR14919242","Genus","Detected in multiple samples"
"Yimella",3,9.43556568946659e-07,5.08698748601078e-06,"SRR14919237","Genus","Detected in multiple samples"
"Rhodonellum",3,9.43312210269088e-07,4.24413990382779e-06,"SRR14919246","Genus","Detected in multiple samples"
"Caldisphaera",3,9.39155883466003e-07,4.06558603389886e-06,"SRR14919239","Genus","Detected in multiple samples"
"Muricauda",3,9.34792788267902e-07,5.08698748601078e-06,"SRR14919237","Genus","Detected in multiple samples"
"Lentibacillus",3,9.34486028682115e-07,4.24413990382779e-06,"SRR14919246","Genus","Detected in multiple samples"
"Nubsella",3,9.34486028682115e-07,4.24413990382779e-06,"SRR14919246","Genus","Detected in multiple samples"
"Micromonospora",3,9.29439945922589e-07,3.94899478337789e-06,"SRR14919235","Genus","Detected in multiple samples"
"Aliivibrio",3,9.2492571940046e-07,3.94899478337789e-06,"SRR14919235","Genus","Detected in multiple samples"
"Sporohalobacter",3,9.24770091138701e-07,4.24413990382779e-06,"SRR14919246","Genus","Detected in multiple samples"
"Aestuariibacter",3,9.20301701364683e-07,4.24413990382779e-06,"SRR14919246","Genus","Detected in multiple samples"
"Paucimonas",3,9.15929538850287e-07,4.06558603389886e-06,"SRR14919239","Genus","Detected in multiple samples"
"Roseimicrobium",3,9.15929538850287e-07,4.06558603389886e-06,"SRR14919239","Genus","Detected in multiple samples"
"Methylacidiphilum",3,9.15929538850287e-07,4.06558603389886e-06,"SRR14919239","Genus","Detected in multiple samples"
"Thermoproteus",3,9.11415312328159e-07,4.06558603389886e-06,"SRR14919239","Genus","Detected in multiple samples"
"Ensifer",3,9.09890601977957e-07,4.06558603389886e-06,"SRR14919239","Genus","Detected in multiple samples"
"Robiginitalea",2,9.09578539007025e-07,6.67080256425651e-06,"SRR14919243","Genus","Detected in multiple samples"
"Sneathia",2,9.08781183938533e-07,8.13117206779771e-06,"SRR14919239","Genus","Detected in multiple samples"
"Haloleptolyngbya",3,9.07370970629962e-07,4.24413990382779e-06,"SRR14919246","Genus","Detected in multiple samples"
"Aquicella",3,8.97108002661184e-07,5.08698748601078e-06,"SRR14919237","Genus","Detected in multiple samples"
"Methylothermus",3,8.92491481469217e-07,4.06558603389886e-06,"SRR14919239","Genus","Detected in multiple samples"
"Cryptobacterium",3,8.90301465716362e-07,4.06558603389886e-06,"SRR14919239","Genus","Detected in multiple samples"
"Nitrosospira",3,8.90301465716362e-07,4.06558603389886e-06,"SRR14919239","Genus","Detected in multiple samples"
"Pyrolobus",2,8.89030316509444e-07,6.92815846084032e-06,"SRR14919244","Genus","Detected in multiple samples"
"Neochlamydia",3,8.87781834368367e-07,4.24413990382779e-06,"SRR14919246","Genus","Detected in multiple samples"
"Azospira",3,8.82775543925803e-07,3.94899478337789e-06,"SRR14919235","Genus","Detected in multiple samples"
"Aerosphaera",3,8.82775543925803e-07,3.94899478337789e-06,"SRR14919235","Genus","Detected in multiple samples"
"Azovibrio",3,8.78091318440475e-07,3.74020533727302e-06,"SRR14919238","Genus","Detected in multiple samples"
"Parvibaculum",3,8.69265136853502e-07,4.06558603389886e-06,"SRR14919239","Genus","Detected in multiple samples"
"Kurthia",2,8.68755085720832e-07,5.3380735426392e-06,"SRR14919236","Genus","Detected in multiple samples"
"Halanaerobium",2,8.68755085720832e-07,5.3380735426392e-06,"SRR14919236","Genus","Detected in multiple samples"
"Chryseomicrobium",2,8.65376423417064e-07,7.48041067454603e-06,"SRR14919238","Genus","Detected in multiple samples"
"Desulfomonile",2,8.65376423417064e-07,7.48041067454603e-06,"SRR14919238","Genus","Detected in multiple samples"
"Rhodovarius",2,8.61505581082911e-07,6.92815846084032e-06,"SRR14919244","Genus","Detected in multiple samples"
"Lentisphaera",3,8.60257098941834e-07,4.24413990382779e-06,"SRR14919246","Genus","Detected in multiple samples"
"Eremococcus",3,8.59765035021399e-07,3.94899478337789e-06,"SRR14919235","Genus","Detected in multiple samples"
"Duganella",3,8.59549199310088e-07,3.94899478337789e-06,"SRR14919235","Genus","Detected in multiple samples"
"Spongiimonas",3,8.5508080953607e-07,3.46407923042016e-06,"SRR14919244","Genus","Detected in multiple samples"
"Bogoriella",2,8.54551067834227e-07,7.48041067454603e-06,"SRR14919238","Genus","Detected in multiple samples"
"Trichodesmium",3,8.54048163106303e-07,4.24413990382779e-06,"SRR14919246","Genus","Detected in multiple samples"
"Tabrizicola",3,8.50566583013942e-07,3.46148920188443e-06,"SRR14919245","Genus","Detected in multiple samples"
"Acidobacterium",3,8.49891836303218e-07,4.06558603389886e-06,"SRR14919239","Genus","Detected in multiple samples"
"Leifsonia",3,8.49676000591907e-07,4.06558603389886e-06,"SRR14919239","Genus","Detected in multiple samples"
"Heliorestis",3,8.4904187266374e-07,3.94899478337789e-06,"SRR14919235","Genus","Detected in multiple samples"
"Cloacibacterium",3,8.4904187266374e-07,3.94899478337789e-06,"SRR14919235","Genus","Detected in multiple samples"
"Anaerosphaera",3,8.47932454624317e-07,4.06558603389886e-06,"SRR14919239","Genus","Detected in multiple samples"
"Nitrosovibrio",3,8.47932454624317e-07,4.06558603389886e-06,"SRR14919239","Genus","Detected in multiple samples"
"Fuchsiella",1,8.47831247668464e-07,1.01739749720216e-05,"SRR14919237","Genus","Detected in one sample"
"Aquimarina",2,8.44573482889722e-07,6.67080256425651e-06,"SRR14919243","Genus","Detected in multiple samples"
"Pseudoclavibacter",3,8.42365914512659e-07,3.74020533727302e-06,"SRR14919238","Genus","Detected in multiple samples"
"Phaeobacter",3,8.42365914512659e-07,3.74020533727302e-06,"SRR14919238","Genus","Detected in multiple samples"
"Succiniclasticum",3,8.42150078801349e-07,3.74020533727302e-06,"SRR14919238","Genus","Detected in multiple samples"
"Cytinus",3,8.39960063048494e-07,3.94899478337789e-06,"SRR14919235","Genus","Detected in multiple samples"
"Dinophysis",3,8.39168673945559e-07,4.06558603389886e-06,"SRR14919239","Genus","Detected in multiple samples"
"Pelagicoccus",3,8.37851687990531e-07,3.74020533727302e-06,"SRR14919238","Genus","Detected in multiple samples"
"Desulfohalobium",3,8.35661672237676e-07,3.94899478337789e-06,"SRR14919235","Genus","Detected in multiple samples"
"Chloroherpeton",3,8.31324723218512e-07,3.74020533727302e-06,"SRR14919238","Genus","Detected in multiple samples"
"Deferrisoma",3,8.31324723218512e-07,3.74020533727302e-06,"SRR14919238","Genus","Detected in multiple samples"
"Methylosinus",3,8.27026332407694e-07,3.74020533727302e-06,"SRR14919238","Genus","Detected in multiple samples"
"Aminobacter",3,8.27026332407694e-07,3.74020533727302e-06,"SRR14919238","Genus","Detected in multiple samples"
"Paucisalibacillus",2,8.22816570568027e-07,5.80821281291747e-06,"SRR14919242","Genus","Detected in multiple samples"
"Carbophilus",2,8.22816570568027e-07,5.80821281291747e-06,"SRR14919242","Genus","Detected in multiple samples"
"Quatrionicoccus",2,8.22816570568027e-07,5.80821281291747e-06,"SRR14919242","Genus","Detected in multiple samples"
"Methanofollis",3,8.22560942539754e-07,3.74020533727302e-06,"SRR14919238","Genus","Detected in multiple samples"
"Atopococcus",3,8.20817396572163e-07,3.74020533727302e-06,"SRR14919238","Genus","Detected in multiple samples"
"Desulfofustis",2,8.18923734185634e-07,6.92297840376887e-06,"SRR14919245","Genus","Detected in multiple samples"
"Brevinema",3,8.1199121498519e-07,4.06558603389886e-06,"SRR14919239","Genus","Detected in multiple samples"
"Thermicanus",3,8.08632243250595e-07,3.46407923042016e-06,"SRR14919244","Genus","Detected in multiple samples"
"Rhodospira",3,8.04118016728467e-07,3.40990851215462e-06,"SRR14919240","Genus","Detected in multiple samples"
"Crenothrix",3,8.03799987791979e-07,3.46148920188443e-06,"SRR14919245","Genus","Detected in multiple samples"
"Bizionia",3,8.03227434306432e-07,4.06558603389886e-06,"SRR14919239","Genus","Detected in multiple samples"
"Lamprocystis",3,8.03227434306432e-07,4.06558603389886e-06,"SRR14919239","Genus","Detected in multiple samples"
"Pedomicrobium",3,8.03227434306432e-07,4.06558603389886e-06,"SRR14919239","Genus","Detected in multiple samples"
"Oceanotoga",3,8.03227434306432e-07,4.06558603389886e-06,"SRR14919239","Genus","Detected in multiple samples"
"Conchiformibius",3,8.03227434306432e-07,4.06558603389886e-06,"SRR14919239","Genus","Detected in multiple samples"
"Magnetococcus",3,8.03227434306432e-07,4.06558603389886e-06,"SRR14919239","Genus","Detected in multiple samples"
"Shimazuella",2,7.95701512515873e-07,5.80821281291747e-06,"SRR14919242","Genus","Detected in multiple samples"
"Actinopolyspora",3,7.95036207113221e-07,3.46148920188443e-06,"SRR14919245","Genus","Detected in multiple samples"
"Georgiella",3,7.92402078723595e-07,4.06558603389886e-06,"SRR14919239","Genus","Detected in multiple samples"
"Calditerrivibrio",2,7.90737816302403e-07,6.81981702430924e-06,"SRR14919240","Genus","Detected in multiple samples"
"Pirellula",3,7.89043106989001e-07,3.46407923042016e-06,"SRR14919244","Genus","Detected in multiple samples"
"Pelospora",3,7.84876156933037e-07,3.74020533727302e-06,"SRR14919238","Genus","Detected in multiple samples"
"Kroppenstedtia",3,7.84528880466873e-07,3.40990851215462e-06,"SRR14919240","Genus","Detected in multiple samples"
"Salicola",2,7.83638298044838e-07,5.3380735426392e-06,"SRR14919236","Genus","Detected in multiple samples"
"Thermaerobacter",2,7.78319944631342e-07,6.67080256425651e-06,"SRR14919243","Genus","Detected in multiple samples"
"Nanoarchaeum",2,7.77593949153215e-07,5.08698748601078e-06,"SRR14919237","Genus","Detected in multiple samples"
"Thioalkalicoccus",2,7.6817677708934e-07,5.80821281291747e-06,"SRR14919242","Genus","Detected in multiple samples"
"Ferrimonas",2,7.6817677708934e-07,5.80821281291747e-06,"SRR14919242","Genus","Detected in multiple samples"
"Maribacter",2,7.6271445999247e-07,5.08698748601078e-06,"SRR14919237","Genus","Detected in multiple samples"
"Dictyoglomus",2,7.6271445999247e-07,5.08698748601078e-06,"SRR14919237","Genus","Detected in multiple samples"
"Sharpea",3,7.61649812317321e-07,3.46148920188443e-06,"SRR14919245","Genus","Detected in multiple samples"
"Psychrobacillus",2,7.56523239992684e-07,5.3380735426392e-06,"SRR14919236","Genus","Detected in multiple samples"
"Euzebyella",3,7.53101867349874e-07,3.46407923042016e-06,"SRR14919244","Genus","Detected in multiple samples"
"Devosia",2,7.52998522449056e-07,5.08698748601078e-06,"SRR14919237","Genus","Detected in multiple samples"
"Hydrogenobaculum",2,7.52998522449056e-07,5.08698748601078e-06,"SRR14919237","Genus","Detected in multiple samples"
"Kopriimonas",2,7.52998522449056e-07,5.08698748601078e-06,"SRR14919237","Genus","Detected in multiple samples"
"Fretibacterium",3,7.52886031638564e-07,3.46148920188443e-06,"SRR14919245","Genus","Detected in multiple samples"
"Cyanobacterium",2,7.50824456734485e-07,5.54840427892938e-06,"SRR14919241","Genus","Detected in multiple samples"
"Sphingopyxis",3,7.42378704992215e-07,3.33540128212825e-06,"SRR14919243","Genus","Detected in multiple samples"
"Cedecea",3,7.42060676055727e-07,3.46148920188443e-06,"SRR14919245","Genus","Detected in multiple samples"
"Rhodoblastus",3,7.42060676055727e-07,3.46148920188443e-06,"SRR14919245","Genus","Detected in multiple samples"
"Planifilum",2,7.35599401940317e-07,5.08698748601078e-06,"SRR14919237","Genus","Detected in multiple samples"
"Pyrococcus",2,7.3351273108828e-07,5.3380735426392e-06,"SRR14919236","Genus","Detected in multiple samples"
"Azorhizobium",3,7.31553349409378e-07,3.33540128212825e-06,"SRR14919243","Genus","Detected in multiple samples"
"Limnothrix",2,7.22789568730621e-07,5.3380735426392e-06,"SRR14919236","Genus","Detected in multiple samples"
"Polycladomyces",2,7.12588893035912e-07,5.08698748601078e-06,"SRR14919237","Genus","Detected in multiple samples"
"Tatlockia",2,7.12588893035912e-07,5.08698748601078e-06,"SRR14919237","Genus","Detected in multiple samples"
"Desulfonatronobacter",2,7.12588893035912e-07,5.08698748601078e-06,"SRR14919237","Genus","Detected in multiple samples"
"Marinococcus",2,7.12373057324602e-07,5.08698748601078e-06,"SRR14919237","Genus","Detected in multiple samples"
"Oceanrickettsia",2,7.12373057324602e-07,5.08698748601078e-06,"SRR14919237","Genus","Detected in multiple samples"
"Mariniflexile",2,7.12373057324602e-07,5.08698748601078e-06,"SRR14919237","Genus","Detected in multiple samples"
"Diphasiastrum",2,7.08074666513784e-07,5.08698748601078e-06,"SRR14919237","Genus","Detected in multiple samples"
"Melittangium",2,7.08074666513784e-07,5.08698748601078e-06,"SRR14919237","Genus","Detected in multiple samples"
"Alloscardovia",1,7.07356650637965e-07,8.48827980765558e-06,"SRR14919246","Genus","Detected in one sample"
"Kandleria",2,7.06437465353089e-07,5.80821281291747e-06,"SRR14919242","Genus","Detected in multiple samples"
"Magnetospirillum",2,7.01865730678253e-07,5.08698748601078e-06,"SRR14919237","Genus","Detected in multiple samples"
"Meiothermus",2,7.01865730678253e-07,5.08698748601078e-06,"SRR14919237","Genus","Detected in multiple samples"
"Tuberibacillus",3,6.95612109770252e-07,2.90410640645873e-06,"SRR14919242","Genus","Detected in multiple samples"
"Hydrogenophilus",3,6.95612109770252e-07,2.90410640645873e-06,"SRR14919242","Genus","Detected in multiple samples"
"Sediminicola",2,6.9247716147722e-07,4.24413990382779e-06,"SRR14919246","Genus","Detected in multiple samples"
"Blastococcus",2,6.9247716147722e-07,4.24413990382779e-06,"SRR14919246","Genus","Detected in multiple samples"
"Porifericola",2,6.82761223933807e-07,4.24413990382779e-06,"SRR14919246","Genus","Detected in multiple samples"
"Lyngbya",2,6.82761223933807e-07,4.24413990382779e-06,"SRR14919246","Genus","Detected in multiple samples"
"Geoalkalibacter",1,6.77597672316476e-07,8.13117206779771e-06,"SRR14919239","Genus","Detected in one sample"
"Longilinea",1,6.77597672316476e-07,8.13117206779771e-06,"SRR14919239","Genus","Detected in one sample"
"Chamaesiphon",2,6.67881734773062e-07,4.06558603389886e-06,"SRR14919239","Genus","Detected in multiple samples"
"Aquisalimonas",2,6.65924491039126e-07,5.08698748601078e-06,"SRR14919237","Genus","Detected in multiple samples"
"Porphyra",2,6.65362103425067e-07,4.24413990382779e-06,"SRR14919246","Genus","Detected in multiple samples"
"Thermovirga",1,6.58165797229649e-07,7.89798956675578e-06,"SRR14919235","Genus","Detected in one sample"
"Thiorhodococcus",2,6.50482614264323e-07,4.06558603389886e-06,"SRR14919239","Genus","Detected in multiple samples"
"Gracilibacillus",2,6.50482614264323e-07,4.06558603389886e-06,"SRR14919239","Genus","Detected in multiple samples"
"Haloterrigena",2,6.46335354777532e-07,5.08698748601078e-06,"SRR14919237","Genus","Detected in multiple samples"
"Sebaldella",2,6.46335354777532e-07,5.08698748601078e-06,"SRR14919237","Genus","Detected in multiple samples"
"Halorubellus",2,6.46335354777532e-07,5.08698748601078e-06,"SRR14919237","Genus","Detected in multiple samples"
"Bisgaardia",2,6.46335354777532e-07,5.08698748601078e-06,"SRR14919237","Genus","Detected in multiple samples"
"Geopsychrobacter",2,6.46335354777532e-07,5.08698748601078e-06,"SRR14919237","Genus","Detected in multiple samples"
"Hydrogenophaga",2,6.42351594520662e-07,4.24413990382779e-06,"SRR14919246","Genus","Detected in multiple samples"
"Thalassolituus",2,6.42351594520662e-07,4.24413990382779e-06,"SRR14919246","Genus","Detected in multiple samples"
"Schlesneria",2,6.42351594520662e-07,4.24413990382779e-06,"SRR14919246","Genus","Detected in multiple samples"
"Luteimonas",2,6.40766676720909e-07,3.94899478337789e-06,"SRR14919235","Genus","Detected in multiple samples"
"Desulfurispirillum",2,6.37837367998534e-07,4.24413990382779e-06,"SRR14919246","Genus","Detected in multiple samples"
"Fabibacter",2,6.37837367998534e-07,4.24413990382779e-06,"SRR14919246","Genus","Detected in multiple samples"
"Comamonas",2,6.37837367998534e-07,4.24413990382779e-06,"SRR14919246","Genus","Detected in multiple samples"
"Salinimonas",2,6.31628432163003e-07,4.24413990382779e-06,"SRR14919246","Genus","Detected in multiple samples"
"Renibacterium",2,6.27472105359918e-07,4.06558603389886e-06,"SRR14919239","Genus","Detected in multiple samples"
"Succinispira",2,6.27472105359918e-07,4.06558603389886e-06,"SRR14919239","Genus","Detected in multiple samples"
"Dokdonella",2,6.27472105359918e-07,4.06558603389886e-06,"SRR14919239","Genus","Detected in multiple samples"
"Rudanella",2,6.27472105359918e-07,4.06558603389886e-06,"SRR14919239","Genus","Detected in multiple samples"
"Succinatimonas",2,6.27472105359918e-07,4.06558603389886e-06,"SRR14919239","Genus","Detected in multiple samples"
"Streptobacillus",2,6.2295787883779e-07,4.06558603389886e-06,"SRR14919239","Genus","Detected in multiple samples"
"Bergeyella",2,6.2295787883779e-07,4.06558603389886e-06,"SRR14919239","Genus","Detected in multiple samples"
"Litoribacter",2,6.2295787883779e-07,4.06558603389886e-06,"SRR14919239","Genus","Detected in multiple samples"
"Simiduia",2,6.17756167816504e-07,3.94899478337789e-06,"SRR14919235","Genus","Detected in multiple samples"
"Vulcanisaeta",2,6.17540332105194e-07,3.94899478337789e-06,"SRR14919235","Genus","Detected in multiple samples"
"Pseudokineococcus",2,6.17540332105194e-07,3.94899478337789e-06,"SRR14919235","Genus","Detected in multiple samples"
"Chlamydophila",2,6.16748943002259e-07,4.06558603389886e-06,"SRR14919239","Genus","Detected in multiple samples"
"Morganella",2,6.16748943002259e-07,4.06558603389886e-06,"SRR14919239","Genus","Detected in multiple samples"
"Larkinella",2,6.16748943002259e-07,4.06558603389886e-06,"SRR14919239","Genus","Detected in multiple samples"
"Sulfuritalea",2,6.13241941294376e-07,3.94899478337789e-06,"SRR14919235","Genus","Detected in multiple samples"
"Haliscomenobacter",2,6.13241941294376e-07,3.94899478337789e-06,"SRR14919235","Genus","Detected in multiple samples"
"Mitsuaria",2,6.13241941294376e-07,3.94899478337789e-06,"SRR14919235","Genus","Detected in multiple samples"
"Daucus",2,6.13241941294376e-07,3.94899478337789e-06,"SRR14919235","Genus","Detected in multiple samples"
"Pseudochrobactrum",2,6.07033005458845e-07,3.94899478337789e-06,"SRR14919235","Genus","Detected in multiple samples"
"Flaviramulus",2,6.07033005458845e-07,3.94899478337789e-06,"SRR14919235","Genus","Detected in multiple samples"
"Actinoalloteichus",2,6.00357047307765e-07,3.74020533727302e-06,"SRR14919238","Genus","Detected in multiple samples"
"Acidicapsa",2,6.00357047307765e-07,3.74020533727302e-06,"SRR14919238","Genus","Detected in multiple samples"
"Neptunomonas",2,6.00141211596454e-07,3.74020533727302e-06,"SRR14919238","Genus","Detected in multiple samples"
"Stigmatella",2,6.00141211596454e-07,3.74020533727302e-06,"SRR14919238","Genus","Detected in multiple samples"
"Pseudovibrio",2,6.00141211596454e-07,3.74020533727302e-06,"SRR14919238","Genus","Detected in multiple samples"
"Sediminibacterium",2,5.95842820785636e-07,3.74020533727302e-06,"SRR14919238","Genus","Detected in multiple samples"
"Leisingera",2,5.95842820785636e-07,3.74020533727302e-06,"SRR14919238","Genus","Detected in multiple samples"
"Cuscuta",2,5.95842820785636e-07,3.74020533727302e-06,"SRR14919238","Genus","Detected in multiple samples"
"Neosiphonia",2,5.95687192523877e-07,4.24413990382779e-06,"SRR14919246","Genus","Detected in multiple samples"
"Promicromonospora",2,5.95687192523877e-07,4.24413990382779e-06,"SRR14919246","Genus","Detected in multiple samples"
"Snowella",2,5.89633884950106e-07,3.74020533727302e-06,"SRR14919238","Genus","Detected in multiple samples"
"Halalkalicoccus",2,5.89633884950106e-07,3.74020533727302e-06,"SRR14919238","Genus","Detected in multiple samples"
"Ptilophora",2,5.89633884950106e-07,3.74020533727302e-06,"SRR14919238","Genus","Detected in multiple samples"
"Nocardiopsis",2,5.89633884950106e-07,3.74020533727302e-06,"SRR14919238","Genus","Detected in multiple samples"
"Palleronia",2,5.8486183694104e-07,4.24413990382779e-06,"SRR14919246","Genus","Detected in multiple samples"
"Thermococcus",2,5.80807703363132e-07,4.06558603389886e-06,"SRR14919239","Genus","Detected in multiple samples"
"Heterosigma",2,5.80807703363132e-07,4.06558603389886e-06,"SRR14919239","Genus","Detected in multiple samples"
"Stygiolobus",1,5.7734653840336e-07,6.92815846084032e-06,"SRR14919244","Genus","Detected in one sample"
"Bigelowiella",2,5.77130702692049e-07,3.46407923042016e-06,"SRR14919244","Genus","Detected in multiple samples"
"Proteinimicrobium",2,5.77130702692049e-07,3.46407923042016e-06,"SRR14919244","Genus","Detected in multiple samples"
"Flavihumibacter",2,5.77130702692049e-07,3.46407923042016e-06,"SRR14919244","Genus","Detected in multiple samples"
"Pseudahrensia",2,5.77130702692049e-07,3.46407923042016e-06,"SRR14919244","Genus","Detected in multiple samples"
"Bythopirellula",2,5.77130702692049e-07,3.46407923042016e-06,"SRR14919244","Genus","Detected in multiple samples"
"Aquiflexum",1,5.76914866980739e-07,6.92297840376887e-06,"SRR14919245","Genus","Detected in one sample"
"Halogeometricum",1,5.76914866980739e-07,6.92297840376887e-06,"SRR14919245","Genus","Detected in one sample"
"Prauserella",2,5.76098056262282e-07,4.24413990382779e-06,"SRR14919246","Genus","Detected in multiple samples"
"Hydrocarboniphaga",2,5.76098056262282e-07,4.24413990382779e-06,"SRR14919246","Genus","Detected in multiple samples"
"Thermomicrobium",2,5.76098056262282e-07,4.24413990382779e-06,"SRR14919246","Genus","Detected in multiple samples"
"Oenothera",2,5.76098056262282e-07,4.24413990382779e-06,"SRR14919246","Genus","Detected in multiple samples"
"Oceaniserpentilla",2,5.76098056262282e-07,4.24413990382779e-06,"SRR14919246","Genus","Detected in multiple samples"
"Caldanaerocella",2,5.72832311881231e-07,3.46407923042016e-06,"SRR14919244","Genus","Detected in multiple samples"
"Oleomonas",2,5.72832311881231e-07,3.46407923042016e-06,"SRR14919244","Genus","Detected in multiple samples"
"Roseovarius",2,5.72832311881231e-07,3.46407923042016e-06,"SRR14919244","Genus","Detected in multiple samples"
"Reinekea",2,5.72832311881231e-07,3.46407923042016e-06,"SRR14919244","Genus","Detected in multiple samples"
"Salarchaeum",2,5.72616476169921e-07,3.46148920188443e-06,"SRR14919245","Genus","Detected in multiple samples"
"Stella",2,5.72616476169921e-07,3.46148920188443e-06,"SRR14919245","Genus","Detected in multiple samples"
"Nonlabens",2,5.72616476169921e-07,3.46148920188443e-06,"SRR14919245","Genus","Detected in multiple samples"
"Actinokineospora",2,5.72616476169921e-07,3.46148920188443e-06,"SRR14919245","Genus","Detected in multiple samples"
"Kistimonas",2,5.71091765819719e-07,3.94899478337789e-06,"SRR14919235","Genus","Detected in multiple samples"
"Advenella",2,5.71091765819719e-07,3.94899478337789e-06,"SRR14919235","Genus","Detected in multiple samples"
"Salimicrobium",2,5.69982347780296e-07,4.06558603389886e-06,"SRR14919239","Genus","Detected in multiple samples"
"Aciditerrimonas",1,5.68318085359103e-07,6.81981702430924e-06,"SRR14919240","Genus","Detected in one sample"
"Iodobacter",1,5.68318085359103e-07,6.81981702430924e-06,"SRR14919240","Genus","Detected in one sample"
"Hydrocoleum",2,5.66623376045701e-07,3.46407923042016e-06,"SRR14919244","Genus","Detected in multiple samples"
"Archaeoglobus",2,5.66623376045701e-07,3.46407923042016e-06,"SRR14919244","Genus","Detected in multiple samples"
"Plesiomonas",2,5.66623376045701e-07,3.46407923042016e-06,"SRR14919244","Genus","Detected in multiple samples"
"Sinosporangium",2,5.66623376045701e-07,3.46407923042016e-06,"SRR14919244","Genus","Detected in multiple samples"
"Orenia",2,5.66407540334391e-07,3.46148920188443e-06,"SRR14919245","Genus","Detected in multiple samples"
"Primorskyibacter",2,5.66407540334391e-07,3.46148920188443e-06,"SRR14919245","Genus","Detected in multiple samples"
"Alterococcus",2,5.66407540334391e-07,3.46148920188443e-06,"SRR14919245","Genus","Detected in multiple samples"
"Desulfonispora",2,5.66407540334391e-07,3.46148920188443e-06,"SRR14919245","Genus","Detected in multiple samples"
"Asaccharobacter",2,5.62109149523573e-07,3.40990851215462e-06,"SRR14919240","Genus","Detected in multiple samples"
"Falklandiella",2,5.61218567101538e-07,4.06558603389886e-06,"SRR14919239","Genus","Detected in multiple samples"
"Methylosarcina",1,5.55900213688042e-07,6.67080256425651e-06,"SRR14919243","Genus","Detected in one sample"
"Constrictibacter",1,5.55900213688042e-07,6.67080256425651e-06,"SRR14919243","Genus","Detected in one sample"
"Methanomicrobium",2,5.53692645310979e-07,3.74020533727302e-06,"SRR14919238","Genus","Detected in multiple samples"
"Halolamina",2,5.53692645310979e-07,3.74020533727302e-06,"SRR14919238","Genus","Detected in multiple samples"
"Neoptilota",2,5.53692645310979e-07,3.74020533727302e-06,"SRR14919238","Genus","Detected in multiple samples"
"Aristoptilon",2,5.53692645310979e-07,3.74020533727302e-06,"SRR14919238","Genus","Detected in multiple samples"
"Acrocarpospora",2,5.51502629558124e-07,3.94899478337789e-06,"SRR14919235","Genus","Detected in multiple samples"
"Dichotomicrobium",2,5.51502629558124e-07,3.94899478337789e-06,"SRR14919235","Genus","Detected in multiple samples"
"Petrobacter",2,5.51502629558124e-07,3.94899478337789e-06,"SRR14919235","Genus","Detected in multiple samples"
"Thermobispora",2,5.51502629558124e-07,3.94899478337789e-06,"SRR14919235","Genus","Detected in multiple samples"
"Alkanibacter",2,5.51502629558124e-07,3.94899478337789e-06,"SRR14919235","Genus","Detected in multiple samples"
"Salinibacillus",2,5.51502629558124e-07,3.94899478337789e-06,"SRR14919235","Genus","Detected in multiple samples"
"Roseivivax",2,5.51502629558124e-07,3.94899478337789e-06,"SRR14919235","Genus","Detected in multiple samples"
"Halarchaeum",2,5.51502629558124e-07,3.94899478337789e-06,"SRR14919235","Genus","Detected in multiple samples"
"Amorphus",2,5.42867289728142e-07,3.74020533727302e-06,"SRR14919238","Genus","Detected in multiple samples"
"Leptosira",2,5.34103509049385e-07,3.74020533727302e-06,"SRR14919238","Genus","Detected in multiple samples"
"Azoarcus",2,5.34103509049385e-07,3.74020533727302e-06,"SRR14919238","Genus","Detected in multiple samples"
"Vitreoscilla",2,5.34103509049385e-07,3.74020533727302e-06,"SRR14919238","Genus","Detected in multiple samples"
"Pelistega",2,5.34103509049385e-07,3.74020533727302e-06,"SRR14919238","Genus","Detected in multiple samples"
"Desulfosoma",2,5.34103509049385e-07,3.74020533727302e-06,"SRR14919238","Genus","Detected in multiple samples"
"Dyella",2,5.30682136406574e-07,3.46407923042016e-06,"SRR14919244","Genus","Detected in multiple samples"
"Telmatobacter",2,5.30682136406574e-07,3.46407923042016e-06,"SRR14919244","Genus","Detected in multiple samples"
"Marinitoga",2,5.30682136406574e-07,3.46407923042016e-06,"SRR14919244","Genus","Detected in multiple samples"
"Zhihengliuella",2,5.30466300695264e-07,3.46148920188443e-06,"SRR14919245","Genus","Detected in multiple samples"
"Sphaerospermopsis",2,5.30466300695264e-07,3.46148920188443e-06,"SRR14919245","Genus","Detected in multiple samples"
"Jonquetella",2,5.26167909884446e-07,3.40990851215462e-06,"SRR14919240","Genus","Detected in multiple samples"
"Halanaerobacter",2,5.26167909884446e-07,3.40990851215462e-06,"SRR14919240","Genus","Detected in multiple samples"
"Smithella",2,5.26167909884446e-07,3.40990851215462e-06,"SRR14919240","Genus","Detected in multiple samples"
"Halovivax",2,5.19958974048915e-07,3.33540128212825e-06,"SRR14919243","Genus","Detected in multiple samples"
"Thorsellia",2,5.19958974048915e-07,3.33540128212825e-06,"SRR14919243","Genus","Detected in multiple samples"
"Rhodobium",2,5.19856780823737e-07,3.46407923042016e-06,"SRR14919244","Genus","Detected in multiple samples"
"Kangiella",2,5.19856780823737e-07,3.46407923042016e-06,"SRR14919244","Genus","Detected in multiple samples"
"Thioalkalispira",2,5.19640945112427e-07,3.46148920188443e-06,"SRR14919245","Genus","Detected in multiple samples"
"Starria",2,5.15342554301609e-07,3.40990851215462e-06,"SRR14919240","Genus","Detected in multiple samples"
"Nodularia",2,5.15342554301609e-07,3.40990851215462e-06,"SRR14919240","Genus","Detected in multiple samples"
"Fucophilus",2,5.15342554301609e-07,3.40990851215462e-06,"SRR14919240","Genus","Detected in multiple samples"
"Thermosinus",2,5.1109300014498e-07,3.46407923042016e-06,"SRR14919244","Genus","Detected in multiple samples"
"Aminivibrio",2,5.1109300014498e-07,3.46407923042016e-06,"SRR14919244","Genus","Detected in multiple samples"
"Chromatium",2,5.1109300014498e-07,3.46407923042016e-06,"SRR14919244","Genus","Detected in multiple samples"
"Rickettsiella",2,5.1109300014498e-07,3.46407923042016e-06,"SRR14919244","Genus","Detected in multiple samples"
"Imtechium",2,5.10877164433669e-07,3.46148920188443e-06,"SRR14919245","Genus","Detected in multiple samples"
"Desulfopila",2,5.10877164433669e-07,3.46148920188443e-06,"SRR14919245","Genus","Detected in multiple samples"
"Halosimplex",2,5.10877164433669e-07,3.46148920188443e-06,"SRR14919245","Genus","Detected in multiple samples"
"Diatoma",2,5.06578773622851e-07,3.40990851215462e-06,"SRR14919240","Genus","Detected in multiple samples"
"Cellulosimicrobium",2,5.00369837787321e-07,3.33540128212825e-06,"SRR14919243","Genus","Detected in multiple samples"
"Methylocaldum",2,5.00369837787321e-07,3.33540128212825e-06,"SRR14919243","Genus","Detected in multiple samples"
"Novosphingobium",1,4.84017734409789e-07,5.80821281291747e-06,"SRR14919242","Genus","Detected in one sample"
"Halomicronema",2,4.73192378826952e-07,2.90410640645873e-06,"SRR14919242","Genus","Detected in multiple samples"
"Isochromatium",2,4.73192378826952e-07,2.90410640645873e-06,"SRR14919242","Genus","Detected in multiple samples"
"Ancylobacter",2,4.73192378826952e-07,2.90410640645873e-06,"SRR14919242","Genus","Detected in multiple samples"
"Caminibacter",2,4.73192378826952e-07,2.90410640645873e-06,"SRR14919242","Genus","Detected in multiple samples"
"Aequorivita",2,4.73192378826952e-07,2.90410640645873e-06,"SRR14919242","Genus","Detected in multiple samples"
"Modestobacter",2,4.64428598148194e-07,2.90410640645873e-06,"SRR14919242","Genus","Detected in multiple samples"
"Halorientalis",2,4.64428598148194e-07,2.90410640645873e-06,"SRR14919242","Genus","Detected in multiple samples"
"Rhodoplanes",2,4.64428598148194e-07,2.90410640645873e-06,"SRR14919242","Genus","Detected in multiple samples"
"Aeribacillus",2,4.64428598148194e-07,2.90410640645873e-06,"SRR14919242","Genus","Detected in multiple samples"
"Salisaeta",2,4.64428598148194e-07,2.90410640645873e-06,"SRR14919242","Genus","Detected in multiple samples"
"Geomicrobium",2,4.64428598148194e-07,2.90410640645873e-06,"SRR14919242","Genus","Detected in multiple samples"
"Ekhidna",2,4.64428598148194e-07,2.90410640645873e-06,"SRR14919242","Genus","Detected in multiple samples"
"Geodermatophilus",2,4.64428598148194e-07,2.90410640645873e-06,"SRR14919242","Genus","Detected in multiple samples"
"Prochlorococcus",1,4.62367023244115e-07,5.54840427892938e-06,"SRR14919241","Genus","Detected in one sample"
"Desulfothermus",2,4.53603242565357e-07,2.77420213946469e-06,"SRR14919241","Genus","Detected in multiple samples"
"Yeosuana",2,4.53603242565357e-07,2.77420213946469e-06,"SRR14919241","Genus","Detected in multiple samples"
"Stanieria",2,4.53603242565357e-07,2.77420213946469e-06,"SRR14919241","Genus","Detected in multiple samples"
"Actinoplanes",2,4.53603242565357e-07,2.77420213946469e-06,"SRR14919241","Genus","Detected in multiple samples"
"Simonsiella",1,4.448394618866e-07,5.3380735426392e-06,"SRR14919236","Genus","Detected in one sample"
"Rubidimonas",1,4.448394618866e-07,5.3380735426392e-06,"SRR14919236","Genus","Detected in one sample"
"Murinocardiopsis",1,4.23915623834232e-07,5.08698748601078e-06,"SRR14919237","Genus","Detected in one sample"
"Tamlana",1,4.23915623834232e-07,5.08698748601078e-06,"SRR14919237","Genus","Detected in one sample"
"Desulfobacca",1,4.23915623834232e-07,5.08698748601078e-06,"SRR14919237","Genus","Detected in one sample"
"Sphingomicrobium",1,4.23915623834232e-07,5.08698748601078e-06,"SRR14919237","Genus","Detected in one sample"
"Paracraurococcus",1,4.23915623834232e-07,5.08698748601078e-06,"SRR14919237","Genus","Detected in one sample"
"Ignicoccus",1,4.23915623834232e-07,5.08698748601078e-06,"SRR14919237","Genus","Detected in one sample"
"Afipia",1,4.23915623834232e-07,5.08698748601078e-06,"SRR14919237","Genus","Detected in one sample"
"Pilimelia",1,4.23915623834232e-07,5.08698748601078e-06,"SRR14919237","Genus","Detected in one sample"
"Pterocladiella",1,4.23915623834232e-07,5.08698748601078e-06,"SRR14919237","Genus","Detected in one sample"
"Halotalea",1,4.23915623834232e-07,5.08698748601078e-06,"SRR14919237","Genus","Detected in one sample"
"Alloiococcus",1,4.23915623834232e-07,5.08698748601078e-06,"SRR14919237","Genus","Detected in one sample"
"Streptosporangium",1,4.23915623834232e-07,5.08698748601078e-06,"SRR14919237","Genus","Detected in one sample"
"Lentzea",1,4.23915623834232e-07,5.08698748601078e-06,"SRR14919237","Genus","Detected in one sample"
"Staphylothermus",1,4.23915623834232e-07,5.08698748601078e-06,"SRR14919237","Genus","Detected in one sample"
"Rivularia",1,4.23915623834232e-07,5.08698748601078e-06,"SRR14919237","Genus","Detected in one sample"
"Ruminobacillus",1,4.23915623834232e-07,5.08698748601078e-06,"SRR14919237","Genus","Detected in one sample"
"Balneatrix",1,4.23915623834232e-07,5.08698748601078e-06,"SRR14919237","Genus","Detected in one sample"
"Microbispora",1,4.23915623834232e-07,5.08698748601078e-06,"SRR14919237","Genus","Detected in one sample"
"Malonomonas",1,4.23915623834232e-07,5.08698748601078e-06,"SRR14919237","Genus","Detected in one sample"
"Necropsobacter",1,4.23915623834232e-07,5.08698748601078e-06,"SRR14919237","Genus","Detected in one sample"
"Murdochiella",1,3.53678325318982e-07,4.24413990382779e-06,"SRR14919246","Genus","Detected in one sample"
"Cystobacter",1,3.53678325318982e-07,4.24413990382779e-06,"SRR14919246","Genus","Detected in one sample"
"Caryophanon",1,3.53678325318982e-07,4.24413990382779e-06,"SRR14919246","Genus","Detected in one sample"
"Rhodomonas",1,3.53678325318982e-07,4.24413990382779e-06,"SRR14919246","Genus","Detected in one sample"
"Amphora",1,3.53678325318982e-07,4.24413990382779e-06,"SRR14919246","Genus","Detected in one sample"
"Thiocapsa",1,3.53678325318982e-07,4.24413990382779e-06,"SRR14919246","Genus","Detected in one sample"
"Dehalobium",1,3.53678325318982e-07,4.24413990382779e-06,"SRR14919246","Genus","Detected in one sample"
"Defluviicoccus",1,3.53678325318982e-07,4.24413990382779e-06,"SRR14919246","Genus","Detected in one sample"
"Fluoribacter",1,3.53678325318982e-07,4.24413990382779e-06,"SRR14919246","Genus","Detected in one sample"
"Flexistipes",1,3.53678325318982e-07,4.24413990382779e-06,"SRR14919246","Genus","Detected in one sample"
"Desulfuromonas",1,3.53678325318982e-07,4.24413990382779e-06,"SRR14919246","Genus","Detected in one sample"
"Isobaculum",1,3.53678325318982e-07,4.24413990382779e-06,"SRR14919246","Genus","Detected in one sample"
"Ferrithrix",1,3.53678325318982e-07,4.24413990382779e-06,"SRR14919246","Genus","Detected in one sample"
"Vulcanithermus",1,3.53678325318982e-07,4.24413990382779e-06,"SRR14919246","Genus","Detected in one sample"
"Allochromatium",1,3.38798836158238e-07,4.06558603389886e-06,"SRR14919239","Genus","Detected in one sample"
"Clavibacter",1,3.38798836158238e-07,4.06558603389886e-06,"SRR14919239","Genus","Detected in one sample"
"Crinalium",1,3.38798836158238e-07,4.06558603389886e-06,"SRR14919239","Genus","Detected in one sample"
"Keratinibaculum",1,3.38798836158238e-07,4.06558603389886e-06,"SRR14919239","Genus","Detected in one sample"
"Rhodothalassium",1,3.38798836158238e-07,4.06558603389886e-06,"SRR14919239","Genus","Detected in one sample"
"Cocleimonas",1,3.38798836158238e-07,4.06558603389886e-06,"SRR14919239","Genus","Detected in one sample"
"Methylomarinum",1,3.38798836158238e-07,4.06558603389886e-06,"SRR14919239","Genus","Detected in one sample"
"Dolosigranulum",1,3.38798836158238e-07,4.06558603389886e-06,"SRR14919239","Genus","Detected in one sample"
"Demetria",1,3.38798836158238e-07,4.06558603389886e-06,"SRR14919239","Genus","Detected in one sample"
"Fodinibius",1,3.38798836158238e-07,4.06558603389886e-06,"SRR14919239","Genus","Detected in one sample"
"Albidiferax",1,3.38798836158238e-07,4.06558603389886e-06,"SRR14919239","Genus","Detected in one sample"
"Hahella",1,3.38798836158238e-07,4.06558603389886e-06,"SRR14919239","Genus","Detected in one sample"
"Blastochloris",1,3.38798836158238e-07,4.06558603389886e-06,"SRR14919239","Genus","Detected in one sample"
"Andreprevotia",1,3.38798836158238e-07,4.06558603389886e-06,"SRR14919239","Genus","Detected in one sample"
"Bermanella",1,3.38798836158238e-07,4.06558603389886e-06,"SRR14919239","Genus","Detected in one sample"
"Planobispora",1,3.38798836158238e-07,4.06558603389886e-06,"SRR14919239","Genus","Detected in one sample"
"Nordella",1,3.38798836158238e-07,4.06558603389886e-06,"SRR14919239","Genus","Detected in one sample"
"Roseibaca",1,3.38798836158238e-07,4.06558603389886e-06,"SRR14919239","Genus","Detected in one sample"
"Zymobacter",1,3.38798836158238e-07,4.06558603389886e-06,"SRR14919239","Genus","Detected in one sample"
"Sitophilus",1,3.38798836158238e-07,4.06558603389886e-06,"SRR14919239","Genus","Detected in one sample"
"Atopostipes",1,3.38798836158238e-07,4.06558603389886e-06,"SRR14919239","Genus","Detected in one sample"
"Kyrpidia",1,3.38798836158238e-07,4.06558603389886e-06,"SRR14919239","Genus","Detected in one sample"
"Sinobacter",1,3.38798836158238e-07,4.06558603389886e-06,"SRR14919239","Genus","Detected in one sample"
"Cycloclasticus",1,3.38798836158238e-07,4.06558603389886e-06,"SRR14919239","Genus","Detected in one sample"
"Otariodibacter",1,3.38798836158238e-07,4.06558603389886e-06,"SRR14919239","Genus","Detected in one sample"
"Aetherobacter",1,3.38798836158238e-07,4.06558603389886e-06,"SRR14919239","Genus","Detected in one sample"
"Granulibacter",1,3.38798836158238e-07,4.06558603389886e-06,"SRR14919239","Genus","Detected in one sample"
"Sphaerisporangium",1,3.38798836158238e-07,4.06558603389886e-06,"SRR14919239","Genus","Detected in one sample"
"Tonsilliphilus",1,3.38798836158238e-07,4.06558603389886e-06,"SRR14919239","Genus","Detected in one sample"
"Stephanopyxis",1,3.38798836158238e-07,4.06558603389886e-06,"SRR14919239","Genus","Detected in one sample"
"Sulfurovum",1,3.38798836158238e-07,4.06558603389886e-06,"SRR14919239","Genus","Detected in one sample"
"Thiohalomonas",1,3.38798836158238e-07,4.06558603389886e-06,"SRR14919239","Genus","Detected in one sample"
"Kofleria",1,3.29082898614824e-07,3.94899478337789e-06,"SRR14919235","Genus","Detected in one sample"
"Thermovibrio",1,3.29082898614824e-07,3.94899478337789e-06,"SRR14919235","Genus","Detected in one sample"
"Kordia",1,3.29082898614824e-07,3.94899478337789e-06,"SRR14919235","Genus","Detected in one sample"
"Thiobacter",1,3.29082898614824e-07,3.94899478337789e-06,"SRR14919235","Genus","Detected in one sample"
"Chelativorans",1,3.29082898614824e-07,3.94899478337789e-06,"SRR14919235","Genus","Detected in one sample"
"Halostagnicola",1,3.29082898614824e-07,3.94899478337789e-06,"SRR14919235","Genus","Detected in one sample"
"Propionivibrio",1,3.29082898614824e-07,3.94899478337789e-06,"SRR14919235","Genus","Detected in one sample"
"Beggiatoa",1,3.29082898614824e-07,3.94899478337789e-06,"SRR14919235","Genus","Detected in one sample"
"Oceanibaculum",1,3.29082898614824e-07,3.94899478337789e-06,"SRR14919235","Genus","Detected in one sample"
"Limnoraphis",1,3.29082898614824e-07,3.94899478337789e-06,"SRR14919235","Genus","Detected in one sample"
"Coleochaete",1,3.29082898614824e-07,3.94899478337789e-06,"SRR14919235","Genus","Detected in one sample"
"Stackebrandtia",1,3.29082898614824e-07,3.94899478337789e-06,"SRR14919235","Genus","Detected in one sample"
"Smegmaraptor",1,3.29082898614824e-07,3.94899478337789e-06,"SRR14919235","Genus","Detected in one sample"
"Anaerobaculum",1,3.29082898614824e-07,3.94899478337789e-06,"SRR14919235","Genus","Detected in one sample"
"Rhodovibrio",1,3.29082898614824e-07,3.94899478337789e-06,"SRR14919235","Genus","Detected in one sample"
"Microvirga",1,3.29082898614824e-07,3.94899478337789e-06,"SRR14919235","Genus","Detected in one sample"
"Paucibacter",1,3.29082898614824e-07,3.94899478337789e-06,"SRR14919235","Genus","Detected in one sample"
"Haloalcalophilium",1,3.29082898614824e-07,3.94899478337789e-06,"SRR14919235","Genus","Detected in one sample"
"Roseateles",1,3.29082898614824e-07,3.94899478337789e-06,"SRR14919235","Genus","Detected in one sample"
"Propionispira",1,3.29082898614824e-07,3.94899478337789e-06,"SRR14919235","Genus","Detected in one sample"
"Solibacillus",1,3.29082898614824e-07,3.94899478337789e-06,"SRR14919235","Genus","Detected in one sample"
"Sideroxydans",1,3.29082898614824e-07,3.94899478337789e-06,"SRR14919235","Genus","Detected in one sample"
"Methanotorris",1,3.29082898614824e-07,3.94899478337789e-06,"SRR14919235","Genus","Detected in one sample"
"Methylocella",1,3.29082898614824e-07,3.94899478337789e-06,"SRR14919235","Genus","Detected in one sample"
"Mantoniella",1,3.29082898614824e-07,3.94899478337789e-06,"SRR14919235","Genus","Detected in one sample"
"Asteroleplasma",1,3.29082898614824e-07,3.94899478337789e-06,"SRR14919235","Genus","Detected in one sample"
"Vogesella",1,3.29082898614824e-07,3.94899478337789e-06,"SRR14919235","Genus","Detected in one sample"
"Hoeflea",1,3.29082898614824e-07,3.94899478337789e-06,"SRR14919235","Genus","Detected in one sample"
"Macrococcus",1,3.29082898614824e-07,3.94899478337789e-06,"SRR14919235","Genus","Detected in one sample"
"Fluviicola",1,3.29082898614824e-07,3.94899478337789e-06,"SRR14919235","Genus","Detected in one sample"
"Hydrogenimonas",1,3.29082898614824e-07,3.94899478337789e-06,"SRR14919235","Genus","Detected in one sample"
"Acaricomes",1,3.29082898614824e-07,3.94899478337789e-06,"SRR14919235","Genus","Detected in one sample"
"Bonnemaisonia",1,3.29082898614824e-07,3.94899478337789e-06,"SRR14919235","Genus","Detected in one sample"
"Anaerobacter",1,3.29082898614824e-07,3.94899478337789e-06,"SRR14919235","Genus","Detected in one sample"
"Angiopteris",1,3.11683778106085e-07,3.74020533727302e-06,"SRR14919238","Genus","Detected in one sample"
"Belnapia",1,3.11683778106085e-07,3.74020533727302e-06,"SRR14919238","Genus","Detected in one sample"
"Actinocorallia",1,3.11683778106085e-07,3.74020533727302e-06,"SRR14919238","Genus","Detected in one sample"
"Boyliae",1,3.11683778106085e-07,3.74020533727302e-06,"SRR14919238","Genus","Detected in one sample"
"Spironema",1,3.11683778106085e-07,3.74020533727302e-06,"SRR14919238","Genus","Detected in one sample"
"Brumimicrobium",1,3.11683778106085e-07,3.74020533727302e-06,"SRR14919238","Genus","Detected in one sample"
"Nicotiana",1,3.11683778106085e-07,3.74020533727302e-06,"SRR14919238","Genus","Detected in one sample"
"Inhella",1,3.11683778106085e-07,3.74020533727302e-06,"SRR14919238","Genus","Detected in one sample"
"Methanothermococcus",1,3.11683778106085e-07,3.74020533727302e-06,"SRR14919238","Genus","Detected in one sample"
"Tessaracoccus",1,3.11683778106085e-07,3.74020533727302e-06,"SRR14919238","Genus","Detected in one sample"
"Croceitalea",1,3.11683778106085e-07,3.74020533727302e-06,"SRR14919238","Genus","Detected in one sample"
"Thiohalorhabdus",1,3.11683778106085e-07,3.74020533727302e-06,"SRR14919238","Genus","Detected in one sample"
"Caldibacillus",1,3.11683778106085e-07,3.74020533727302e-06,"SRR14919238","Genus","Detected in one sample"
"Nesterenkonia",1,3.11683778106085e-07,3.74020533727302e-06,"SRR14919238","Genus","Detected in one sample"
"Quinella",1,3.11683778106085e-07,3.74020533727302e-06,"SRR14919238","Genus","Detected in one sample"
"Roseococcus",1,3.11683778106085e-07,3.74020533727302e-06,"SRR14919238","Genus","Detected in one sample"
"Schlegelella",1,3.11683778106085e-07,3.74020533727302e-06,"SRR14919238","Genus","Detected in one sample"
"Saccharophagus",1,3.11683778106085e-07,3.74020533727302e-06,"SRR14919238","Genus","Detected in one sample"
"Salisediminibacterium",1,3.11683778106085e-07,3.74020533727302e-06,"SRR14919238","Genus","Detected in one sample"
"Citromicrobium",1,3.11683778106085e-07,3.74020533727302e-06,"SRR14919238","Genus","Detected in one sample"
"Arenicella",1,3.11683778106085e-07,3.74020533727302e-06,"SRR14919238","Genus","Detected in one sample"
"Undibacterium",1,3.11683778106085e-07,3.74020533727302e-06,"SRR14919238","Genus","Detected in one sample"
"Nereida",1,3.11683778106085e-07,3.74020533727302e-06,"SRR14919238","Genus","Detected in one sample"
"Nitritalea",1,3.11683778106085e-07,3.74020533727302e-06,"SRR14919238","Genus","Detected in one sample"
"Oceanicola",1,3.11683778106085e-07,3.74020533727302e-06,"SRR14919238","Genus","Detected in one sample"
"Discoplastis",1,3.11683778106085e-07,3.74020533727302e-06,"SRR14919238","Genus","Detected in one sample"
"Lentimonas",1,3.11683778106085e-07,3.74020533727302e-06,"SRR14919238","Genus","Detected in one sample"
"Thermohalobacter",1,3.11683778106085e-07,3.74020533727302e-06,"SRR14919238","Genus","Detected in one sample"
"Actinosynnema",1,3.11683778106085e-07,3.74020533727302e-06,"SRR14919238","Genus","Detected in one sample"
"Rhabdochromatium",1,3.11683778106085e-07,3.74020533727302e-06,"SRR14919238","Genus","Detected in one sample"
"Kriegella",1,3.11683778106085e-07,3.74020533727302e-06,"SRR14919238","Genus","Detected in one sample"
"Singularimonas",1,3.11683778106085e-07,3.74020533727302e-06,"SRR14919238","Genus","Detected in one sample"
"Desertibacter",1,3.11683778106085e-07,3.74020533727302e-06,"SRR14919238","Genus","Detected in one sample"
"Actinotalea",1,3.11683778106085e-07,3.74020533727302e-06,"SRR14919238","Genus","Detected in one sample"
"Croceimarina",1,2.8867326920168e-07,3.46407923042016e-06,"SRR14919244","Genus","Detected in one sample"
"Caulobacter",1,2.8867326920168e-07,3.46407923042016e-06,"SRR14919244","Genus","Detected in one sample"
"Corethron",1,2.8867326920168e-07,3.46407923042016e-06,"SRR14919244","Genus","Detected in one sample"
"Thermanaerothrix",1,2.8867326920168e-07,3.46407923042016e-06,"SRR14919244","Genus","Detected in one sample"
"Chlorokybus",1,2.8867326920168e-07,3.46407923042016e-06,"SRR14919244","Genus","Detected in one sample"
"Methylovirgula",1,2.8867326920168e-07,3.46407923042016e-06,"SRR14919244","Genus","Detected in one sample"
"Pseudosphingobacterium",1,2.8867326920168e-07,3.46407923042016e-06,"SRR14919244","Genus","Detected in one sample"
"Thiohalobacter",1,2.8867326920168e-07,3.46407923042016e-06,"SRR14919244","Genus","Detected in one sample"
"Palmaria",1,2.8867326920168e-07,3.46407923042016e-06,"SRR14919244","Genus","Detected in one sample"
"Cecembia",1,2.8867326920168e-07,3.46407923042016e-06,"SRR14919244","Genus","Detected in one sample"
"Calypogeia",1,2.8867326920168e-07,3.46407923042016e-06,"SRR14919244","Genus","Detected in one sample"
"Soonwooa",1,2.8867326920168e-07,3.46407923042016e-06,"SRR14919244","Genus","Detected in one sample"
"Carica",1,2.8867326920168e-07,3.46407923042016e-06,"SRR14919244","Genus","Detected in one sample"
"Epilithonimonas",1,2.8867326920168e-07,3.46407923042016e-06,"SRR14919244","Genus","Detected in one sample"
"Skermania",1,2.8867326920168e-07,3.46407923042016e-06,"SRR14919244","Genus","Detected in one sample"
"Fischerella",1,2.8867326920168e-07,3.46407923042016e-06,"SRR14919244","Genus","Detected in one sample"
"Haloarchaeobius",1,2.8867326920168e-07,3.46407923042016e-06,"SRR14919244","Genus","Detected in one sample"
"Dermacoccus",1,2.8867326920168e-07,3.46407923042016e-06,"SRR14919244","Genus","Detected in one sample"
"Endozoicomonas",1,2.8867326920168e-07,3.46407923042016e-06,"SRR14919244","Genus","Detected in one sample"
"Alteribacillus",1,2.8867326920168e-07,3.46407923042016e-06,"SRR14919244","Genus","Detected in one sample"
"Fervidicola",1,2.8867326920168e-07,3.46407923042016e-06,"SRR14919244","Genus","Detected in one sample"
"Desulfovermiculus",1,2.8867326920168e-07,3.46407923042016e-06,"SRR14919244","Genus","Detected in one sample"
"Heliobacillus",1,2.8867326920168e-07,3.46407923042016e-06,"SRR14919244","Genus","Detected in one sample"
"Marixanthomonas",1,2.8867326920168e-07,3.46407923042016e-06,"SRR14919244","Genus","Detected in one sample"
"Thalassionema",1,2.8867326920168e-07,3.46407923042016e-06,"SRR14919244","Genus","Detected in one sample"
"Leucothrix",1,2.8845743349037e-07,3.46148920188443e-06,"SRR14919245","Genus","Detected in one sample"
"Adiantum",1,2.8845743349037e-07,3.46148920188443e-06,"SRR14919245","Genus","Detected in one sample"
"Parascardovia",1,2.8845743349037e-07,3.46148920188443e-06,"SRR14919245","Genus","Detected in one sample"
"Hydrogenothermus",1,2.8845743349037e-07,3.46148920188443e-06,"SRR14919245","Genus","Detected in one sample"
"Cellvibrio",1,2.8845743349037e-07,3.46148920188443e-06,"SRR14919245","Genus","Detected in one sample"
"Serpens",1,2.8845743349037e-07,3.46148920188443e-06,"SRR14919245","Genus","Detected in one sample"
"Marinicella",1,2.8845743349037e-07,3.46148920188443e-06,"SRR14919245","Genus","Detected in one sample"
"Desulfurispira",1,2.8845743349037e-07,3.46148920188443e-06,"SRR14919245","Genus","Detected in one sample"
"Cuspidothrix",1,2.8845743349037e-07,3.46148920188443e-06,"SRR14919245","Genus","Detected in one sample"
"Chrysiogenes",1,2.8845743349037e-07,3.46148920188443e-06,"SRR14919245","Genus","Detected in one sample"
"Haloechinothrix",1,2.8845743349037e-07,3.46148920188443e-06,"SRR14919245","Genus","Detected in one sample"
"Citricoccus",1,2.8845743349037e-07,3.46148920188443e-06,"SRR14919245","Genus","Detected in one sample"
"Rarobacter",1,2.8845743349037e-07,3.46148920188443e-06,"SRR14919245","Genus","Detected in one sample"
"Trueperella",1,2.8845743349037e-07,3.46148920188443e-06,"SRR14919245","Genus","Detected in one sample"
"Aquabacterium",1,2.8845743349037e-07,3.46148920188443e-06,"SRR14919245","Genus","Detected in one sample"
"Rudaea",1,2.8845743349037e-07,3.46148920188443e-06,"SRR14919245","Genus","Detected in one sample"
"Filimonas",1,2.8845743349037e-07,3.46148920188443e-06,"SRR14919245","Genus","Detected in one sample"
"Tranquillimonas",1,2.8845743349037e-07,3.46148920188443e-06,"SRR14919245","Genus","Detected in one sample"
"Euptilota",1,2.8845743349037e-07,3.46148920188443e-06,"SRR14919245","Genus","Detected in one sample"
"Phaseolus",1,2.8845743349037e-07,3.46148920188443e-06,"SRR14919245","Genus","Detected in one sample"
"Piscicoccus",1,2.8845743349037e-07,3.46148920188443e-06,"SRR14919245","Genus","Detected in one sample"
"Geothermobacterium",1,2.8845743349037e-07,3.46148920188443e-06,"SRR14919245","Genus","Detected in one sample"
"Raoultella",1,2.8845743349037e-07,3.46148920188443e-06,"SRR14919245","Genus","Detected in one sample"
"Aureimarina",1,2.8845743349037e-07,3.46148920188443e-06,"SRR14919245","Genus","Detected in one sample"
"Aerosakkonema",1,2.8845743349037e-07,3.46148920188443e-06,"SRR14919245","Genus","Detected in one sample"
"Gelidibacter",1,2.8845743349037e-07,3.46148920188443e-06,"SRR14919245","Genus","Detected in one sample"
"Methermicoccus",1,2.8845743349037e-07,3.46148920188443e-06,"SRR14919245","Genus","Detected in one sample"
"Ktedonobacter",1,2.84159042679552e-07,3.40990851215462e-06,"SRR14919240","Genus","Detected in one sample"
"Corallina",1,2.84159042679552e-07,3.40990851215462e-06,"SRR14919240","Genus","Detected in one sample"
"Aquaspirillum",1,2.84159042679552e-07,3.40990851215462e-06,"SRR14919240","Genus","Detected in one sample"
"Limnohabitans",1,2.84159042679552e-07,3.40990851215462e-06,"SRR14919240","Genus","Detected in one sample"
"Propioniciclava",1,2.84159042679552e-07,3.40990851215462e-06,"SRR14919240","Genus","Detected in one sample"
"Paludibacterium",1,2.84159042679552e-07,3.40990851215462e-06,"SRR14919240","Genus","Detected in one sample"
"Tolumonas",1,2.84159042679552e-07,3.40990851215462e-06,"SRR14919240","Genus","Detected in one sample"
"Leclercia",1,2.84159042679552e-07,3.40990851215462e-06,"SRR14919240","Genus","Detected in one sample"
"Venenivibrio",1,2.84159042679552e-07,3.40990851215462e-06,"SRR14919240","Genus","Detected in one sample"
"Salsuginibacillus",1,2.84159042679552e-07,3.40990851215462e-06,"SRR14919240","Genus","Detected in one sample"
"Jahnella",1,2.84159042679552e-07,3.40990851215462e-06,"SRR14919240","Genus","Detected in one sample"
"Chlorogloeopsis",1,2.84159042679552e-07,3.40990851215462e-06,"SRR14919240","Genus","Detected in one sample"
"Halorussus",1,2.84159042679552e-07,3.40990851215462e-06,"SRR14919240","Genus","Detected in one sample"
"Gordonia",1,2.84159042679552e-07,3.40990851215462e-06,"SRR14919240","Genus","Detected in one sample"
"Belliella",1,2.84159042679552e-07,3.40990851215462e-06,"SRR14919240","Genus","Detected in one sample"
"Hafnia",1,2.84159042679552e-07,3.40990851215462e-06,"SRR14919240","Genus","Detected in one sample"
"Marichromatium",1,2.84159042679552e-07,3.40990851215462e-06,"SRR14919240","Genus","Detected in one sample"
"Roseospira",1,2.84159042679552e-07,3.40990851215462e-06,"SRR14919240","Genus","Detected in one sample"
"Ruminobacter",1,2.84159042679552e-07,3.40990851215462e-06,"SRR14919240","Genus","Detected in one sample"
"Pannonibacter",1,2.84159042679552e-07,3.40990851215462e-06,"SRR14919240","Genus","Detected in one sample"
"Synergistes",1,2.84159042679552e-07,3.40990851215462e-06,"SRR14919240","Genus","Detected in one sample"
"Thermosediminibacter",1,2.84159042679552e-07,3.40990851215462e-06,"SRR14919240","Genus","Detected in one sample"
"Kribbella",1,2.84159042679552e-07,3.40990851215462e-06,"SRR14919240","Genus","Detected in one sample"
"Aciduliprofundum",1,2.84159042679552e-07,3.40990851215462e-06,"SRR14919240","Genus","Detected in one sample"
"Desulfocella",1,2.84159042679552e-07,3.40990851215462e-06,"SRR14919240","Genus","Detected in one sample"
"Luteibacter",1,2.84159042679552e-07,3.40990851215462e-06,"SRR14919240","Genus","Detected in one sample"
"Marmoricola",1,2.84159042679552e-07,3.40990851215462e-06,"SRR14919240","Genus","Detected in one sample"
"Azonexus",1,2.84159042679552e-07,3.40990851215462e-06,"SRR14919240","Genus","Detected in one sample"
"Pseudospirillum",1,2.84159042679552e-07,3.40990851215462e-06,"SRR14919240","Genus","Detected in one sample"
"Herpetosiphon",1,2.84159042679552e-07,3.40990851215462e-06,"SRR14919240","Genus","Detected in one sample"
"Bordetella",1,2.84159042679552e-07,3.40990851215462e-06,"SRR14919240","Genus","Detected in one sample"
"Aquifex",1,2.84159042679552e-07,3.40990851215462e-06,"SRR14919240","Genus","Detected in one sample"
"Tepidimonas",1,2.84159042679552e-07,3.40990851215462e-06,"SRR14919240","Genus","Detected in one sample"
"Solirubrobacter",1,2.84159042679552e-07,3.40990851215462e-06,"SRR14919240","Genus","Detected in one sample"
"Carpothamnion",1,2.84159042679552e-07,3.40990851215462e-06,"SRR14919240","Genus","Detected in one sample"
"Sneathiella",1,2.84159042679552e-07,3.40990851215462e-06,"SRR14919240","Genus","Detected in one sample"
"Desulfatitalea",1,2.84159042679552e-07,3.40990851215462e-06,"SRR14919240","Genus","Detected in one sample"
"Ostreococcus",1,2.77950106844021e-07,3.33540128212825e-06,"SRR14919243","Genus","Detected in one sample"
"Rubidibacter",1,2.77950106844021e-07,3.33540128212825e-06,"SRR14919243","Genus","Detected in one sample"
"Natroniella",1,2.77950106844021e-07,3.33540128212825e-06,"SRR14919243","Genus","Detected in one sample"
"Thalassobacter",1,2.77950106844021e-07,3.33540128212825e-06,"SRR14919243","Genus","Detected in one sample"
"Desulfonatronospira",1,2.77950106844021e-07,3.33540128212825e-06,"SRR14919243","Genus","Detected in one sample"
"Marinivirga",1,2.77950106844021e-07,3.33540128212825e-06,"SRR14919243","Genus","Detected in one sample"
"Bifissio",1,2.77950106844021e-07,3.33540128212825e-06,"SRR14919243","Genus","Detected in one sample"
"Cryomorpha",1,2.77950106844021e-07,3.33540128212825e-06,"SRR14919243","Genus","Detected in one sample"
"Weeksella",1,2.77950106844021e-07,3.33540128212825e-06,"SRR14919243","Genus","Detected in one sample"
"Planomonospora",1,2.77950106844021e-07,3.33540128212825e-06,"SRR14919243","Genus","Detected in one sample"
"Labrys",1,2.77950106844021e-07,3.33540128212825e-06,"SRR14919243","Genus","Detected in one sample"
"Lactovum",1,2.77950106844021e-07,3.33540128212825e-06,"SRR14919243","Genus","Detected in one sample"
"Koukoulia",1,2.77950106844021e-07,3.33540128212825e-06,"SRR14919243","Genus","Detected in one sample"
"Lutimaribacter",1,2.77950106844021e-07,3.33540128212825e-06,"SRR14919243","Genus","Detected in one sample"
"Ponticoccus",1,2.77950106844021e-07,3.33540128212825e-06,"SRR14919243","Genus","Detected in one sample"
"Thiorhodovibrio",1,2.77950106844021e-07,3.33540128212825e-06,"SRR14919243","Genus","Detected in one sample"
"Desulfonauticus",1,2.77950106844021e-07,3.33540128212825e-06,"SRR14919243","Genus","Detected in one sample"
"Mesotoga",1,2.77950106844021e-07,3.33540128212825e-06,"SRR14919243","Genus","Detected in one sample"
"Desulfoglaeba",1,2.42008867204894e-07,2.90410640645873e-06,"SRR14919242","Genus","Detected in one sample"
"Nephroselmis",1,2.42008867204894e-07,2.90410640645873e-06,"SRR14919242","Genus","Detected in one sample"
"Spirobacillus",1,2.42008867204894e-07,2.90410640645873e-06,"SRR14919242","Genus","Detected in one sample"
"Peredibacter",1,2.42008867204894e-07,2.90410640645873e-06,"SRR14919242","Genus","Detected in one sample"
"Silanimonas",1,2.42008867204894e-07,2.90410640645873e-06,"SRR14919242","Genus","Detected in one sample"
"Compsopogon",1,2.42008867204894e-07,2.90410640645873e-06,"SRR14919242","Genus","Detected in one sample"
"Prosthecomicrobium",1,2.42008867204894e-07,2.90410640645873e-06,"SRR14919242","Genus","Detected in one sample"
"Acidiphilium",1,2.42008867204894e-07,2.90410640645873e-06,"SRR14919242","Genus","Detected in one sample"
"Thioalkalimicrobium",1,2.42008867204894e-07,2.90410640645873e-06,"SRR14919242","Genus","Detected in one sample"
"Deefgea",1,2.42008867204894e-07,2.90410640645873e-06,"SRR14919242","Genus","Detected in one sample"
"Nautilia",1,2.42008867204894e-07,2.90410640645873e-06,"SRR14919242","Genus","Detected in one sample"
"Conexibacter",1,2.42008867204894e-07,2.90410640645873e-06,"SRR14919242","Genus","Detected in one sample"
"Siphonobacter",1,2.42008867204894e-07,2.90410640645873e-06,"SRR14919242","Genus","Detected in one sample"
"Desulfatimicrobium",1,2.42008867204894e-07,2.90410640645873e-06,"SRR14919242","Genus","Detected in one sample"
"Croceibacter",1,2.42008867204894e-07,2.90410640645873e-06,"SRR14919242","Genus","Detected in one sample"
"Ophioglossum",1,2.42008867204894e-07,2.90410640645873e-06,"SRR14919242","Genus","Detected in one sample"
"Costertonia",1,2.42008867204894e-07,2.90410640645873e-06,"SRR14919242","Genus","Detected in one sample"
"Palaeococcus",1,2.42008867204894e-07,2.90410640645873e-06,"SRR14919242","Genus","Detected in one sample"
"Jeongeupia",1,2.42008867204894e-07,2.90410640645873e-06,"SRR14919242","Genus","Detected in one sample"
"Jasminum",1,2.42008867204894e-07,2.90410640645873e-06,"SRR14919242","Genus","Detected in one sample"
"Thalassobaculum",1,2.42008867204894e-07,2.90410640645873e-06,"SRR14919242","Genus","Detected in one sample"
"Silvimonas",1,2.42008867204894e-07,2.90410640645873e-06,"SRR14919242","Genus","Detected in one sample"
"Planobacterium",1,2.42008867204894e-07,2.90410640645873e-06,"SRR14919242","Genus","Detected in one sample"
"Fodinibacter",1,2.42008867204894e-07,2.90410640645873e-06,"SRR14919242","Genus","Detected in one sample"
"Oceanibacterium",1,2.42008867204894e-07,2.90410640645873e-06,"SRR14919242","Genus","Detected in one sample"
"Microtetraspora",1,2.42008867204894e-07,2.90410640645873e-06,"SRR14919242","Genus","Detected in one sample"
"Shinella",1,2.42008867204894e-07,2.90410640645873e-06,"SRR14919242","Genus","Detected in one sample"
"Frateuria",1,2.42008867204894e-07,2.90410640645873e-06,"SRR14919242","Genus","Detected in one sample"
"Exilispira",1,2.42008867204894e-07,2.90410640645873e-06,"SRR14919242","Genus","Detected in one sample"
"Bavariicoccus",1,2.42008867204894e-07,2.90410640645873e-06,"SRR14919242","Genus","Detected in one sample"
"Sporolituus",1,2.42008867204894e-07,2.90410640645873e-06,"SRR14919242","Genus","Detected in one sample"
"Bryocella",1,2.42008867204894e-07,2.90410640645873e-06,"SRR14919242","Genus","Detected in one sample"
"Microlunatus",1,2.42008867204894e-07,2.90410640645873e-06,"SRR14919242","Genus","Detected in one sample"
"Centroceras",1,2.42008867204894e-07,2.90410640645873e-06,"SRR14919242","Genus","Detected in one sample"
"Pelomonas",1,2.42008867204894e-07,2.90410640645873e-06,"SRR14919242","Genus","Detected in one sample"
"Frankia",1,2.42008867204894e-07,2.90410640645873e-06,"SRR14919242","Genus","Detected in one sample"
"Dioscorea",1,2.42008867204894e-07,2.90410640645873e-06,"SRR14919242","Genus","Detected in one sample"
"Thermotomaculum",1,2.42008867204894e-07,2.90410640645873e-06,"SRR14919242","Genus","Detected in one sample"
"Melosira",1,2.42008867204894e-07,2.90410640645873e-06,"SRR14919242","Genus","Detected in one sample"
"Sandaracinus",1,2.42008867204894e-07,2.90410640645873e-06,"SRR14919242","Genus","Detected in one sample"
"Kiloniella",1,2.42008867204894e-07,2.90410640645873e-06,"SRR14919242","Genus","Detected in one sample"
"Ancalomicrobium",1,2.42008867204894e-07,2.90410640645873e-06,"SRR14919242","Genus","Detected in one sample"
"Gluconobacter",1,2.42008867204894e-07,2.90410640645873e-06,"SRR14919242","Genus","Detected in one sample"
"Gracilariopsis",1,2.42008867204894e-07,2.90410640645873e-06,"SRR14919242","Genus","Detected in one sample"
"Terasakiella",1,2.42008867204894e-07,2.90410640645873e-06,"SRR14919242","Genus","Detected in one sample"
"Calderihabitans",1,2.42008867204894e-07,2.90410640645873e-06,"SRR14919242","Genus","Detected in one sample"
"Commensalibacter",1,2.42008867204894e-07,2.90410640645873e-06,"SRR14919242","Genus","Detected in one sample"
"Nitratiruptor",1,2.42008867204894e-07,2.90410640645873e-06,"SRR14919242","Genus","Detected in one sample"
"Chthoniobacter",1,2.42008867204894e-07,2.90410640645873e-06,"SRR14919242","Genus","Detected in one sample"
"Litorilinea",1,2.42008867204894e-07,2.90410640645873e-06,"SRR14919242","Genus","Detected in one sample"
"Rhabdothermus",1,2.42008867204894e-07,2.90410640645873e-06,"SRR14919242","Genus","Detected in one sample"
"Fimbriimonas",1,2.31183511622057e-07,2.77420213946469e-06,"SRR14919241","Genus","Detected in one sample"
"Planktothricoides",1,2.31183511622057e-07,2.77420213946469e-06,"SRR14919241","Genus","Detected in one sample"
"Octadecabacter",1,2.31183511622057e-07,2.77420213946469e-06,"SRR14919241","Genus","Detected in one sample"
"Algorimarina",1,2.31183511622057e-07,2.77420213946469e-06,"SRR14919241","Genus","Detected in one sample"
"Thermodesulfovibrio",1,2.31183511622057e-07,2.77420213946469e-06,"SRR14919241","Genus","Detected in one sample"
"Trichocoleus",1,2.31183511622057e-07,2.77420213946469e-06,"SRR14919241","Genus","Detected in one sample"
"Ardenticatena",1,2.31183511622057e-07,2.77420213946469e-06,"SRR14919241","Genus","Detected in one sample"
"Komvophoron",1,2.31183511622057e-07,2.77420213946469e-06,"SRR14919241","Genus","Detected in one sample"
"Populus",1,2.31183511622057e-07,2.77420213946469e-06,"SRR14919241","Genus","Detected in one sample"
"Halioglobus",1,2.31183511622057e-07,2.77420213946469e-06,"SRR14919241","Genus","Detected in one sample"
"Nitriliruptor",1,2.31183511622057e-07,2.77420213946469e-06,"SRR14919241","Genus","Detected in one sample"
"Verminephrobacter",1,2.31183511622057e-07,2.77420213946469e-06,"SRR14919241","Genus","Detected in one sample"
"Halocella",1,2.31183511622057e-07,2.77420213946469e-06,"SRR14919241","Genus","Detected in one sample"
"Dichelobacter",1,2.31183511622057e-07,2.77420213946469e-06,"SRR14919241","Genus","Detected in one sample"
"Tropheryma",1,2.31183511622057e-07,2.77420213946469e-06,"SRR14919241","Genus","Detected in one sample"
"Eikenella",1,2.31183511622057e-07,2.77420213946469e-06,"SRR14919241","Genus","Detected in one sample"
"Chitinimonas",1,2.31183511622057e-07,2.77420213946469e-06,"SRR14919241","Genus","Detected in one sample"
"Galbibacter",1,2.31183511622057e-07,2.77420213946469e-06,"SRR14919241","Genus","Detected in one sample"
"Thioprofundum",1,2.31183511622057e-07,2.77420213946469e-06,"SRR14919241","Genus","Detected in one sample"
"Mangrovibacter",1,2.31183511622057e-07,2.77420213946469e-06,"SRR14919241","Genus","Detected in one sample"
"Propionigenium",1,2.31183511622057e-07,2.77420213946469e-06,"SRR14919241","Genus","Detected in one sample"
"Desulfosporomusa",1,2.31183511622057e-07,2.77420213946469e-06,"SRR14919241","Genus","Detected in one sample"
"Rhizosolenia",1,2.31183511622057e-07,2.77420213946469e-06,"SRR14919241","Genus","Detected in one sample"
"Extensimonas",1,2.31183511622057e-07,2.77420213946469e-06,"SRR14919241","Genus","Detected in one sample"
"Curtobacterium",1,2.224197309433e-07,2.6690367713196e-06,"SRR14919236","Genus","Detected in one sample"
"Thermomonospora",1,2.224197309433e-07,2.6690367713196e-06,"SRR14919236","Genus","Detected in one sample"
"Heteroptilon",1,2.224197309433e-07,2.6690367713196e-06,"SRR14919236","Genus","Detected in one sample"
"Ephedra",1,2.224197309433e-07,2.6690367713196e-06,"SRR14919236","Genus","Detected in one sample"
"Lactuca",1,2.224197309433e-07,2.6690367713196e-06,"SRR14919236","Genus","Detected in one sample"
"Pelagibius",1,2.224197309433e-07,2.6690367713196e-06,"SRR14919236","Genus","Detected in one sample"
"Paenalcaligenes",1,2.224197309433e-07,2.6690367713196e-06,"SRR14919236","Genus","Detected in one sample"
"Dactylosporangium",1,2.224197309433e-07,2.6690367713196e-06,"SRR14919236","Genus","Detected in one sample"
"Brooklawnia",1,2.224197309433e-07,2.6690367713196e-06,"SRR14919236","Genus","Detected in one sample"
"Scytonematopsis",1,2.224197309433e-07,2.6690367713196e-06,"SRR14919236","Genus","Detected in one sample"
"Salinicola",1,2.224197309433e-07,2.6690367713196e-06,"SRR14919236","Genus","Detected in one sample"
"Desmospora",1,2.224197309433e-07,2.6690367713196e-06,"SRR14919236","Genus","Detected in one sample"
"Branchiibius",1,2.224197309433e-07,2.6690367713196e-06,"SRR14919236","Genus","Detected in one sample"
"Thermogemmatispora",1,2.224197309433e-07,2.6690367713196e-06,"SRR14919236","Genus","Detected in one sample"
"Methylococcus",1,2.224197309433e-07,2.6690367713196e-06,"SRR14919236","Genus","Detected in one sample"
"Halopenitus",1,2.224197309433e-07,2.6690367713196e-06,"SRR14919236","Genus","Detected in one sample"
"Sphaerobacter",1,2.224197309433e-07,2.6690367713196e-06,"SRR14919236","Genus","Detected in one sample"
"Huperzia",1,2.224197309433e-07,2.6690367713196e-06,"SRR14919236","Genus","Detected in one sample"
"Halarsenatibacter",1,2.224197309433e-07,2.6690367713196e-06,"SRR14919236","Genus","Detected in one sample"
"Phaeodactylum",1,2.224197309433e-07,2.6690367713196e-06,"SRR14919236","Genus","Detected in one sample"
"Algibacter",1,2.224197309433e-07,2.6690367713196e-06,"SRR14919236","Genus","Detected in one sample"
"Oleiphilus",1,2.224197309433e-07,2.6690367713196e-06,"SRR14919236","Genus","Detected in one sample"
"Thalassobius",1,2.224197309433e-07,2.6690367713196e-06,"SRR14919236","Genus","Detected in one sample"
"Nitzschia",1,2.224197309433e-07,2.6690367713196e-06,"SRR14919236","Genus","Detected in one sample"
"Desulfocurvus",1,2.224197309433e-07,2.6690367713196e-06,"SRR14919236","Genus","Detected in one sample"
"Bosea",1,2.224197309433e-07,2.6690367713196e-06,"SRR14919236","Genus","Detected in one sample"
"Ignavibacterium",1,2.224197309433e-07,2.6690367713196e-06,"SRR14919236","Genus","Detected in one sample"
"Pseudofulvimonas",1,2.224197309433e-07,2.6690367713196e-06,"SRR14919236","Genus","Detected in one sample"
"Porphyrobacter",1,2.224197309433e-07,2.6690367713196e-06,"SRR14919236","Genus","Detected in one sample"
"Caldimonas",1,2.224197309433e-07,2.6690367713196e-06,"SRR14919236","Genus","Detected in one sample"
"Tepidiphilus",1,2.224197309433e-07,2.6690367713196e-06,"SRR14919236","Genus","Detected in one sample"
"Nosocomiicoccus",1,2.224197309433e-07,2.6690367713196e-06,"SRR14919236","Genus","Detected in one sample"
"Methylogaea",1,2.224197309433e-07,2.6690367713196e-06,"SRR14919236","Genus","Detected in one sample"
"Thermovenabulum",1,2.224197309433e-07,2.6690367713196e-06,"SRR14919236","Genus","Detected in one sample"
"Formosa",1,2.224197309433e-07,2.6690367713196e-06,"SRR14919236","Genus","Detected in one sample"
