Sample	Species	Count
SRR14919241	Chitinophaga_pinensis	1
SRR14919239	Clostridium_purinilyticum	32
SRR14919239	Bacteroides_cellulosilyticus	804
SRR14919243	Pleurocapsa_concharum	1
SRR14919246	Eggerthella_lenta	4
SRR14919241	Butyrivibrio_fibrisolvens	270
SRR14919240	Clostridium_piliforme	3
SRR14919244	Paenibacillus_polymyxa	1
SRR14919236	Cobetia_marina	3
SRR14919244	Blastocatella_fastidiosa	2
SRR14919243	Clostridium_bartlettii	59
SRR14919240	Dialister_pneumosintes	4
SRR14919243	Rickettsia_hulinii	1
SRR14919244	Cesiribacter_roseus	1
SRR14919241	Parapedobacter_luteus	1
SRR14919245	Serratia_nematodiphila	1
SRR14919245	Polaromonas_aquatica	1
SRR14919238	Ectothiorhodospira_imhoffii	2
SRR14919243	Mycoplasma_cricetuli	1
SRR14919242	Streptococcus_macedonicus	1
SRR14919239	Pseudomonas_fluorescens	11
SRR14919236	Pedobacter_saltans	1
SRR14919246	Bacteroides_ovatus	2044
SRR14919241	Bacteroides_oleiciplenus	33
SRR14919239	Rhodococcus_zopfii	1
SRR14919236	Clostridium_histolyticum	8
SRR14919240	Francisella_noatunensis	60
SRR14919241	Bacteroides_dorei	5070
SRR14919240	Gelidiella_acerosa	2
SRR14919246	Shewanella_sediminis	1
SRR14919245	Finegoldia_magna	1
SRR14919243	Trichodesmium_tenue	1
SRR14919241	Brevibacillus_brevis	1
SRR14919241	Natronorubrum_thiooxidans	1
SRR14919239	Thermoanaerobacterium_saccharolyticum	27
SRR14919246	Parasegetibacter_luojiensis	2
SRR14919242	Lysinibacillus_sphaericus	6
SRR14919240	Burkholderia_glathei	5
SRR14919236	Trachelium_caeruleum	99
SRR14919236	Corynebacterium_jeikeium	1
SRR14919243	Thermoanaerobacter_sulfurigignens	5
SRR14919241	Alkalibacillus_haloalkaliphilus	1
SRR14919245	Caldicellulosiruptor_owensensis	1
SRR14919244	Ochrobactrum_anthropi	1
SRR14919243	Collinsella_aerofaciens	309
SRR14919235	Aliifodinibius_sediminis	2
SRR14919243	Paenibacillus_zanthoxyli	1
SRR14919239	Pasteurella_multocida	46
SRR14919237	Corynebacterium_canis	1
SRR14919245	Flavihumibacter_petaseus	1
SRR14919242	Chromohalobacter_beijerinckii	2
SRR14919238	Mitsuokella_jalaludinii	3
SRR14919236	Halobaculum_gomorrense	2
SRR14919242	Desulfobacterium_anilini	1
SRR14919239	Weissella_koreensis	5
SRR14919237	Porphyromonas_bennonis	1
SRR14919241	Geobacter_bemidjiensis	1
SRR14919240	Clostridium_cavendishii	1
SRR14919240	Christensenella_minuta	5
SRR14919237	Nocardioides_marinus	1
SRR14919243	Bifidobacterium_kashiwanohense	1
SRR14919242	Desulfotalea_arctica	1
SRR14919238	Desulfotomaculum_arcticum	45
SRR14919236	Lactobacillus_larvae	1
SRR14919235	Staphylococcus_aureus	3
SRR14919243	Enterococcus_gallinarum	1
SRR14919239	Veillonella_parvula	1
SRR14919238	Oxobacter_pfennigii	8
SRR14919246	Lactobacillus_aviarius	1
SRR14919246	Erwinia_chrysanthemi	2
SRR14919242	Lactobacillus_secaliphilus	1
SRR14919242	Ancylobacter_polymorphus	1
SRR14919240	Weissella_cibaria	1
SRR14919240	Saccharibacillus_kuerlensis	4
SRR14919239	Mycoplasma_synoviae	1
SRR14919238	Bacteroides_salyersiae	6
SRR14919242	Veillonella_criceti	3
SRR14919236	Waddlia_chondrophila	2
SRR14919242	Mesostigma_viride	34
SRR14919237	Treponema_zioleckii	2
SRR14919239	Oceanobacillus_iheyensis	3
SRR14919236	Nevskia_aquatilis	1
SRR14919241	Ferrovum_myxofaciens	8
SRR14919244	Aeromonas_veronii	46
SRR14919241	Amphibacillus_jilinensis	1
SRR14919238	Moraxella_lacunata	1
SRR14919246	Cytophaga_fermentans	5
SRR14919240	Clostridium_herbivorans	9
SRR14919240	Helicobacter_mastomyrinus	2
SRR14919246	Cellulosilyticum_lentocellum	1
SRR14919237	Sphingobacterium_spiritivorum	1
SRR14919245	Coenonia_anatina	5
SRR14919241	Jonesia_quinghaiensis	2
SRR14919235	Natrinema_ejinorense	1
SRR14919246	Lactobacillus_mucosae	1
SRR14919243	Vibrio_anguillarum	1
SRR14919242	Zhihengliuella_salsuginis	1
SRR14919235	Clostridium_lactatifermentans	9203
SRR14919235	Bacillus_halodurans	1
SRR14919238	Clostridium_fimetarium	55
SRR14919236	Vibrio_fortis	2
SRR14919242	Klebsiella_oxytoca	2
SRR14919241	Vibrio_tapetis	3
SRR14919240	Clostridium_papyrosolvens	3
SRR14919240	Brevibacillus_parabrevis	19
SRR14919244	Bacillus_pichinotyi	1
SRR14919238	Thermobrachium_celere	4
SRR14919239	Lactobacillus_apodemi	2
SRR14919235	Cyclobacterium_lianum	1
SRR14919237	Euglenaria_anabaena	3
SRR14919245	Eubacterium_saphenum	26
SRR14919238	Lutispora_thermophila	37
SRR14919238	Paenibacillus_pasadenensis	1
SRR14919236	Prevotella_falsenii	2
SRR14919239	Thermosyntropha_lipolytica	2
SRR14919239	Bacillus_clausii	3
SRR14919235	Propionibacterium_acnes	1
SRR14919236	Nocardia_jiangxiensis	1
SRR14919235	Corynebacterium_kroppenstedtii	6
SRR14919243	Salinicoccus_salsiraiae	1
SRR14919243	Bacteroides_cellulosilyticus	42
SRR14919242	Rhodococcus_erythropolis	2
SRR14919241	Snodgrassella_alvi	8
SRR14919240	Clostridium_tetanomorphum	4
SRR14919238	Pelotomaculum_thermopropionicum	1
SRR14919239	Nitrosospira_briensis	1
SRR14919244	Campylobacter_lanienae	1
SRR14919242	Bacteroides_cellulosilyticus	47
SRR14919236	Lactobacillus_jensenii	18
SRR14919244	Runella_slithyformis	1
SRR14919246	Thermoanaerobacterium_xylanolyticum	64
SRR14919243	Olivibacter_soli	2
SRR14919238	Leptotrichia_wadei	1
SRR14919237	Odoribacter_splanchnicus	15
SRR14919242	Novosphingobium_soli	1
SRR14919237	Treponema_medium	2
SRR14919242	Pasteurella_mairii	1
SRR14919242	Lutibacter_aestuarii	1
SRR14919246	Borrelia_turcica	1
SRR14919240	Acholeplasma_parvum	1
SRR14919238	Halorubrum_luteum	2
SRR14919237	Bifidobacterium_reuteri	1
SRR14919244	Desulfobacterium_autotrophicum	1
SRR14919243	Arcobacter_mytili	1
SRR14919241	Laribacter_hongkongensis	4
SRR14919239	Ferrovum_myxofaciens	4
SRR14919244	Oceanimonas_doudoroffii	1
SRR14919238	Clostridium_thermosuccinogenes	9
SRR14919238	Halorubrum_terrestre	55
SRR14919238	Parvularcula_lutaonensis	2
SRR14919238	Lactonifactor_longoviformis	74
SRR14919235	Thalassomonas_agariperforans	1
SRR14919245	Desulfotomaculum_putei	3
SRR14919242	Desulfobacula_phenolica	1
SRR14919242	Methanomassiliicoccus_luminyensis	4
SRR14919236	Clostridium_uliginosum	1
SRR14919245	Colwellia_polaris	1
SRR14919238	Metallosphaera_sedula	1
SRR14919244	Sphingobacterium_composti	1
SRR14919243	Caldicoprobacter_guelmensis	4
SRR14919240	Clostridium_malenominatum	1
SRR14919235	Nevskia_ramosa	1
SRR14919241	Alkalibacterium_olivapovliticus	1
SRR14919242	Nevskia_terrae	1
SRR14919235	Streptococcus_sanguinis	76
SRR14919243	Heliorestis_baculata	1
SRR14919242	Mucilaginibacter_rigui	1
SRR14919246	Gemella_bergeri	1
SRR14919240	Bacillus_aurantiacus	1
SRR14919235	Bacillus_subtilis	8
SRR14919235	Coprococcus_catus	22
SRR14919236	Bacillus_foraminis	10
SRR14919240	Fontibacter_flavus	86
SRR14919245	Clostridium_oceanicum	1
SRR14919242	Pectobacterium_betavasculorum	1
SRR14919245	Haloarcula_sinaiiensis	2
SRR14919243	Caloramator_uzoniensis	1
SRR14919242	Acetivibrio_ethanolgignens	407
SRR14919241	Syntrophomonas_wolfei	10
SRR14919243	Porphyromonas_levii	3
SRR14919240	Pseudanabaena_mucicola	6
SRR14919240	Clostridium_viride	67
SRR14919235	Ruminococcus_obeum	385
SRR14919242	Clostridium_akagii	12
SRR14919240	Borrelia_andersonii	1
SRR14919236	Clostridium_aldenense	302
SRR14919246	Mycoplasma_buccale	82
SRR14919236	Paenibacillus_camelliae	4
SRR14919240	Enterococcus_durans	3
SRR14919246	Clostridium_xylanolyticum	2
SRR14919238	Salinibacter_iranicus	1
SRR14919237	Clostridium_frigidicarnis	5
SRR14919238	Amorphus_coralli	1
SRR14919238	Francisella_noatunensis	70
SRR14919235	Lysinibacillus_sphaericus	1
SRR14919246	Schlesneria_paludicola	1
SRR14919238	Bacillus_selenitireducens	1
SRR14919236	Akkermansia_muciniphila	29
SRR14919236	Vibrio_penaeicida	1
SRR14919242	Lactobacillus_paracasei	3
SRR14919240	Methanosaeta_concilii	2
SRR14919240	Dolichospermum_lemmermannii	3
SRR14919246	Prevotella_oralis	1
SRR14919245	Pyrobaculum_aerophilum	51
SRR14919243	Ruminofilibacter_xylanolyticum	7
SRR14919243	Blautia_glucerasea	132
SRR14919240	Spirulina_subsalsa	1
SRR14919246	Sulfurimonas_autotrophica	1
SRR14919242	Myxococcus_virescens	1
SRR14919236	Kocuria_marina	1
SRR14919240	Thermoanaerobacterium_xylanolyticum	106
SRR14919246	Aestuariibacter_halophilus	1
SRR14919241	Ehrlichia_ruminantium	2
SRR14919236	Lachnoanaerobaculum_saburreum	1
SRR14919236	Anaerovorax_odorimutans	3
SRR14919236	Halobacterium_noricense	5
SRR14919237	Mycoplasma_coccoides	1
SRR14919238	Bacillus_aurantiacus	1
SRR14919238	Balneola_vulgaris	1
SRR14919236	Lewinella_persica	1
SRR14919246	Clostridium_celerecrescens	1
SRR14919243	Thermodesulforhabdus_norvegica	1
SRR14919240	Mycoplasma_suis	2
SRR14919235	Bacteroides_sartorii	2
SRR14919245	Halonotius_pteroides	1
SRR14919244	Bacillus_schlegelii	1
SRR14919244	Eubacterium_brachy	40
SRR14919239	Gracilibacillus_ureilyticus	1
SRR14919239	Methylomarinum_vadi	1
SRR14919237	Marininema_mesophilum	1
SRR14919242	Alkaliflexus_imshenetskii	7
SRR14919238	Eubacterium_oxidoreducens	75
SRR14919239	Brevibacillus_brevis	1
SRR14919242	Clostridium_methylpentosum	1023
SRR14919240	Micrococcus_luteus	3
SRR14919238	Burkholderia_glathei	5
SRR14919245	Arcobacter_butzleri	1
SRR14919245	Pseudomonas_geniculata	2
SRR14919245	Kushneria_indalinina	13
SRR14919240	Olivibacter_ginsengisoli	30
SRR14919239	Planobispora_rosea	1
SRR14919245	Actinomyces_lingnae	6
SRR14919240	Methylosinus_sporium	1
SRR14919238	Lactobacillus_helveticus	7
SRR14919240	Pedobacter_tournemirensis	1
SRR14919246	Bacteroides_cellulosilyticus	90
SRR14919240	Thalassomonas_agariperforans	1
SRR14919240	Chryseobacterium_indoltheticum	1
SRR14919238	Clostridium_herbivorans	18
SRR14919246	Hespellia_porcina	6
SRR14919241	Chlorobium_limicola	1
SRR14919245	Bacteroides_cellulosilyticus	683
SRR14919244	Reichenbachiella_faecimaris	1
SRR14919243	Phacus_similis	1
SRR14919242	Methylomonas_scandinavica	93
SRR14919239	Shewanella_frigidimarina	2
SRR14919238	Corynebacterium_bovis	1
SRR14919246	Fabibacter_pacificus	1
SRR14919244	Haladaptatus_litoreus	2
SRR14919244	Bacteroides_cellulosilyticus	1869
SRR14919243	Anaerosporobacter_mobilis	12
SRR14919235	Bacteroides_chinchillae	2
SRR14919242	Delftia_acidovorans	1
SRR14919237	Pediococcus_parvulus	177
SRR14919239	Bacillus_saliphilus	1
SRR14919244	Polynucleobacter_cosmopolitanus	1
SRR14919242	Desulfovibrio_bastinii	90
SRR14919240	Bradyrhizobium_elkanii	131
SRR14919236	Natranaerovirga_hydrolytica	12
SRR14919244	Mycoplasma_feliminutum	4
SRR14919243	Dehalobacter_restrictus	1
SRR14919238	Planctomyces_maris	1
SRR14919235	Centipeda_periodontii	1
SRR14919239	Acholeplasma_palmae	2
SRR14919236	Spirochaeta_isovalerica	1
SRR14919244	Nocardia_salmonicida	1
SRR14919242	Nostocoida_limicola	1
SRR14919237	Thalassomonas_agariperforans	2
SRR14919236	Leifsonia_xyli	1
SRR14919235	Phascolarctobacterium_faecium	6
SRR14919242	Bifidobacterium_bohemicum	4
SRR14919241	Plasticicumulans_lactativorans	2
SRR14919240	Nodularia_spumigena	1
SRR14919237	Streptomyces_melanogenes	1
SRR14919244	Jeotgalibacillus_marinus	1
SRR14919238	Janthinobacterium_lividum	1
SRR14919236	Geobacillus_thermoleovorans	3
SRR14919241	Streptococcus_minor	3
SRR14919236	Blautia_hydrogenotrophica	48
SRR14919235	Lactobacillus_salivarius	25
SRR14919237	Microbacterium_esteraromaticum	1
SRR14919235	Cronobacter_sakazakii	1
SRR14919243	Metabacterium_polyspora	1
SRR14919242	Enterococcus_faecium	2
SRR14919238	Acetobacter_estunensis	34
SRR14919246	Microbulbifer_yueqingensis	1
SRR14919239	Prevotella_intermedia	1
SRR14919237	Beijerinckia_derxii	24
SRR14919246	Shuttleworthia_satelles	4
SRR14919239	Lactobacillus_murinus	6
SRR14919237	Simplicispira_psychrophila	5
SRR14919245	Mycoplasma_felis	36
SRR14919239	Bacillus_endophyticus	1
SRR14919235	Hellea_balneolensis	1
SRR14919244	Campylobacter_curvus	5
SRR14919243	Reclinomonas_americana	35
SRR14919236	Lactobacillus_diolivorans	1
SRR14919238	Aerococcus_urinae	1
SRR14919237	Flexithrix_dorotheae	1
SRR14919240	Bacteroides_plebeius	24
SRR14919236	Woodsholea_maritima	2
SRR14919246	Clostridium_aldrichii	1
SRR14919245	Euzebya_tangerina	5
SRR14919239	Actinomyces_ruminicola	5
SRR14919245	Alteromonas_macleodii	1
SRR14919242	Streptomyces_umbrinus	1
SRR14919242	Eubacterium_xylanophilum	270
SRR14919237	Hydrogenoanaerobacterium_saccharovorans	41
SRR14919243	Clostridium_disporicum	31
SRR14919236	Leptonema_illini	2
SRR14919243	Vibrio_aerogenes	1
SRR14919236	Alkalibacter_saccharofermentans	1
SRR14919243	Nocardioides_lentus	3
SRR14919236	Bacillus_anthracis	6
SRR14919238	Mycoplasma_orale	1
SRR14919238	Leptospira_idonii	5
SRR14919237	Clostridium_symbiosum	83
SRR14919239	Bacteroides_helcogenes	27
SRR14919244	Desulfotomaculum_reducens	4
SRR14919242	Thermoanaerobacter_sulfurigignens	1
SRR14919242	Methanocella_conradii	241
SRR14919239	Bacteroides_eggerthii	4832
SRR14919244	Campylobacter_rectus	23
SRR14919242	Ilyobacter_psychrophilus	3
SRR14919242	Clostridium_cadaveris	3
SRR14919243	Paenibacillus_hordei	134
SRR14919241	Fusicatenibacter_saccharivorans	9
SRR14919237	Leuconostoc_gelidum	2
SRR14919239	Methanobrevibacter_arboriphilus	12
SRR14919242	Streptococcus_suis	4
SRR14919246	Brachyspira_muris	1
SRR14919242	Methanoculleus_bourgensis	144
SRR14919238	Nitritalea_halalkaliphila	1
SRR14919245	Runella_zeae	1
SRR14919245	Chryseobacterium_greenlandense	16
SRR14919243	Anaerovirgula_multivorans	1
SRR14919243	Ornatilinea_apprima	1
SRR14919236	Pseudoalteromonas_rubra	1
SRR14919243	Haemophilus_parainfluenzae	1
SRR14919238	Paenibacillus_polymyxa	5
SRR14919237	Clostridium_bartlettii	1103
SRR14919236	Paenibacillus_terrigena	1
SRR14919245	Rhizobium_etli	1
SRR14919239	Parapedobacter_soli	2
SRR14919237	Ochromonas_danica	5
SRR14919238	Marinobacterium_jannaschii	2
SRR14919237	Ectothiorhodospira_imhoffii	1
SRR14919245	Blautia_luti	182
SRR14919239	Cupriavidus_metallidurans	1
SRR14919235	Lactobacillus_reuteri	97
SRR14919238	Schlegelella_thermodepolymerans	1
SRR14919236	Sedimentibacter_hongkongensis	101
SRR14919246	Clostridium_aestuarii	8
SRR14919239	Bizionia_gelidisalsuginis	1
SRR14919238	Bacteroides_plebeius	20936
SRR14919240	Coenonia_anatina	2
SRR14919243	Enterococcus_aquimarinus	6
SRR14919235	Fervidicella_metallireducens	2
SRR14919245	Parasegetibacter_luojiensis	1
SRR14919243	Legionella_longbeachae	1
SRR14919245	Agrococcus_jenensis	2
SRR14919241	Catenibacterium_mitsuokai	26
SRR14919240	Eubacterium_coprostanoligenes	508
SRR14919236	Gelidiella_acerosa	2
SRR14919239	Sinorhizobium_americanum	4
SRR14919235	Arthrobacter_flavus	1
SRR14919235	Parasegetibacter_luojiensis	1
SRR14919242	Clostridium_termitidis	158
SRR14919243	Spirochaeta_perfilievii	1
SRR14919239	Porphyromonas_gulae	5
SRR14919244	Planktolyngbya_limnetica	1
SRR14919237	Paenibacillus_pueri	1
SRR14919237	Oceanirhabdus_sediminicola	3
SRR14919242	Pseudomonas_fulva	1
SRR14919240	Pelosinus_defluvii	1
SRR14919237	Clostridiisalibacter_paucivorans	1
SRR14919242	Intestinimonas_butyriciproducens	260
SRR14919244	Lactobacillus_johnsonii	4
SRR14919237	Treponema_parvum	1
SRR14919245	Eubostrichus_dianeae	3
SRR14919246	Natranaerovirga_hydrolytica	4
SRR14919243	Nitrosovibrio_tenuis	1
SRR14919243	Sedimentibacter_saalensis	1
SRR14919238	Anabaena_torulosa	1
SRR14919243	Holospora_undulata	1
SRR14919235	Olsenella_umbonata	1
SRR14919241	Salinibacter_ruber	1
SRR14919240	Lactobacillus_fermentum	5
SRR14919235	Bacillus_amyloliquefaciens	1
SRR14919246	Peptococcus_niger	7
SRR14919245	Oxalophagus_oxalicus	1
SRR14919236	Pseudoroseobacter_euryhalinus	2
SRR14919235	Olavius_algarvensis	2
SRR14919241	Brachyspira_muridarum	1
SRR14919237	Lactobacillus_farraginis	1
SRR14919246	Bacteroides_acidifaciens	522
SRR14919240	Clostridium_polysaccharolyticum	116
SRR14919238	Mycobacterium_paraffinicum	1
SRR14919235	Clostridium_bolteae	40
SRR14919241	Borrelia_burgdorferi	1
SRR14919246	Geobacillus_thermoleovorans	4
SRR14919238	Pseudorhodobacter_antarcticus	2
SRR14919242	Facklamia_languida	1
SRR14919245	Leucothrix_mucor	1
SRR14919243	Desulfomicrobium_baculatum	1
SRR14919237	Mycoplasma_sphenisci	1
SRR14919246	Prevotella_bryantii	51
SRR14919241	Capnocytophaga_canimorsus	1
SRR14919238	Klebsiella_oxytoca	1
SRR14919244	Mycoplasma_sualvi	1
SRR14919242	Anaplasma_bovis	2
SRR14919237	Eubacterium_cellulosolvens	10
SRR14919243	Idiomarina_salinarum	2
SRR14919243	Bacteroides_pyogenes	14
SRR14919243	Clostridium_hylemonae	83
SRR14919240	Clostridium_perfringens	414
SRR14919236	Clostridium_ramosum	364
SRR14919245	Paenibacillus_pabuli	49
SRR14919237	Snodgrassella_alvi	4
SRR14919245	Pectinatus_frisingensis	2
SRR14919235	Eubacterium_tarantellae	1
SRR14919240	Parapedobacter_composti	1
SRR14919238	Bacillus_hunanensis	1
SRR14919241	Mycoplasma_hyopneumoniae	6
SRR14919239	Desulfobotulus_alkaliphilus	1
SRR14919235	Roseburia_hominis	1
SRR14919243	Chryseobacterium_treverense	2
SRR14919240	Sediminibacterium_salmoneum	1
SRR14919240	Lactobacillus_animata	4
SRR14919246	Staphylococcus_epidermidis	13
SRR14919243	Lacinutrix_copepodicola	2
SRR14919241	Ruminococcus_gnavus	355
SRR14919245	Eubacterium_cylindroides	3
SRR14919241	Desulfobacter_halotolerans	1
SRR14919241	Dysgonomonas_capnocytophagoides	33
SRR14919237	Lactonifactor_longoviformis	5
SRR14919245	Bacillus_fastidiosus	1
SRR14919241	Bacillus_horikoshii	2
SRR14919241	Enterococcus_viikkiensis	1
SRR14919235	Helicobacter_heilmannii	2
SRR14919238	Eubacterium_desmolans	377
SRR14919243	Actinomyces_odontolyticus	3
SRR14919242	Caldicoprobacter_guelmensis	7
SRR14919239	Desulfotomaculum_putei	1
SRR14919239	Bibersteinia_trehalosi	1
SRR14919235	Clostridium_algidixylanolyticum	25
SRR14919236	Microbacterium_kitamiense	1
SRR14919242	Actinomadura_verrucosospora	1
SRR14919239	Clostridium_xylanolyticum	7
SRR14919239	Clostridium_gasigenes	40
SRR14919243	Castellaniella_defragrans	1
SRR14919241	Alistipes_finegoldii	5
SRR14919240	Mucilaginibacter_boryungensis	1
SRR14919242	Brevinema_andersonii	1
SRR14919241	Ruminococcus_callidus	50
SRR14919240	Pseudomonas_viridiflava	3
SRR14919237	Clostridium_ruminantium	29
SRR14919237	Bacteroides_intestinalis	19113
SRR14919235	Campylobacter_avium	1
SRR14919243	Terriglobus_saanensis	1
SRR14919241	Pediococcus_pentosaceus	3
SRR14919236	Peptoniphilus_harei	1
SRR14919238	Burkholderia_fungorum	1
SRR14919237	Sulfitobacter_guttiformis	1
SRR14919236	Mycoplasma_iguanae	1
SRR14919235	Methanoculleus_bourgensis	124
SRR14919246	Brevundimonas_diminuta	3
SRR14919244	Peptoniphilus_lacrimalis	49
SRR14919242	Acidiphilium_rubrum	1
SRR14919235	Exiguobacterium_sibiricum	1
SRR14919246	Lactobacillus_perolens	1
SRR14919242	Pseudomonas_teessidea	6
SRR14919241	Acinetobacter_parvus	2
SRR14919241	Pedobacter_cryoconitis	2
SRR14919245	Weissella_confusa	1
SRR14919242	Aeromonas_hydrophila	2
SRR14919240	Empedobacter_brevis	2
SRR14919239	Alicyclobacillus_pomorum	2
SRR14919236	Fontibacter_flavus	122
SRR14919246	Desulfobulbus_rhabdoformis	1
SRR14919244	Thermoanaerobacter_pseudethanolicus	1
SRR14919239	Vallitalea_guaymasensis	23
SRR14919237	Saccharofermentans_acetigenes	1
SRR14919244	Holdemania_filiformis	60
SRR14919242	Thiobacillus_prosperus	3
SRR14919239	Haloarcula_sinaiiensis	1
SRR14919236	Fervidicella_metallireducens	6
SRR14919245	Eubacterium_tenue	1
SRR14919240	Acidovorax_delafieldii	1
SRR14919240	Pseudobutyrivibrio_ruminis	11
SRR14919236	Clostridium_viride	74
SRR14919241	Acinetobacter_junii	3
SRR14919240	Ignisphaera_aggregans	1
SRR14919238	Clostridium_akagii	8
SRR14919244	Thalassomonas_agariperforans	1
SRR14919245	Sphingomonas_kaistensis	218
SRR14919235	Lactobacillus_guizhouensis	1
SRR14919242	Thermotomaculum_hydrothermale	1
SRR14919241	Thiohalophilus_thiocyanatoxydans	3
SRR14919240	Desulfotomaculum_carboxydivorans	3
SRR14919240	Tissierella_praeacuta	2
SRR14919238	Aneurinibacillus_migulanus	1
SRR14919244	Kocuria_rosea	1
SRR14919237	Eutreptia_viridis	92
SRR14919243	Streptomyces_mutomycini	2
SRR14919243	Neisseria_weaveri	1
SRR14919239	Pyrobaculum_aerophilum	67
SRR14919246	Bacteroides_gallinarum	15
SRR14919245	Planktothrix_rubescens	7
SRR14919243	Cellulomonas_chitinilytica	1
SRR14919239	Blautia_glucerasea	316
SRR14919245	Gelria_glutamica	2
SRR14919240	Cyanidium_caldarium	1
SRR14919237	Pseudomonas_stutzeri	15
SRR14919236	Spirulina_subsalsa	4
SRR14919236	Bacteroides_stercoris	9798
SRR14919241	Clostridium_fallax	1
SRR14919237	Desulfotomaculum_carboxydivorans	11
SRR14919244	Klebsiella_pneumoniae	43
SRR14919239	Mobiluncus_curtisii	1
SRR14919240	Helicobacter_pylori	284
SRR14919238	Collinsella_intestinalis	1
SRR14919236	Legionella_fallonii	1
SRR14919244	Alicyclobacillus_shizuokensis	1
SRR14919241	Actinobacillus_rossii	4
SRR14919238	Streptomyces_radiopugnans	1
SRR14919246	Anaerostipes_hadrus	264
SRR14919244	Microbacterium_takaoensis	2
SRR14919242	Bacteroides_clarus	2
SRR14919236	Aureispira_maritima	80
SRR14919235	Methylomonas_scandinavica	59
SRR14919242	Vibrio_tapetis	2
SRR14919241	Legionella_pneumophila	1
SRR14919239	Acinetobacter_parvus	1
SRR14919236	Eubacterium_tortuosum	2
SRR14919236	Anaerosporobacter_mobilis	15
SRR14919241	Desulfotomaculum_sapomandens	1
SRR14919239	Intestinimonas_butyriciproducens	167
SRR14919238	Pedobacter_duraquae	2
SRR14919237	Vibrio_parahaemolyticus	1
SRR14919244	Haemophilus_influenzae	1
SRR14919241	Fimbriimonas_ginsengisoli	1
SRR14919236	Hymenobacter_soli	2
SRR14919246	Mycoplasma_opalescens	1
SRR14919238	Lactobacillus_fermentum	3
SRR14919241	Alteromonas_marina	1
SRR14919238	Lactobacillus_paracollinoides	1
SRR14919242	Flammeovirga_kamogawensis	2
SRR14919240	Mycoplasma_felis	54
SRR14919245	Eubacterium_plexicaudatum	4
SRR14919236	Alkaliphilus_metalliredigens	3
SRR14919236	Bacillus_drentensis	1
SRR14919236	Leadbetterella_byssophila	2
SRR14919243	Propionispora_hippei	2
SRR14919243	Actinomyces_funkei	4
SRR14919243	Dysgonomonas_wimpennyi	5
SRR14919239	Desulfitobacterium_aromaticivorans	3
SRR14919237	Oerskovia_jenensis	1
SRR14919235	Selenomonas_dianae	5
SRR14919235	Alkaliphilus_metalliredigens	5
SRR14919240	Microcystis_smithii	1
SRR14919246	Bacteroides_coprosuis	6
SRR14919245	Paracoccus_marinus	1
SRR14919237	Paenibacillus_edaphicus	1
SRR14919244	Mobiluncus_mulieris	1
SRR14919240	Staphylococcus_agnetis	1
SRR14919236	Diatoma_tenuis	1
SRR14919246	Flavobacterium_dankookense	1
SRR14919242	Tuberibacillus_calidus	1
SRR14919241	Trichococcus_collinsii	159
SRR14919240	Burkholderia_vietnamiensis	6
SRR14919236	Megamonas_hypermegale	2
SRR14919242	Clostridium_hathewayi	99
SRR14919237	Butyricimonas_synergistica	2
SRR14919244	Tistrella_bauzanensis	1
SRR14919241	Sharpea_azabuensis	1
SRR14919236	Desulfovibrio_bastinii	91
SRR14919244	Epulopiscium_fishelsoni	2
SRR14919242	Alistipes_senegalensis	1095
SRR14919241	Brevibacillus_reuszeri	1
SRR14919241	Anoxybacillus_toebii	1
SRR14919240	Abiotrophia_defectiva	7
SRR14919240	Bacteroides_barnesiae	126
SRR14919236	Nevskia_ramosa	2
SRR14919236	Nocardia_carnea	1
SRR14919238	Mycoplasma_feliminutum	3
SRR14919238	Streptococcus_pseudoporcinus	1
SRR14919245	Methylobacterium_radiotolerans	2
SRR14919244	Bacteroides_graminisolvens	2
SRR14919240	Sulfobacillus_acidophilus	17
SRR14919240	Alistipes_onderdonkii	2
SRR14919245	Eubacterium_ramulus	36
SRR14919238	Clostridium_perfringens	369
SRR14919244	Neisseria_mucosa	1
SRR14919244	Clostridium_botulinum	4
SRR14919243	Desulfotomaculum_gibsoniae	1
SRR14919238	Paraeggerthella_hongkongensis	4
SRR14919237	Cobetia_marina	5
SRR14919236	Enterococcus_casseliflavus	1
SRR14919244	Criblamydia_sequanensis	2
SRR14919243	Methylomonas_koyamae	1
SRR14919238	Sphingobacterium_spiritivorum	1
SRR14919240	Laceyella_putida	3
SRR14919240	Eubacterium_rectale	21640
SRR14919237	Peptoniphilus_tyrrelliae	40
SRR14919245	Clostridium_clariflavum	12
SRR14919241	Prototheca_wickerhamii	2
SRR14919239	Antarctobacter_heliothermus	8
SRR14919239	Clostridium_cylindrosporum	12
SRR14919235	Thermobacillus_composti	1
SRR14919243	Bifidobacterium_tsurumiense	2
SRR14919242	Desulfovibrio_idahonensis	1
SRR14919242	Desulfoluna_spongiiphila	1
SRR14919239	Bacteroides_massiliensis	1275
SRR14919237	Roseburia_inulinivorans	11
SRR14919237	Desulfotomaculum_reducens	2
SRR14919244	Clostridium_oroticum	62
SRR14919238	Succinivibrio_dextrinosolvens	2
SRR14919242	Dialister_micraerophilus	16
SRR14919237	Reclinomonas_americana	30
SRR14919235	Lactobacillus_rhamnosus	2
SRR14919239	Fervidicella_metallireducens	4
SRR14919243	Deinococcus_pimensis	2
SRR14919239	Roseimicrobium_gellanilyticum	1
SRR14919235	Alistipes_putredinis	619
SRR14919240	Nitrosomonas_marina	4
SRR14919240	Photorhabdus_luminescens	2
SRR14919239	Peptoniphilus_ivorii	1
SRR14919238	Fervidicella_metallireducens	7
SRR14919239	Pediococcus_pentosaceus	6
SRR14919243	Terribacillus_aidingensis	2
SRR14919241	Prevotella_paludivivens	1
SRR14919241	Streptococcus_gordonii	2
SRR14919244	Caloramator_fervidus	6
SRR14919244	Caloramator_mitchellensis	3
SRR14919239	Thermolithobacter_ferrireducens	1
SRR14919237	Clostridium_disporicum	2
SRR14919237	Kocuria_marina	1
SRR14919236	Halobiforma_lacisalsi	1
SRR14919242	Clostridium_sporogenes	12
SRR14919237	Cryptoglena_pigra	1
SRR14919244	Actinobacillus_pleuropneumoniae	25
SRR14919243	Marinoscillum_furvescens	1
SRR14919244	Mycobacterium_chesapeaki	10
SRR14919239	Clostridium_cellulovorans	3
SRR14919237	Gordonibacter_pamelaeae	13
SRR14919245	Thalassomonas_agariperforans	1
SRR14919242	Prevotella_maculosa	23
SRR14919235	Clostridium_stercorarium	6
SRR14919242	Agromyces_ramosus	1
SRR14919240	Clostridium_sordellii	1
SRR14919239	Acholeplasma_modicum	1
SRR14919237	Psychrobacter_celer	2
SRR14919235	Thermoanaerobacterium_xylanolyticum	80
SRR14919244	Flectobacillus_lacus	1
SRR14919238	Holospora_curviuscula	7
SRR14919245	Dorea_formicigenerans	274
SRR14919238	Actinomyces_meyeri	1
SRR14919242	Garciella_nitratireducens	12
SRR14919241	Enterococcus_mundtii	10
SRR14919240	Chitinophaga_terrae	4
SRR14919244	Oleomonas_sagaranensis	1
SRR14919243	Paracoccus_aminophilus	1
SRR14919238	Lactobacillus_parafarraginis	1
SRR14919238	Tenacibaculum_ovolyticum	1
SRR14919235	Marvinbryantia_formatexigens	85
SRR14919238	Streptococcus_suis	4
SRR14919246	Paracoccus_alcaliphilus	1
SRR14919242	Ammonifex_degensii	2
SRR14919239	Euglena_geniculata	2
SRR14919237	Lactobacillus_parafarraginis	1
SRR14919245	Anaeroplasma_varium	5
SRR14919239	Alistipes_finegoldii	1472
SRR14919238	Thiohalophilus_thiocyanatoxydans	1
SRR14919237	Haemophilus_haemolyticus	1
SRR14919236	Lactobacillus_parafarraginis	1
SRR14919236	Rhodothermus_marinus	4
SRR14919244	Yaniella_fodinae	1
SRR14919244	Fischerella_ambigua	1
SRR14919244	Bacteroides_zoogleoformans	4
SRR14919239	Tindallia_texcoconensis	1
SRR14919246	Zoogloea_ramigera	1
SRR14919236	Cronobacter_pulveris	1
SRR14919246	Vibrio_fortis	2
SRR14919245	Pediococcus_acidilactici	19
SRR14919244	Lishizhenia_caseinilytica	1
SRR14919243	Sulfurihydrogenibium_yellowstonense	1
SRR14919237	Blautia_stercoris	456
SRR14919240	Clostridium_sartagoforme	4
SRR14919238	Rhodovulum_sulfidophilum	1
SRR14919237	Streptococcus_uberis	1
SRR14919237	Bifidobacterium_bombi	5
SRR14919244	Parasegetibacter_luojiensis	1
SRR14919243	Turicibacter_sanguinis	19
SRR14919243	Gardnerella_vaginalis	15
SRR14919236	Sedimentibacter_saalensis	1
SRR14919236	Clostridium_celerecrescens	185
SRR14919242	Desulfovibrio_aespoeensis	1
SRR14919244	Phacus_similis	2
SRR14919246	Parabacteroides_merdae	5779
SRR14919242	Pseudonocardia_kunmingensis	1
SRR14919239	Arthrospira_platensis	2
SRR14919237	Clostridium_xylanovorans	3
SRR14919244	Prevotella_veroralis	5
SRR14919241	Marinomonas_communis	1
SRR14919240	Treponema_phagedenis	58
SRR14919236	Clostridium_termitidis	2
SRR14919238	Desulfosoma_profundi	1
SRR14919243	Burkholderia_phymatum	1
SRR14919241	Streptococcus_pseudoporcinus	6
SRR14919238	Alkaliphilus_metalliredigens	2
SRR14919240	Methanomassiliicoccus_luminyensis	1
SRR14919240	Halorussus_rarus	1
SRR14919240	Streptococcus_pseudoporcinus	30
SRR14919239	Marinoscillum_luteum	1
SRR14919237	Alkaliphilus_metalliredigens	2
SRR14919235	Rheinheimera_soli	1
SRR14919245	Roseibacterium_elongatum	2
SRR14919243	Thiohalospira_halophila	7
SRR14919246	Lysinibacillus_sphaericus	4
SRR14919240	Methanosarcina_barkeri	1
SRR14919239	Clostridium_clostridioforme	14
SRR14919237	Lachnoanaerobaculum_saburreum	3
SRR14919242	Catonella_morbi	30
SRR14919242	Flavonifractor_plautii	629
SRR14919245	Natranaerovirga_hydrolytica	15
SRR14919240	Telmatospirillum_siberiense	1
SRR14919245	Crenothrix_polyspora	1
SRR14919240	Taylorella_equigenitalis	63
SRR14919235	Natranaerovirga_hydrolytica	9
SRR14919238	Pseudomonas_baetica	1
SRR14919245	Thermogymnomonas_acidicola	222
SRR14919239	Bacillus_humi	5
SRR14919238	Gallionella_capsiferriformans	1
SRR14919246	Phocaeicola_abscessus	3
SRR14919245	Ruminococcus_bromii	2181
SRR14919243	Fervidicella_metallireducens	2
SRR14919243	Nevskia_terrae	1
SRR14919238	Bacteroides_oleiciplenus	3
SRR14919236	Clostridium_paraputrificum	2
SRR14919243	Coxiella_burnetii	2
SRR14919241	Porphyromonas_catoniae	9
SRR14919240	Lactobacillus_crispatus	3
SRR14919240	Pseudoalteromonas_arctica	2
SRR14919245	Geobacillus_thermoleovorans	1
SRR14919242	Fervidicella_metallireducens	2
SRR14919242	Moryella_indoligenes	1
SRR14919240	Aerococcus_viridans	3
SRR14919236	Porphyromonas_canoris	1
SRR14919245	Desulfonatronovibrio_thiodismutans	1
SRR14919245	Burkholderia_tropica	12
SRR14919243	Eubacterium_dolichum	1
SRR14919235	Geobacillus_thermoleovorans	1
SRR14919243	Thermoplasma_volcanium	2
SRR14919243	Helicobacter_muricola	1
SRR14919239	Methanolobus_bombayensis	2
SRR14919236	Clostridium_lactatifermentans	2746
SRR14919244	Glycomyces_harbinensis	2
SRR14919246	Meniscus_glaucopis	1
SRR14919240	Chryseobacterium_daecheongense	1
SRR14919237	Prosthecobacter_fluviatilis	1
SRR14919240	Solobacterium_moorei	8
SRR14919236	Microbulbifer_yueqingensis	4
SRR14919237	Clostridium_citroniae	16
SRR14919244	Helcococcus_sueciensis	1
SRR14919242	Isosphaera_pallida	1
SRR14919241	Chloroherpeton_thalassium	1
SRR14919236	Methanolinea_tarda	1
SRR14919246	Clostridium_aminovalericum	1
SRR14919241	Beijerinckia_doebereinerae	1
SRR14919236	Actinomyces_odontolyticus	4
SRR14919242	Bacillus_aquimaris	4
SRR14919235	Mucilaginibacter_composti	1
SRR14919240	Acetivibrio_cellulolyticus	32
SRR14919245	Olivibacter_terrae	1
SRR14919235	Bacteroides_coagulans	1
SRR14919244	Clostridium_papyrosolvens	3
SRR14919241	Chlamydia_trachomatis	1
SRR14919240	Algoriphagus_terrigena	1
SRR14919237	Cellulophaga_lytica	1
SRR14919237	Caminicella_sporogenes	2
SRR14919242	Chryseobacterium_treverense	2
SRR14919240	Mitsuokella_multacida	1
SRR14919238	Pseudomonas_viridiflava	6
SRR14919235	Thalassomonas_sediminis	1
SRR14919245	Desulfovibrio_vietnamensis	1
SRR14919245	Treponema_bryantii	1
SRR14919241	Escherichia/Shigella_coli	20
SRR14919240	Lactobacillus_parafarraginis	1
SRR14919239	Anaplasma_phagocytophilum	1
SRR14919236	Phascolarctobacterium_faecium	2
SRR14919236	Staphylococcus_epidermidis	10
SRR14919244	Collinsella_stercoris	1
SRR14919236	Methylococcus_capsulatus	1
SRR14919236	Lactonifactor_longoviformis	199
SRR14919244	Pedobacter_composti	1
SRR14919244	Saccharospirillum_salsuginis	1
SRR14919242	Neisseria_canis	26
SRR14919242	Olsenella_profusa	7
SRR14919240	Gelria_glutamica	2
SRR14919235	Prevotella_loescheii	5
SRR14919235	Phormidium_animale	8
SRR14919237	Marvinbryantia_formatexigens	219
SRR14919239	Myroides_odoratimimus	1
SRR14919240	Flavobacterium_indicum	1
SRR14919237	Bacillus_cereus	263
SRR14919236	Marvinbryantia_formatexigens	73
SRR14919244	Leptothrix_discophora	1
SRR14919241	Methanohalophilus_mahii	2
SRR14919238	Methanomicrobium_mobile	1
SRR14919238	Solobacterium_moorei	13
SRR14919237	Brevibacillus_parabrevis	13
SRR14919246	Ectothiorhodospira_imhoffii	2
SRR14919243	Paenibacillus_chinjuensis	124
SRR14919242	Acidilobus_sulfurireducens	19
SRR14919235	Anoxybacillus_flavithermus	1
SRR14919244	Prevotella_bergensis	1
SRR14919241	Alkaliphilus_metalliredigens	1
SRR14919235	Clostridium_cocleatum	11
SRR14919239	Bacteroides_salanitronis	26
SRR14919243	Bacillus_flexus	1
SRR14919240	Alkaliphilus_metalliredigens	1
SRR14919235	Pedobacter_cryoconitis	1
SRR14919244	Filomicrobium_insigne	1
SRR14919240	Maricaulis_maris	1
SRR14919239	Haloarcula_hispanica	1
SRR14919245	Butyrivibrio_fibrisolvens	179
SRR14919240	Prevotella_timonensis	2
SRR14919236	Thiobacillus_prosperus	1
SRR14919242	Legionella_anisa	4
SRR14919242	Clostridium_leptum	352
SRR14919244	Streptococcus_pseudoporcinus	1
SRR14919246	Pseudomonas_lundensis	2
SRR14919242	Olivibacter_oleidegradans	1
SRR14919240	Weissella_hellenica	2
SRR14919246	Fusobacterium_nucleatum	1
SRR14919243	Streptococcus_pseudoporcinus	1
SRR14919239	Acetatifactor_muris	24
SRR14919239	Methanosphaerula_palustris	30
SRR14919236	Desulfovibrio_halophilus	180
SRR14919243	Thermotalea_metallivorans	6
SRR14919244	Myxococcus_stipitatus	12
SRR14919242	Streptococcus_pseudoporcinus	1
SRR14919240	Daucus_carota	1
SRR14919239	Alkaliphilus_metalliredigens	4
SRR14919238	Laribacter_hongkongensis	2
SRR14919237	Prevotella_albensis	1
SRR14919237	Mycoplasma_conjunctivae	14
SRR14919236	Clostridium_frigoris	63
SRR14919235	Flammeovirga_kamogawensis	1
SRR14919245	Natronorubrum_thiooxidans	1
SRR14919239	Planktothrix_rubescens	6
SRR14919243	Bacillus_aerophilus	1
SRR14919239	Enterococcus_mundtii	2
SRR14919237	Desulfotomaculum_hydrothermale	25
SRR14919236	Lactobacillus_ceti	2
SRR14919244	Peptoniphilus_asaccharolyticus	3
SRR14919238	Eubacterium_plexicaudatum	70
SRR14919236	Oleispira_lenta	1
SRR14919243	Nocardia_cyriacigeorgica	2
SRR14919238	Alkalibacillus_haloalkaliphilus	2
SRR14919235	Lactobacillus_crustorum	1
SRR14919237	Sedimentibacter_hongkongensis	48
SRR14919236	Brevibacterium_linens	8
SRR14919241	Flavobacterium_aquatile	1
SRR14919241	Weissella_viridescens	1
SRR14919237	Thiothrix_flexilis	3
SRR14919246	Shewanella_aquimarina	1
SRR14919245	Natronorubrum_aibiense	3
SRR14919238	Bacteroides_clarus	3
SRR14919235	Legionella_pneumophila	1
SRR14919241	Megamonas_funiformis	1
SRR14919240	Burkholderia_caledonica	1
SRR14919243	Limnothrix_redekei	1
SRR14919242	Sphingobacterium_thalpophilum	5
SRR14919241	Eubacterium_coprostanoligenes	2
SRR14919240	Desulfotalea_psychrophila	351
SRR14919237	Polaromonas_vacuolata	12
SRR14919235	Erwinia_mallotivora	4
SRR14919235	Vibrio_harveyi	47
SRR14919239	Lactobacillus_coleohominis	1
SRR14919242	Streptococcus_salivarius	3
SRR14919235	Haloquadratum_walsbyi	3
SRR14919239	Lactobacillus_ingluviei	1
SRR14919238	Haemophilus_influenzae	1
SRR14919243	Halomicrobium_zhouii	1
SRR14919242	Ferrimonas_senticii	1
SRR14919245	Deferribacter_abyssi	1
SRR14919241	Acinetobacter_lwoffii	1
SRR14919236	Desmonostoc_muscorum	3
SRR14919240	Paenibacillus_assamensis	7
SRR14919237	Alteromonas_marina	1
SRR14919242	Cronobacter_malonaticus	1
SRR14919239	Succinatimonas_hippei	1
SRR14919238	Treponema_phagedenis	54
SRR14919237	Clostridium_litorale	1
SRR14919242	Staphylococcus_warneri	1
SRR14919242	Lactobacillus_tucceti	1
SRR14919241	Aeromonas_sobria	1
SRR14919240	Lactobacillus_letivazi	1
SRR14919235	Spiribacter_salinus	3
SRR14919235	Micromonospora_coxensis	1
SRR14919246	Alkaliflexus_imshenetskii	3
SRR14919244	Treponema_stenostrepta	8
SRR14919243	Treponema_azotonutricium	9
SRR14919242	Persicirhabdus_sediminis	1
SRR14919237	Dysgonomonas_wimpennyi	1
SRR14919243	Mycoplasma_suis	3
SRR14919239	Actinomyces_funkei	4
SRR14919236	Thioploca_ingrica	2
SRR14919238	Dialister_invisus	6
SRR14919240	Marvinbryantia_formatexigens	84
SRR14919237	Rubritalea_marina	1
SRR14919240	Clostridium_sulfidigenes	60
SRR14919238	Vagococcus_acidifermentans	1
SRR14919236	Tuberibacillus_calidus	1
SRR14919235	Trichococcus_collinsii	161
SRR14919241	Clostridium_acidisoli	28
SRR14919245	Thermothrix_thiopara	1
SRR14919235	Acholeplasma_parvum	1
SRR14919239	Pantoea_agglomerans	2
SRR14919236	Alistipes_senegalensis	18
SRR14919236	Thermoanaerobacter_uzonensis	1
SRR14919245	Pedobacter_borealis	1
SRR14919239	Prevotella_enoeca	2
SRR14919235	Bacillus_koreensis	1
SRR14919246	Methylomonas_scandinavica	55
SRR14919245	Bigelowiella_natans	1
SRR14919246	Lactonifactor_longoviformis	12
SRR14919244	Robinsoniella_peoriensis	13
SRR14919236	Marinomonas_pontica	1
SRR14919235	Mycoplasma_hyopharyngis	1
SRR14919244	Clostridium_tetanomorphum	4
SRR14919235	Cryptobacterium_curtum	1
SRR14919244	Facklamia_ignava	2
SRR14919239	Pseudorhodobacter_antarcticus	1
SRR14919239	Marvinbryantia_formatexigens	88
SRR14919237	Caloramator_mitchellensis	1
SRR14919237	Butyrivibrio_hungatei	1
SRR14919244	Fangia_hongkongensis	2
SRR14919240	Desulfotomaculum_peckii	2
SRR14919239	Prevotella_paludivivens	1
SRR14919238	Antarctobacter_heliothermus	10
SRR14919238	Marvinbryantia_formatexigens	346
SRR14919242	Bifidobacterium_tsurumiense	3
SRR14919240	Enterococcus_cecorum	124
SRR14919238	Dehalobacterium_formicoaceticum	2
SRR14919236	Mesoplasma_chauliocola	1
SRR14919242	Rickettsia_marmionii	1
SRR14919237	Olivibacter_ginsengisoli	14
SRR14919242	Zavarzinia_compransoris	3
SRR14919237	Halomonas_elongata	1
SRR14919243	Alkaliphilus_metalliredigens	9
SRR14919241	Salinivibrio_costicola	22
SRR14919246	Limibacter_armeniacum	1
SRR14919246	Thiocystis_gelatinosa	2
SRR14919243	Haloferax_mucosum	1
SRR14919240	Streptococcus_phocae	29
SRR14919235	Pseudomonas_sabulinigri	1
SRR14919244	Ralstonia_solanacearum	3
SRR14919242	Alkaliphilus_metalliredigens	64
SRR14919241	Pedobacter_saltans	1
SRR14919236	Blautia_hansenii	15
SRR14919242	Clostridium_limosum	73
SRR14919239	Methanohalophilus_mahii	1
SRR14919238	Porphyromonas_levii	4
SRR14919245	Cloacibacillus_porcorum	18
SRR14919236	Vibrio_nereis	1
SRR14919242	Rhodanobacter_panaciterrae	1
SRR14919242	Mycoplasma_primatum	1
SRR14919241	Algorimarina_butyrica	1
SRR14919240	Bacillus_alcaliinulinus	1
SRR14919246	Alvinella_pompejana	2
SRR14919241	Bacillus_graminis	1
SRR14919239	Bermanella_marisrubri	1
SRR14919236	Thalassobius_mediterraneus	1
SRR14919240	Geobacter_sulfurreducens	1
SRR14919245	Streptococcus_pseudoporcinus	1
SRR14919243	Kingella_oralis	1
SRR14919237	Selenomonas_lacticifex	2
SRR14919236	Clostridium_sporogenes	2
SRR14919242	Altererythrobacter_indicus	27
SRR14919241	Serratia_marcescens	2
SRR14919241	Parabacteroides_distasonis	51
SRR14919240	Methylobacterium_fujisawaense	36
SRR14919235	Gemella_asaccharolytica	130
SRR14919236	Pedobacter_bauzanensis	1
SRR14919246	Lactobacillus_ghanensis	1
SRR14919242	Prevotella_amnii	1
SRR14919245	Paraprevotella_xylaniphila	2
SRR14919244	Aquitalea_magnusonii	1
SRR14919246	Nanoarchaeum_equitans	1
SRR14919245	Pseudomonas_pictorum	87
SRR14919243	Vibrio_tapetis	1
SRR14919240	Clostridium_lituseburense	1
SRR14919236	Thermotalea_metallivorans	16
SRR14919245	Clostridium_chauvoei	3
SRR14919241	Halobacterium_salinarum	13
SRR14919238	Sulfurihydrogenibium_yellowstonense	1
SRR14919238	Enterococcus_cecorum	104
SRR14919237	Paracoccus_aminophilus	1
SRR14919236	Mycoplasma_columborale	1
SRR14919242	Porphyromonas_somerae	6
SRR14919238	Ammonifex_degensii	1
SRR14919244	Volucribacter_psittacicida	5
SRR14919237	Lactobacillus_fuchuensis	1
SRR14919244	Prevotella_marshii	2
SRR14919242	Rhodoplanes_roseus	1
SRR14919241	Eubacterium_uniforme	1
SRR14919239	Lysinibacillus_sphaericus	3
SRR14919246	Salinicoccus_roseus	1
SRR14919238	Saccharofermentans_acetigenes	3
SRR14919235	Leptospira_biflexa	54
SRR14919246	Fervidicella_metallireducens	1
SRR14919246	Methanoculleus_bourgensis	72
SRR14919239	Bacillus_schlegelii	9
SRR14919238	Prevotella_copri	5828
SRR14919242	Selenomonas_artemidis	1
SRR14919237	Porphyromonas_endodontalis	2
SRR14919239	Eubacterium_xylanophilum	129
SRR14919237	Turicibacter_sanguinis	11
SRR14919243	Lactobacillus_gasseri	2
SRR14919243	Clostridium_colinum	23
SRR14919242	Paenibacillus_cookii	5
SRR14919245	Adiantum_capillus-veneris	1
SRR14919241	Bacillus_solfatarensis	2
SRR14919241	Rhodococcus_qingshengii	1
SRR14919239	Flavobacterium_banpakuense	1
SRR14919237	Lewinella_agarilytica	16
SRR14919236	Eggerthella_sinensis	1
SRR14919244	Achromatium_oxaliferum	1
SRR14919241	Ruminococcus_gauvreauii	1
SRR14919238	Caldicellulosiruptor_saccharolyticus	5
SRR14919245	Desulfonatronovibrio_magnus	1
SRR14919245	Treponema_denticola	37
SRR14919243	Clostridium_caenicola	36
SRR14919242	Clostridium_hungatei	27
SRR14919237	Methanobacterium_flexile	1
SRR14919244	Mangroviflexus_xiamenensis	3
SRR14919235	Eubacterium_rangiferina	9
SRR14919245	Catenibacterium_mitsuokai	4
SRR14919243	Acidaminococcus_fermentans	1
SRR14919238	Cobetia_marina	3
SRR14919242	Marvinbryantia_formatexigens	52
SRR14919241	Bacteroides_pectinophilus	1
SRR14919244	Natranaerovirga_hydrolytica	10
SRR14919235	Uruburuella_suis	2
SRR14919236	Planctomyces_limnophilus	2
SRR14919241	Marvinbryantia_formatexigens	21
SRR14919238	Pedobacter_lentus	1
SRR14919237	Corynebacterium_simulans	1
SRR14919236	Flavonifractor_plautii	1095
SRR14919246	Methanomethylovorans_thermophila	1
SRR14919235	Prevotella_shahii	1
SRR14919245	Lactobacillus_senioris	1
SRR14919245	Grimontia_hollisae	5
SRR14919236	Burkholderia_rhizoxinica	2
SRR14919239	Eubacterium_uniforme	17
SRR14919235	Thermogymnomonas_acidicola	215
SRR14919243	Borrelia_garinii	1
SRR14919235	Clostridium_boliviensis	6
SRR14919241	Alloprevotella_rava	2
SRR14919236	Lachnobacterium_bovis	5
SRR14919239	Pseudoscillatoria_coralii	1
SRR14919237	Clostridium_papyrosolvens	2
SRR14919237	Muricauda_lutimaris	1
SRR14919242	Winogradskyella_epiphytica	61
SRR14919246	Staphylococcus_hominis	2
SRR14919244	Roseburia_faecis	1297
SRR14919239	Lactobacillus_paracollinoides	1
SRR14919235	Porphyromonas_catoniae	2
SRR14919244	Ohtaekwangia_kribbensis	5
SRR14919243	Sphingobacterium_mizutaii	62
SRR14919240	Pseudomonas_alcaligenes	79
SRR14919235	Brenneria_populi	2
SRR14919243	Desulfobacula_toluolica	1
SRR14919246	Clostridium_lundense	1
SRR14919244	Halomonas_korlensis	1
SRR14919243	Chlamydia_muridarum	1
SRR14919237	Clostridium_tetanomorphum	2
SRR14919244	Thalassiosira_pseudonana	45
SRR14919239	Enterococcus_columbae	2
SRR14919238	Glycomyces_harbinensis	1
SRR14919235	Oceanobacillus_caeni	1
SRR14919243	Pirellula_staleyi	1
SRR14919235	Prototheca_wickerhamii	4
SRR14919245	Anaerovibrio_lipolyticus	3
SRR14919245	Alkaliphilus_metalliredigens	2
SRR14919242	Aerosphaera_taetra	1
SRR14919238	Kocuria_marina	1
SRR14919235	Pseudomonas_citronellolis	1
SRR14919238	Moorella_thermoacetica	1
SRR14919236	Clostridium_aminovalericum	14
SRR14919245	Chloroidium_saccharophilum	2
SRR14919244	Alkaliphilus_metalliredigens	1
SRR14919242	Actinobacillus_minor	1
SRR14919241	Bacillus_foraminis	9
SRR14919238	Helcococcus_sueciensis	1
SRR14919237	Gemella_cuniculi	1
SRR14919236	Bacteroides_vulgatus	115586
SRR14919245	Bacillus_mycoides	3
SRR14919236	Lactobacillus_rogosae	1
SRR14919243	Malawimonas_jakobiformis	2
SRR14919242	Listeria_monocytogenes	2
SRR14919238	Bacillus_aquimaris	1
SRR14919235	Alistipes_shahii	3
SRR14919243	Staphylococcus_sciuri	1
SRR14919238	Atopobium_minutum	1
SRR14919240	Rothia_mucilaginosa	14
SRR14919241	Chryseobacterium_treverense	4
SRR14919240	Ruminococcus_obeum	1777
SRR14919238	Nocardioides_lentus	1
SRR14919240	Clostridium_bifermentans	1
SRR14919236	Aminivibrio_pyruvatiphilus	1
SRR14919246	Prevotella_buccae	7
SRR14919241	Bacillus_thuringiensis	179
SRR14919236	Thermogladius_shockii	174
SRR14919235	Enterococcus_durans	1
SRR14919235	Clostridium_lavalense	7
SRR14919236	Adhaeribacter_aerophilus	1
SRR14919246	Streptomyces_coelicolor	1
SRR14919245	Anaplasma_bovis	1
SRR14919238	Butyrivibrio_fibrisolvens	1155
SRR14919235	Haemophilus_simiae	1
SRR14919244	Treponema_berlinense	1
SRR14919246	Pedobacter_panaciterrae	1
SRR14919237	Achromobacter_xylosoxidans	1
SRR14919235	Bacteroides_rodentium	35
SRR14919239	Plasticicumulans_lactativorans	1
SRR14919239	Algimonas_porphyrae	2
SRR14919241	Leptospira_idonii	2
SRR14919236	Kitasatospora_niigatensis	1
SRR14919242	Marinoscillum_pacificum	4
SRR14919235	Clostridium_acidurici	2
SRR14919245	Clostridium_aminobutyricum	3
SRR14919245	Pelobacter_massiliensis	2
SRR14919244	Lactobacillus_pontis	1
SRR14919240	Halothermothrix_orenii	4
SRR14919235	Ectothiorhodospira_imhoffii	1
SRR14919245	Tumebacillus_ginsengisoli	1
SRR14919241	Psychrobacter_marincola	1
SRR14919238	Natronorubrum_thiooxidans	1
SRR14919244	Solanum_lycopersicum	1
SRR14919245	Bacillus_licheniformis	4
SRR14919241	Emticicia_oligotrophica	5
SRR14919244	Anaerofilum_pentosovorans	1
SRR14919243	Methanobrevibacter_wolinii	1
SRR14919243	Parasegetibacter_luojiensis	1
SRR14919243	Thermoanaerobacter_uzonensis	1
SRR14919236	Mucilaginibacter_oryzae	1
SRR14919244	Campylobacter_mucosalis	1
SRR14919242	Clostridium_cellulosi	90
SRR14919240	Ochromonas_danica	5
SRR14919240	Bacteroides_paurosaccharolyticus	47
SRR14919239	Pelobacter_carbinolicus	1
SRR14919238	Mycoplasma_hyopneumoniae	5
SRR14919246	Cupriavidus_pauculus	1
SRR14919245	Pedobacter_boryungensis	2
SRR14919242	Thermoanaerobacter_uzonensis	2
SRR14919242	Euglena_longa	2
SRR14919241	Buchnera_aphidicola	331
SRR14919240	Spiroplasma_mirum	1
SRR14919238	Clostridium_leptum	150
SRR14919236	Allobacillus_halotolerans	2
SRR14919245	Trachelium_caeruleum	51
SRR14919243	Dysgonomonas_hofstadii	27
SRR14919242	Microchaete_tenera	2
SRR14919240	Desulfovibrio_butyratiphilus	4
SRR14919238	Collinsella_tanakaei	4
SRR14919235	Agarivorans_albus	2
SRR14919246	Sporobacter_termitidis	1449
SRR14919241	Pseudoflavonifractor_capillosus	17
SRR14919245	Porphyromonas_gingivalis	3
SRR14919243	Blautia_schinkii	43
SRR14919242	Thioalkalicoccus_limnaeus	2
SRR14919245	Euglena_mutabilis	12
SRR14919244	Marvinbryantia_formatexigens	38
SRR14919239	Ilyobacter_psychrophilus	1
SRR14919238	Clostridium_clostridioforme	25
SRR14919246	Blautia_producta	6
SRR14919243	Marvinbryantia_formatexigens	31
SRR14919242	Mycoplasma_haemofelis	4
SRR14919241	Gaetbulibacter_marinus	1
SRR14919236	Brenneria_alni	1
SRR14919245	Bradyrhizobium_japonicum	160
SRR14919246	Caloramator_viterbiensis	5
SRR14919245	Lactobacillus_larvae	1
SRR14919240	Bacteroides_salyersiae	34
SRR14919245	Clostridium_thermoalcaliphilum	1
SRR14919245	Mucilaginibacter_paludis	3
SRR14919243	Planctomyces_maris	1
SRR14919240	Haemophilus_pittmaniae	1
SRR14919239	Alkaliflexus_imshenetskii	1
SRR14919237	Aeromonas_salmonicida	1
SRR14919236	Oscillatoria_duplisecta	1
SRR14919235	Prevotella_disiens	5
SRR14919245	Mycoplasma_equigenitalium	1
SRR14919240	Catellatospora_citrea	1
SRR14919240	Enterococcus_faecalis	21
SRR14919242	Fusobacterium_perfoetens	1
SRR14919245	Leuconostoc_citreum	2
SRR14919245	Spiroplasma_ixodetis	1
SRR14919240	Parapedobacter_luteus	1
SRR14919237	Eubacterium_infirmum	2
SRR14919238	Acinetobacter_calcoaceticus	1
SRR14919246	Victivallis_vadensis	6
SRR14919244	Geobacillus_thermoleovorans	3
SRR14919235	Spongiispira_norvegica	1
SRR14919242	Pectinatus_cerevisiiphilus	1
SRR14919240	Limnohabitans_planktonicus	1
SRR14919239	Methylomonas_scandinavica	76
SRR14919243	Parabacteroides_gordonii	350
SRR14919240	Clostridium_fimetarium	67
SRR14919236	Mycoplasma_hyorhinis	108
SRR14919246	Dysgonomonas_mossii	9
SRR14919241	Rothia_dentocariosa	1
SRR14919236	Azospirillum_irakense	1
SRR14919246	Alkaliphilus_metalliredigens	2
SRR14919245	Clostridium_pasteurianum	1
SRR14919245	Halorhabdus_tiamatea	1
SRR14919242	Campylobacter_gracilis	2
SRR14919241	Bacteroides_coprophilus	32
SRR14919239	Mogibacterium_timidum	6
SRR14919238	Lachnoanaerobaculum_saburreum	1
SRR14919243	Azovibrio_restrictus	1
SRR14919237	Clostridium_polysaccharolyticum	25
SRR14919236	Staphylococcus_warneri	1
SRR14919245	Youngiibacter_fragilis	1
SRR14919244	Oxalobacter_formigenes	7
SRR14919242	Slackia_exigua	4
SRR14919236	Lactobacillus_iners	1
SRR14919241	Trachelomonas_similis	1
SRR14919241	Butyricimonas_virosa	1
SRR14919238	Treponema_stenostrepta	7
SRR14919238	Desulfotomaculum_peckii	1
SRR14919238	Pasteurella_multocida	56
SRR14919244	Moorella_humiferrea	2
SRR14919244	Bacteroides_coprocola	19
SRR14919243	Selenomonas_bovis	1
SRR14919239	Bifidobacterium_bohemicum	1
SRR14919237	Lentzea_albida	1
SRR14919236	Enterococcus_lemanii	1
SRR14919236	Clostridium_amygdalinum	21
SRR14919239	Deinococcus_radiodurans	1
SRR14919244	Bacillus_aerius	2
SRR14919236	Thermus_oshimai	2
SRR14919236	Ruminococcus_gnavus	35368
SRR14919245	Deferrisoma_camini	1
SRR14919243	Streptococcus_thermophilus	9
SRR14919235	Eubacterium_ruminantium	50
SRR14919245	Lactonifactor_longoviformis	30
SRR14919236	Enterococcus_eurekensis	15
SRR14919236	Bacillus_horikoshii	7
SRR14919244	Dethiobacter_alkaliphilus	4
SRR14919239	Sphingobacterium_spiritivorum	2
SRR14919239	Halobaculum_magnesiiphilum	4
SRR14919242	Hespellia_stercorisuis	17
SRR14919242	Clostridium_innocuum	73
SRR14919235	Lactonifactor_longoviformis	265
SRR14919237	Clostridium_lactatifermentans	150
SRR14919236	Clostridium_algidicarnis	1
SRR14919236	Sporolactobacillus_laevus	1
SRR14919235	Thalassomonas_actiniarum	80
SRR14919240	Caldicoprobacter_guelmensis	6
SRR14919235	Adhaeribacter_terreus	22
SRR14919244	Microcoleus_paludosus	1
SRR14919244	Sulfobacillus_acidophilus	9
SRR14919243	Fibrobacter_succinogenes	1
SRR14919236	Cytophaga_fermentans	16
SRR14919242	Acholeplasma_morum	1
SRR14919237	Dictyoglomus_thermophilum	1
SRR14919235	Pelotomaculum_terephthalicicum	1
SRR14919242	Streptococcus_oralis	1
SRR14919236	Vibrio_gazogenes	1
SRR14919245	Bacillus_subtilis	10
SRR14919242	Oscillatoria_miniata	75
SRR14919241	Rhodobacter_azotoformans	2
SRR14919245	Phacus_similis	3
SRR14919237	Lactobacillus_kunkeei	120
SRR14919235	Salinivibrio_costicola	19
SRR14919245	Hymenobacter_xinjiangensis	1
SRR14919242	Coprobacillus_cateniformis	2
SRR14919242	Clostridium_tunisiense	12
SRR14919242	Eubacterium_eligens	99
SRR14919243	Coprobacter_fastidiosus	277
SRR14919240	Caldicellulosiruptor_kronotskyensis	1
SRR14919240	Methanocorpusculum_parvum	1
SRR14919238	Ralstonia_solanacearum	2
SRR14919237	Thermobrachium_celere	5
SRR14919236	Geotoga_subterranea	1
SRR14919235	Borrelia_miyamotoi	1
SRR14919238	Lactobacillus_apodemi	3
SRR14919244	Prevotella_stercorea	1
SRR14919243	Prevotella_buccalis	1
SRR14919240	Clostridium_beijerinckii	1
SRR14919239	Halobacterium_salinarum	19
SRR14919238	Clostridium_propionicum	2
SRR14919238	Fusicatenibacter_saccharivorans	1381
SRR14919244	Thermoanaerobacter_uzonensis	1
SRR14919241	Gelidiella_acerosa	1
SRR14919237	Phascolarctobacterium_faecium	4169
SRR14919236	Acinetobacter_junii	6
SRR14919242	Clostridium_indolis	18
SRR14919235	Lawsonia_intracellularis	1
SRR14919239	Methanoculleus_bourgensis	94
SRR14919244	Veillonella_magna	2
SRR14919242	Anaerostipes_butyraticus	15
SRR14919239	Emticicia_oligotrophica	4
SRR14919239	Caldisphaera_lagunensis	1
SRR14919236	Conchiformibius_kuhniae	1
SRR14919246	Natronoanaerobium_aggerbacterium	1
SRR14919238	Bacillus_aeolius	1
SRR14919235	Halomonas_campisalis	1
SRR14919236	Pectinatus_haikarae	1
SRR14919236	Amycolatopsis_coloradensis	1
SRR14919240	Niabella_aurantiaca	1
SRR14919244	Ruegeria_mobilis	94
SRR14919246	Marvinbryantia_formatexigens	20
SRR14919241	Spirulina_subsalsa	2
SRR14919235	Cyanidium_caldarium	1
SRR14919237	Bacteroides_paurosaccharolyticus	14
SRR14919245	Marvinbryantia_formatexigens	19
SRR14919243	Algoriphagus_olei	1
SRR14919243	Proteocatella_sphenisci	1
SRR14919235	Helicobacter_pylori	198
SRR14919235	Adhaeribacter_aerolatus	1
SRR14919245	Clostridium_histolyticum	1
SRR14919245	Haloplasma_contractile	1
SRR14919242	Hymenopellis_incognita	2
SRR14919246	Prauserella_muralis	1
SRR14919240	Brachymonas_denitrificans	3
SRR14919236	Stenoxybacter_acetivorans	1
SRR14919245	Staphylococcus_carnosus	1
SRR14919240	Eutreptia_viridis	203
SRR14919239	Ruminococcus_gauvreauii	1
SRR14919238	Catenibacterium_mitsuokai	8
SRR14919239	Dialister_micraerophilus	1
SRR14919246	Mycoplasma_coccoides	2
SRR14919242	Clostridium_estertheticum	190
SRR14919236	Prevotella_brevis	1
SRR14919245	Salinibacter_luteus	1
SRR14919242	Anaerococcus_vaginalis	1
SRR14919242	Acidithiobacillus_ferrooxidans	2
SRR14919245	Desulfovibrio_sulfodismutans	1
SRR14919243	Methanococcoides_burtonii	1
SRR14919241	Atopobium_vaginae	2
SRR14919242	Fodinicurvata_fenggangensis	1
SRR14919235	Bacillus_horneckiae	1
SRR14919236	Falklandiella_harveyi	1
SRR14919243	Strombomonas_acuminata	3
SRR14919240	Kinetoplastibacterium_blastocrithidii	29
SRR14919239	Paucisalibacillus_globulus	1
SRR14919243	Klebsiella_oxytoca	2
SRR14919235	Clostridium_aldenense	79
SRR14919236	Magnetococcus_marinus	1
SRR14919242	Sphingomonas_cynarae	1
SRR14919242	Atopobacter_phocae	1
SRR14919236	Shewanella_sediminis	2
SRR14919236	Sphingobacterium_mizutaii	118
SRR14919240	Riemerella_anatipestifer	1
SRR14919238	Calothrix_brevissima	1
SRR14919246	Nocardioides_insulae	1
SRR14919242	Phormidium_tergestinum	1
SRR14919241	Reichenbachiella_faecimaris	1
SRR14919245	Streptomyces_toxytricini	1
SRR14919238	Pelotomaculum_propionicicum	1
SRR14919238	Pseudomonas_alcaligenes	76
SRR14919238	Sulfurospirillum_barnesii	1
SRR14919245	Pedobacter_africanus	1
SRR14919245	Eubacterium_siraeum	4475
SRR14919242	Bavariicoccus_seileri	1
SRR14919242	Snodgrassella_alvi	18
SRR14919238	Sedimentibacter_hongkongensis	89
SRR14919246	Clostridium_methoxybenzovorans	1
SRR14919239	Cenarchaeum_symbiosum	218
SRR14919246	Parvimonas_micra	13
SRR14919239	Enterococcus_hirae	2
SRR14919236	Corynebacterium_canis	2
SRR14919242	Desulfovibrio_frigidus	1
SRR14919236	Armatimonas_rosea	16
SRR14919243	Gemella_palaticanis	2
SRR14919239	Leptotrichia_wadei	1
SRR14919242	Dissulfuribacter_thermophilus	1
SRR14919239	Gallionella_capsiferriformans	1
SRR14919245	Methanosphaera_stadtmanae	1
SRR14919242	Eubacterium_coprostanoligenes	547
SRR14919245	Eubacterium_angustum	1
SRR14919242	Bifidobacterium_kashiwanohense	1
SRR14919242	Coriobacterium_glomerans	1
SRR14919238	Neochlamydia_hartmannellae	1
SRR14919246	Planktothrix_agardhii	1
SRR14919237	Clostridium_sartagoforme	4
SRR14919235	Lactobacillus_oligofermentans	2
SRR14919236	Erwinia_chrysanthemi	7
SRR14919235	Eubacterium_rectale	87
SRR14919236	Bacillus_tequilensis	5
SRR14919245	Catonella_morbi	1
SRR14919244	Idiomarina_sediminum	1
SRR14919244	Sphingomonas_haloaromaticamans	1
SRR14919243	Staphylococcus_lentus	1
SRR14919241	Legionella_oakridgensis	1
SRR14919240	Thermoactinomyces_intermedius	2
SRR14919237	Antarctobacter_heliothermus	4
SRR14919241	Bifidobacterium_tsurumiense	1
SRR14919241	Alicyclobacillus_cycloheptanicus	1
SRR14919241	Thermoanaerobacterium_saccharolyticum	21
SRR14919246	Alloscardovia_omnicolens	2
SRR14919245	Petrimonas_sulfuriphila	3
SRR14919244	Pseudoalteromonas_arctica	1
SRR14919235	Chloroidium_saccharophilum	2
SRR14919243	Geminocystis_papuanica	7
SRR14919238	Aerosphaera_taetra	1
SRR14919245	Lactobacillus_mucosae	3
SRR14919245	Coprococcus_catus	105
SRR14919243	Chloroflexus_aurantiacus	1
SRR14919243	Clostridium_sardiniense	1
SRR14919242	Megamonas_rupellensis	3
SRR14919237	Bacillus_foraminis	3
SRR14919243	Bacillus_pumilus	45
SRR14919242	Oerskovia_enterophila	1
SRR14919241	Fontibacter_flavus	80
SRR14919246	Marinimicrobium_koreense	1
SRR14919242	Methylobacterium_rhodinum	1
SRR14919241	Tunicatimonas_pelagia	1
SRR14919238	Dysgonomonas_capnocytophagoides	5
SRR14919236	Listeria_monocytogenes	5
SRR14919242	Salinivibrio_siamensis	1
SRR14919241	Actinomyces_ruminicola	4
SRR14919240	Chryseobacterium_treverense	8
SRR14919239	Butyricimonas_virosa	157
SRR14919246	Flexithrix_dorotheae	1
SRR14919236	Methylogaea_oryzae	1
SRR14919240	Roseomonas_cervicalis	1
SRR14919245	Chloroherpeton_thalassium	1
SRR14919237	Lutispora_thermophila	32
SRR14919237	Taylorella_equigenitalis	34
SRR14919235	Eubacterium_saphenum	1
SRR14919244	Desulfovibrio_butyratiphilus	1
SRR14919241	Clostridium_viride	7
SRR14919240	Lactobacillus_nodensis	1
SRR14919237	Prevotella_maculosa	9
SRR14919236	Ruminococcus_obeum	226
SRR14919235	Bacillus_thuringiensis	138
SRR14919235	Pedobacter_aquatilis	1
SRR14919241	Anaerococcus_hydrogenalis	9
SRR14919241	Bacteroides_helcogenes	49
SRR14919239	Clostridium_grantii	2
SRR14919235	Clostridium_subterminale	5
SRR14919244	Campylobacter_lari	1
SRR14919244	Desulfonatronovibrio_thiodismutans	1
SRR14919241	Selenomonas_ruminantium	43
SRR14919241	Blautia_producta	19
SRR14919235	Methanosaeta_harundinacea	1
SRR14919243	Blattabacterium_relictus	30
SRR14919242	Caedibacter_taeniospiralis	25
SRR14919244	Blautia_glucerasea	177
SRR14919240	Cryptoglena_pigra	1
SRR14919236	Thalassomonas_viridans	2
SRR14919246	Acetivibrio_ethanolgignens	10
SRR14919242	Clostridium_algoriphilum	5
SRR14919240	Paenibacillus_polymyxa	1
SRR14919246	Orientia_tsutsugamushi	1
SRR14919246	Chryseobacterium_joostei	1
SRR14919238	Lactobacillus_animalis	5
SRR14919237	Clostridium_thermosuccinogenes	13
SRR14919236	Vibrio_harveyi	69
SRR14919236	Streptomyces_aculeolatus	2
SRR14919235	Clostridium_aminobutyricum	3
SRR14919236	Caedibacter_caryophilus	27
SRR14919246	Porphyromonas_uenonis	4
SRR14919243	Eubacterium_pyruvativorans	2
SRR14919238	Haloplanus_natans	1
SRR14919242	Variovorax_soli	1
SRR14919237	Rhodopseudomonas_palustris	20
SRR14919242	Algicola_sagamiensis	6
SRR14919238	Prevotella_intermedia	3
SRR14919237	Metallosphaera_sedula	1
SRR14919244	Paracoccus_versutus	3
SRR14919242	Treponema_socranskii	7
SRR14919240	Caloramator_australicus	8
SRR14919235	Helicobacter_canis	4
SRR14919242	Lactobacillus_saniviri	1
SRR14919246	Garciella_nitratireducens	1
SRR14919245	Neisseria_canis	18
SRR14919235	Lactobacillus_vaccinostercus	1
SRR14919245	Erwinia_billingiae	1
SRR14919242	Haemophilus_parasuis	256
SRR14919239	Bacillus_licheniformis	5
SRR14919242	Parasegetibacter_luojiensis	3
SRR14919243	Psychrobacter_immobilis	2
SRR14919236	Coprococcus_comes	1546
SRR14919245	Eubacterium_brachy	32
SRR14919241	Methylobacterium_fujisawaense	35
SRR14919237	Schwartzia_succinivorans	2
SRR14919242	Xanthomonas_translucens	10
SRR14919238	Desulfuromusa_bakii	1
SRR14919245	Prevotella_corporis	4
SRR14919244	Bacteroides_sartorii	12
SRR14919246	Gemmiger_formicilis	2317
SRR14919244	Clostridium_oceanicum	1
SRR14919239	Flammeovirga_arenaria	1
SRR14919243	Helicobacter_macacae	1
SRR14919241	Micrococcus_luteus	3
SRR14919237	Dysgonomonas_hofstadii	14
SRR14919242	Marinitoga_hydrogenitolerans	1
SRR14919240	Blautia_stercoris	1424
SRR14919239	Nostoc_ellipsosporum	1
SRR14919242	Mucilaginibacter_boryungensis	1
SRR14919241	Erwinia_tasmaniensis	1
SRR14919240	Syntrophomonas_wolfei	11
SRR14919240	Leclercia_adecarboxylata	1
SRR14919235	Bacillus_solfatarensis	4
SRR14919242	Prevotella_salivae	1
SRR14919242	Bacillus_thermoamylovorans	2
SRR14919240	Selenomonas_dianae	4
SRR14919237	Sulfurivirga_caldicuralii	1
SRR14919237	Megasphaera_elsdenii	3
SRR14919237	Clostridium_clostridioforme	22
SRR14919240	Fontibacter_ferrireducens	1
SRR14919240	Thermosyntropha_lipolytica	2
SRR14919236	Enterobacter_cloacae	1
SRR14919244	Dermacoccus_profundi	1
SRR14919235	Paucibacter_toxinivorans	1
SRR14919243	Natranaerovirga_hydrolytica	9
SRR14919246	Paenibacillus_lactis	2
SRR14919239	Saccharofermentans_acetigenes	14
SRR14919244	Bacillus_alkalitelluris	1
SRR14919244	Methylomonas_fodinarum	5
SRR14919242	Ruminofilibacter_xylanolyticum	19
SRR14919246	Clostridium_methylpentosum	236
SRR14919239	Hahella_ganghwensis	1
SRR14919239	Desemzia_incerta	1
SRR14919239	Bacteroides_coprophilus	6
SRR14919246	Pediococcus_parvulus	189
SRR14919239	Planctomyces_maris	1
SRR14919242	Lactobacillus_casei	2
SRR14919235	Filifactor_alocis	4
SRR14919246	Prevotella_ruminicola	10
SRR14919240	Ehrlichia_ruminantium	4
SRR14919237	Acinetobacter_calcoaceticus	3
SRR14919239	Bifidobacterium_ruminantium	13
SRR14919236	Lactobacillus_sakei	1
SRR14919243	Geobacillus_thermoleovorans	2
SRR14919236	Helicobacter_fennelliae	7
SRR14919245	Clostridium_aestuarii	2
SRR14919236	Howardella_ureilytica	1
SRR14919236	Thioalkalivibrio_nitratireducens	1
SRR14919240	Lactobacillus_plantarum	6
SRR14919238	Desertibacter_roseus	1
SRR14919239	Oleispira_lenta	1
SRR14919242	Thermodesulforhabdus_norvegica	2
SRR14919239	Bacillus_amyloliquefaciens	1
SRR14919237	Dethiobacter_alkaliphilus	1
SRR14919246	Isobaculum_melis	1
SRR14919240	Acetobacter_estunensis	26
SRR14919240	Bacillus_cereus	488
SRR14919246	Vibrio_nereis	1
SRR14919244	Desulfotalea_psychrophila	272
SRR14919239	Erwinia_tasmaniensis	1
SRR14919238	Atopobacter_phocae	2
SRR14919238	Holospora_acuminata	1
SRR14919236	Kroppenstedtia_guangzhouensis	1
SRR14919239	Thermodesulfobacterium_commune	1
SRR14919236	Campylobacter_gracilis	1
SRR14919235	Alcaligenes_faecalis	2
SRR14919242	Parasutterella_excrementihominis	1319
SRR14919246	Odoribacter_splanchnicus	577
SRR14919243	Lactobacillus_harbinensis	1
SRR14919239	Youngiibacter_fragilis	6
SRR14919237	Sulfobacillus_acidophilus	3
SRR14919245	Clostridium_bowmanii	2
SRR14919235	Kushneria_indalinina	18
SRR14919242	Desulfacinum_hydrothermale	1
SRR14919235	Nocardia_cummidelens	1
SRR14919235	Nitrosomonas_marina	3
SRR14919243	Desulfitobacterium_aromaticivorans	1
SRR14919239	Desulfovibrio_salexigens	1
SRR14919241	Lactobacillus_delbrueckii	6
SRR14919236	Desulfobotulus_alkaliphilus	1
SRR14919246	Desulfovibrio_butyratiphilus	1
SRR14919244	Marinilabilia_salmonicolor	1
SRR14919244	Vibrio_tapetis	2
SRR14919238	Desulfosporosinus_meridiei	1
SRR14919244	Lactonifactor_longoviformis	53
SRR14919237	Bacillus_anthracis	1
SRR14919237	Ruminococcus_torques	1468
SRR14919245	Alloprevotella_tannerae	3
SRR14919238	Vagococcus_teuberi	1
SRR14919242	Clostridium_saccharogumia	1
SRR14919239	Streptococcus_salivarius	5
SRR14919235	Bacteroides_dorei	30
SRR14919246	Mycoplasma_suis	2
SRR14919245	Microcystis_aeruginosa	225
SRR14919242	Sporohalobacter_lortetii	1
SRR14919243	Streptococcus_suis	10
SRR14919236	Streptomyces_parvus	1
SRR14919245	Escherichia/Shigella_coli	30
SRR14919244	Euglena_geniculata	3
SRR14919237	Paenibacillus_assamensis	3
SRR14919243	Luteolibacter_algae	1
SRR14919241	Anabaena_cylindrica	4
SRR14919244	Clostridium_tagluense	1
SRR14919239	Selenomonas_ruminantium	149
SRR14919243	Rickettsia_akari	1
SRR14919238	Acholeplasma_morum	1
SRR14919245	Desulfococcus_niacini	3
SRR14919238	Lactobacillus_vaccinostercus	1
SRR14919237	Rhizobium_leguminosarum	2
SRR14919245	Caldivirga_maquilingensis	1
SRR14919243	Dethiosulfatibacter_aminovorans	2
SRR14919241	Lactobacillus_parabuchneri	69
SRR14919237	Lactococcus_garvieae	1
SRR14919236	Microbacterium_esteraromaticum	1
SRR14919246	Escherichia/Shigella_boydii	1
SRR14919242	Bacillus_aryabhattai	2
SRR14919236	Clostridium_tunisiense	17
SRR14919243	Anaerobiospirillum_succiniciproducens	22
SRR14919238	Lactobacillus_murinus	7
SRR14919236	Escherichia/Shigella_boydii	2
SRR14919237	Cyanoptyche_gloeocystis	24
SRR14919235	Hyphomonas_polymorpha	2
SRR14919245	Clostridium_sphenoides	1
SRR14919243	Prosthecochloris_aestuarii	1
SRR14919242	Tetragenococcus_solitarius	1
SRR14919237	Clostridium_sulfidigenes	516
SRR14919240	Xanthomonas_fragariae	1
SRR14919239	Alkalibaculum_bacchi	24
SRR14919235	Weissella_hellenica	1
SRR14919243	Pseudomonas_aeruginosa	2
SRR14919239	Clostridium_akagii	11
SRR14919235	Paenibacillus_pabuli	69
SRR14919235	Clostridium_estertheticum	164
SRR14919246	Amphora_ovalis	1
SRR14919245	Desulfonatronovibrio_halophilus	1
SRR14919239	Cobetia_marina	6
SRR14919235	Bifidobacterium_dentium	2
SRR14919242	Beijerinckia_indica	2
SRR14919242	Roseiflexus_castenholzii	4
SRR14919241	Clostridium_tyrobutyricum	2
SRR14919236	Mesostigma_viride	2
SRR14919244	Alteromonas_macleodii	1
SRR14919245	Legionella_gresilensis	2
SRR14919237	Sporomusa_ovata	18
SRR14919236	Desulfotignum_toluenicum	1
SRR14919235	Bacillus_firmus	52
SRR14919245	Hassallia_byssoidea	1
SRR14919241	Pyrobaculum_aerophilum	62
SRR14919238	Clostridium_ghonii	1
SRR14919241	Parvimonas_micra	4
SRR14919239	Geosporobacter_subterraneus	4
SRR14919237	Spirulina_subsalsa	4
SRR14919245	Spirochaeta_smaragdinae	1
SRR14919237	Dyadobacter_fermentans	1
SRR14919236	Clostridium_symbiosum	1264
SRR14919236	Pseudobutyrivibrio_xylanivorans	3
SRR14919244	Nocardia_nova	1
SRR14919240	Pseudomonas_fluorescens	15
SRR14919244	Pseudobutyrivibrio_ruminis	6
SRR14919241	Methanocella_conradii	166
SRR14919238	Bacteroides_eggerthii	270
SRR14919236	Acinetobacter_baumannii	175
SRR14919241	Bacteroides_acidifaciens	7627
SRR14919244	Plesiomonas_shigelloides	1
SRR14919243	Sphingopyxis_baekryungensis	1
SRR14919242	Alkalibacter_saccharofermentans	23
SRR14919238	Clostridium_gasigenes	38
SRR14919237	Meiothermus_ruber	1
SRR14919236	Virgibacillus_proomii	1
SRR14919243	Providencia_alcalifaciens	1
SRR14919238	Rhabdochromatium_marinum	1
SRR14919244	Brachyspira_innocens	1
SRR14919242	Methanopyrus_kandleri	1
SRR14919242	Salinibacter_ruber	1
SRR14919244	Chryseobacterium_greenlandense	8
SRR14919240	Helicobacter_apodemus	1
SRR14919235	Dietzia_maris	3
SRR14919236	Avibacterium_gallinarum	8
SRR14919236	Lactobacillus_pobuzihii	4
SRR14919245	Methanobrevibacter_arboriphilus	7
SRR14919245	Campylobacter_sputorum	6
SRR14919243	Slackia_exigua	1
SRR14919242	Thermoanaerobacter_mathranii	1
SRR14919241	Pseudomonas_teessidea	3
SRR14919235	Aerococcus_viridans	3
SRR14919244	Blautia_wexlerae	51
SRR14919244	Pectinatus_brassicae	1
SRR14919237	Desulfotomaculum_varum	1
SRR14919242	Bacillus_niacini	1
SRR14919239	Mycoplasma_haemocanis	1
SRR14919235	Desulfonatronovibrio_hydrogenovorans	1
SRR14919239	Klebsiella_oxytoca	1
SRR14919245	Clostridium_kluyveri	1
SRR14919243	Vibrio_coralliilyticus	1
SRR14919243	Brasilonema_octagenarum	2
SRR14919238	Lactobacillus_plantarum	5
SRR14919243	Barnesiella_viscericola	38
SRR14919238	Enterobacter_ludwigii	2
SRR14919238	Snodgrassella_alvi	18
SRR14919241	Pylaiella_littoralis	2
SRR14919240	Campylobacter_lanienae	1
SRR14919236	Desulfovibrio_frigidus	1
SRR14919235	Bacteroides_stercoris	987
SRR14919245	Roseburia_hominis	264
SRR14919244	Caldanaerobius_fijiensis	1
SRR14919240	Mycoplasma_feliminutum	5
SRR14919240	Eubacterium_cylindroides	181
SRR14919239	Lactobacillus_shenzhenensis	2
SRR14919239	Parasutterella_excrementihominis	1
SRR14919238	Paenisporosarcina_quisquiliarum	2
SRR14919245	Peptoniphilus_indolicus	1
SRR14919242	Mariprofundus_ferrooxydans	1
SRR14919244	Lactobacillus_salivarius	12
SRR14919242	Mycoplasma_wenyonii	3
SRR14919240	Pseudomonas_jessenii	1
SRR14919239	Clostridium_filamentosum	2
SRR14919246	Bacteroides_chinchillae	20
SRR14919241	Dialister_invisus	642
SRR14919239	Aerococcus_urinaeequi	1
SRR14919235	Eubostrichus_dianeae	1
SRR14919246	Phacus_similis	1
SRR14919240	Lactobacillus_vaccinostercus	1
SRR14919239	Desulfovibrio_idahonensis	2
SRR14919246	Antarctobacter_heliothermus	13
SRR14919246	Ruminococcus_lactaris	156
SRR14919240	Phormidium_animale	6
SRR14919239	Weissella_paramesenteroides	5
SRR14919238	Chloroherpeton_thalassium	1
SRR14919235	Microcystis_panniformis	45
SRR14919245	Chromohalobacter_beijerinckii	1
SRR14919236	Antarctobacter_heliothermus	12
SRR14919236	Hespellia_stercorisuis	6
SRR14919239	Lachnoanaerobaculum_saburreum	3
SRR14919244	Kushneria_marisflavi	1
SRR14919236	Algimonas_ampicilliniresistens	1
SRR14919239	Virgibacillus_albus	1
SRR14919236	Lactobacillus_panis	2
SRR14919245	Phacus_orbicularis	1
SRR14919244	Anaeroglobus_geminatus	2
SRR14919243	Aggregatibacter_segnis	1
SRR14919242	Fusobacterium_russii	1
SRR14919236	Rubidimonas_crustatorum	2
SRR14919243	Methylohalomonas_lacus	1
SRR14919239	Scherffelia_dubia	2
SRR14919237	Clostridium_limosum	37
SRR14919239	Persicirhabdus_sediminis	1
SRR14919237	Fontibacter_flavus	50
SRR14919236	Fibrobacter_intestinalis	1
SRR14919244	Clostridium_glycyrrhizinilyticum	81
SRR14919240	Sediminitomix_flava	1
SRR14919235	Sporobacterium_olearium	1
SRR14919236	Acinetobacter_bouvetii	1
SRR14919235	Actinomyces_ruminicola	6
SRR14919236	Salinivibrio_siamensis	1
SRR14919239	Bifidobacterium_magnum	1
SRR14919239	Pylaiella_littoralis	1
SRR14919245	Bacteroides_coprosuis	4
SRR14919241	Haloarcula_sinaiiensis	4
SRR14919236	Serratia_marcescens	5
SRR14919246	Streptococcus_sanguinis	56
SRR14919240	Bifidobacterium_animalis	3
SRR14919242	Clostridium_hylemonae	320
SRR14919241	Clostridium_hathewayi	162
SRR14919238	Pseudomonas_jessenii	1
SRR14919237	Clostridium_viride	12
SRR14919242	Psychromonas_macrocephali	4
SRR14919238	Caloramator_australicus	7
SRR14919238	Clostridium_lactatifermentans	122
SRR14919235	Moraxella_caprae	1
SRR14919246	Bacteroides_intestinalis	105
SRR14919245	Azotobacter_chroococcum	6
SRR14919244	Pedobacter_xinjiangensis	1
SRR14919235	Bacteroides_helcogenes	11
SRR14919235	Catabacter_hongkongensis	1
SRR14919242	Caldicellulosiruptor_obsidiansis	7
SRR14919241	Dialister_succinatiphilus	4
SRR14919239	Streptococcus_suis	9
SRR14919238	Aeromonas_veronii	41
SRR14919243	Ammonifex_degensii	1
SRR14919236	Acetivibrio_ethanolgignens	432
SRR14919245	Roseburia_intestinalis	41
SRR14919244	Streptococcus_pyogenes	2
SRR14919244	Methanocalculus_pumilus	15
SRR14919239	Bifidobacterium_catenulatum	1
SRR14919236	Dolichospermum_circinale	7
SRR14919237	Streptomyces_variabilis	1
SRR14919240	Microcystis_viridis	1
SRR14919244	Mycoplasma_cavipharyngis	1
SRR14919243	Bacillus_mojavensis	1
SRR14919239	Desulfosporosinus_burensis	1
SRR14919237	Eubacterium_desmolans	609
SRR14919246	Wolbachia_pipientis	1
SRR14919246	Pseudomonas_stutzeri	15
SRR14919241	Desulfovibrio_tunisiensis	1
SRR14919239	Haloplasma_contractile	1
SRR14919245	Rhodothermus_marinus	3
SRR14919242	Thiothrix_flexilis	2
SRR14919242	Paenibacillus_siamensis	1
SRR14919240	Serratia_symbiotica	2
SRR14919243	Bacteroides_clarus	7
SRR14919239	Olivibacter_oleidegradans	1
SRR14919236	Negativicoccus_succinicivorans	5
SRR14919238	Pseudomonas_fluorescens	6
SRR14919236	Lactobacillus_saniviri	1
SRR14919246	Stomatobaculum_longum	2
SRR14919244	Clostridium_lituseburense	1
SRR14919240	Ruminococcus_callidus	56
SRR14919238	Phascolarctobacterium_faecium	73
SRR14919238	Clostridium_colinum	4
SRR14919236	Methylobacterium_aminovorans	1
SRR14919240	Escherichia/Shigella_hermannii	1
SRR14919238	Halolamina_pelagica	1
SRR14919245	Oscillatoria_amoena	1
SRR14919242	Pseudomonas_borbori	2
SRR14919241	Clostridium_algidixylanolyticum	16
SRR14919235	Desulfurobacterium_crinifex	1
SRR14919245	Mesoplasma_photuris	3
SRR14919246	Acetitomaculum_ruminis	355
SRR14919236	Natrinema_versiforme	1
SRR14919242	Shinella_kummerowiae	1
SRR14919244	Cytophaga_hutchinsonii	6
SRR14919243	Holdemania_filiformis	5
SRR14919235	Marivirga_tractuosa	1
SRR14919236	Bacillus_thermocloaceae	2
SRR14919242	Collinsella_aerofaciens	643
SRR14919237	Micrococcus_luteus	1
SRR14919236	Sinorickettsia_chlamys	1
SRR14919240	Microbulbifer_mangrovi	1
SRR14919239	Streptococcus_equinus	4
SRR14919242	Dioscorea_elephantipes	1
SRR14919236	Clostridium_clostridioforme	110
SRR14919237	Mitsuokella_jalaludinii	1
SRR14919246	Pedobacter_hartonius	1
SRR14919244	Actinomyces_funkei	4
SRR14919242	Enterobacter_hormaechei	17
SRR14919236	Selenomonas_dianae	4
SRR14919237	Pelotomaculum_propionicicum	1
SRR14919242	Natranaerovirga_hydrolytica	24
SRR14919235	Dasania_marina	1
SRR14919238	Veillonella_atypica	1
SRR14919237	Desulfotalea_psychrophila	175
SRR14919245	Pedobacter_arcticus	1
SRR14919242	Mycoplasma_amphoriforme	1
SRR14919236	Eubacterium_fissicatena	1
SRR14919237	Halolactibacillus_miurensis	1
SRR14919236	Lactobacillus_aviarius	3
SRR14919236	Clostridium_methylpentosum	17
SRR14919242	Sharpea_azabuensis	1
SRR14919241	Treponema_amylovorum	23
SRR14919240	Hazenella_coriacea	1
SRR14919246	Chryseobacterium_caeni	1
SRR14919242	Litorilinea_aerophila	1
SRR14919244	Desulfobacter_latus	3
SRR14919243	Klebsiella_pneumoniae	37
SRR14919241	Ruminococcus_flavefaciens	147
SRR14919238	Bifidobacterium_ruminantium	1
SRR14919244	Pseudendoclonium_akinetum	1
SRR14919242	Geobacillus_thermoleovorans	1
SRR14919245	Bacteroides_pectinophilus	1
SRR14919244	Marixanthomonas_ophiurae	1
SRR14919243	Actinobacillus_porcitonsillarum	1
SRR14919241	Neisseria_animaloris	1
SRR14919239	Euzebya_tangerina	7
SRR14919238	Streptacidiphilus_specus	2
SRR14919240	Actinobacillus_rossii	8
SRR14919242	Clostridium_putrefaciens	20
SRR14919239	Eubacterium_contortum	32
SRR14919235	Eubacterium_tortuosum	2
SRR14919246	Burkholderia_terricola	3
SRR14919244	Burkholderia_vietnamiensis	3
SRR14919241	Coprococcus_eutactus	6
SRR14919239	Anaerosphaera_aminiphila	1
SRR14919242	Prevotella_enoeca	1
SRR14919235	Clostridium_saccharogumia	3
SRR14919246	Cytophaga_xylanolytica	29
SRR14919236	Opitutus_terrae	1
SRR14919245	Actinobacillus_scotiae	81
SRR14919239	Sedimentibacter_hongkongensis	82
SRR14919242	Burkholderia_phymatum	3
SRR14919243	Idiomarina_donghaiensis	1
SRR14919242	Slackia_faecicanis	1
SRR14919238	Escherichia/Shigella_coli	8
SRR14919243	Dissulfuribacter_thermophilus	2
SRR14919241	Streptococcus_agalactiae	3
SRR14919243	Eubacterium_coprostanoligenes	165
SRR14919242	Flavobacterium_pectinovorum	1
SRR14919240	Ilyobacter_tartaricus	1
SRR14919246	Peptoniphilus_tyrrelliae	41
SRR14919242	Streptomyces_scabiei	1
SRR14919239	Treponema_amylovorum	18
SRR14919244	Alistipes_putredinis	2163
SRR14919242	Bacillus_megaterium	5
SRR14919242	Thermoanaerobacter_thermocopriae	17
SRR14919240	Actinomyces_lingnae	2
SRR14919243	Corynebacterium_doosanense	1
SRR14919240	Mogibacterium_neglectum	5
SRR14919237	Vibrio_harveyi	36
SRR14919241	Vibrio_fortis	2
SRR14919235	Megamonas_hypermegale	1
SRR14919244	Acetivibrio_cellulolyticus	59
SRR14919236	Phormidium_animale	6
SRR14919245	Phocaeicola_abscessus	18
SRR14919239	Actinomyces_meyeri	1
SRR14919246	Oxobacter_pfennigii	4
SRR14919244	Methylobacterium_radiotolerans	1
SRR14919244	Prevotella_loescheii	12
SRR14919239	Microcystis_aeruginosa	283
SRR14919235	Desulfotomaculum_putei	1
SRR14919239	Coprococcus_eutactus	14
SRR14919243	Idiomarina_xiamenensis	2
SRR14919243	Clostridium_botulinum	163
SRR14919236	Mycoplasma_phocidae	1
SRR14919239	Sneathia_sanguinegens	2
SRR14919243	Ectothiorhodospira_imhoffii	1
SRR14919241	Aneurinibacillus_aneurinilyticus	1
SRR14919235	Burkholderia_tropica	8
SRR14919245	Treponema_zioleckii	2
SRR14919243	Flexibacter_roseolus	1
SRR14919242	Anaerotruncus_colihominis	438
SRR14919239	Thermus_oshimai	1
SRR14919242	Brevundimonas_diminuta	1
SRR14919241	Streptococcus_massiliensis	1
SRR14919240	Leptospira_biflexa	81
SRR14919239	Caldicellulosiruptor_obsidiansis	1
SRR14919236	Clostridium_citroniae	178
SRR14919235	Escherichia/Shigella_boydii	1
SRR14919242	Alkaliphilus_peptidifermentans	2
SRR14919242	Cytophaga_aurantiaca	1
SRR14919242	Piscirickettsia_salmonis	2
SRR14919240	Lactobacillus_brevis	2
SRR14919239	Streptococcus_hyointestinalis	1
SRR14919239	Clostridium_sphenoides	10
SRR14919245	Butyrivibrio_crossotus	235
SRR14919243	Desulfonispora_thiosulfatigenes	1
SRR14919242	Methanolobus_vulcani	1
SRR14919241	Sedimentibacter_hydroxybenzoicus	2
SRR14919241	Prevotella_bryantii	53
SRR14919240	Clostridium_jejuense	5
SRR14919235	Phormidium_tenue	1
SRR14919236	Providencia_alcalifaciens	2
SRR14919237	Pseudomonas_aeruginosa	1
SRR14919236	Microbacterium_oxydans	1
SRR14919240	Roseibacterium_elongatum	1
SRR14919235	Paenibacillus_camelliae	2
SRR14919245	Euglenaria_anabaena	4
SRR14919243	Virgibacillus_marismortui	8
SRR14919239	Pedobacter_glucosidilyticus	1
SRR14919244	Prevotella_falsenii	3
SRR14919240	Sporomusa_acidovorans	1
SRR14919243	Pseudomonas_filiscindens	7
SRR14919241	Veillonella_rogosae	1
SRR14919239	Legionella_gresilensis	1
SRR14919246	Clostridium_clostridioforme	3
SRR14919245	Rheinheimera_soli	1
SRR14919238	Geosporobacter_subterraneus	2
SRR14919238	Filifactor_villosus	5
SRR14919246	Borrelia_valaisiana	1
SRR14919243	Clostridium_thermocellum	90
SRR14919241	Cetobacterium_somerae	1
SRR14919235	Pyrobaculum_aerophilum	56
SRR14919245	Clostridium_frigoris	2
SRR14919242	Bacteroides_gallinarum	2
SRR14919237	Desulfitobacterium_aromaticivorans	1
SRR14919237	Pelosinus_defluvii	2
SRR14919237	Holospora_curviuscula	1
SRR14919244	Dorea_formicigenerans	439
SRR14919240	Clostridium_populeti	32
SRR14919239	Campylobacter_hyointestinalis	1
SRR14919238	Rhodobacter_azotoformans	1
SRR14919235	Halobacterium_noricense	4
SRR14919238	Pseudoflavonifractor_capillosus	42
SRR14919236	Massilia_suwonensis	2
SRR14919239	Cocleimonas_flava	1
SRR14919244	Lactobacillus_vaccinostercus	1
SRR14919242	Alicyclobacillus_acidocaldarius	1
SRR14919238	Methylomonas_fodinarum	5
SRR14919246	Acinetobacter_calcoaceticus	1
SRR14919243	Treponema_medium	2
SRR14919244	Tissierella_creatinini	2
SRR14919242	Methylobacterium_fujisawaense	44
SRR14919242	Agrobacterium_vitis	186
SRR14919236	Caldicellulosiruptor_kristjanssonii	1
SRR14919236	Acinetobacter_calcoaceticus	3
SRR14919245	Alistipes_massiliensis	474
SRR14919243	Tindallia_californiensis	1
SRR14919240	Methanimicrococcus_blatticola	2
SRR14919240	Haemophilus_influenzae	11
SRR14919238	Clostridium_jejuense	4
SRR14919238	Dolosicoccus_paucivorans	1
SRR14919239	Oenococcus_oeni	1
SRR14919235	Cerasicoccus_frondis	1
SRR14919239	Anaerostipes_butyraticus	66
SRR14919245	Desmonostoc_muscorum	2
SRR14919243	Clostridium_islandicum	1
SRR14919241	Chrysodidymus_synuroideus	101
SRR14919245	Desulfovibrio_brasiliensis	1
SRR14919240	Streptococcus_infantis	3
SRR14919242	Peptoclostridium_difficile	282
SRR14919241	Weissella_minor	1
SRR14919246	Thioploca_ingrica	2
SRR14919235	Halobacillus_dabanensis	1
SRR14919246	Odoribacter_denticanis	5
SRR14919243	Bacillus_aquimaris	4
SRR14919237	Ignicoccus_islandicus	1
SRR14919246	Olivibacter_terrae	3
SRR14919245	Alcanivorax_dieselolei	4
SRR14919243	Larkinella_arboricola	1
SRR14919241	Hymenobacter_gelipurpurascens	1
SRR14919238	Clostridium_populeti	56
SRR14919242	Ethanoligenens_harbinense	6
SRR14919246	Treponema_bryantii	1
SRR14919244	Sphingobacterium_thalpophilum	2
SRR14919242	Dehalobacter_restrictus	3
SRR14919243	Rhodobacter_changlensis	1
SRR14919243	Leuconostoc_mesenteroides	4
SRR14919243	Lactonifactor_longoviformis	11
SRR14919237	Thermus_aquaticus	1
SRR14919239	Weissella_confusa	5
SRR14919235	Chlamydia_psittaci	1
SRR14919240	Haemophilus_simiae	1
SRR14919237	Geopsychrobacter_electrodiphilus	1
SRR14919243	Clostridium_chartatabidum	6
SRR14919235	Antarctobacter_heliothermus	4
SRR14919236	Bifidobacterium_reuteri	1
SRR14919242	Metabacterium_polyspora	1
SRR14919241	Anaerostipes_hadrus	6
SRR14919245	Shuttleworthia_satelles	5
SRR14919237	Eubacterium_eligens	21
SRR14919241	Calochaete_cimrmanii	34
SRR14919241	Granulosicoccus_coccoides	2
SRR14919238	Anaeroglobus_geminatus	4
SRR14919242	Parapedobacter_koreensis	1
SRR14919241	Burkholderia_cepacia	1
SRR14919243	Flexibacter_flexilis	2
SRR14919240	Oscillatoria_corallinae	1
SRR14919240	Pediococcus_acidilactici	35
SRR14919239	Desulfacinum_infernum	1
SRR14919239	Renibacterium_salmoninarum	1
SRR14919237	Methylohalomonas_lacus	1
SRR14919246	Helicobacter_heilmannii	2
SRR14919245	Escherichia/Shigella_boydii	1
SRR14919243	Oscillochloris_trichoides	4
SRR14919235	Anaerotruncus_colihominis	11
SRR14919245	Edaphobacter_aggregans	1
SRR14919244	Clostridium_stercorarium	1
SRR14919243	Fodinicurvata_sediminis	2
SRR14919238	Hymenobacter_antarcticus	1
SRR14919241	Runella_zeae	1
SRR14919238	Coenonia_anatina	1
SRR14919235	Haloarcula_sinaiiensis	1
SRR14919243	Clostridium_leptum	218
SRR14919236	Thermophagus_xiamenensis	1
SRR14919236	Buchnera_aphidicola	478
SRR14919244	Rapidithrix_thailandica	2
SRR14919242	Desulfuromusa_kysingii	1
SRR14919246	Acidilobus_sulfurireducens	9
SRR14919246	Brevibacillus_parabrevis	12
SRR14919241	Blautia_luti	13
SRR14919244	Fucus_vesiculosus	4
SRR14919241	Pedobacter_luteus	1
SRR14919238	Sedimentibacter_hydroxybenzoicus	24
SRR14919237	Balneatrix_alpica	1
SRR14919237	Francisella_noatunensis	39
SRR14919235	Akkermansia_muciniphila	7
SRR14919246	Bifidobacterium_breve	2
SRR14919245	Dietzia_maris	3
SRR14919244	Pusillimonas_ginsengisoli	2
SRR14919244	Alkalibacterium_indicireducens	1
SRR14919241	Lactobacillus_paracasei	1
SRR14919236	Oceanicoccus_sagamiensis	1
SRR14919245	Algoriphagus_lutimaris	2
SRR14919245	Alistipes_indistinctus	1400
SRR14919243	Collinsella_stercoris	1
SRR14919243	Chlamydia_pecorum	1
SRR14919245	Anaerococcus_hydrogenalis	18
SRR14919241	Planktothrix_rubescens	2
SRR14919239	Roseburia_intestinalis	444
SRR14919246	Microchaete_violacea	1
SRR14919246	Altererythrobacter_indicus	32
SRR14919245	Parabacteroides_distasonis	3280
SRR14919240	Vallitalea_guaymasensis	40
SRR14919240	Eubacterium_ramulus	381
SRR14919241	Syntrophomonas_palmitatica	1
SRR14919240	Providencia_rettgeri	1
SRR14919239	Calochaete_cimrmanii	43
SRR14919235	Paenibacillus_terrigena	1
SRR14919235	Thermoanaerobacterium_thermosaccharolyticum	1
SRR14919246	Fusibacter_paucivorans	3
SRR14919240	Prevotella_disiens	4
SRR14919239	Borrelia_turcica	1
SRR14919236	Bacillus_oshimensis	1
SRR14919245	Desulfovibrio_halophilus	117
SRR14919240	Parasegetibacter_luojiensis	2
SRR14919238	Thiothrix_flexilis	1
SRR14919246	Clostridium_xylanovorans	1
SRR14919239	Bacteroides_clarus	17
SRR14919235	Desulfobulbus_alkaliphilus	1
SRR14919242	Echinicola_shivajiensis	1
SRR14919245	Beijerinckia_derxii	36
SRR14919240	Clostridium_scindens	45
SRR14919242	Parabacteroides_merdae	75
SRR14919238	Lactobacillus_brevis	1
SRR14919236	Halococcus_hamelinensis	3
SRR14919239	Campylobacter_sputorum	4
SRR14919238	Mycoplasma_felis	43
SRR14919245	Serratia_rubidaea	1
SRR14919243	Hellea_balneolensis	1
SRR14919246	Tepidanaerobacter_acetatoxydans	2
SRR14919242	Oceanibacterium_hippocampi	1
SRR14919241	Clostridium_colicanis	1
SRR14919240	Allobaculum_stercoricanis	4
SRR14919238	Alteromonas_marina	2
SRR14919237	Pseudendoclonium_akinetum	1
SRR14919235	Paenibacillus_zanthoxyli	2
SRR14919246	Clostridium_estertheticum	63
SRR14919238	Bacteroides_pectinophilus	11
SRR14919238	Cytophaga_hutchinsonii	6
SRR14919240	Clostridium_cylindrosporum	3
SRR14919244	Woodsholea_maritima	2
SRR14919243	Pontibacter_salisaro	1
SRR14919245	Pseudomonas_lundensis	4
SRR14919246	Paracoccus_zeaxanthinifaciens	1
SRR14919243	Treponema_lecithinolyticum	44
SRR14919242	Nitrosococcus_halophilus	1
SRR14919241	Natranaerovirga_hydrolytica	2
SRR14919237	Clostridium_herbivorans	5
SRR14919239	Moorella_humiferrea	2
SRR14919243	Myxococcus_stipitatus	5
SRR14919239	Clostridium_algoriphilum	4
SRR14919238	Gemella_palaticanis	3
SRR14919243	Lactobacillus_johnsonii	1
SRR14919240	Acidaminobacter_hydrogenoformans	33
SRR14919238	Paramoritella_sediminis	1
SRR14919238	Methanobrevibacter_acididurans	1
SRR14919237	Kinetoplastibacterium_blastocrithidii	13
SRR14919242	Methylobacterium_aquaticum	2
SRR14919244	Hydrotalea_sandarakina	2
SRR14919245	Leuconostoc_gelidum	1
SRR14919243	Peptoniphilus_asaccharolyticus	1
SRR14919241	Geobacillus_thermoleovorans	2
SRR14919246	Gemella_haemolysans	1
SRR14919244	Mycoplasma_orale	2
SRR14919240	Paraprevotella_clara	33
SRR14919239	Lactobacillus_hokkaidonensis	1
SRR14919238	Vitreoscilla_stercoraria	1
SRR14919238	Laceyella_putida	1
SRR14919235	Brevibacterium_linens	9
SRR14919245	Antarctobacter_heliothermus	9
SRR14919239	Moorella_perchloratireducens	1
SRR14919238	Weissella_paramesenteroides	1
SRR14919238	Clostridium_scindens	29
SRR14919235	Spirochaeta_isovalerica	1
SRR14919240	Anaeroplasma_varium	6
SRR14919238	Moorella_perchloratireducens	1
SRR14919235	Mycoplasma_mycoides	1
SRR14919241	Carnobacterium_funditum	1
SRR14919240	Glycomyces_harbinensis	1
SRR14919237	Clostridium_isatidis	1
SRR14919236	Polaromonas_vacuolata	40
SRR14919243	Streptococcus_peroris	1
SRR14919240	Moorella_thermoacetica	1
SRR14919239	Nevskia_ramosa	1
SRR14919238	Bacteroides_graminisolvens	1
SRR14919235	Acidithiobacillus_cuprithermicus	1
SRR14919240	Helcococcus_sueciensis	2
SRR14919237	Desulfotomaculum_gibsoniae	1
SRR14919239	Actinobacillus_scotiae	84
SRR14919236	Lewinella_agarilytica	21
SRR14919242	Pedobacter_saltans	3
SRR14919242	Clostridium_caenicola	65
SRR14919241	Youngiibacter_multivorans	1
SRR14919238	Prevotella_buccalis	1
SRR14919246	Clostridium_spiroforme	10
SRR14919239	Hydrogenivirga_caldilitoris	2
SRR14919246	Thermobacillus_composti	3
SRR14919245	Colwellia_rossensis	1
SRR14919245	Desulfovibrio_legallii	2
SRR14919244	Desulfonatronobacter_acidivorans	1
SRR14919237	Clostridium_indolis	42
SRR14919236	Bacillus_simplex	3
SRR14919245	Clostridium_glycolicum	62
SRR14919239	Legionella_jordanis	1
SRR14919238	Thermoanaerobacterium_saccharolyticum	27
SRR14919236	Bacillus_indicus	1
SRR14919243	Bacillus_cereus	314
SRR14919242	Caldicellulosiruptor_saccharolyticus	2
SRR14919246	Olivibacter_ginsengisoli	26
SRR14919239	Desulfovibrio_intestinalis	1
SRR14919244	Corynebacterium_cyclohexanicum	1
SRR14919244	Acetobacterium_woodii	1
SRR14919242	Lacinutrix_copepodicola	1
SRR14919240	Clostridium_acidisoli	29
SRR14919235	Thermothrix_thiopara	1
SRR14919236	Halanaerobium_sehlinense	1
SRR14919238	Hydrogenoanaerobacterium_saccharovorans	42
SRR14919236	Acetoanaerobium_noterae	2
SRR14919244	Caulobacter_henricii	1
SRR14919236	Virgibacillus_marismortui	18
SRR14919243	Tannerella_forsythia	14
SRR14919240	Oleomonas_sagaranensis	1
SRR14919243	Olavius_algarvensis	1
SRR14919243	Orbus_sasakiae	2
SRR14919236	Butyrivibrio_hungatei	3
SRR14919236	Clostridium_ruminantium	5
SRR14919235	Mucilaginibacter_kameinonensis	1
SRR14919242	Syntrophomonas_cellicola	1
SRR14919240	Pediococcus_pentosaceus	1
SRR14919240	Ruminococcus_bromii	18514
SRR14919239	Subtercola_frigoramans	2
SRR14919241	Lactobacillus_faeni	2
SRR14919236	Brevundimonas_diminuta	2
SRR14919242	Desulfitobacterium_aromaticivorans	2
SRR14919239	Lactobacillus_paracasei	1
SRR14919236	Leptospira_biflexa	89
SRR14919242	Monomorphina_striata	1
SRR14919236	Lactobacillus_perolens	3
SRR14919238	Vallitalea_guaymasensis	23
SRR14919243	Bacillus_algicola	244
SRR14919245	Limibacter_armeniacum	7
SRR14919237	Treponema_pedis	1
SRR14919236	Lactobacillus_frumenti	1
SRR14919242	Staphylococcus_sciuri	3
SRR14919239	Butyrivibrio_crossotus	589
SRR14919239	Clostridium_leptum	219
SRR14919239	Clostridium_lactatifermentans	142
SRR14919244	Dehalobacterium_formicoaceticum	3
SRR14919243	Natronobacterium_gregoryi	2
SRR14919237	Lactobacillus_gallinarum	1
SRR14919235	Bacteroides_nordii	209
SRR14919242	Oleispira_lenta	1
SRR14919235	Mantoniella_squamata	1
SRR14919246	Lactobacillus_ultunensis	2
SRR14919238	Bacteroides_zoogleoformans	4
SRR14919245	Clostridium_clostridioforme	5
SRR14919243	Sinobacterium_caligoides	20
SRR14919241	Desulfothermus_okinawensis	1
SRR14919238	Nocardioides_plantarum	1
SRR14919237	Brachymonas_denitrificans	1
SRR14919235	Spiroplasma_platyhelix	1
SRR14919235	Thermogladius_shockii	114
SRR14919235	Clostridium_clostridioforme	97
SRR14919239	Vibrio_cholerae	1
SRR14919239	Clostridium_estertheticum	192
SRR14919246	Bacillus_hunanensis	1
SRR14919243	Ferroplasma_acidiphilum	1
SRR14919240	Tindallia_texcoconensis	1
SRR14919236	Bacteroides_gallinarum	5
SRR14919244	Enterococcus_hirae	1
SRR14919242	Nitratiruptor_tergarcus	1
SRR14919235	Pelodictyon_luteolum	3
SRR14919235	Streptococcus_dentapri	1
SRR14919245	Prevotella_shahii	20
SRR14919244	Leptotrichia_wadei	1
SRR14919243	Cardiobacterium_valvarum	1
SRR14919235	Pseudomonas_pictorum	90
SRR14919246	Grimontia_hollisae	2
SRR14919242	Streptococcus_danieliae	1
SRR14919241	Thioalkalispira_microaerophila	1
SRR14919239	Phascolarctobacterium_faecium	865
SRR14919245	Acinetobacter_calcoaceticus	2
SRR14919237	Algoriphagus_aquatilis	1
SRR14919242	Bifidobacterium_gallicum	1
SRR14919235	Acinetobacter_calcoaceticus	1
SRR14919241	Porphyromonas_somerae	3
SRR14919238	Paenibacillus_borealis	1
SRR14919238	Tissierella_creatinini	2
SRR14919238	Bacillus_firmus	67
SRR14919237	Solitalea_canadensis	1
SRR14919236	Vibrio_parahaemolyticus	2
SRR14919238	Natronoflexus_pectinivorans	3
SRR14919235	Chelativorans_multitrophicus	1
SRR14919235	Ethanoligenens_harbinense	3
SRR14919246	Eubacterium_infirmum	2
SRR14919239	Alistipes_massiliensis	957
SRR14919237	Acidaminobacter_hydrogenoformans	55
SRR14919235	Wohlfahrtiimonas_chitiniclastica	2
SRR14919236	Leuconostoc_mesenteroides	10
SRR14919236	Chryseobacterium_indologenes	1
SRR14919245	Acetobacterium_fimetarium	2
SRR14919236	Tumebacillus_flagellatus	5
SRR14919235	Actinomadura_yumaensis	1
SRR14919239	Roseiflexus_castenholzii	1
SRR14919245	Mycoplasma_hyorhinis	76
SRR14919244	Xenorhabdus_stockiae	1
SRR14919243	Lysobacter_enzymogenes	34
SRR14919239	Thermogymnomonas_acidicola	266
SRR14919237	Clostridium_islandicum	10
SRR14919242	Lactobacillus_gasseri	5
SRR14919240	Ureibacillus_thermosphaericus	1
SRR14919242	Bacillus_foraminis	8
SRR14919238	Vibrio_harveyi	55
SRR14919237	Guggenheimella_bovis	2
SRR14919244	Bacillus_alcalophilus	1
SRR14919244	Lactobacillus_fornicalis	1
SRR14919240	Treponema_stenostrepta	7
SRR14919239	Isosphaera_pallida	1
SRR14919238	Corallococcus_macrosporus	1
SRR14919246	Winogradskyella_epiphytica	54
SRR14919243	Neorickettsia_sennetsu	1
SRR14919242	Agrobacterium_tumefaciens	4
SRR14919239	Bacillus_aquimaris	1
SRR14919245	Bacteroides_vulgatus	39853
SRR14919237	Bryobacter_aggregatus	1
SRR14919244	Actinobaculum_massiliense	1
SRR14919243	Phacus_granum	1
SRR14919241	Xanthomonas_gardneri	4
SRR14919236	Planococcus_maritimus	1
SRR14919241	Mycoplasma_haemofelis	1
SRR14919241	Ruminococcus_obeum	116
SRR14919243	Bacteroides_fragilis	21910
SRR14919240	Thermus_yunnanensis	1
SRR14919242	Lactonifactor_longoviformis	24
SRR14919236	Oscillochloris_trichoides	9
SRR14919245	Pseudomonas_mosselii	1
SRR14919242	Alicyclobacillus_acidoterrestris	1
SRR14919243	Eggerthella_lenta	3
SRR14919239	Bacteroides_uniformis	10026
SRR14919238	Gelria_glutamica	2
SRR14919245	Actinomadura_rubrobrunea	1
SRR14919244	Streptococcus_macacae	1
SRR14919240	Methanosphaerula_palustris	24
SRR14919245	Lactobacillus_delbrueckii	1
SRR14919244	Clostridium_novyi	1
SRR14919243	Desulfosporosinus_auripigmenti	1
SRR14919240	Sporomusa_ovata	38
SRR14919238	Luteolibacter_algae	1
SRR14919238	Paraprevotella_clara	4
SRR14919235	Spiroplasma_ixodetis	1
SRR14919235	Lachnobacterium_bovis	4
SRR14919236	Anabaena_cylindrica	5
SRR14919244	Clostridium_clariflavum	5
SRR14919246	Thalassomonas_sediminis	3
SRR14919244	Legionella_fallonii	2
SRR14919238	Amycolatopsis_azurea	1
SRR14919236	Thiomicrospira_crunogena	1
SRR14919236	Victivallis_vadensis	2
SRR14919240	Ferrovum_myxofaciens	7
SRR14919244	Aureispira_maritima	33
SRR14919235	Arcicella_rigui	89
SRR14919244	Rickettsia_typhi	1
SRR14919246	Pedobacter_duraquae	12
SRR14919240	Prevotella_oris	1
SRR14919240	Desulfovibrio_ferrophilus	18
SRR14919243	Alysiella_crassa	1
SRR14919240	Helicobacter_canis	4
SRR14919239	Paracoccus_versutus	1
SRR14919244	Escherichia/Shigella_boydii	1
SRR14919242	Planctomyces_brasiliensis	1
SRR14919240	Ralstonia_solanacearum	1
SRR14919237	Pusillimonas_ginsengisoli	1
SRR14919246	Moraxella_lincolnii	1
SRR14919246	Clostridium_saccharogumia	5
SRR14919245	Adhaeribacter_aerophilus	4
SRR14919244	Dissulfuribacter_thermophilus	2
SRR14919241	Rhodoblastus_sphagnicola	1
SRR14919238	Enterococcus_columbae	4
SRR14919236	Thermosipho_ferriphilus	1
SRR14919244	Proteus_mirabilis	12
SRR14919238	Anaerococcus_hydrogenalis	12
SRR14919243	Shewanella_algae	2
SRR14919240	Amycolatopsis_orientalis	1
SRR14919242	Gelidiella_acerosa	3
SRR14919235	Methanobrevibacter_gottschalkii	2
SRR14919245	Histophilus_somni	1
SRR14919245	Mycoplasma_glycophilum	1
SRR14919240	Geothrix_fermentans	1
SRR14919236	Gemmata_obscuriglobus	1
SRR14919243	Bacteroides_coprocola	48
SRR14919241	Sphingobacterium_wenxiniae	2
SRR14919240	Porphyromonas_gingivalis	1
SRR14919246	Rickettsia_limoniae	1
SRR14919242	Pelagicoccus_albus	1
SRR14919240	Nitrobacter_hamburgensis	1
SRR14919236	Acidilobus_sulfurireducens	22
SRR14919246	Coprobacillus_cateniformis	1
SRR14919245	Agarivorans_albus	8
SRR14919238	Salmonella_enterica	1
SRR14919244	Sphingomonas_kaistensis	204
SRR14919240	Bradyrhizobium_japonicum	214
SRR14919245	Oceanobacillus_oncorhynchi	1
SRR14919237	Geosporobacter_subterraneus	4
SRR14919244	Clostridium_ramosum	133
SRR14919243	Bifidobacterium_choerinum	5
SRR14919243	Mesotoga_prima	1
SRR14919243	Dorea_longicatena	530
SRR14919239	Algoriphagus_lutimaris	3
SRR14919239	Alistipes_indistinctus	880
SRR14919245	Rikenella_microfusus	1
SRR14919235	Planktothrix_rubescens	4
SRR14919246	Porphyromonas_canis	1
SRR14919243	Lactobacillus_vaginalis	1
SRR14919242	Mycoplasma_agassizii	1
SRR14919238	Mycoplasma_faucium	1
SRR14919245	Olivibacter_sitiensis	1
SRR14919245	Clostridium_tyrobutyricum	1
SRR14919244	Planctomyces_maris	1
SRR14919236	Prevotella_disiens	5
SRR14919238	Tindallia_texcoconensis	2
SRR14919235	Enterococcus_aquimarinus	3
SRR14919240	Gemella_sanguinis	3
SRR14919246	Methanobacterium_flexile	2
SRR14919246	Lactobacillus_hominis	2
SRR14919240	Clostridium_pasteurianum	1
SRR14919239	Bacillus_lentus	1
SRR14919246	Clostridium_paradoxum	6
SRR14919236	Parabacteroides_merdae	41
SRR14919236	Fervidobacterium_gondwanense	1
SRR14919236	Actinomadura_keratinilytica	1
SRR14919240	Anaerovibrio_lipolyticus	3
SRR14919239	Alkalibacter_saccharofermentans	7
SRR14919245	Polyangium_sorediatum	1
SRR14919242	Mycoplasma_cricetuli	2
SRR14919241	Desulfonatronovibrio_magnus	1
SRR14919237	Paenibacillus_illinoisensis	1
SRR14919237	Lactobacillus_fermentum	4
SRR14919246	Prevotella_nigrescens	1
SRR14919241	Clostridium_cellulosi	12
SRR14919235	Fibrella_aestuarina	1
SRR14919245	Shewanella_sediminis	2
SRR14919243	Thermosipho_africanus	1
SRR14919240	Brevibacillus_brevis	1
SRR14919240	Natranaerovirga_hydrolytica	19
SRR14919243	Snodgrassella_alvi	12
SRR14919235	Trachelium_caeruleum	62
SRR14919243	Lactobacillus_cacaonum	1
SRR14919243	Leptospirillum_ferriphilum	1
SRR14919236	Pseudomonas_mendocina	2
SRR14919246	Pectinatus_cerevisiiphilus	1
SRR14919241	Lactobacillus_senioris	1
SRR14919240	Pilibacter_termitis	2
SRR14919244	Eubacterium_minutum	1
SRR14919244	Pasteurella_mairii	1
SRR14919243	Eggerthia_catenaformis	2
SRR14919237	Lactobacillus_shenzhenensis	1
SRR14919236	Halochromatium_glycolicum	2
SRR14919245	Psychrobacter_celer	1
SRR14919245	Rummeliibacillus_pycnus	1
SRR14919243	Methylobacterium_fujisawaense	34
SRR14919240	Lactobacillus_ingluviei	1
SRR14919238	Bacteroides_acidifaciens	143
SRR14919237	Synechococcus_elongatus	2
SRR14919245	Clostridium_ganghwense	1
SRR14919242	Bacillus_anthracis	4
SRR14919238	Hydrotalea_sandarakina	2
SRR14919243	Epulopiscium_fishelsoni	3
SRR14919243	Methanocella_paludicola	1
SRR14919242	Phascolarctobacterium_succinatutens	3
SRR14919236	Bacillus_methylotrophicus	1
SRR14919241	Trichocoleus_sociatus	1
SRR14919238	Cryptosporangium_japonicum	1
SRR14919244	Antarctobacter_heliothermus	2
SRR14919237	Clostridium_perfringens	215
SRR14919245	Erwinia_chrysanthemi	3
SRR14919235	Johnsonella_ignava	8
SRR14919236	Aeromonas_salmonicida	1
SRR14919241	Dichelobacter_nodosus	1
SRR14919239	Bradyrhizobium_jicamae	2
SRR14919236	Desulfococcus_multivorans	3
SRR14919244	Anaerofilum_agile	2
SRR14919235	Waddlia_chondrophila	1
SRR14919236	Clostridium_tepidiprofundi	1
SRR14919241	Prevotella_melaninogenica	123
SRR14919239	Heliobacterium_gestii	1
SRR14919236	Roseburia_inulinivorans	19
SRR14919246	Mycoplasma_hyopharyngis	1
SRR14919245	Piscicoccus_intestinalis	1
SRR14919245	Cytophaga_fermentans	11
SRR14919242	Ekhidna_lutea	1
SRR14919242	Fontibacter_flavus	95
SRR14919244	Bacillus_humi	21
SRR14919235	Sediminitomix_flava	2
SRR14919236	Borrelia_miyamotoi	2
SRR14919238	Hydrogenivirga_caldilitoris	1
SRR14919238	Mogibacterium_timidum	2
SRR14919245	Sphingobacterium_thalpophilum	1
SRR14919244	Eubacterium_coprostanoligenes	413
SRR14919238	Caloramator_quimbayensis	4
SRR14919235	Planctomyces_brasiliensis	1
SRR14919244	Thalassomonas_actiniarum	91
SRR14919244	Methanothermobacter_thermautotrophicus	1
SRR14919244	Clostridium_akagii	2
SRR14919242	Clostridium_cellobioparum	7
SRR14919239	Desulfovibrio_legallii	1
SRR14919237	Pseudomonas_viridiflava	4
SRR14919244	Chloroflexus_aggregans	5
SRR14919240	Treponema_denticola	54
SRR14919239	Xanthomonas_gardneri	2
SRR14919238	Pediococcus_pentosaceus	2
SRR14919244	Eubacterium_saphenum	8
SRR14919242	Scherffelia_dubia	1
SRR14919240	Prevotella_paludivivens	1
SRR14919237	Pasteurella_multocida	30
SRR14919237	Eubacterium_cylindroides	12
SRR14919239	Myxococcus_fulvus	1
SRR14919246	Pricia_antarctica	1
SRR14919243	Clostridium_polysaccharolyticum	14
SRR14919242	Trigonala_elaeagnus	2
SRR14919239	Desulfotalea_arctica	1
SRR14919239	Opitutus_terrae	2
SRR14919239	Pectobacterium_atrosepticum	4
SRR14919235	Eubacterium_angustum	1
SRR14919240	Flavobacterium_banpakuense	2
SRR14919239	Clostridium_putrefaciens	4
SRR14919239	Pontibacter_niistensis	1
SRR14919242	Ochrobactrum_grignonense	5
SRR14919241	Ectothiorhodospira_imhoffii	1
SRR14919240	Eubacterium_yurii	3
SRR14919239	Sulfurovum_lithotrophicum	1
SRR14919239	Campylobacter_helveticus	1
SRR14919237	Bifidobacterium_catenulatum	2
SRR14919243	Asterionella_ralfsii	1
SRR14919240	Mucilaginibacter_paludis	3
SRR14919240	Lactobacillus_animalis	6
SRR14919238	Zavarzinella_formosa	2
SRR14919240	Methanohalophilus_mahii	2
SRR14919236	Peptoniphilus_lacrimalis	100
SRR14919235	Serratia_symbiotica	1
SRR14919246	Psychromonas_macrocephali	2
SRR14919246	Gemella_asaccharolytica	95
SRR14919240	Pedobacter_borealis	1
SRR14919238	Ferrovum_myxofaciens	10
SRR14919235	Parabacteroides_distasonis	17
SRR14919236	Altererythrobacter_indicus	37
SRR14919241	Olsenella_umbonata	2
SRR14919237	Halorubrum_terrestre	31
SRR14919236	Helicobacter_canis	8
SRR14919239	Clostridium_piliforme	11
SRR14919239	Paraprevotella_xylaniphila	3
SRR14919246	Caedibacter_taeniospiralis	15
SRR14919245	Bacillus_beijingensis	1
SRR14919241	Aeromonas_veronii	23
SRR14919236	Halomonas_maura	16
SRR14919241	Bacillus_licheniformis	2
SRR14919246	Coprococcus_comes	43
SRR14919243	Clostridium_elmenteitii	1
SRR14919242	Pasteurella_pneumotropica	2
SRR14919240	Actinomyces_coleocanis	1
SRR14919235	Marinoscillum_furvescens	2
SRR14919236	Mycobacterium_chesapeaki	20
SRR14919236	Lactobacillus_kunkeei	221
SRR14919246	Anaerotruncus_colihominis	255
SRR14919238	Pseudoclavibacter_chungangensis	1
SRR14919238	Fervidobacterium_gondwanense	1
SRR14919236	Thermobrachium_celere	10
SRR14919243	Hespellia_porcina	16
SRR14919237	Fervidobacterium_gondwanense	1
SRR14919237	Lactobacillus_apodemi	1
SRR14919236	Desulfohalobium_retbaense	1
SRR14919238	Volucribacter_psittacicida	5
SRR14919245	Fusobacterium_nucleatum	4
SRR14919241	Clostridium_cellulolyticum	1
SRR14919244	Clostridium_clostridioforme	5
SRR14919242	Sporobacter_termitidis	5245
SRR14919236	Bizionia_myxarmorum	1
SRR14919245	Planomicrobium_koreense	1
SRR14919237	Methanobrevibacter_wolinii	2
SRR14919242	Carboxydocella_sporoproducens	1
SRR14919245	Pelotomaculum_propionicicum	1
SRR14919245	Cellulophaga_lytica	1
SRR14919243	Marinifilum_fragile	1
SRR14919238	Acetobacterium_fimetarium	6
SRR14919238	Clostridium_algidixylanolyticum	18
SRR14919246	Megasphaera_elsdenii	2
SRR14919244	Fusicatenibacter_saccharivorans	217
SRR14919242	Thiohalospira_halophila	3
SRR14919240	Tepidibacter_thalassicus	1
SRR14919239	Lutibacter_aestuarii	2
SRR14919238	Lactobacillus_oryzae	1
SRR14919235	Methylobacter_luteus	1
SRR14919246	Photorhabdus_luminescens	1
SRR14919245	Enterobacter_cloacae	1
SRR14919246	Armatimonas_rosea	5
SRR14919245	Rhizobium_galegae	1
SRR14919244	Legionella_maceachernii	1
SRR14919246	Bifidobacterium_ruminantium	1
SRR14919239	Geobacillus_uzenensis	1
SRR14919237	Mycoplasma_wenyonii	3
SRR14919235	Agrobacterium_tumefaciens	4
SRR14919246	Uruburuella_suis	1
SRR14919246	Eubacterium_rangiferina	52
SRR14919245	Olivibacter_jilunii	1
SRR14919240	Geobacillus_thermoleovorans	3
SRR14919243	Weeksella_virosa	1
SRR14919241	Methanimicrococcus_blatticola	5
SRR14919239	Vibrio_halioticoli	1
SRR14919237	Staphylococcus_cohnii	1
SRR14919237	Caldithrix_palaeochoryensis	1
SRR14919245	Selenomonas_flueggei	1
SRR14919242	Staphylococcus_hominis	1
SRR14919236	Mycoplasma_coccoides	1
SRR14919235	Oribacterium_sinus	235
SRR14919237	Bacillus_aurantiacus	1
SRR14919236	Anaerolinea_thermolimosa	1
SRR14919242	Mucilaginibacter_lutimaris	1
SRR14919236	Merismopedia_tenuissima	1
SRR14919246	Clostridium_boliviensis	1
SRR14919241	Salinicoccus_roseus	2
SRR14919237	Lactobacillus_crispatus	1
SRR14919237	Lysobacter_enzymogenes	39
SRR14919246	Brenneria_populi	3
SRR14919245	Ruminococcus_flavefaciens	187
SRR14919244	Halonotius_pteroides	1
SRR14919243	Clostridium_oceanicum	4
SRR14919242	Mycoplasma_iguanae	3
SRR14919240	Bacillus_sporothermodurans	1
SRR14919239	Lactobacillus_ruminis	5
SRR14919242	Marinomonas_aquimarina	1
SRR14919238	Lactobacillus_delbrueckii	1
SRR14919245	Pedobacter_terrae	1
SRR14919244	Alcaligenes_faecalis	2
SRR14919241	Youngiibacter_fragilis	1
SRR14919236	Winogradskyella_epiphytica	72
SRR14919238	Bacillus_foraminis	9
SRR14919242	Anaerostipes_caccae	3
SRR14919238	Brevibacillus_brevis	3
SRR14919246	Clostridium_sartagoforme	1
SRR14919237	Burkholderia_glathei	2
SRR14919236	Actinobacillus_porcinus	11
SRR14919245	Chrysodidymus_synuroideus	92
SRR14919244	Kushneria_indalinina	11
SRR14919237	Bacillus_megaterium	1
SRR14919235	Leptospira_idonii	6
SRR14919240	Carnimonas_nigrificans	1
SRR14919235	Actinomyces_lingnae	1
SRR14919236	Brachybacterium_rhamnosum	1
SRR14919241	Bacteroides_galacturonicus	3
SRR14919241	Lactonifactor_longoviformis	92
SRR14919242	Clostridium_viride	1046
SRR14919240	Deinococcus_radiophilus	1
SRR14919239	Clostridium_saccharogumia	3
SRR14919238	Bacillus_anthracis	4
SRR14919237	Ruminococcus_obeum	136
SRR14919236	Calothrix_parietina	1
SRR14919246	Alistipes_shahii	3703
SRR14919245	Prevotella_albensis	6
SRR14919245	Natronobacterium_texcoconense	1
SRR14919240	Melghirimyces_thermohalophilus	2
SRR14919239	Chloroidium_saccharophilum	2
SRR14919238	Cenarchaeum_symbiosum	159
SRR14919244	Weissella_minor	1
SRR14919243	Prevotella_oralis	1
SRR14919238	Alkalibacillus_silvisoli	1
SRR14919246	Ruminococcus_torques	483
SRR14919245	Ferroplasma_thermophilum	1
SRR14919236	Pediococcus_parvulus	388
SRR14919246	Ethanoligenens_harbinense	2
SRR14919245	Eubacterium_ventriosum	98
SRR14919244	Streptococcus_suis	4
SRR14919240	Clostridium_histolyticum	3
SRR14919245	Blautia_glucerasea	81
SRR14919241	Bifidobacterium_kashiwanohense	5
SRR14919239	Parachlamydia_acanthamoebae	1
SRR14919238	Prevotella_paludivivens	1
SRR14919237	Streptococcus_thermophilus	7
SRR14919244	Brassicibacter_mesophilus	1
SRR14919242	Nautilia_profundicola	1
SRR14919240	Corynebacterium_jeikeium	7
SRR14919240	Borrelia_burgdorferi	1
SRR14919240	Fervidobacterium_gondwanense	2
SRR14919246	Geobacter_bemidjiensis	2
SRR14919246	Taylorella_equigenitalis	37
SRR14919236	Azoarcus_tolulyticus	1
SRR14919245	Christensenella_minuta	40
SRR14919242	Staphylococcus_lentus	2
SRR14919235	Helicobacter_bilis	2
SRR14919243	Erwinia_mallotivora	2
SRR14919236	Bifidobacterium_choerinum	7
SRR14919245	Lactobacillus_suebicus	3
SRR14919239	Euglena_mutabilis	18
SRR14919244	Lawsonia_intracellularis	2
SRR14919244	Clostridium_subterminale	6
SRR14919245	Thioalkalivibrio_sulfidophilus	1
SRR14919244	Prevotella_copri	99299
SRR14919241	Enterococcus_faecium	5
SRR14919237	Arcobacter_bivalviorum	1
SRR14919236	Prevotella_bryantii	112
SRR14919244	Cloacibacillus_porcorum	10
SRR14919238	Clostridium_tyrobutyricum	1
SRR14919245	Granulosicoccus_coccoides	2
SRR14919240	Streptococcus_parauberis	2
SRR14919240	Clostridium_acetireducens	15
SRR14919238	Gelidiella_acerosa	2
SRR14919236	Pediococcus_claussenii	2
SRR14919236	Helicobacter_cinaedi	1
SRR14919246	Eubacterium_brachy	4
SRR14919244	Actinomyces_hyovaginalis	1
SRR14919239	Fervidobacterium_gondwanense	2
SRR14919238	Desulfosalsimonas_propionicica	2
SRR14919243	Campylobacter_curvus	1
SRR14919242	Megasphaera_hominis	91
SRR14919242	Psychrobacter_jeotgali	1
SRR14919242	Simkania_negevensis	2
SRR14919239	Clostridium_aminobutyricum	3
SRR14919235	Coleochaete_orbicularis	1
SRR14919236	Veillonella_rogosae	2
SRR14919237	Elusimicrobium_minutum	1
SRR14919246	Geosporobacter_subterraneus	1
SRR14919240	Vibrio_owensii	1
SRR14919239	Nocardia_asiatica	1
SRR14919239	Bifidobacterium_pseudocatenulatum	2
SRR14919236	Lutispora_thermophila	19
SRR14919242	Pelosinus_defluvii	1
SRR14919241	Selenomonas_dianae	1
SRR14919244	Dysgonomonas_capnocytophagoides	13
SRR14919240	Rhodopseudomonas_faecalis	1
SRR14919241	Bogoriella_caseilytica	1
SRR14919236	Mycoplasma_conjunctivae	30
SRR14919242	Streptococcus_didelphis	2
SRR14919236	Erythrobacter_jejuensis	1
SRR14919241	Vibrio_nereis	1
SRR14919243	Campylobacter_rectus	23
SRR14919236	Ephedra_trifurca	1
SRR14919242	Paenibacillus_hordei	181
SRR14919237	Pediococcus_acidilactici	19
SRR14919244	Chlorokybus_atmophyticus	1
SRR14919236	Caldanaerobacter_proteolyticus	1
SRR14919245	Filifactor_alocis	5
SRR14919244	Acinetobacter_calcoaceticus	2
SRR14919242	Thermus_thermophilus	1
SRR14919242	Desulfobacterium_autotrophicum	4
SRR14919244	Desulfococcus_niacini	2
SRR14919239	Enterococcus_faecium	5
SRR14919236	Clostridium_thermosuccinogenes	2
SRR14919245	Porphyromonas_uenonis	8
SRR14919245	Clostridium_fusiformis	21
SRR14919243	Mycoplasma_bovigenitalium	1
SRR14919241	Staphylococcus_equorum	1
SRR14919240	Nocardioides_tritolerans	1
SRR14919239	Bacillus_mycoides	1
SRR14919235	Flaviramulus_basaltis	1
SRR14919236	Clostridium_thiosulfatireducens	2
SRR14919237	Prevotella_intermedia	2
SRR14919236	Metallosphaera_sedula	1
SRR14919244	Thermosyntropha_lipolytica	2
SRR14919240	Halobaculum_magnesiiphilum	3
SRR14919245	Delftia_litopenaei	1
SRR14919240	Acinetobacter_parvus	3
SRR14919239	Brenneria_alni	1
SRR14919241	Odoribacter_splanchnicus	6
SRR14919245	Clostridium_metallolevans	2
SRR14919245	Spirochaeta_africana	1
SRR14919242	Ferroplasma_acidarmanus	1
SRR14919237	Elstera_litoralis	1
SRR14919237	Bacteroides_plebeius	13
SRR14919244	Heliobacillus_mobilis	1
SRR14919239	Atopobacter_phocae	1
SRR14919235	Deinococcus_apachensis	1
SRR14919244	Dyella_ginsengisoli	1
SRR14919244	Clostridium_aldrichii	1
SRR14919244	Thermoanaerobacter_kivui	5
SRR14919242	Euzebya_tangerina	4
SRR14919244	Prevotella_nanceiensis	4
SRR14919242	Parvularcula_lutaonensis	2
SRR14919239	Snodgrassella_alvi	16
SRR14919237	Phascolarctobacterium_succinatutens	58
SRR14919246	Lactobacillus_shenzhenensis	1
SRR14919245	Dialister_pneumosintes	2
SRR14919244	Allobaculum_stercoricanis	8
SRR14919242	Blautia_hansenii	19
SRR14919239	Prevotella_denticola	70
SRR14919235	Legionella_anisa	5
SRR14919236	Lactobacillus_shenzhenensis	4
SRR14919235	Clostridium_symbiosum	596
SRR14919237	Bacteroides_eggerthii	103
SRR14919240	Clostridium_cadaveris	4
SRR14919237	Sphingomonas_bosoensis	1
SRR14919246	Methanoculleus_marisnigri	1
SRR14919243	Fervidicoccus_fontis	1
SRR14919245	Pseudanabaena_mucicola	4
SRR14919243	Antarctobacter_heliothermus	3
SRR14919241	Phormidium_animale	6
SRR14919241	Mycoplasma_spermatophilum	1
SRR14919240	Bifidobacterium_actinocoloniiforme	1
SRR14919236	Paenibacillus_lactis	1
SRR14919235	Rummeliibacillus_suwonensis	2
SRR14919244	Eubostrichus_dianeae	1
SRR14919236	Terrahaemophilus_aromaticivorans	1
SRR14919235	Clostridium_cellobioparum	3
SRR14919245	Bacteroides_dorei	1191
SRR14919243	Ohtaekwangia_kribbensis	6
SRR14919245	Prevotella_ruminicola	14
SRR14919243	Fervidobacterium_gondwanense	2
SRR14919244	Oxalophagus_oxalicus	3
SRR14919245	Euglena_geniculata	2
SRR14919242	Weissella_confusa	5
SRR14919246	Eubacterium_ruminantium	57
SRR14919240	Streptococcus_vestibularis	4
SRR14919239	Parvibacter_caecicola	4
SRR14919236	Hymenobacter_elongatus	1
SRR14919242	Ferrimonas_marina	1
SRR14919240	Leuconostoc_citreum	2
SRR14919239	Nitrosococcus_halophilus	1
SRR14919238	Fontibacter_flavus	80
SRR14919237	Hydrogenivirga_caldilitoris	1
SRR14919235	Clostridium_kluyveri	2
SRR14919239	Psychromonas_macrocephali	1
SRR14919238	Bacillus_halodurans	1
SRR14919236	Desulfobacterium_corrodens	1
SRR14919245	Prevotella_multiformis	1
SRR14919243	Lysinibacillus_fusiformis	1
SRR14919238	Dolichospermum_planctonicum	1
SRR14919242	Treponema_pectinovorum	1
SRR14919238	Methanohalophilus_mahii	3
SRR14919236	Robinsoniella_peoriensis	81
SRR14919235	Acidovorax_avenae	1
SRR14919245	Psychrobacter_maritimus	2
SRR14919244	Weissella_cibaria	2
SRR14919241	Dysgonomonas_mossii	4
SRR14919238	Clostridium_viride	45
SRR14919242	Fretibacterium_fastidiosum	1
SRR14919235	Clostridium_bowmanii	1
SRR14919244	Lactobacillus_farciminis	1
SRR14919238	Dialister_succinatiphilus	1
SRR14919246	Bilophila_wadsworthia	56
SRR14919243	Anaerobranca_gottschalkii	1
SRR14919243	Bifidobacterium_longum	52
SRR14919242	Idiomarina_salinarum	2
SRR14919242	Bacteroides_pyogenes	12
SRR14919236	Coprobacillus_cateniformis	2
SRR14919245	Streptomyces_coelicolor	1
SRR14919245	Lactobacillus_parabuchneri	85
SRR14919244	Paenibacillus_pabuli	60
SRR14919243	Melioribacter_roseus	4
SRR14919240	Bacteroides_propionicifaciens	10
SRR14919238	Pectobacterium_atrosepticum	2
SRR14919239	Anaerotruncus_colihominis	63
SRR14919237	Clostridium_amylolyticum	1
SRR14919242	Haladaptatus_litoreus	1
SRR14919239	Chlamydia_suis	1
SRR14919238	Spirulina_subsalsa	8
SRR14919245	Proteinimicrobium_ihbtica	1
SRR14919244	Clostridium_intestinale	2
SRR14919235	Anabaena_torulosa	1
SRR14919236	Borrelia_garinii	1
SRR14919236	Rhodobacter_apigmentum	1
SRR14919243	Peptococcus_niger	394
SRR14919240	Halobacterium_salinarum	14
SRR14919244	Pelobacter_massiliensis	1
SRR14919243	Thiothrix_flexilis	3
SRR14919246	Bacillus_cereus	277
SRR14919242	Lactobacillus_helveticus	6
SRR14919241	Carnobacterium_mobile	1
SRR14919237	Roseburia_faecis	150
SRR14919236	Caedibacter_taeniospiralis	33
SRR14919245	Bradyrhizobium_elkanii	106
SRR14919237	Agrobacterium_vitis	88
SRR14919241	Brachybacterium_fresconis	1
SRR14919240	Emticicia_oligotrophica	3
SRR14919235	Bacillus_licheniformis	4
SRR14919240	Alistipes_finegoldii	650
SRR14919241	Brevinema_andersonii	1
SRR14919238	Hellea_balneolensis	1
SRR14919243	Thermoactinomyces_intermedius	3
SRR14919241	Streptococcus_porcinus	1
SRR14919239	Vibrio_harveyi	55
SRR14919241	Xylanibacter_oryzae	1
SRR14919237	Lactobacillus_murinus	2
SRR14919236	Runella_zeae	1
SRR14919245	Natrinema_versiforme	1
SRR14919241	Halomicroarcula_pellucida	1
SRR14919241	Aeromonas_hydrophila	3
SRR14919240	Desulfonatronovibrio_magnus	2
SRR14919236	Sporobacter_termitidis	128
SRR14919241	Clostridium_hylemonae	1015
SRR14919239	Clostridiisalibacter_paucivorans	1
SRR14919246	Actinomadura_pelletieri	1
SRR14919236	Blautia_luti	6543
SRR14919235	Ornithobacterium_rhinotracheale	2
SRR14919240	Ruminococcus_gauvreauii	4
SRR14919239	Eubacterium_aggregans	1
SRR14919246	Nocardioides_lentus	6
SRR14919246	Porphyromonas_levii	3
SRR14919240	Anaerorhabdus_furcosa	6
SRR14919235	Nocardia_cyriacigeorgica	1
SRR14919243	Enterococcus_durans	2
SRR14919241	Alistipes_shahii	6
SRR14919238	Ruminococcus_flavefaciens	6515
SRR14919237	Persicobacter_diffluens	1
SRR14919241	Desulfitobacterium_aromaticivorans	1
SRR14919246	Glycomyces_arizonensis	1
SRR14919245	Bifidobacterium_ruminantium	1
SRR14919243	Ectothiorhodospira_marina	1
SRR14919241	Gracilaria_tenuistipitata	2
SRR14919240	Staphylococcus_caprae	1
SRR14919235	Prevotella_amnii	2
SRR14919245	Methanofollis_tationis	1
SRR14919245	Oleispira_lenta	1
SRR14919239	Bacillus_subtilis	14
SRR14919239	Coprococcus_catus	261
SRR14919243	Shewanella_woodyi	1
SRR14919242	Simplicispira_psychrophila	5
SRR14919240	Methanocella_conradii	207
SRR14919246	Ornatilinea_apprima	1
SRR14919244	Methanolinea_mesophila	1
SRR14919242	Mycoplasma_penetrans	1
SRR14919238	Chrysodidymus_synuroideus	95
SRR14919236	Pseudomonas_stutzeri	45
SRR14919236	Caldithrix_palaeochoryensis	1
SRR14919245	Rummeliibacillus_suwonensis	1
SRR14919239	Brevinema_andersonii	1
SRR14919237	Clostridium_gasigenes	18
SRR14919236	Paenibacillus_durus	2
SRR14919235	Legionella_beliardensis	1
SRR14919245	Stomatobaculum_longum	2
SRR14919242	Hydrogenophilus_islandicus	1
SRR14919242	Pseudobutyrivibrio_xylanivorans	42
SRR14919243	Chryseobacterium_greenlandense	11
SRR14919236	Anaerostipes_hadrus	2231
SRR14919244	Euglena_schmitzii	1
SRR14919238	Acinetobacter_parvus	1
SRR14919246	Staphylococcus_aureus	3
SRR14919239	Aeromonas_hydrophila	4
SRR14919241	Ureibacillus_thermosphaericus	1
SRR14919241	Lactobacillus_acidophilus	1
SRR14919240	Pseudomonas_teessidea	5
SRR14919242	Dyella_marensis	1
SRR14919239	Ethanoligenens_harbinense	1
SRR14919238	Veillonella_magna	5
SRR14919238	Methylobacterium_extorquens	1
SRR14919235	Treponema_azotonutricium	14
SRR14919239	Desulfobacterium_vacuolatum	1
SRR14919235	Neorickettsia_risticii	1
SRR14919237	Brassicibacter_mesophilus	3
SRR14919237	Desulfotomaculum_peckii	97
SRR14919244	Methylobacterium_fujisawaense	27
SRR14919242	Lachnospira_multipara	2
SRR14919236	Gelidium_floridanum	1
SRR14919240	Lactonifactor_longoviformis	24
SRR14919235	Clostridium_amygdalinum	34
SRR14919243	Clostridium_asparagiforme	3
SRR14919242	Pectinatus_sottacetonis	4
SRR14919240	Treponema_pedis	1
SRR14919242	Propionispora_hippei	4
SRR14919236	Blautia_schinkii	76
SRR14919244	Chlorobium_limicola	1
SRR14919243	Shimwellia_blattae	1
SRR14919241	Halorhodospira_abdelmalekii	1
SRR14919238	Blastopirellula_cremea	1
SRR14919242	Phormidium_terebriforme	1
SRR14919242	Mycobacterium_tuberculosis	2
SRR14919235	Enterococcus_eurekensis	12
SRR14919246	Paenibacillus_assamensis	5
SRR14919243	Alicyclobacillus_pomorum	5
SRR14919241	Eubacterium_thermomarinus	4
SRR14919245	Pseudomonas_corrugata	2
SRR14919245	Youngiibacter_multivorans	2
SRR14919243	Marinobacterium_jannaschii	1
SRR14919239	Blautia_producta	63
SRR14919238	Granulosicoccus_coccoides	1
SRR14919242	Klebsiella_pneumoniae	53
SRR14919240	Eubacterium_siraeum	49
SRR14919239	Lactobacillus_animata	1
SRR14919239	Eubacterium_ventriosum	8348
SRR14919235	Atopobium_vaginae	2
SRR14919245	Fibrobacter_intestinalis	2
SRR14919244	Xanthomonas_axonopodis	4
SRR14919244	Ammonifex_degensii	2
SRR14919237	Vibrio_pectenicida	1
SRR14919235	Eubacterium_ramulus	2839
SRR14919245	Ruminococcus_lactaris	21
SRR14919243	Clostridium_fallax	1
SRR14919243	Sinorhizobium_americanum	2
SRR14919242	Halorubrum_chaoviator	1
SRR14919241	Moryella_indoligenes	1
SRR14919238	Clostridium_bolteae	1
SRR14919238	Eubacterium_contortum	31
SRR14919235	Clostridium_hiranonis	1
SRR14919235	Carboxydocella_manganica	1
SRR14919246	Clostridium_sulfidigenes	4
SRR14919244	Burkholderia_tropica	12
SRR14919235	Chromohalobacter_beijerinckii	2
SRR14919241	Marinoscillum_pacificum	4
SRR14919239	Christensenella_minuta	9
SRR14919240	Bacteroides_xylanisolvens	15
SRR14919246	Sphingobacterium_thalpophilum	1
SRR14919245	Borrelia_duttonii	2
SRR14919245	Eubacterium_coprostanoligenes	389
SRR14919244	Bacteroides_clarus	34
SRR14919243	Dolichospermum_flos-aquae	2
SRR14919242	Coprobacter_fastidiosus	285
SRR14919242	Vibrio_casei	1
SRR14919235	Algimonas_ampicilliniresistens	1
SRR14919240	Geobacter_bremensis	1
SRR14919238	Halobacterium_salinarum	21
SRR14919237	Sphingomonas_polyaromaticivorans	1
SRR14919243	Thermodesulfobacterium_geofontis	1
SRR14919243	Sporomusa_ovata	29
SRR14919241	Kushneria_avicenniae	1
SRR14919241	Bacillus_firmus	43
SRR14919239	Lepocinclis_spirogyroides	1
SRR14919243	Clostridium_oroticum	56
SRR14919242	Enterorhabdus_caecimuris	36
SRR14919244	Pandoraea_apista	1
SRR14919243	Pyrobaculum_arsenaticum	5
SRR14919242	Euglena_gracilis	1
SRR14919237	Eubacterium_pyruvativorans	436
SRR14919242	Desulfotomaculum_carboxydivorans	21
SRR14919238	Arcicella_rigui	118
SRR14919236	Psychrobacter_jeotgali	1
SRR14919245	Bacteroides_cellulosolvens	1
SRR14919245	Enterococcus_gilvus	2
SRR14919244	Pedobacter_boryungensis	1
SRR14919244	Paenibacillus_azoreducens	1
SRR14919243	Methanoregula_boonei	1
SRR14919242	Deinococcus_pimensis	1
SRR14919241	Leuconostoc_gasicomitatum	1
SRR14919236	Zobellia_galactanivorans	1
SRR14919244	Bacteroides_coprosuis	3
SRR14919243	Clostridium_clostridioforme	5
SRR14919241	Legionella_gresilensis	1
SRR14919238	Peptoniphilus_ivorii	1
SRR14919235	Tepidanaerobacter_acetatoxydans	4
SRR14919239	Woodsholea_maritima	2
SRR14919241	Grammonema_striatula	1
SRR14919239	Ignisphaera_aggregans	3
SRR14919246	Clostridium_butyricum	1
SRR14919243	Caloramator_fervidus	7
SRR14919242	Paracoccus_homiensis	1
SRR14919240	Clostridium_hathewayi	199
SRR14919239	Desulfotomaculum_carboxydivorans	9
SRR14919238	Borrelia_sinica	1
SRR14919245	Actinomyces_funkei	2
SRR14919244	Intestinimonas_butyriciproducens	244
SRR14919241	Mycoplasma_flocculare	1
SRR14919239	Prevotella_salivae	2
SRR14919238	Pelosinus_defluvii	3
SRR14919238	Sporacetigenium_mesophilum	1
SRR14919237	Selenomonas_dianae	1
SRR14919242	Proteocatella_sphenisci	6
SRR14919239	Tissierella_praeacuta	1
SRR14919238	Clostridium_metallolevans	2
SRR14919243	Bacteroides_xylanolyticus	179
SRR14919238	Rhodonellum_psychrophilum	1
SRR14919244	Ruminococcus_gnavus	68
SRR14919239	Persicitalea_jodogahamensis	1
SRR14919238	Acholeplasma_modicum	1
SRR14919244	Bacillus_horikoshii	3
SRR14919243	Flectobacillus_lacus	1
SRR14919242	Clostridium_aminophilum	45
SRR14919242	Clostridium_botulinum	155
SRR14919238	Rhodococcus_equi	1
SRR14919245	Deferribacter_autotrophicus	1
SRR14919245	Neptunomonas_concharum	1
SRR14919237	Saccharospirillum_aestuarii	1
SRR14919245	Streptococcus_anginosus	1
SRR14919240	Methylomonas_fodinarum	11
SRR14919239	Syntrophomonas_cellicola	3
SRR14919240	Enterococcus_mundtii	16
SRR14919246	Natronoflexus_pectinivorans	1
SRR14919237	Allobaculum_stercoricanis	4
SRR14919246	Caldithrix_palaeochoryensis	1
SRR14919242	Eubacterium_cellulosolvens	27
SRR14919239	Clostridium_fusiformis	38
SRR14919236	Eubacterium_desmolans	1180
SRR14919238	Alistipes_finegoldii	256
SRR14919235	Rhodothermus_marinus	1
SRR14919235	Anaeroplasma_varium	4
SRR14919235	Negativicoccus_succinicivorans	1
SRR14919238	Stenotrophomonas_acidaminiphila	1
SRR14919245	Rhodobacter_sphaeroides	1
SRR14919242	Corynebacterium_durum	3
SRR14919245	Arthrobacter_sulfonivorans	1
SRR14919242	Lachnospira_pectinoschiza	232
SRR14919244	Geotoga_subterranea	1
SRR14919236	Streptococcus_uberis	1
SRR14919236	Leptotrichia_hofstadii	1
SRR14919240	Bacteroides_coprophilus	24
SRR14919243	Natroniella_acetigena	1
SRR14919243	Borrelia_crocidurae	1
SRR14919237	Azospirillum_melinis	1
SRR14919237	Pseudomonas_alcaligenes	37
SRR14919244	Acinetobacter_junii	2
SRR14919243	Slackia_faecicanis	2
SRR14919242	Pelotomaculum_schinkii	2
SRR14919242	Holdemania_filiformis	17
SRR14919244	Treponema_succinifaciens	2
SRR14919243	Paenibacillus_gansuensis	1
SRR14919240	Marinomonas_communis	1
SRR14919238	Prevotella_nanceiensis	5
SRR14919236	Paracoccus_denitrificans	2
SRR14919235	Lactobacillus_shenzhenensis	3
SRR14919245	Paucimonas_lemoignei	1
SRR14919240	Prevotella_corporis	1
SRR14919246	Pedobacter_cryoconitis	1
SRR14919241	Gemmiger_formicilis	3
SRR14919235	Exiguobacterium_indicum	1
SRR14919246	Peptoclostridium_difficile	114
SRR14919241	Bacteroides_intestinalis	22
SRR14919241	Anaerococcus_senegalensis	73
SRR14919238	Lactobacillus_acidipiscis	3
SRR14919237	Ruegeria_mobilis	69
SRR14919240	Hassallia_byssoidea	1
SRR14919235	Enhygromyxa_salina	29
SRR14919242	Methanimicrococcus_blatticola	3
SRR14919242	Antarctobacter_heliothermus	14
SRR14919238	Deinococcus_radiodurans	1
SRR14919235	Pectobacterium_betavasculorum	1
SRR14919240	Aquifex_aeolicus	1
SRR14919235	Methanosphaera_cuniculi	2
SRR14919246	Agrobacterium_tumefaciens	5
SRR14919245	Acidovorax_delafieldii	1
SRR14919242	Algoriphagus_marincola	1
SRR14919239	Abiotrophia_defectiva	6
SRR14919239	Bacteroides_barnesiae	31
SRR14919239	Pseudanabaena_mucicola	8
SRR14919236	Lysinibacillus_fusiformis	1
SRR14919235	Eubacterium_limosum	4
SRR14919245	Mucilaginibacter_boryungensis	2
SRR14919243	Helicobacter_pylori	231
SRR14919241	Sutterella_wadsworthensis	2
SRR14919240	Blautia_faecis	2652
SRR14919239	Bifidobacterium_gallicum	2
SRR14919237	Phormidium_animale	4
SRR14919239	Alistipes_onderdonkii	9
SRR14919236	Desulfacinum_hydrothermale	2
SRR14919242	Elizabethkingia_meningoseptica	3
SRR14919242	Sporotomaculum_syntrophicum	1
SRR14919236	Thalassiosira_pseudonana	57
SRR14919239	Aureispira_maritima	43
SRR14919241	Microcystis_aeruginosa	234
SRR14919237	Anaerovibrio_lipolyticus	8
SRR14919244	Bacteriovorax_litoralis	1
SRR14919239	Enterococcus_sulfureus	1
SRR14919238	Olavius_algarvensis	1
SRR14919235	Ruminococcus_bromii	1168
SRR14919245	Thermoanaerobacterium_xylanolyticum	85
SRR14919236	Lactobacillus_faeni	1
SRR14919235	Malawimonas_jakobiformis	1
SRR14919246	Microcystis_panniformis	46
SRR14919241	Gardnerella_vaginalis	1
SRR14919241	Leptospira_biflexa	53
SRR14919242	Eubacterium_dolichum	2
SRR14919242	Sporomusa_termitida	1
SRR14919235	Lactobacillus_bifermentans	1
SRR14919246	Centipeda_periodontii	1
SRR14919243	Bacillus_horneckiae	1
SRR14919237	Treponema_phagedenis	33
SRR14919240	Calditerrivibrio_nitroreducens	2
SRR14919238	Inhella_fonticola	1
SRR14919237	Arthrospira_platensis	1
SRR14919242	Clostridium_sufflavum	1
SRR14919235	Bifidobacterium_magnum	1
SRR14919244	Catabacter_hongkongensis	7
SRR14919244	Clostridium_leptum	105
SRR14919239	Prevotella_multiformis	1
SRR14919239	Marinoscillum_pacificum	2
SRR14919238	Spiroplasma_taiwanense	1
SRR14919242	Oceanirhabdus_sediminicola	5
SRR14919246	Cronobacter_sakazakii	1
SRR14919246	Halobacillus_profundi	1
SRR14919244	Desulfovibrio_ferrophilus	8
SRR14919243	Staphylococcus_succinus	1
SRR14919240	Bacteroides_nordii	313
SRR14919242	Collinsella_intestinalis	1
SRR14919237	Pectobacterium_atrosepticum	7
SRR14919235	Lactobacillus_parabuchneri	61
SRR14919245	Dolichospermum_circinale	2
SRR14919237	Bifidobacterium_longum	5
SRR14919245	Geosporobacter_subterraneus	4
SRR14919244	Solitalea_koreensis	2
SRR14919240	Selenomonas_ruminantium	123
SRR14919239	Clostridium_ramosum	1
SRR14919238	Emticicia_oligotrophica	5
SRR14919238	Caldisphaera_lagunensis	1
SRR14919243	Phytophthora_infestans	23
SRR14919239	Parvimonas_micra	6
SRR14919245	Kouleothrix_aurantiaca	2
SRR14919242	Subdoligranulum_variabile	101
SRR14919236	Marinomonas_ostreistagni	1
SRR14919244	Thalassomonas_agarivorans	1
SRR14919235	Sideroxydans_lithotrophicus	1
SRR14919245	Staphylococcus_pasteuri	2
SRR14919244	Nocardioides_ganghwensis	1
SRR14919240	Streptococcus_pyogenes	8
SRR14919237	Olleya_marilimosa	1
SRR14919235	Caedibacter_caryophilus	24
SRR14919244	Phocaeicola_abscessus	10
SRR14919243	Methylobacterium_radiotolerans	2
SRR14919240	Persephonella_hydrogeniphila	2
SRR14919239	Moryella_indoligenes	4
SRR14919239	Lactobacillus_kitasatonis	5
SRR14919235	Haloplasma_contractile	2
SRR14919235	Halopelagius_inordinatus	1
SRR14919243	Eubacterium_rectale	2288
SRR14919239	Thiothrix_flexilis	1
SRR14919236	Bacteroides_xylanolyticus	56
SRR14919246	Trichococcus_collinsii	126
SRR14919244	Chryseobacterium_koreense	1
SRR14919240	Coxiella_burnetii	2
SRR14919235	Bifidobacterium_asteroides	1
SRR14919244	Weissella_ghanensis	1
SRR14919239	Desulfotomaculum_alcoholivorax	1
SRR14919239	Bradyrhizobium_elkanii	116
SRR14919236	Algibacter_lectus	1
SRR14919237	Solobacterium_moorei	2
SRR14919246	Parabacteroides_chartae	3
SRR14919242	Psychrobacter_immobilis	1
SRR14919236	Geomicrobium_halophilum	1
SRR14919244	Campylobacter_concisus	1
SRR14919238	Pseudobutyrivibrio_ruminis	4
SRR14919238	Leptosira_terrestris	1
SRR14919245	Paenibacillus_illinoisensis	1
SRR14919243	Prevotella_bergensis	1
SRR14919241	Xanthomonas_translucens	2
SRR14919241	Campylobacter_sputorum	2
SRR14919239	Kushneria_avicenniae	1
SRR14919239	Roseburia_hominis	1341
SRR14919235	Clostridium_citroniae	287
SRR14919243	Clostridium_peptidivorans	1
SRR14919243	Pedobacter_insulae	1
SRR14919242	Acetitomaculum_ruminis	96
SRR14919239	Alteromonas_marina	1
SRR14919242	Butyricimonas_synergistica	2
SRR14919236	Bacillus_pumilus	86
SRR14919244	Cerasicoccus_frondis	1
SRR14919239	Desulfobulbus_alkaliphilus	1
SRR14919244	Isosphaera_pallida	2
SRR14919239	Halomonas_maura	12
SRR14919246	Lactobacillus_reuteri	61
SRR14919241	Chondromyces_crocatus	2
SRR14919241	Enterococcus_casseliflavus	1
SRR14919239	Ochrobactrum_grignonense	4
SRR14919237	Bradyrhizobium_japonicum	112
SRR14919245	Orbus_sasakiae	2
SRR14919238	Caloramator_viterbiensis	6
SRR14919237	Clostridium_tertium	1
SRR14919235	Pilibacter_termitis	1
SRR14919245	Prevotella_maculosa	15
SRR14919241	Peptoniphilus_tyrrelliae	60
SRR14919237	Mucilaginibacter_paludis	1
SRR14919245	Haloarcula_aidinensis	1
SRR14919243	Fructobacillus_ficulneus	1
SRR14919245	Bifidobacterium_breve	4
SRR14919244	Bifidobacterium_ruminantium	1
SRR14919242	Sorangium_cellulosum	3
SRR14919238	Proteiniclasticum_ruminis	1
SRR14919235	Thermus_yunnanensis	1
SRR14919244	Clostridium_cylindrosporum	2
SRR14919243	Bacteroides_massiliensis	40
SRR14919242	Arthrobacter_uratoxydans	2
SRR14919238	Bacteroides_coprophilus	20
SRR14919235	Clostridium_frigoris	21
SRR14919245	Actinopolyspora_indiensis	1
SRR14919244	Porphyromonas_gingivicanis	1
SRR14919236	Microchaete_violacea	1
SRR14919245	Weissella_paramesenteroides	1
SRR14919236	Holospora_curviuscula	4
SRR14919243	Thiomargarita_namibiensis	268
SRR14919243	Dorea_formicigenerans	62
SRR14919238	Enterococcus_mundtii	6
SRR14919237	Myroides_odoratimimus	1
SRR14919237	Murinocardiopsis_flavida	1
SRR14919237	Halotalea_alkalilenta	1
SRR14919236	Chlamydia_psittaci	5
SRR14919245	Paracoccus_carotinifaciens	1
SRR14919235	Parabacteroides_gordonii	367
SRR14919236	Clostridium_asparagiforme	22
SRR14919242	Burkholderia_terricola	3
SRR14919241	Wolbachia_pipientis	1
SRR14919239	Agrobacterium_tumefaciens	4
SRR14919239	Legionella_fallonii	1
SRR14919240	Haloarcula_salaria	1
SRR14919239	Sporotomaculum_hydroxybenzoicum	1
SRR14919237	Bifidobacterium_pseudocatenulatum	1
SRR14919237	Clostridium_pasteurianum	1
SRR14919235	Haliscomenobacter_hydrossis	1
SRR14919244	Bifidobacterium_pseudocatenulatum	1
SRR14919235	Thermus_islandicus	2
SRR14919238	Youngiibacter_multivorans	3
SRR14919236	Mariprofundus_ferrooxydans	1
SRR14919236	Thermincola_carboxydiphila	1
SRR14919241	Vibrio_zhuhaiensis	1
SRR14919241	Bifidobacterium_angulatum	4
SRR14919245	Marinicella_litoralis	1
SRR14919244	Mycoplasma_mucosicanis	1
SRR14919241	Actinobacillus_scotiae	73
SRR14919240	Clostridium_colicanis	1
SRR14919240	Anaeroglobus_geminatus	1
SRR14919246	Hydrogenivirga_caldilitoris	1
SRR14919244	Petrimonas_sulfuriphila	2
SRR14919239	Geoalkalibacter_subterraneus	2
SRR14919240	Desulfosporosinus_burensis	1
SRR14919240	Mesoplasma_photuris	5
SRR14919235	Desmonostoc_muscorum	2
SRR14919241	Arcobacter_cryaerophilus	1
SRR14919245	Peptostreptococcus_canis	1
SRR14919244	Pseudomonas_lundensis	3
SRR14919243	Azospirillum_amazonense	1
SRR14919243	Corallococcus_coralloides	1
SRR14919245	Pseudomonas_monteilii	1
SRR14919244	Soonwooa_buanensis	1
SRR14919237	Arthrobacter_agilis	1
SRR14919242	Myxococcus_stipitatus	19
SRR14919236	Adhaeribacter_aquaticus	2
SRR14919246	Planomicrobium_glaciei	1
SRR14919245	Prevotella_melaninogenica	152
SRR14919240	Halorhodospira_abdelmalekii	1
SRR14919239	Bacillus_drentensis	1
SRR14919236	Dolichospermum_flos-aquae	2
SRR14919241	Haemophilus_haemolyticus	2
SRR14919236	Treponema_caldaria	1
SRR14919243	Bacteroides_salanitronis	43
SRR14919239	Shimwellia_blattae	1
SRR14919239	Mitsuokella_multacida	4
SRR14919240	Corynebacterium_minutissimum	1
SRR14919237	Desulfovibrio_ferrophilus	5
SRR14919243	Legionella_nagasakiensis	1
SRR14919235	Fibrobacter_succinogenes	1
SRR14919236	Dysgonomonas_oryzarvi	2
SRR14919246	Sporobacterium_olearium	1
SRR14919242	Rhodovulum_sulfidophilum	1
SRR14919239	Planctomyces_brasiliensis	1
SRR14919246	Clostridium_cellobioparum	1
SRR14919244	Psychrobacter_pulmonis	1
SRR14919241	Clostridium_celerecrescens	2
SRR14919235	Chloroflexus_aurantiacus	1
SRR14919238	Megamonas_funiformis	1
SRR14919235	Desulfitobacterium_aromaticivorans	1
SRR14919244	Pseudoalteromonas_flavipulchra	1
SRR14919242	Persephonella_hydrogeniphila	6
SRR14919241	Roseburia_intestinalis	1629
SRR14919235	Subdoligranulum_variabile	102
SRR14919237	Pedobacter_ruber	1
SRR14919245	Sphingobium_xenophagum	1
SRR14919241	Polaribacter_irgensii	1
SRR14919241	Prevotella_disiens	3
SRR14919241	Persephonella_hydrogeniphila	1
SRR14919237	Brevundimonas_aurantiaca	1
SRR14919236	Rhizobium_leguminosarum	3
SRR14919238	Oceanicola_marinus	1
SRR14919242	Tepidibacter_formicigenes	1
SRR14919236	Cyanoptyche_gloeocystis	60
SRR14919244	Sinosporangium_album	1
SRR14919243	Methanolobus_tindarius	29
SRR14919238	Aeromonas_allosaccharophila	1
SRR14919246	Brevibacillus_reuszeri	1
SRR14919241	Butyrivibrio_crossotus	55
SRR14919240	Gracilimonas_rosea	1
SRR14919245	Blastocatella_fastidiosa	1
SRR14919241	Bacteroides_propionicifaciens	16
SRR14919240	Lactobacillus_tucceti	2
SRR14919240	Streptococcus_fryi	1
SRR14919235	Blattabacterium_relictus	45
SRR14919235	Bacteroides_cellulosolvens	3
SRR14919245	Syntrophomonas_palmitatica	5
SRR14919239	Prevotella_timonensis	8
SRR14919242	Clostridium_clostridioforme	2
SRR14919239	Acidianus_pozzuoliensis	1
SRR14919240	Cytophaga_hutchinsonii	5
SRR14919244	Clostridium_acetireducens	4
SRR14919243	Nitrosomonas_marina	2
SRR14919238	Chryseobacterium_joostei	1
SRR14919235	Dialister_invisus	15429
SRR14919246	Prototheca_wickerhamii	1
SRR14919242	Bacteroides_oleiciplenus	35
SRR14919240	Methanocalculus_natronophilus	2
SRR14919237	Clostridium_histolyticum	1
SRR14919244	Spirochaeta_smaragdinae	2
SRR14919242	Neoptilota_densa	1
SRR14919241	Clostridium_paraputrificum	5
SRR14919239	Lactobacillus_kimchiensis	1
SRR14919238	Varibaculum_cambriense	1
SRR14919235	Lachnospira_pectinoschiza	8
SRR14919242	Acidithiobacillus_caldus	1
SRR14919239	Caldicellulosiruptor_saccharolyticus	3
SRR14919237	Chryseobacterium_rigui	1
SRR14919236	Muricauda_olearia	1
SRR14919243	Methanolobus_bombayensis	1
SRR14919242	Weissella_koreensis	2
SRR14919246	Bifidobacterium_minimum	1
SRR14919243	Desulfitibacter_alkalitolerans	6
SRR14919242	Acinetobacter_calcoaceticus	3
SRR14919239	Lactobacillus_oligofermentans	1
SRR14919244	Pseudomonas_pictorum	73
SRR14919243	Alkalibacterium_indicireducens	1
SRR14919243	Granulicatella_elegans	1
SRR14919242	Mycobacterium_kuopiense	2
SRR14919243	Bacillus_alkalitelluris	1
SRR14919242	Collinsella_stercoris	4
SRR14919236	Aliifodinibius_sediminis	3
SRR14919244	Paenibacillus_zanthoxyli	2
SRR14919243	Arthrobacter_sulfureus	1
SRR14919241	Microbulbifer_yueqingensis	3
SRR14919241	Oxobacter_pfennigii	7
SRR14919243	Weissella_beninensis	1
SRR14919243	Chitinophaga_terrae	2
SRR14919240	Tissierella_creatinini	3
SRR14919238	Paenibacillus_stellifer	1
SRR14919237	Enterococcus_cecorum	59
SRR14919235	Natronoflexus_pectinivorans	1
SRR14919243	Lactobacillus_pontis	1
SRR14919240	Solirubrobacter_ginsenosidimutans	1
SRR14919240	Oribacterium_sinus	235
SRR14919235	Avibacterium_gallinarum	7
SRR14919244	Microbacterium_arborescens	1
SRR14919241	Alistipes_massiliensis	16
SRR14919240	Johnsonella_ignava	6
SRR14919246	Solitalea_canadensis	3
SRR14919242	Opitutus_terrae	1
SRR14919242	Leptothrix_discophora	3
SRR14919240	Treponema_zioleckii	3
SRR14919240	Eubacterium_uniforme	70
SRR14919235	Helicobacter_fennelliae	8
SRR14919243	Anaerococcus_murdochii	3
SRR14919244	Limibacter_armeniacum	2
SRR14919237	Anaerostipes_caccae	5
SRR14919244	Pseudoflavonifractor_capillosus	16
SRR14919242	Odoribacter_denticanis	1
SRR14919242	Cytophaga_xylanolytica	133
SRR14919241	Paenibacillus_cookii	4
SRR14919235	Heliobacterium_modesticaldum	1
SRR14919243	Pedobacter_saltans	1
SRR14919241	Terrimonas_aquatica	3
SRR14919237	Collinsella_tanakaei	3
SRR14919236	Mesoplasma_lactucae	2
SRR14919241	Alcanivorax_dieselolei	1
SRR14919239	Slackia_faecicanis	1
SRR14919238	Burkholderia_vietnamiensis	4
SRR14919235	Eggerthella_sinensis	2
SRR14919238	Treponema_maltophilum	2
SRR14919236	Robiginitomaculum_antarcticum	1
SRR14919235	Treponema_denticola	48
SRR14919241	Brevibacillus_parabrevis	9
SRR14919244	Peptoniphilus_indolicus	2
SRR14919246	Bacillus_thermolactis	1
SRR14919245	Ureaplasma_urealyticum	2
SRR14919241	Moraxella_caprae	1
SRR14919237	Trigonala_elaeagnus	1
SRR14919238	Prevotella_melaninogenica	141
SRR14919237	Methanobrevibacter_acididurans	1
SRR14919236	Dechloromonas_hortensis	1
SRR14919243	Anoxynatronum_sibiricum	1
SRR14919243	Rhodococcus_erythropolis	2
SRR14919244	Alloprevotella_tannerae	1
SRR14919241	Cloacibacillus_evryensis	1
SRR14919245	Moraxella_nonliquefaciens	1
SRR14919240	Porphyromonas_somerae	1
SRR14919238	Eubacterium_uniforme	67
SRR14919237	Parachlamydia_acanthamoebae	1
SRR14919242	Peptoniphilus_asaccharolyticus	5
SRR14919242	Ureibacillus_thermosphaericus	3
SRR14919238	Odoribacter_splanchnicus	267
SRR14919235	Microcystis_aeruginosa	240
SRR14919242	Derxia_gummosa	1
SRR14919238	Erwinia_mallotivora	2
SRR14919243	Persephonella_hydrogeniphila	2
SRR14919241	Helicobacter_canis	8
SRR14919238	Xanthomonas_axonopodis	4
SRR14919240	Desulfovibrio_halophilus	122
SRR14919239	Rheinheimera_soli	1
SRR14919238	Selenomonas_ruminantium	83
SRR14919238	Acetivibrio_cellulolyticus	33
SRR14919244	Methanosphaerula_palustris	18
SRR14919242	Laribacter_hongkongensis	4
SRR14919245	Thermophagus_xiamenensis	1
SRR14919241	Lactobacillus_gasseri	3
SRR14919237	Blautia_wexlerae	14
SRR14919237	Leptospira_biflexa	30
SRR14919235	Polaromonas_vacuolata	27
SRR14919239	Parvularcula_lutaonensis	2
SRR14919245	Treponema_vincentii	2
SRR14919242	Bacillus_baekryungensis	1
SRR14919240	Singulisphaera_acidiphila	1
SRR14919237	Megasphaera_hominis	77
SRR14919242	Coleofasciculus_chthonoplastes	1
SRR14919237	Simkania_negevensis	1
SRR14919239	Clostridium_hungatei	11
SRR14919235	Lewinella_agarilytica	9
SRR14919245	Pedobacter_glucosidilyticus	2
SRR14919245	Streptococcus_sanguinis	84
SRR14919240	Roseospira_goensis	1
SRR14919235	Bacteroides_vulgatus	1520
SRR14919235	Clostridium_sphenoides	6
SRR14919239	Olsenella_uli	2
SRR14919241	Lactobacillus_amylophilus	1
SRR14919245	Lactobacillus_pasteurii	1
SRR14919242	Vibrio_fluvialis	1
SRR14919237	Caloramator_australicus	50
SRR14919236	Bacteroides_nordii	408
SRR14919246	Porphyromonas_catoniae	37
SRR14919245	Psychrobacter_namhaensis	1
SRR14919244	Geosporobacter_subterraneus	1
SRR14919242	Veillonella_ratti	1
SRR14919242	Streptococcus_intermedius	36
SRR14919241	Eikenella_corrodens	1
SRR14919238	Melghirimyces_thermohalophilus	1
SRR14919235	Stackebrandtia_nassauensis	1
SRR14919237	Phytophthora_infestans	19
SRR14919236	Clostridium_peptidivorans	2
SRR14919238	Microbacterium_paludicola	1
SRR14919238	Bacteroides_uniformis	2193
SRR14919237	Microbacterium_oleivorans	1
SRR14919241	Algoriphagus_lutimaris	1
SRR14919241	Alistipes_indistinctus	2
SRR14919239	Xanthomonas_translucens	6
SRR14919245	Sphingobacterium_wenxiniae	1
SRR14919244	Pasteuria_goettingianae	1
SRR14919243	Robiginitalea_myxolifaciens	1
SRR14919243	Methanocalculus_pumilus	10
SRR14919240	Methanococcus_maripaludis	2
SRR14919237	Bacillus_chagannorensis	1
SRR14919236	Chromohalobacter_beijerinckii	1
SRR14919239	Tissierella_creatinophila	1
SRR14919246	Paenibacillus_camelliae	2
SRR14919239	Bifidobacterium_kashiwanohense	1
SRR14919238	Lactobacillus_intermedius	1
SRR14919236	Nicoletella_semolina	2
SRR14919246	Eubacterium_coprostanoligenes	139
SRR14919242	Fusibacter_paucivorans	10
SRR14919239	Tistrella_mobilis	1
SRR14919235	Acinetobacter_baumannii	105
SRR14919244	Pelodictyon_luteolum	1
SRR14919241	Methylobacterium_soli	1
SRR14919244	Rhodopirellula_baltica	1
SRR14919235	Butyrivibrio_hungatei	1
SRR14919242	Exiguobacterium_profundum	1
SRR14919242	Mycoplasma_synoviae	2
SRR14919240	Streptomyces_macrosporeus	1
SRR14919244	Streptomyces_parvus	1
SRR14919244	Lactobacillus_panis	1
SRR14919246	Anaerovorax_odorimutans	1
SRR14919235	Campylobacter_sputorum	7
SRR14919236	Acetitomaculum_ruminis	15
SRR14919243	Solanum_lycopersicum	2
SRR14919236	Thiomargarita_namibiensis	437
SRR14919245	Clostridium_limosum	47
SRR14919243	Bacteroides_finegoldii	497
SRR14919235	Psychrobacter_glacincola	1
SRR14919244	Thiocystis_gelatinosa	1
SRR14919242	Bacillus_mycoides	1
SRR14919240	Thermoanaerobacterium_saccharolyticum	32
SRR14919243	Bifidobacterium_pseudocatenulatum	1
SRR14919246	Olsenella_profusa	4
SRR14919243	Bacillus_foraminis	9
SRR14919242	Streptococcus_pleomorphus	153
SRR14919246	Clostridium_sticklandii	1
SRR14919245	Cupriavidus_pauculus	2
SRR14919241	Enterobacter_hormaechei	15
SRR14919239	Lysinibacillus_composti	1
SRR14919244	Serratia_marcescens	6
SRR14919237	Lactobacillus_plantarum	2
SRR14919237	Corynebacterium_glutamicum	2
SRR14919246	Salinivibrio_costicola	12
SRR14919245	Pedobacter_kribbensis	1
SRR14919244	Trachelium_caeruleum	66
SRR14919241	Staphylococcus_epidermidis	1
SRR14919241	Blautia_faecis	55
SRR14919243	Parabacteroides_johnsonii	3
SRR14919243	Prevotella_buccae	1
SRR14919240	Gordonia_otitidis	1
SRR14919235	Eubacterium_fissicatena	1
SRR14919242	Barnesiella_viscericola	31
SRR14919243	Acholeplasma_laidlawii	1
SRR14919242	Ruminococcus_obeum	579
SRR14919241	Olivibacter_ginsengisoli	30
SRR14919240	Euglenaria_anabaena	3
SRR14919245	Tumebacillus_flagellatus	2
SRR14919239	Desulfovibrio_brasiliensis	1
SRR14919239	Lactobacillus_helveticus	5
SRR14919244	Weissella_paramesenteroides	1
SRR14919236	Peptoclostridium_difficile	73
SRR14919242	Planococcus_citreus	1
SRR14919241	Streptococcus_alactolyticus	1
SRR14919244	Sporolactobacillus_dextrus	2
SRR14919243	Acetonema_longum	1
SRR14919241	Antarctobacter_heliothermus	6
SRR14919238	Acidianus_sulfidivorans	1
SRR14919236	Corallococcus_coralloides	2
SRR14919236	Parasutterella_secunda	2
SRR14919245	Bacteroides_chinchillae	7
SRR14919241	Bradyrhizobium_jicamae	1
SRR14919246	Wautersiella_falsenii	1
SRR14919242	Acholeplasma_palmae	3
SRR14919238	Tumebacillus_permanentifrigoris	1
SRR14919237	Actinomyces_neuii	1
SRR14919236	Burkholderia_terricola	2
SRR14919242	Rickettsia_prowazekii	1
SRR14919236	Paracoccus_marcusii	1
SRR14919245	Persephonella_hydrogeniphila	1
SRR14919236	Haloarcula_salaria	1
SRR14919244	Spiroplasma_ixodetis	2
SRR14919235	Mesorhizobium_ciceri	1
SRR14919235	Leuconostoc_citreum	1
SRR14919245	Mycoplasma_salivarium	1
SRR14919240	Desemzia_incerta	1
SRR14919238	Fucus_vesiculosus	13
SRR14919235	Vogesella_perlucida	1
SRR14919246	Clostridium_colinum	14
SRR14919245	Victivallis_vadensis	1
SRR14919245	Hydrogenivirga_caldilitoris	3
SRR14919235	Actinobacillus_scotiae	82
SRR14919235	Pedobacter_luteus	2
SRR14919240	Beijerinckia_derxii	41
SRR14919239	Desulfonema_ishimotonii	1
SRR14919239	Clostridium_cellobioparum	7
SRR14919242	Idiomarina_donghaiensis	2
SRR14919238	Streptomyces_melanogenes	1
SRR14919245	Jeotgalibacillus_marinus	1
SRR14919242	Clostridium_spiroforme	603
SRR14919240	Desulfitobacterium_aromaticivorans	1
SRR14919239	Paenibacillus_cookii	4
SRR14919238	Desulfurispora_thermophila	6
SRR14919235	Mycoplasma_hyorhinis	84
SRR14919245	Methylobacterium_fujisawaense	31
SRR14919236	Dysgonomonas_mossii	26
SRR14919235	Thiobacter_subterraneus	1
SRR14919245	Cyclobacterium_marinum	2
SRR14919244	Halorhabdus_tiamatea	1
SRR14919237	Spirochaeta_bajacaliforniensis	1
SRR14919243	Methanimicrococcus_blatticola	2
SRR14919236	Pectobacterium_betavasculorum	1
SRR14919238	Spiribacter_salinus	1
SRR14919235	Streptococcus_constellatus	1
SRR14919246	Mucilaginibacter_boryungensis	1
SRR14919246	Pectobacterium_atrosepticum	3
SRR14919241	Aglaothamnion_halliae	1
SRR14919240	Butyricimonas_virosa	8
SRR14919235	Tepidibacter_formicigenes	1
SRR14919236	Bryobacter_aggregatus	4
SRR14919242	Euglena_mutabilis	13
SRR14919236	Pectobacterium_atrosepticum	7
SRR14919240	Clostridium_psychrophilum	2
SRR14919240	Mycoplasma_haemofelis	5
SRR14919238	Croceitalea_dokdonensis	1
SRR14919246	Mycoplasma_fastidiosum	1
SRR14919240	Streptococcus_sinensis	4
SRR14919236	Aureibacter_tunicatorum	2
SRR14919243	Eubacterium_xylanophilum	86
SRR14919242	Porphyromonas_endodontalis	11
SRR14919240	Halanaerobacter_lacunarum	1
SRR14919239	Ruminofilibacter_xylanolyticum	2
SRR14919239	Desulfotomaculum_kuznetsovii	1
SRR14919235	Streptococcus_intermedius	34
SRR14919241	Capnocytophaga_granulosa	1
SRR14919243	Thermoanaerobacter_pseudethanolicus	8
SRR14919241	Clostridium_innocuum	96
SRR14919237	Clostridium_acetireducens	29
SRR14919236	Pantoea_ananatis	1
SRR14919235	Roseburia_intestinalis	6
SRR14919242	Nocardia_asiatica	1
SRR14919246	Halorubrum_terrestre	31
SRR14919241	Gallionella_ferruginea	2
SRR14919240	Acidaminococcus_intestini	1
SRR14919237	Prevotella_disiens	3
SRR14919241	Methanobacterium_flexile	1
SRR14919238	Heliobacterium_gestii	1
SRR14919243	Desulfovibrio_psychrotolerans	1
SRR14919239	Staphylococcus_agnetis	1
SRR14919237	Azospirillum_brasilense	1
SRR14919246	Akkermansia_muciniphila	15
SRR14919243	Clostridium_purinilyticum	3
SRR14919242	Parapedobacter_soli	5
SRR14919242	Bacteroides_paurosaccharolyticus	33
SRR14919239	Streptococcus_mutans	1
SRR14919235	Cytophaga_fermentans	1
SRR14919243	Bacillus_wakoensis	1
SRR14919237	Pseudomonas_fluorescens	6
SRR14919243	Spongiimonas_flava	1
SRR14919239	Thermodesulforhabdus_norvegica	2
SRR14919237	Methanolobus_tindarius	30
SRR14919241	Oscillatoria_miniata	47
SRR14919240	Planctomyces_limnophilus	1
SRR14919235	Butyrivibrio_crossotus	1263
SRR14919239	Parabacteroides_distasonis	1743
SRR14919242	Cupriavidus_taiwanensis	1
SRR14919235	Syntrophomonas_palmitatica	10
SRR14919241	Clostridium_clostridioforme	57
SRR14919241	Halomicronema_metazoicum	1
SRR14919244	Atopobacter_phocae	1
SRR14919243	Prevotella_stercorea	1
SRR14919242	Commensalibacter_intestini	1
SRR14919240	Thermogymnomonas_acidicola	311
SRR14919239	Maribacter_chungangensis	1
SRR14919235	Bifidobacterium_pseudocatenulatum	1
SRR14919245	Mycoplasma_pneumoniae	1
SRR14919245	Brachybacterium_fresconis	1
SRR14919242	Bacteroides_coprocola	31
SRR14919240	Colwellia_rossensis	1
SRR14919246	Clostridium_cocleatum	118
SRR14919244	Marinomonas_ushuaiensis	2
SRR14919244	Enterococcus_aquimarinus	3
SRR14919244	Snodgrassella_alvi	11
SRR14919238	Enterococcus_durans	3
SRR14919240	Nostoc_ellipsosporum	3
SRR14919240	Nitrospina_gracilis	1
SRR14919236	Mitsuokella_jalaludinii	5
SRR14919246	Sporomusa_ovata	19
SRR14919244	Bacillus_firmus	43
SRR14919241	Methanobrevibacter_gottschalkii	2
SRR14919238	Methanosaeta_pelagica	1
SRR14919245	Leuconostoc_gasicomitatum	3
SRR14919242	Palaeococcus_ferrophilus	1
SRR14919235	Streptococcus_pleomorphus	1
SRR14919241	Acinetobacter_calcoaceticus	1
SRR14919240	Paenibacillus_pueri	1
SRR14919239	Clostridium_innocuum	4
SRR14919237	Alloiococcus_otitis	1
SRR14919236	Clostridium_vincentii	3
SRR14919245	Halomicroarcula_pellucida	1
SRR14919243	Bifidobacterium_ruminantium	2
SRR14919241	Enterococcus_gallinarum	2
SRR14919236	Campylobacter_fetus	1
SRR14919239	Pleurocapsa_minor	2
SRR14919246	Prevotella_oris	1
SRR14919239	Algoriphagus_terrigena	1
SRR14919241	Clostridium_aminovalericum	4
SRR14919237	Treponema_lecithinolyticum	27
SRR14919246	Bacillus_thuringiensis	144
SRR14919244	Mycoplasma_phocidae	2
SRR14919238	Marivirga_sericea	1
SRR14919236	Oribacterium_sinus	35
SRR14919235	Alistipes_massiliensis	22
SRR14919246	Burkholderia_nodosa	1
SRR14919242	Desulfotomaculum_arcticum	45
SRR14919239	Enterococcus_faecalis	5
SRR14919239	Enterorhabdus_caecimuris	60
SRR14919239	Oscillatoria_miniata	55
SRR14919236	Johnsonella_ignava	6
SRR14919244	Auritidibacter_ignavus	1
SRR14919240	Brachymonas_chironomi	1
SRR14919239	Parapedobacter_luteus	2
SRR14919242	Vibrio_owensii	2
SRR14919242	Bacillus_subtilis	12
SRR14919239	Lactobacillus_kefiri	1
SRR14919239	Blastochloris_sulfoviridis	1
SRR14919245	Gracilaria_tenuistipitata	2
SRR14919240	Bacillus_boroniphilus	1
SRR14919245	Halogeometricum_borinquense	2
SRR14919235	Ensifer_adhaerens	1
SRR14919245	Lactobacillus_hominis	5
SRR14919240	Adhaeribacter_aerophilus	5
SRR14919245	Clostridium_paradoxum	3
SRR14919240	Desulfobotulus_alkaliphilus	2
SRR14919243	Fontibacter_flavus	54
SRR14919236	Odoribacter_denticanis	7
SRR14919236	Cytophaga_xylanolytica	47
SRR14919239	Pseudobutyrivibrio_xylanivorans	31
SRR14919237	Eudoraea_adriatica	1
SRR14919242	Anaerobiospirillum_succiniciproducens	26
SRR14919240	Pyramidobacter_piscolens	1
SRR14919239	Pedobacter_saltans	1
SRR14919246	Lachnospira_pectinoschiza	1
SRR14919243	Vibrio_natriegens	1
SRR14919240	Clostridium_cellulosi	30
SRR14919243	Desulfotomaculum_kuznetsovii	1
SRR14919242	Spiroplasma_lampyridicola	1
SRR14919238	Brumimicrobium_mesophilum	1
SRR14919246	Haloquadratum_walsbyi	1
SRR14919243	Clostridium_viride	4338
SRR14919236	Lactobacillus_salivarius	25
SRR14919235	Shewanella_sediminis	1
SRR14919245	Alkalibacter_saccharofermentans	3
SRR14919245	Clostridium_akagii	4
SRR14919245	Lactobacillus_acidophilus	6
SRR14919242	Desulfotomaculum_kuznetsovii	1
SRR14919242	Achromobacter_xylosoxidans	3
SRR14919235	Desulfonatronovibrio_thiodismutans	1
SRR14919246	Filifactor_villosus	3
SRR14919242	Deinococcus_radiomollis	1
SRR14919241	Bacillus_hunanensis	1
SRR14919235	Eubacterium_siraeum	19
SRR14919240	Algoriphagus_olei	1
SRR14919237	Paenibacillus_abekawaensis	1
SRR14919243	Burkholderia_pseudomallei	1
SRR14919235	Methanosarcina_lacustris	1
SRR14919240	Vibrio_mimicus	1
SRR14919236	Parachlamydia_acanthamoebae	1
SRR14919243	Spirulina_subsalsa	1
SRR14919245	Eubacterium_tarantellae	1
SRR14919246	Bacillus_solfatarensis	4
SRR14919245	Rickettsia_amblyommii	1
SRR14919244	Eubacterium_angustum	1
SRR14919242	Mycoplasma_hyopneumoniae	9
SRR14919241	Metabacterium_polyspora	1
SRR14919240	Desulfobacula_phenolica	1
SRR14919244	Porphyromonas_bennonis	4
SRR14919243	Clostridium_thermoalcaliphilum	2
SRR14919242	Olivibacter_soli	1
SRR14919237	Ehrlichia_canis	1
SRR14919244	Shuttleworthia_satelles	4
SRR14919242	Bacillus_qingdaonensis	1
SRR14919235	Erwinia_chrysanthemi	2
SRR14919236	Treponema_medium	2
SRR14919245	Sutterella_wadsworthensis	35
SRR14919236	Cylindrospermopsis_raciborskii	1
SRR14919235	Bacillus_tequilensis	2
SRR14919236	Azorhizobium_doebereinerae	1
SRR14919236	Natronococcus_roseus	3
SRR14919245	Eubacterium_thermomarinus	1
SRR14919240	Leuconostoc_gelidum	1
SRR14919237	Helicobacter_canis	4
SRR14919236	Paenibacillus_ruminocola	1
SRR14919237	Thauera_terpenica	1
SRR14919246	Eubacterium_cylindroides	3
SRR14919245	Helicobacter_heilmannii	9
SRR14919245	Bacteroides_salyersiae	51
SRR14919238	Lactobacillus_ruminis	1
SRR14919235	Lactobacillus_similis	1
SRR14919243	Ilyobacter_psychrophilus	1
SRR14919242	Fodinicurvata_sediminis	4
SRR14919242	Kocuria_flava	1
SRR14919239	Lactobacillus_saerimneri	1
SRR14919239	Prevotella_shahii	6
SRR14919245	Helicobacter_cinaedi	1
SRR14919238	Bacteroides_intestinalis	12
SRR14919236	Pedobacter_xinjiangensis	2
SRR14919243	Geosporobacter_subterraneus	1
SRR14919245	Peptoniphilus_lacrimalis	61
SRR14919244	Bacteroides_xylanisolvens	30
SRR14919242	Enterorhabdus_mucosicola	67
SRR14919237	Prevotella_pleuritidis	1
SRR14919240	Alkalibaculum_bacchi	17
SRR14919239	Bacteroides_paurosaccharolyticus	16
SRR14919238	Butyricimonas_virosa	4
SRR14919245	Flexithrix_dorotheae	2
SRR14919242	Selenomonas_dianae	1
SRR14919240	Denitrobacterium_detoxificans	29
SRR14919245	Clostridium_fimetarium	2
SRR14919243	Rothia_mucilaginosa	2
SRR14919241	Methanomethylovorans_thermophila	1
SRR14919236	Actinobacillus_pleuropneumoniae	24
SRR14919242	Desulfonatronum_lacustre	1
SRR14919236	Pasteurella_multocida	58
SRR14919236	Francisella_noatunensis	81
SRR14919245	Mucilaginibacter_gynuensis	1
SRR14919242	Bifidobacterium_pseudocatenulatum	4
SRR14919240	Lactobacillus_paracasei	1
SRR14919238	Halomonas_salifodinae	2
SRR14919236	Desulfovibrio_mexicanus	1
SRR14919235	Algoriphagus_lutimaris	2
SRR14919245	Saccharospirillum_aestuarii	1
SRR14919238	Methanomethylovorans_thermophila	2
SRR14919237	Persicitalea_jodogahamensis	1
SRR14919242	Porphyromonas_gulae	1
SRR14919241	Leucobacter_komagatae	1
SRR14919245	Bacillus_lentus	3
SRR14919242	Pasteuria_penetrans	1
SRR14919240	Comamonas_badia	1
SRR14919239	Nocardia_anaemiae	1
SRR14919239	Collinsella_aerofaciens	494
SRR14919236	Fusibacter_paucivorans	3
SRR14919246	Gramella_forsetii	1
SRR14919245	Clostridium_cellulolyticum	1
SRR14919243	Lactobacillus_jensenii	13
SRR14919240	Trichormus_variabilis	1
SRR14919246	Subdoligranulum_variabile	195
SRR14919240	Pyrobaculum_oguniense	1
SRR14919242	Pedobacter_suwonensis	1
SRR14919239	Enterobacter_hormaechei	8
SRR14919236	Parabacteroides_johnsonii	6
SRR14919239	Chitinophaga_pinensis	1
SRR14919238	Rhodopirellula_baltica	4
SRR14919245	Nonlabens_dokdonensis	1
SRR14919237	Vibrio_casei	1
SRR14919236	Acidiferrobacter_thiooxydans	1
SRR14919238	Clostridium_piliforme	5
SRR14919244	Dietzia_kunjamensis	1
SRR14919245	Eubacterium_eligens	1204
SRR14919239	Streptococcus_oralis	2
SRR14919235	Pseudomonas_filiscindens	1
SRR14919241	Treponema_socranskii	1
SRR14919236	Paenibacillus_alvei	1
SRR14919239	Collinsella_intestinalis	2
SRR14919243	Lactobacillus_mucosae	2
SRR14919236	Chromatium_okenii	1
SRR14919242	Coprococcus_catus	379
SRR14919241	Methanocalculus_natronophilus	5
SRR14919241	Haemophilus_parasuis	191
SRR14919238	Alkalibaculum_bacchi	18
SRR14919237	Bacteroides_finegoldii	32
SRR14919235	Lactobacillus_kunkeei	135
SRR14919246	Bacteroides_plebeius	26
SRR14919243	Mycoplasma_iguanae	1
SRR14919235	Thermobrachium_celere	1
SRR14919240	Sporosarcina_thermotolerans	1
SRR14919238	Gracilaria_tenuistipitata	2
SRR14919236	Lactobacillus_apodemi	3
SRR14919244	Halobaculum_magnesiiphilum	8
SRR14919243	Lactobacillus_shenzhenensis	1
SRR14919243	Bacteroides_sartorii	14
SRR14919239	Bacillus_foraminis	7
SRR14919235	Prevotella_corporis	2
SRR14919235	Lutispora_thermophila	54
SRR14919236	Clostridium_herbivorans	6
SRR14919242	Eubacterium_oxidoreducens	48
SRR14919240	Mycobacterium_fuerthensis	2
SRR14919236	Gemmiger_formicilis	3
SRR14919244	Buchnera_aphidicola	292
SRR14919242	Helicobacter_macacae	1
SRR14919241	Deinococcus_misasensis	1
SRR14919235	Sporocytophaga_myxococcoides	39
SRR14919245	Leptospira_idonii	5
SRR14919243	Niabella_aurantiaca	2
SRR14919245	Halothermothrix_orenii	5
SRR14919244	Thiothrix_unzii	1
SRR14919235	Sphingobacterium_daejeonense	25
SRR14919243	Flexibacter_elegans	1
SRR14919237	Acholeplasma_laidlawii	1
SRR14919239	Bacillus_anthracis	2
SRR14919238	Ruminococcus_obeum	2848
SRR14919236	Megasphaera_elsdenii	1
SRR14919240	Antarctobacter_heliothermus	8
SRR14919235	Enterobacter_cloacae	2
SRR14919241	Arcicella_rigui	103
SRR14919240	Sporotomaculum_syntrophicum	2
SRR14919239	Aetherobacter_fasciculatus	1
SRR14919245	Streptococcus_suis	4
SRR14919244	Ochromonas_danica	5
SRR14919239	Algicola_sagamiensis	4
SRR14919237	Bacillus_algicola	182
SRR14919236	Leuconostoc_pseudomesenteroides	1
SRR14919246	Blautia_glucerasea	44
SRR14919245	Pediococcus_parvulus	233
SRR14919243	Alicyclobacillus_cycloheptanicus	2
SRR14919239	Treponema_socranskii	2
SRR14919236	Vibrio_campbellii	1
SRR14919238	Fibrisoma_limi	1
SRR14919235	Metallosphaera_sedula	1
SRR14919245	Anaerococcus_senegalensis	97
SRR14919245	Bacteroides_galacturonicus	3
SRR14919239	Agarivorans_albus	8
SRR14919239	Haemophilus_parasuis	200
SRR14919236	Thermocrinis_albus	1
SRR14919244	Nocardia_novocastrensa	1
SRR14919245	Spirochaeta_halophila	1
SRR14919244	Heliobacterium_modesticaldum	1
SRR14919236	Helicobacter_bilis	2
SRR14919240	Acidithiobacillus_ferrooxidans	1
SRR14919236	Atopobium_fossor	1
SRR14919239	Streptococcus_caballi	1
SRR14919235	Asteroleplasma_anaerobium	1
SRR14919240	Blautia_hydrogenotrophica	107
SRR14919238	Eubacterium_thermomarinus	7
SRR14919238	Peptoniphilus_tyrrelliae	75
SRR14919237	Robiginitomaculum_antarcticum	1
SRR14919237	Dorea_longicatena	548
SRR14919235	Caldicoprobacter_algeriensis	3
SRR14919235	Dolichospermum_planctonicum	1
SRR14919242	Xanthobacter_flavus	1
SRR14919242	Clostridium_oceanicum	14
SRR14919242	Halobellus_limi	1
SRR14919239	Cyclobacterium_marinum	1
SRR14919243	Desulfoluna_spongiiphila	1
SRR14919240	Chloroflexus_aggregans	1
SRR14919237	Oscillatoria_corallinae	1
SRR14919245	Pectobacterium_atrosepticum	8
SRR14919239	Paenibacillus_sepulcri	1
SRR14919242	Citrobacter_koseri	1
SRR14919242	Jasminum_nudiflorum	1
SRR14919239	Solitalea_koreensis	3
SRR14919236	Salmonella_bongori	1
SRR14919239	Roseomonas_cervicalis	1
SRR14919239	Lactobacillus_iners	3
SRR14919236	Clostridium_purinilyticum	5
SRR14919235	Pectobacterium_atrosepticum	7
SRR14919245	Psychrobacter_pacificensis	1
SRR14919245	Lactobacillus_rhamnosus	2
SRR14919244	Mycoplasma_felis	30
SRR14919243	Dialister_micraerophilus	4
SRR14919238	Thermoanaerobacter_pseudethanolicus	1
SRR14919237	Entomoplasma_lucivorax	1
SRR14919236	Halococcus_thailandensis	1
SRR14919243	Ureibacillus_thermosphaericus	1
SRR14919243	Pelosinus_defluvii	1
SRR14919241	Photorhabdus_luminescens	2
SRR14919240	Lactobacillus_acetotolerans	1
SRR14919238	Brevibacillus_formosus	1
SRR14919237	Bacteroides_xylanisolvens	695
SRR14919244	Clostridium_methoxybenzovorans	3
SRR14919242	Halomonas_maura	10
SRR14919237	Cenarchaeum_symbiosum	123
SRR14919239	Ruminococcus_gnavus	118
SRR14919236	Ruminococcus_torques	23519
SRR14919235	Sphingobacterium_wenxiniae	1
SRR14919239	Bacillus_horikoshii	5
SRR14919235	Leptonema_illini	1
SRR14919245	Mycobacterium_chesapeaki	11
SRR14919242	Bacillus_ginsengihumi	1
SRR14919243	Loktanella_rosea	1
SRR14919239	Hydrogenoanaerobacterium_saccharovorans	40
SRR14919238	Neptunomonas_naphthovorans	1
SRR14919236	Clostridium_stercorarium	2
SRR14919236	Bacteroides_reticulotermitis	1
SRR14919238	Caldicellulosiruptor_hydrothermalis	1
SRR14919237	Mycoplasma_orale	2
SRR14919244	Planktothrix_agardhii	2
SRR14919239	Acidiferrobacter_thiooxydans	2
SRR14919239	Paenibacillus_larvae	2
SRR14919246	Clostridium_lavalense	1
SRR14919235	Dysgonomonas_gadei	2
SRR14919239	Oceanobacillus_oncorhynchi	1
SRR14919243	Escherichia/Shigella_dysenteriae	1
SRR14919245	Methylacidiphilum_fumariolicum	1
SRR14919240	Deferribacter_thermophilus	2
SRR14919238	Porphyra_purpurea	1
SRR14919236	Desulfovibrio_alkalitolerans	1
SRR14919243	Paenibacillus_illinoisensis	1
SRR14919242	Bacteroides_propionicifaciens	17
SRR14919240	Clostridium_clostridioforme	17
SRR14919246	Bacteroides_rodentium	91
SRR14919245	Pontibacter_xinjiangensis	1
SRR14919244	Lysobacter_dokdonensis	1
SRR14919238	Haemophilus_haemolyticus	1
SRR14919235	Pigmentiphaga_daeguensis	4
SRR14919239	Geotoga_subterranea	3
SRR14919246	Clostridium_acidurici	1
SRR14919242	Flexibacter_polymorphus	1
SRR14919238	Runella_defluvii	1
SRR14919235	Clostridium_thermocellum	8
SRR14919246	Prevotella_buccalis	10
SRR14919235	Desulfotomaculum_arcticum	33
SRR14919238	Petrotoga_mobilis	1
SRR14919237	Eggerthella_lenta	94
SRR14919241	Clostridium_sartagoforme	2
SRR14919242	Roseburia_hominis	259
SRR14919239	Acinetobacter_junii	4
SRR14919245	Clostridium_indolis	17
SRR14919242	Ferroplasma_acidiphilum	1
SRR14919239	Syntrophomonas_wolfei	8
SRR14919237	Sporocytophaga_myxococcoides	16
SRR14919238	Clostridium_novyi	1
SRR14919246	Desulfotomaculum_kuznetsovii	1
SRR14919236	Sporocytophaga_myxococcoides	38
SRR14919235	Halogranum_amylolyticum	1
SRR14919236	Desulfonatronovibrio_hydrogenovorans	5
SRR14919242	Bifidobacterium_ruminantium	4
SRR14919240	Veillonella_denticariosi	1
SRR14919238	Clostridium_xylanovorans	6
SRR14919237	Sphingobacterium_daejeonense	29
SRR14919241	Rickettsia_limoniae	1
SRR14919242	Lactobacillus_johnsonii	2
SRR14919236	Bdellovibrio_bacteriovorus	1
SRR14919236	Sphingobacterium_daejeonense	52
SRR14919246	Actinomyces_ruminicola	3
SRR14919240	Methanobrevibacter_arboriphilus	13
SRR14919240	Enhygromyxa_salina	28
SRR14919236	Thermaerobacter_composti	1
SRR14919235	Eubacterium_hallii	57
SRR14919246	Lactobacillus_rossiae	1
SRR14919238	Methanosaeta_concilii	1
SRR14919240	Streptococcus_alactolyticus	2
SRR14919239	Lachnospira_pectinoschiza	34
SRR14919238	Thioalkalivibrio_nitratireducens	1
SRR14919235	Tindallia_californiensis	2
SRR14919235	Paenibacillus_tarimensis	1
SRR14919242	Phormidium_animale	9
SRR14919238	Helicobacter_pylori	236
SRR14919238	Proteus_mirabilis	19
SRR14919237	Clostridium_hydrogeniformans	1
SRR14919240	Desulfonatronovibrio_thiodismutans	1
SRR14919246	Bacteroides_helcogenes	57
SRR14919242	Clostridium_tagluense	1
SRR14919236	Clostridium_hydrogeniformans	17
SRR14919236	Methanobrevibacter_boviskoreani	1
SRR14919241	Desulfobacterium_autotrophicum	1
SRR14919240	Methanogenium_marinum	1
SRR14919244	Clostridium_algidixylanolyticum	23
SRR14919243	Desulfococcus_niacini	4
SRR14919235	Clostridium_hydrogeniformans	1
SRR14919235	Clostridium_thermosuccinogenes	2
SRR14919244	Porphyromonas_uenonis	6
SRR14919241	Taylorella_equigenitalis	39
SRR14919244	Parasutterella_excrementihominis	53
SRR14919236	Prevotella_intermedia	2
SRR14919246	Heliobacterium_modesticaldum	1
SRR14919239	Caldicoprobacter_algeriensis	3
SRR14919238	Lactobacillus_dextrinicus	1
SRR14919236	Lactobacillus_murinus	12
SRR14919239	Legionella_cardiaca	1
SRR14919237	Tetragenococcus_halophilus	3
SRR14919245	Paenibacillus_polymyxa	2
SRR14919239	Bacteroides_oleiciplenus	13
SRR14919242	Chlamydomonas_applanata	1
SRR14919237	Sporomusa_termitida	1
SRR14919239	Fontibacter_flavus	77
SRR14919242	Clostridium_thiosulfatireducens	2
SRR14919239	Yersinia_ruckeri	1
SRR14919236	Psychrobacillus_psychrotolerans	2
SRR14919243	Paenibacillus_fujiensis	1
SRR14919241	Fucophilus_fucoidanolyticus	1
SRR14919239	Metabacterium_polyspora	1
SRR14919238	Desulfobacula_phenolica	1
SRR14919238	Sutterella_wadsworthensis	287
SRR14919245	Opitutus_terrae	1
SRR14919245	Desulfurobacterium_thermolithotrophum	1
SRR14919244	Clostridium_kluyveri	1
SRR14919244	Eutreptia_viridis	151
SRR14919239	Clostridium_viride	24
SRR14919238	Acholeplasma_brassicae	2
SRR14919240	Blastopirellula_cremea	1
SRR14919240	Bacteroides_reticulotermitis	2
SRR14919240	Clostridium_aminobutyricum	5
SRR14919235	Aeromonas_veronii	47
SRR14919235	Clostridium_glycolicum	31
SRR14919238	Natronoanaerobium_aggerbacterium	1
SRR14919242	Rhodopseudomonas_palustris	34
SRR14919239	Virgibacillus_halophilus	1
SRR14919242	Acidiferrobacter_thiooxydans	1
SRR14919241	Desulfovibrio_alkalitolerans	1
SRR14919236	Bacteroides_eggerthii	40
SRR14919243	Bifidobacterium_catenulatum	2
SRR14919242	Flavisolibacter_ginsengiterrae	1
SRR14919241	Eubacterium_ventriosum	16
SRR14919241	Lacinutrix_copepodicola	1
SRR14919242	Arcobacter_venerupis	1
SRR14919240	Desulfovibrio_alkalitolerans	1
SRR14919243	Hymenobacter_norwichensis	1
SRR14919242	Sandaracinus_amylolyticus	1
SRR14919239	Spirulina_subsalsa	2
SRR14919245	Thalassomonas_sediminis	1
SRR14919241	Schwartzia_succinivorans	1
SRR14919241	Bifidobacterium_pseudocatenulatum	37
SRR14919240	Ruminofilibacter_xylanolyticum	3
SRR14919239	Bacteroides_reticulotermitis	2
SRR14919244	Mycoplasma_iowae	1
SRR14919242	Desulfofaba_hansenii	4
SRR14919241	Chitinophaga_eiseniae	1
SRR14919238	Porphyromonas_bennonis	5
SRR14919242	Geobacter_bemidjiensis	1
SRR14919238	Bacteroides_reticulotermitis	2
SRR14919244	Thiothrix_flexilis	2
SRR14919242	Paenibacillus_granivorans	2
SRR14919238	Eubacterium_rectale	14371
SRR14919244	Prevotella_ruminicola	11
SRR14919238	Chryseobacterium_flavum	1
SRR14919235	Clostridium_ruminantium	30
SRR14919246	Methylobacterium_fujisawaense	28
SRR14919243	Hymenobacter_soli	2
SRR14919241	Extensimonas_vulgaris	1
SRR14919241	Rubrivivax_gelatinosus	1
SRR14919239	Bacteroides_salyersiae	498
SRR14919244	Methanimicrococcus_blatticola	4
SRR14919243	Clostridium_aestuarii	1
SRR14919241	Sporocytophaga_myxococcoides	35
SRR14919238	Lactobacillus_paracasei	1
SRR14919236	Desulfitobacterium_hafniense	60
SRR14919238	Parvibacter_caecicola	2
SRR14919235	Metallosphaera_yellowstonensis	1
SRR14919240	Sporocytophaga_myxococcoides	37
SRR14919235	Desulfitobacterium_hafniense	38
SRR14919237	Vallitalea_guaymasensis	25
SRR14919246	Thermomicrobium_roseum	1
SRR14919246	Adhaeribacter_terreus	15
SRR14919244	Alteromonas_marina	2
SRR14919244	Nonomuraea_coxensis	2
SRR14919240	Thermodesulforhabdus_norvegica	1
SRR14919239	Subdoligranulum_variabile	86
SRR14919238	Brevibacillus_parabrevis	19
SRR14919242	Geosporobacter_subterraneus	1
SRR14919240	Sphingobacterium_daejeonense	55
SRR14919243	Streptococcus_pneumoniae	2
SRR14919242	Blautia_faecis	2204
SRR14919238	Nitrosomonas_marina	3
SRR14919238	Pylaiella_littoralis	1
SRR14919236	Enterobacter_ludwigii	2
SRR14919246	Actinomyces_funkei	3
SRR14919243	Sphingomonas_kaistensis	174
SRR14919239	Echinicola_shivajiensis	1
SRR14919239	Clostridium_fimetarium	34
SRR14919238	Selenomonas_dianae	1
SRR14919245	Acetobacter_estunensis	34
SRR14919242	Acetatifactor_muris	13
SRR14919239	Sporocytophaga_myxococcoides	33
SRR14919236	Nitrosomonas_europaea	3
SRR14919246	Pediococcus_acidilactici	21
SRR14919240	Clostridium_hydrogeniformans	1
SRR14919245	Lactobacillus_amylophilus	2
SRR14919245	Bilophila_wadsworthia	56
SRR14919241	Streptomyces_mutomycini	1
SRR14919238	Sporocytophaga_myxococcoides	41
SRR14919239	Sphingobacterium_daejeonense	29
SRR14919238	Anaerofilum_agile	13
SRR14919240	Streptococcus_mitis	26
SRR14919238	Sphingobacterium_daejeonense	46
SRR14919237	Blautia_coccoides	1
SRR14919245	Emticicia_ginsengisoli	1
SRR14919244	Epilithonimonas_lactis	1
SRR14919237	Desulfovibrio_halophilus	84
SRR14919235	Listeria_welshimeri	1
SRR14919235	Clostridium_cellulolyticum	1
SRR14919246	Streptococcus_intermedius	16
SRR14919241	Zymophilus_paucivorans	14
SRR14919236	Vibrio_sinaloensis	3
SRR14919236	Curtobacterium_oceanosedimentum	1
SRR14919244	Bacillus_amyloliquefaciens	1
SRR14919239	Laribacter_hongkongensis	5
SRR14919237	Lactobacillus_jensenii	10
SRR14919237	Bifidobacterium_biavatii	1
SRR14919242	Aeribacillus_pallidus	1
SRR14919242	Caldicoprobacter_algeriensis	3
SRR14919241	Streptococcus_danieliae	1
SRR14919235	Eubacterium_oxidoreducens	58
SRR14919241	Chlamydia_psittaci	1
SRR14919244	Methanococcus_maripaludis	1
SRR14919244	Anabaena_cylindrica	1
SRR14919241	Clostridium_fusiformis	18
SRR14919243	Prevotella_saccharolytica	1
SRR14919235	Vibrio_parahaemolyticus	3
SRR14919245	Pseudomonas_stutzeri	24
SRR14919241	Pseudomonas_baetica	1
SRR14919236	Wolbachia_pipientis	2
SRR14919244	Nocardia_cyriacigeorgica	1
SRR14919244	Rhodothermus_marinus	1
SRR14919241	Pseudomonas_grimontii	1
SRR14919237	Halorubellus_litoreus	1
SRR14919244	Pantoea_calida	1
SRR14919236	Lactobacillus_fermentum	5
SRR14919246	Corynebacterium_maris	1
SRR14919246	Desulfotomaculum_putei	1
SRR14919240	Roseovarius_tolerans	1
SRR14919244	Mycoplasma_meleagridis	1
SRR14919240	Anaerosporobacter_mobilis	105
SRR14919235	Oscillatoria_amoena	2
SRR14919246	Simplicispira_psychrophila	6
SRR14919242	Lactobacillus_shenzhenensis	1
SRR14919239	Mycoplasma_iguanae	2
SRR14919238	Thermosyntropha_lipolytica	1
SRR14919236	Sphaerochaeta_globosa	1
SRR14919235	Mesoplasma_photuris	3
SRR14919243	Streptococcus_salivarius	6
SRR14919240	Prevotella_nanceiensis	1
SRR14919238	Anaerococcus_senegalensis	106
SRR14919244	Clostridium_bartlettii	651
SRR14919236	Bacillus_vedderi	1
SRR14919245	Clostridium_butyricum	1
SRR14919242	Methylomicrobium_kenyense	1
SRR14919241	Leptotrichia_amnionii	1
SRR14919240	Clostridium_hylemonae	301
SRR14919236	Methanolobus_profundi	1
SRR14919245	Streptomyces_albogriseolus	1
SRR14919236	Kandleria_vitulina	1
SRR14919244	Rudanella_lutea	1
SRR14919241	Paenibacillus_assamensis	6
SRR14919239	Halothermothrix_orenii	7
SRR14919238	Eubacterium_aggregans	1
SRR14919235	Desulfohalobium_utahense	1
SRR14919246	Salmonella_enterica	1
SRR14919242	Bacteroides_reticulotermitis	7
SRR14919246	Streptococcus_pleomorphus	1
SRR14919246	Pedobacter_alluvionis	1
SRR14919246	Legionella_anisa	1
SRR14919244	Capreolia_implexa	1
SRR14919241	Bacteroides_reticulotermitis	13
SRR14919235	Janthinobacterium_lividum	1
SRR14919245	Planococcus_rifietoensis	1
SRR14919243	Aquimarina_latercula	2
SRR14919242	Epulopiscium_fishelsoni	5
SRR14919240	Leadbetterella_byssophila	3
SRR14919242	Methanocella_paludicola	2
SRR14919238	Spironema_culicis	1
SRR14919246	Clostridium_aldenense	4
SRR14919241	Ornithobacterium_rhinotracheale	3
SRR14919240	Hymenobacter_xinjiangensis	1
SRR14919242	Pantoea_agglomerans	2
SRR14919236	Clostridium_perfringens	492
SRR14919246	Lactobacillus_oeni	1
SRR14919240	Treponema_amylovorum	9
SRR14919235	Eubacterium_desmolans	1409
SRR14919240	Roseburia_cecicola	137
SRR14919239	Pseudoalteromonas_ruthenica	47
SRR14919243	Blattabacterium_clevelandi	1
SRR14919243	Clostridium_clariflavum	178
SRR14919237	Hespellia_porcina	13
SRR14919236	Clostridium_gasigenes	42
SRR14919243	Chlamydophila_felis	1
SRR14919244	Endozoicomonas_montiporae	1
SRR14919244	Stomatobaculum_longum	1
SRR14919238	Aerococcus_viridans	1
SRR14919242	Chryseobacterium_greenlandense	14
SRR14919239	Lacinutrix_copepodicola	2
SRR14919235	Roseburia_inulinivorans	22
SRR14919245	Mycoplasma_hyopharyngis	1
SRR14919245	Robinsoniella_peoriensis	96
SRR14919235	Burkholderia_fungorum	1
SRR14919246	Clostridium_glycyrrhizinilyticum	15
SRR14919236	Desulfosporosinus_acidiphilus	1
SRR14919245	Staphylococcus_aureus	2
SRR14919245	Bacteroides_clarus	22
SRR14919243	Sporocytophaga_myxococcoides	30
SRR14919240	Desulfotignum_toluenicum	2
SRR14919240	Coprococcus_eutactus	68
SRR14919238	Desulfitobacterium_hafniense	50
SRR14919242	Cesiribacter_roseus	1
SRR14919242	Sporocytophaga_myxococcoides	43
SRR14919237	Desulfitobacterium_hafniense	22
SRR14919243	Sphingobacterium_daejeonense	34
SRR14919241	Ureibacillus_composti	1
SRR14919238	Alkalibacterium_psychrotolerans	1
SRR14919246	Nitrosomonas_oligotropha	1
SRR14919245	Herbaspirillum_huttiense	1
SRR14919242	Sphingobacterium_daejeonense	49
SRR14919238	Olivibacter_ginsengisoli	34
SRR14919236	Pseudomonas_viridiflava	4
SRR14919241	Sphingobacterium_daejeonense	33
SRR14919239	Rhizobium_galegae	1
SRR14919236	Shewanella_violacea	2
SRR14919239	Filifactor_alocis	11
SRR14919236	Desulfopila_inferna	1
SRR14919244	Caldicellulosiruptor_obsidiansis	2
SRR14919240	Peptoniphilus_olsenii	1
SRR14919242	Clostridium_hydrogeniformans	1
SRR14919238	Treponema_amylovorum	13
SRR14919236	Fervidobacterium_changbaicum	1
SRR14919243	Alistipes_putredinis	6705
SRR14919241	Clostridium_hydrogeniformans	1
SRR14919246	Oceanirhabdus_sediminicola	1
SRR14919244	Pseudomonas_corrugata	2
SRR14919238	Rhodococcus_aetherivorans	1
SRR14919237	Weissella_koreensis	4
SRR14919245	Gemella_asaccharolytica	140
SRR14919243	Clostridium_cellulovorans	1
SRR14919241	Klebsiella_pneumoniae	50
SRR14919239	Lactobacillus_parabuchneri	87
SRR14919244	Paracoccus_alcaliphilus	1
SRR14919241	Lactobacillus_secaliphilus	1
SRR14919238	Anabaena_oumiana	1
SRR14919236	Kinetoplastibacterium_blastocrithidii	25
SRR14919239	Thermoflavimicrobium_dichotomicum	1
SRR14919238	Desulfococcus_biacutus	1
SRR14919243	Prevotella_loescheii	17
SRR14919236	Variovorax_paradoxus	2
SRR14919236	Oxobacter_pfennigii	14
SRR14919236	Euzebya_tangerina	15
SRR14919244	Pedobacter_oryzae	1
SRR14919243	Desulfovibrio_bastinii	49
SRR14919239	Streptomyces_mutomycini	4
SRR14919238	Coprococcus_eutactus	3752
SRR14919245	Campylobacter_lanienae	3
SRR14919244	Ruminococcus_lactaris	36
SRR14919237	Eubacterium_contortum	19
SRR14919237	Mycoplasma_synoviae	1
SRR14919240	Veillonella_criceti	1
SRR14919239	Lactobacillus_panis	3
SRR14919237	Holospora_obtusa	1
SRR14919242	Tistrella_mobilis	1
SRR14919239	Ruminococcus_callidus	56
SRR14919236	Sphingobacterium_thalpophilum	3
SRR14919240	Pelotomaculum_propionicicum	1
SRR14919240	Desulfovibrio_gracilis	1
SRR14919238	Halobacillus_naozhouensis	1
SRR14919236	Alysiella_crassa	1
SRR14919236	Clostridium_lacusfryxellense	1
SRR14919243	Clostridium_filamentosum	1
SRR14919242	Geovibrio_thiophilus	1
SRR14919245	Bacillus_aquimaris	1
SRR14919241	Methanolobus_vulcani	1
SRR14919239	Bacteroides_dorei	668
SRR14919240	Sedimentibacter_saalensis	1
SRR14919246	Eubacterium_cellulosolvens	30
SRR14919245	Streptococcus_uberis	1
SRR14919242	Pseudanabaena_tremula	1
SRR14919241	Thiohalospira_halophila	3
SRR14919245	Coprothermobacter_proteolyticus	2
SRR14919245	Bacteroides_reticulotermitis	2
SRR14919243	Bacteroides_coprosuis	2
SRR14919242	Methylomonas_rubra	1
SRR14919241	Bifidobacterium_ruminantium	1
SRR14919236	Haemophilus_aegyptius	1
SRR14919235	Euglenaria_anabaena	3
SRR14919235	Burkholderia_graminis	1
SRR14919246	Butyricimonas_synergistica	1
SRR14919244	Bacteroides_reticulotermitis	4
SRR14919240	Borrelia_recurrentis	1
SRR14919238	Ignisphaera_aggregans	3
SRR14919241	Vibrio_mimicus	1
SRR14919241	Nitrosococcus_oceani	2
SRR14919243	Tabrizicola_aquatica	1
SRR14919243	Bacteroides_reticulotermitis	5
SRR14919237	Thermoanaerobacterium_saccharolyticum	13
SRR14919242	Weissella_paramesenteroides	2
SRR14919246	Acidiferrobacter_thiooxydans	1
SRR14919244	Clostridium_frigoris	9
SRR14919241	Rummeliibacillus_suwonensis	1
SRR14919236	Enhygromyxa_salina	51
SRR14919245	Eubacterium_rangiferina	11
SRR14919242	Sinorhizobium_kummerowiae	1
SRR14919242	Desulfitobacterium_hafniense	61
SRR14919246	Prevotella_amnii	1
SRR14919241	Clostridium_botulinum	1
SRR14919239	Parabacteroides_goldsteinii	57
SRR14919238	Melissococcus_plutonius	1
SRR14919238	Citromicrobium_bathyomarinum	1
SRR14919241	Desulfitobacterium_hafniense	42
SRR14919241	Pseudanabaena_mucicola	11
SRR14919238	Phormidium_animale	6
SRR14919235	Acetobacter_pasteurianus	1
SRR14919244	Treponema_azotonutricium	11
SRR14919240	Fibrobacter_intestinalis	1
SRR14919243	Serratia_symbiotica	1
SRR14919240	Desulfitobacterium_hafniense	59
SRR14919243	Bifidobacterium_subtile	1
SRR14919242	Methanocalculus_natronophilus	2
SRR14919244	Sphaerochaeta_pleomorpha	1
SRR14919240	Listeria_grayi	1
SRR14919239	Actinobacillus_rossii	1
SRR14919236	Chondrus_crispus	4
SRR14919235	Merismopedia_tenuissima	2
SRR14919246	Pyrobaculum_aerophilum	32
SRR14919243	Hydrogenivirga_caldilitoris	2
SRR14919244	Blautia_stercoris	117
SRR14919239	Methanolobus_vulcani	1
SRR14919237	Clostridium_jejuense	2
SRR14919235	Prevotella_dentalis	1
SRR14919245	Sporocytophaga_myxococcoides	32
SRR14919242	Leptospira_biflexa	69
SRR14919239	Paenibacillus_polymyxa	2
SRR14919244	Dolichospermum_planctonicum	1
SRR14919244	Sporocytophaga_myxococcoides	35
SRR14919239	Desulfitobacterium_hafniense	49
SRR14919245	Sphingobacterium_daejeonense	33
SRR14919240	Fucophilus_fucoidanolyticus	1
SRR14919245	Lactobacillus_reuteri	89
SRR14919244	Thermoanaerobacter_thermocopriae	1
SRR14919246	Thermoactinomyces_intermedius	1
SRR14919244	Clostridium_cochlearium	1
SRR14919244	Sphingobacterium_daejeonense	40
SRR14919242	Clostridium_homopropionicum	1
SRR14919240	Chondromyces_crocatus	1
SRR14919237	Peptococcus_niger	88
SRR14919245	Clostridium_leptum	36
SRR14919245	Thalassiosira_pseudonana	45
SRR14919241	Fucus_vesiculosus	13
SRR14919240	Dolichospermum_circinale	5
SRR14919246	Treponema_phagedenis	35
SRR14919241	Acetivibrio_ethanolgignens	41
SRR14919237	Treponema_caldaria	2
SRR14919239	Vibrio_lentus	1
SRR14919244	Pectobacterium_atrosepticum	2
SRR14919241	Bacteroides_nordii	282
SRR14919237	Streptococcus_equinus	4
SRR14919241	Porphyromonas_levii	4
SRR14919236	Clostridium_xylanolyticum	12
SRR14919243	Clostridium_termitidis	3
SRR14919242	Bifidobacterium_catenulatum	1
SRR14919237	Clostridium_populeti	16
SRR14919235	Holospora_curviuscula	3
SRR14919242	Dorea_formicigenerans	111
SRR14919240	Bacillus_infernus	1
SRR14919236	Lachnoanaerobaculum_umeaense	5
SRR14919235	Eubacterium_ventriosum	32
SRR14919236	Pyrococcus_furiosus	1
SRR14919242	Shimazuella_kribbensis	2
SRR14919235	Lachnoanaerobaculum_umeaense	5
SRR14919238	Abiotrophia_defectiva	5
SRR14919238	Bacteroides_barnesiae	12
SRR14919236	Sulfurimonas_autotrophica	1
SRR14919235	Mycoplasma_sualvi	1
SRR14919245	Mycoplasma_wenyonii	1
SRR14919236	Fretibacterium_fastidiosum	1
SRR14919244	Microbulbifer_celer	1
SRR14919242	Prevotella_disiens	5
SRR14919239	Uruburuella_suis	1
SRR14919238	Alistipes_onderdonkii	3
SRR14919238	Leptospira_borgpetersenii	1
SRR14919237	Adhaeribacter_aerophilus	1
SRR14919245	Mariniflexile_fucanivorans	1
SRR14919244	Clostridium_psychrophilum	2
SRR14919242	Algimonas_porphyrae	2
SRR14919238	Thermoflavimicrobium_dichotomicum	4
SRR14919238	Lactobacillus_amylophilus	2
SRR14919236	Metallosphaera_cuprina	1
SRR14919243	Sedimentibacter_hydroxybenzoicus	14
SRR14919237	Pyramidobacter_piscolens	1
SRR14919245	Megasphaera_paucivorans	1
SRR14919241	Bradyrhizobium_elkanii	107
SRR14919245	Clostridium_celerecrescens	7
SRR14919245	Mycoplasma_feliminutum	1
SRR14919240	Calochaete_cimrmanii	53
SRR14919239	Streptococcus_intermedius	25
SRR14919242	Flexibacter_flexilis	5
SRR14919241	Pseudomonas_pseudoalcaligenes	2
SRR14919239	Clostridium_lacusfryxellense	1
SRR14919239	Brenneria_populi	5
SRR14919246	Solobacterium_moorei	7
SRR14919244	Ureibacillus_thermosphaericus	1
SRR14919242	Bacillus_schlegelii	63
SRR14919244	Acidaminococcus_intestini	6
SRR14919243	Thioploca_ingrica	1
SRR14919241	Clostridium_methylpentosum	14
SRR14919245	Dialister_invisus	3
SRR14919244	Halopelagius_inordinatus	3
SRR14919244	Fusobacterium_nucleatum	4
SRR14919242	Bacillus_farraginis	1
SRR14919240	Burkholderia_phymatum	1
SRR14919245	Bacillus_megaterium	6
SRR14919245	Cronobacter_sakazakii	2
SRR14919244	Derxia_gummosa	1
SRR14919243	Actinomyces_lingnae	1
SRR14919239	Serratia_marcescens	2
SRR14919239	Acetobacter_estunensis	46
SRR14919237	Oceanrickettsia_ariakensis	1
SRR14919241	Microbacterium_phyllosphaerae	1
SRR14919235	Persicitalea_jodogahamensis	1
SRR14919235	Mycoplasma_conjunctivae	16
SRR14919238	Euglena_schmitzii	1
SRR14919246	Hyphomonas_polymorpha	1
SRR14919246	Bacteroides_reticulotermitis	3
SRR14919244	Calothrix_parietina	1
SRR14919241	Legionella_anisa	1
SRR14919244	Reclinomonas_americana	66
SRR14919243	Desulforhopalus_vacuolatus	1
SRR14919243	Robiginitalea_biformata	1
SRR14919243	Anaerosphaera_aminiphila	1
SRR14919236	Weissella_confusa	6
SRR14919238	Clostridium_sordellii	1
SRR14919242	Caldithrix_palaeochoryensis	1
SRR14919246	Porphyromonas_gingivalis	1
SRR14919244	Desulfitobacterium_hafniense	37
SRR14919235	Streptomyces_colombiensis	1
SRR14919239	Gemella_bergeri	2
SRR14919245	Clostridium_paraputrificum	1
SRR14919243	Phocaeicola_abscessus	3
SRR14919243	Desulfitobacterium_hafniense	42
SRR14919237	Chlamydia_psittaci	1
SRR14919237	Maribacter_polysiphoniae	1
SRR14919235	Clostridium_fusiformis	69
SRR14919246	Enterococcus_cecorum	54
SRR14919244	Clostridium_disporicum	19
SRR14919243	Bacteroides_propionicifaciens	16
SRR14919242	Haemophilus_simiae	1
SRR14919242	Methylobacterium_radiotolerans	1
SRR14919238	Calochaete_cimrmanii	47
SRR14919242	Eubacterium_plexicaudatum	138
SRR14919238	Burkholderia_cepacia	1
SRR14919246	Bradyrhizobium_japonicum	133
SRR14919237	Acholeplasma_palmae	2
SRR14919242	Pleurocapsa_minor	1
SRR14919242	Phormidium_priestleyi	1
SRR14919240	Nostocoida_limicola	1
SRR14919240	Hydrogenoanaerobacterium_saccharovorans	37
SRR14919246	Mucilaginibacter_paludis	1
SRR14919238	Weissella_cibaria	2
SRR14919239	Enterorhabdus_mucosicola	2
SRR14919245	Helcococcus_kunzii	1
SRR14919245	Microbulbifer_yueqingensis	5
SRR14919235	Burkholderia_unamae	2
SRR14919236	Simplicispira_psychrophila	11
SRR14919242	Pedobacter_soli	1
SRR14919246	Cohnella_xylanilytica	1
SRR14919246	Haloleptolyngbya_alcalis	1
SRR14919237	Treponema_calligyrum	1
SRR14919235	Beijerinckia_derxii	33
SRR14919246	Sporocytophaga_myxococcoides	24
SRR14919240	Heliobacterium_chlorum	1
SRR14919240	Alkaliphilus_peptidifermentans	1
SRR14919237	Lactobacillus_brevis	2
SRR14919246	Legionella_beliardensis	1
SRR14919246	Desulfotomaculum_arcticum	21
SRR14919236	Hydrogenophilus_islandicus	1
SRR14919246	Sphingobacterium_daejeonense	15
SRR14919238	Clostridium_bartlettii	344
SRR14919236	Clostridium_glycyrrhizinilyticum	808
SRR14919235	Dialister_pneumosintes	17
SRR14919243	Dolichospermum_curvum	1
SRR14919240	Enterococcus_gilvus	1
SRR14919244	Parabacteroides_gordonii	347
SRR14919239	Coprothermobacter_platensis	57
SRR14919242	Pontibacter_salisaro	3
SRR14919239	Bacillus_galactosidilyticus	1
SRR14919236	Moorella_mulderi	2
SRR14919235	Odoribacter_laneus	8
SRR14919246	Anaerovibrio_lipolyticus	2
SRR14919244	Bifidobacterium_breve	5
SRR14919240	Peptoniphilus_methioninivorax	2
SRR14919240	Actinomyces_odontolyticus	3
SRR14919238	Boyliae_praeputiale	1
SRR14919244	Tepidibacter_mesophilus	1
SRR14919241	Nocardioides_lentus	2
SRR14919240	Chlamydia_pecorum	3
SRR14919239	Anaerobiospirillum_succiniciproducens	27
SRR14919238	Haloferax_volcanii	1
SRR14919238	Lachnoanaerobaculum_umeaense	12
SRR14919239	Alloprevotella_rava	1
SRR14919246	Clostridium_amygdalinum	1
SRR14919238	Pseudoalteromonas_ruthenica	28
SRR14919236	Brackiella_oedipodis	2
SRR14919236	Myroides_odoratimimus	1
SRR14919244	Acholeplasma_vituli	2
SRR14919243	Blastopirellula_marina	1
SRR14919237	Prevotella_paludivivens	1
SRR14919246	Bacillus_funiculus	1
SRR14919241	Leptothrix_discophora	4
SRR14919240	Xanthomonas_axonopodis	1
SRR14919245	Eubacterium_ruminantium	14
SRR14919243	Archaeoglobus_sulfaticallidus	1
SRR14919240	Thermodesulfatator_atlanticus	1
SRR14919246	Enterococcus_eurekensis	7
SRR14919246	Bacteroides_stercoris	67634
SRR14919244	Anoxybacillus_flavithermus	3
SRR14919240	Zavarzinia_compransoris	3
SRR14919237	Clostridium_scindens	75
SRR14919243	Blautia_faecis	726
SRR14919242	Chryseobacterium_taeanense	1
SRR14919235	Propionivibrio_limicola	1
SRR14919236	Thalassomonas_actiniarum	144
SRR14919244	Arcicella_rigui	87
SRR14919243	Facklamia_ignava	3
SRR14919236	Clostridium_cellulovorans	3
SRR14919244	Fibrobacter_succinogenes	1
SRR14919241	Filomicrobium_insigne	1
SRR14919237	Methanohalophilus_mahii	1
SRR14919240	Thauera_terpenica	1
SRR14919245	Marinomonas_ostreistagni	1
SRR14919242	Rhodobacter_azotoformans	2
SRR14919243	Pseudomonas_lundensis	3
SRR14919241	Arthrobacter_pigmenti	1
SRR14919238	Rothia_mucilaginosa	3
SRR14919245	Haloglycomyces_albus	1
SRR14919241	Syntrophus_aciditrophicus	2
SRR14919241	Proteus_vulgaris	1
SRR14919241	Myxococcus_stipitatus	6
SRR14919235	Blautia_hansenii	18
SRR14919235	Colwellia_rossensis	2
SRR14919236	Natronobacterium_texcoconense	1
SRR14919235	Micrococcus_lylae	1
SRR14919236	Oceanirhabdus_sediminicola	5
SRR14919235	Nitrospina_gracilis	1
SRR14919243	Clostridium_intestinale	1
SRR14919238	Mitsuokella_multacida	5
SRR14919246	Parasporobacterium_paucivorans	62
SRR14919244	Rheinheimera_perlucida	1
SRR14919242	Dolosicoccus_paucivorans	1
SRR14919246	Leptotrichia_wadei	2
SRR14919240	Scardovia_wiggsiae	1
SRR14919246	Prevotella_enoeca	1
SRR14919241	Streptococcus_didelphis	2
SRR14919239	Mycoplasma_hyopneumoniae	8
SRR14919236	Pelotomaculum_thermopropionicum	1
SRR14919243	Anaerostipes_butyraticus	9
SRR14919239	Bacteroides_cellulosolvens	160
SRR14919239	Alistipes_shahii	2439
SRR14919245	Nicoletella_semolina	1
SRR14919238	Psychrobacter_sanguinis	1
SRR14919246	Desulfitobacterium_hafniense	39
SRR14919245	Methanimicrococcus_blatticola	4
SRR14919241	Prevotella_amnii	2
SRR14919245	Desulfitobacterium_hafniense	48
SRR14919237	Desulfovibrio_bastinii	32
SRR14919243	Shewanella_aquimarina	2
SRR14919242	Desulfocapsa_thiozymogenes	1
SRR14919242	Tannerella_forsythia	79
SRR14919241	Paenibacillus_illinoisensis	1
SRR14919241	Oribacterium_sinus	748
SRR14919239	Thiohalospira_halophila	9
SRR14919246	Sporosarcina_pasteurii	1
SRR14919244	Bifidobacterium_merycicum	1
SRR14919241	Johnsonella_ignava	5
SRR14919245	Halomonas_maura	11
SRR14919243	Oligella_urethralis	2
SRR14919242	Campylobacter_mucosalis	2
SRR14919238	Sphingobium_suberifaciens	2
SRR14919238	Methanobrevibacter_gottschalkii	1
SRR14919245	Clostridium_frigidicarnis	3
SRR14919243	Lysinibacillus_sphaericus	3
SRR14919242	Desulfomicrobium_baculatum	1
SRR14919244	Bacillus_foraminis	6
SRR14919245	Aliifodinibius_sediminis	1
SRR14919239	Buchnera_aphidicola	360
SRR14919237	Prevotella_copri	2
SRR14919236	Eubacterium_cellulosolvens	10
SRR14919244	Lewinella_cohaerens	1
SRR14919244	Prevotella_bryantii	66
SRR14919242	Eudoraea_adriatica	1
SRR14919242	Haloferax_alexandrinus	2
SRR14919242	Borrelia_miyamotoi	2
SRR14919241	Lachnoanaerobaculum_umeaense	3
SRR14919242	Mycoplasma_leonicaptivi	1
SRR14919240	Algoriphagus_antarcticus	1
SRR14919244	Micrococcus_indicus	1
SRR14919240	Lachnoanaerobaculum_umeaense	4
SRR14919235	Thiothrix_ramosa	2
SRR14919245	Filimonas_lacunae	1
SRR14919238	Methylomonas_rubra	1
SRR14919246	Collinsella_tanakaei	4
SRR14919242	Acetobacterium_woodii	2
SRR14919239	Cronobacter_dublinensis	1
SRR14919236	Sulfurospirillum_cavolei	1
SRR14919242	Microlunatus_aurantiacus	1
SRR14919236	Bacillus_hunanensis	2
SRR14919245	Succiniclasticum_ruminis	1
SRR14919240	Acidithiobacillus_cuprithermicus	1
SRR14919238	Parabacteroides_goldsteinii	20
SRR14919246	Streptomyces_toxytricini	1
SRR14919243	Clostridium_sporogenes	9
SRR14919238	Haemophilus_simiae	1
SRR14919246	Eubacterium_oxidoreducens	11
SRR14919245	Staphylococcus_epidermidis	6
SRR14919242	Desulfitibacter_alkalitolerans	5
SRR14919244	Renibacterium_salmoninarum	1
SRR14919240	Desulfobacter_halotolerans	1
SRR14919239	Lachnoanaerobaculum_umeaense	7
SRR14919235	Anaerococcus_obesiensis	1
SRR14919235	Pseudanabaena_mucicola	2
SRR14919244	Geovibrio_ferrireducens	1
SRR14919242	Hymenobacter_antarcticus	1
SRR14919238	Xanthomonas_campestris	1
SRR14919242	Ohtaekwangia_kribbensis	4
SRR14919246	Tepidibacter_thalassicus	1
SRR14919240	Thermophagus_xiamenensis	1
SRR14919235	Fusobacterium_necrophorum	1
SRR14919239	Spiroplasma_lampyridicola	1
SRR14919236	Solitalea_canadensis	1
SRR14919245	Agrobacterium_vitis	153
SRR14919242	Helicobacter_canis	5
SRR14919242	Cohnella_laeviribosi	1
SRR14919246	Planktothrix_rubescens	4
SRR14919241	Chromobacterium_pseudoviolaceum	1
SRR14919238	Clostridium_sartagoforme	17
SRR14919243	Thiocystis_gelatinosa	1
SRR14919243	Limibacter_armeniacum	2
SRR14919240	Bacillus_algicola	375
SRR14919238	Leptospira_biflexa	71
SRR14919243	Roseburia_faecis	234
SRR14919241	Anaplasma_ovis	1
SRR14919244	Mycoplasma_hyorhinis	85
SRR14919241	Veillonella_tobetsuensis	3
SRR14919240	Lactobacillus_fructivorans	1
SRR14919240	Anaerococcus_prevotii	2
SRR14919238	Zavarzinia_compransoris	2
SRR14919245	Nonomuraea_roseoviolacea	1
SRR14919243	Pectobacterium_atrosepticum	3
SRR14919242	Planomicrobium_glaciei	1
SRR14919236	Guggenheimella_bovis	2
SRR14919246	Desulfonatronum_alkalitolerans	1
SRR14919242	Azospira_oryzae	1
SRR14919244	Psychrobacter_maritimus	3
SRR14919237	Bacteroides_nordii	193
SRR14919244	Chloroflexus_aurantiacus	1
SRR14919244	Bacteroides_vulgatus	21940
SRR14919241	Bifidobacterium_catenulatum	5
SRR14919240	Dorea_longicatena	1577
SRR14919246	Janthinobacterium_lividum	1
SRR14919244	Blautia_hydrogenotrophica	34
SRR14919240	Xanthomonas_gardneri	7
SRR14919239	Acetobacter_malorum	1
SRR14919239	Clostridium_alkalicellulosi	17
SRR14919237	Clostridium_termitidis	2
SRR14919242	Bacteroides_fragilis	18116
SRR14919245	Sporolactobacillus_laevolacticus	1
SRR14919242	Prevotella_shahii	12
SRR14919239	Clostridium_acidisoli	28
SRR14919236	Listeria_innocua	1
SRR14919238	Taylorella_equigenitalis	78
SRR14919237	Acidaminococcus_intestini	5
SRR14919236	Halomonas_jeotgali	1
SRR14919239	Streptococcus_constellatus	5
SRR14919246	Enterococcus_hirae	1
SRR14919242	Caloramator_coolhaasii	1
SRR14919242	Citrobacter_freundii	1
SRR14919239	Vibrio_mediterranei	2
SRR14919243	Arcicella_aurantiaca	2
SRR14919239	Thalassiosira_eccentrica	1
SRR14919245	Mycoplasma_leopharyngis	1
SRR14919244	Dysgonomonas_wimpennyi	1
SRR14919238	Prevotella_disiens	3
SRR14919236	Clostridium_subterminale	6
SRR14919243	Flavonifractor_plautii	2365
SRR14919242	Butyrivibrio_fibrisolvens	973
SRR14919241	Peptoniphilus_asaccharolyticus	2
SRR14919241	Lishizhenia_caseinilytica	1
SRR14919240	Marinoscillum_pacificum	2
SRR14919238	Thermincola_potens	1
SRR14919238	Picochlorum_eukaryotum	1
SRR14919243	Pelobacter_massiliensis	2
SRR14919243	Eubacterium_barkeri	2
SRR14919237	Paraprevotella_clara	800
SRR14919236	Tepidiphilus_margaritifer	1
SRR14919235	Anaplasma_bovis	1
SRR14919246	Megamonas_hypermegale	1
SRR14919244	Blattabacterium_relictus	44
SRR14919242	Trichococcus_collinsii	192
SRR14919235	Victivallis_vadensis	2
SRR14919246	Porphyromonas_endodontalis	6
SRR14919244	Marinomonas_brasiliensis	1
SRR14919244	Spongiimonas_flava	1
SRR14919236	Actinomyces_hyovaginalis	2
SRR14919235	Clostridium_celerecrescens	347
SRR14919244	Anaerostipes_hadrus	2569
SRR14919242	Eubacterium_nodatum	2
SRR14919239	Streptococcus_didelphis	1
SRR14919238	Acidithiobacillus_ferrooxidans	1
SRR14919235	Bradyrhizobium_elkanii	105
SRR14919244	Cytophaga_fermentans	3
SRR14919243	Alistipes_senegalensis	1057
SRR14919240	Thermotalea_metallivorans	33
SRR14919243	Clostridium_algoriphilum	2
SRR14919235	Flectobacillus_speluncae	1
SRR14919246	Caedibacter_caryophilus	17
SRR14919245	Adhaeribacter_aerolatus	2
SRR14919240	Lactobacillus_gasseri	2
SRR14919246	Clostridium_histolyticum	1
SRR14919246	Photorhabdus_temperata	1
SRR14919240	Thermoplasma_acidophilum	1
SRR14919246	Stenotrophomonas_nitritireducens	1
SRR14919242	Vibrio_mimicus	1
SRR14919242	Natronorubrum_thiooxidans	4
SRR14919236	Exiguobacterium_aurantiacum	1
SRR14919242	Tepidanaerobacter_syntrophicus	1
SRR14919245	Glycomyces_harbinensis	1
SRR14919244	Chromatium_weissei	1
SRR14919238	Clostridium_frigidicarnis	3
SRR14919235	Eubacterium_plexicaudatum	31
SRR14919246	Clostridium_polysaccharolyticum	14
SRR14919242	Prototheca_wickerhamii	9
SRR14919240	Clostridium_caenicola	7
SRR14919243	Lachnoanaerobaculum_umeaense	7
SRR14919245	Helcococcus_sueciensis	2
SRR14919242	Lachnoanaerobaculum_umeaense	27
SRR14919236	Rickettsia_limoniae	1
SRR14919238	Niabella_aurantiaca	1
SRR14919242	Acidaminobacter_hydrogenoformans	56
SRR14919240	Wohlfahrtiimonas_chitiniclastica	1
SRR14919241	Natronoflexus_pectinivorans	1
SRR14919241	Clostridium_aminophilum	3
SRR14919238	Reclinomonas_americana	60
SRR14919236	Mucispirillum_schaedleri	1
SRR14919236	Butyricimonas_synergistica	2
SRR14919244	Bacillus_anthracis	1
SRR14919243	Ruminococcus_obeum	1114
SRR14919241	Caldithrix_palaeochoryensis	1
SRR14919240	Eggerthella_lenta	84
SRR14919237	Bacteroides_uniformis	3636
SRR14919241	Listeria_grayi	1
SRR14919239	Desulfotomaculum_arcticum	44
SRR14919238	Clostridium_acetobutylicum	1
SRR14919239	Acidaminobacter_hydrogenoformans	42
SRR14919242	Blautia_schinkii	43
SRR14919242	Desulfotomaculum_gibsoniae	2
SRR14919236	Eubacterium_coprostanoligenes	7
SRR14919242	Cellulomonas_hominis	1
SRR14919238	Clostridium_disporicum	112
SRR14919244	Selenomonas_lacticifex	1
SRR14919243	Eubacterium_ramulus	141
SRR14919238	Alysiella_filiformis	1
SRR14919245	Blautia_producta	14
SRR14919243	Pedobacter_bauzanensis	1
SRR14919243	Methylobacterium_extorquens	1
SRR14919243	Alkaliflexus_imshenetskii	5
SRR14919239	Eubacterium_oxidoreducens	83
SRR14919238	Clostridium_cylindrosporum	2
SRR14919237	Methanobrevibacter_arboriphilus	11
SRR14919235	Anoxybacillus_gonensis	1
SRR14919236	Enterococcus_columbae	2
SRR14919241	Proteus_mirabilis	13
SRR14919235	Vibrio_gigantis	1
SRR14919239	Desulfobacula_toluolica	1
SRR14919235	Euglena_gracilis	1
SRR14919243	Methanothermobacter_thermophilus	1
SRR14919243	Methylomonas_scandinavica	64
SRR14919244	Gelidiella_acerosa	1
SRR14919240	Polaribacter_franzmannii	1
SRR14919242	Agarivorans_albus	8
SRR14919238	Bacillus_galactosidilyticus	3
SRR14919235	Cupriavidus_pauculus	1
SRR14919240	Melittangium_lichenicola	1
SRR14919236	Vibrio_alginolyticus	1
SRR14919237	Deinococcus_radiodurans	1
SRR14919244	Turicibacter_sanguinis	15
SRR14919239	Tenacibaculum_litopenaei	1
SRR14919235	Acidovorax_delafieldii	1
SRR14919243	Methanocalculus_natronophilus	1
SRR14919239	Mycoplasma_agassizii	1
SRR14919245	Haemophilus_haemoglobinophilus	1
SRR14919241	Cyanobacterium_aponinum	1
SRR14919240	Prevotella_maculosa	30
SRR14919237	Pseudoalteromonas_ruthenica	22
SRR14919242	Gracilariopsis_sjoestedtii	1
SRR14919242	Clostridium_grantii	1
SRR14919237	Blautia_hydrogenotrophica	39
SRR14919236	Bacillus_alcaliinulinus	1
SRR14919244	Ohtaekwangia_koreensis	1
SRR14919241	Lactobacillus_gallinarum	1
SRR14919239	Halorubrum_xinjiangense	1
SRR14919244	Erwinia_chrysanthemi	2
SRR14919241	Methanosarcina_barkeri	1
SRR14919238	Methylobacterium_brachiatum	1
SRR14919240	Dysgonomonas_gadei	10
SRR14919236	Salicola_marasensis	2
SRR14919243	Anaeroplasma_varium	5
SRR14919243	Bacteroides_zoogleoformans	8
SRR14919237	Lactobacillus_diolivorans	1
SRR14919241	Coprobacter_fastidiosus	53
SRR14919238	Paenibacillus_assamensis	5
SRR14919236	Legionella_pneumophila	2
SRR14919236	Actinomyces_europaeus	2
SRR14919237	Halobacterium_salinarum	11
SRR14919236	Clostridium_propionicum	5
SRR14919235	Methylobacterium_fujisawaense	34
SRR14919246	Klebsiella_oxytoca	1
SRR14919242	Pyrobaculum_arsenaticum	1
SRR14919242	Porphyromonas_catoniae	55
SRR14919240	Jeotgalicoccus_huakuii	1
SRR14919246	Lachnoanaerobaculum_umeaense	4
SRR14919245	Atopobacter_phocae	1
SRR14919246	Porphyromonas_canoris	1
SRR14919237	Emticicia_oligotrophica	4
SRR14919236	Mycoplasma_canis	1
SRR14919245	Lachnoanaerobaculum_umeaense	5
SRR14919244	Thermoplasma_volcanium	2
SRR14919243	Armatimonas_rosea	7
SRR14919245	Methanoculleus_thermophilus	2
SRR14919244	Lachnoanaerobaculum_umeaense	1
SRR14919238	Clostridium_sulfidigenes	6
SRR14919238	Xanthomonas_gardneri	5
SRR14919237	Kurthia_sibirica	1
SRR14919236	Mucilaginibacter_boryungensis	3
SRR14919245	Snodgrassella_alvi	17
SRR14919243	Eubacterium_saphenum	28
SRR14919236	Lysinibacillus_sphaericus	4
SRR14919244	Streptomyces_microflavus	1
SRR14919243	Methanoculleus_bourgensis	75
SRR14919239	Robiginitomaculum_antarcticum	1
SRR14919238	Desulfotalea_arctica	2
SRR14919239	Syntrophomonas_palmitatica	6
SRR14919236	Scardovia_wiggsiae	1
SRR14919243	Spiroplasma_eriocheiris	1
SRR14919243	Roseiflexus_castenholzii	3
SRR14919240	Eubacterium_hallii	1844
SRR14919238	Ruminofilibacter_xylanolyticum	1
SRR14919236	Pseudoxanthomonas_suwonensis	1
SRR14919235	Microvirga_lotononidis	1
SRR14919244	Thermogymnomonas_acidicola	253
SRR14919237	Desulfotignum_toluenicum	2
SRR14919243	Ruegeria_mobilis	82
SRR14919242	Streptococcus_macacae	1
SRR14919238	Caminicella_sporogenes	3
SRR14919242	Asterionella_ralfsii	1
SRR14919238	Lactobacillus_coleohominis	2
SRR14919235	Butyricicoccus_pullicaecorum	20
SRR14919241	Desulfosporosinus_auripigmenti	1
SRR14919240	Streptococcus_entericus	1
SRR14919240	Blautia_coccoides	1
SRR14919240	Niabella_ginsengisoli	1
SRR14919237	Ferrovum_myxofaciens	4
SRR14919237	Oribacterium_sinus	48
SRR14919237	Johnsonella_ignava	7
SRR14919236	Halorubrum_terrestre	58
SRR14919246	Acinetobacter_baumannii	93
SRR14919243	Ruminococcus_bromii	1997
SRR14919237	Heliobacterium_gestii	1
SRR14919244	Lactobacillus_faeni	1
SRR14919242	Denitrobacterium_detoxificans	113
SRR14919240	Enterococcus_faecium	10
SRR14919246	Thermoactinomyces_albus	1
SRR14919242	Catenibacterium_mitsuokai	23
SRR14919244	Croceimarina_litoralis	1
SRR14919238	Thermodesulforhabdus_norvegica	3
SRR14919237	Clostridium_josui	1
SRR14919235	Eremococcus_coleocola	1
SRR14919244	Sutterella_stercoricanis	249
SRR14919240	Treponema_vincentii	3
SRR14919235	Microbulbifer_yueqingensis	4
SRR14919236	Mogibacterium_timidum	4
SRR14919246	Avibacterium_gallinarum	5
SRR14919240	Lactobacillus_shenzhenensis	2
SRR14919240	Jeotgalibacillus_marinus	1
SRR14919246	Lactobacillus_pobuzihii	3
SRR14919245	Clostridium_aminovalericum	20
SRR14919244	Fontibacter_flavus	79
SRR14919239	Parabacteroides_chinchillae	26
SRR14919237	Desulfovibrio_fairfieldensis	5
SRR14919236	Haloferax_alexandrinus	2
SRR14919242	Salinivibrio_costicola	19
SRR14919240	Fervidobacterium_pennivorans	1
SRR14919236	Streptococcus_ferus	1
SRR14919235	Halolactibacillus_halophilus	1
SRR14919236	Desulfovibrio_fairfieldensis	22
SRR14919239	Eubacterium_sulci	1
SRR14919238	Geobacter_sulfurreducens	1
SRR14919236	Pseudomonas_alcaligenes	79
SRR14919235	Pasteurella_multocida	38
SRR14919245	Ralstonia_solanacearum	2
SRR14919235	Desulfovibrio_fairfieldensis	9
SRR14919241	Bacteroides_coprocola	41
SRR14919240	Bacillus_solisalsi	1
SRR14919245	Pseudoxanthomonas_kaohsiungensis	1
SRR14919245	Clostridium_cocleatum	8
SRR14919244	Clostridium_viride	28
SRR14919239	Ruminococcus_obeum	3014
SRR14919238	Coprothermobacter_platensis	65
SRR14919246	Clostridium_akagii	4
SRR14919244	Anaerosporobacter_mobilis	57
SRR14919240	Sphingobacterium_mizutaii	88
SRR14919237	Clostridium_aminovorans	1
SRR14919244	Bacteroides_propionicifaciens	8
SRR14919238	Fervidobacterium_riparium	1
SRR14919245	Megasphaera_elsdenii	23
SRR14919241	Porphyromonas_cansulci	4
SRR14919237	Thiobacillus_prosperus	1
SRR14919235	Staphylococcus_epidermidis	4
SRR14919245	Imtechium_assamiensis	1
SRR14919244	Enterobacter_cloacae	1
SRR14919243	Nostoc_edaphicum	1
SRR14919237	Clostridium_sporogenes	6
SRR14919241	Paenibacillus_hordei	150
SRR14919244	Spirulina_subsalsa	5
SRR14919243	Thorsellia_anophelis	1
SRR14919245	Parvimonas_micra	12
SRR14919242	Thalassobaculum_salexigens	1
SRR14919241	Microcoleus_paludosus	1
SRR14919238	Ureaplasma_canigenitalium	1
SRR14919240	Myxococcus_virescens	1
SRR14919238	Catellatospora_citrea	1
SRR14919245	Lactobacillus_salivarius	19
SRR14919244	Leadbetterella_byssophila	1
SRR14919238	Enterococcus_faecalis	7
SRR14919237	Treponema_brennaborense	1
SRR14919236	Plasticicumulans_lactativorans	2
SRR14919243	Coprococcus_comes	376
SRR14919241	Acidilobus_sulfurireducens	14
SRR14919238	Parapedobacter_luteus	2
SRR14919238	Helicobacter_canis	8
SRR14919238	Ornithobacterium_rhinotracheale	2
SRR14919243	Petrimonas_sulfuriphila	1
SRR14919236	Microcystis_wesenbergii	2
SRR14919245	Natronococcus_roseus	1
SRR14919245	Microcystis_panniformis	48
SRR14919240	Shewanella_haliotis	1
SRR14919235	Lactobacillus_apodemi	4
SRR14919244	Lactobacillus_hominis	4
SRR14919240	Hespellia_porcina	189
SRR14919235	Kordia_algicida	1
SRR14919246	Brevibacterium_linens	8
SRR14919244	Clostridium_paradoxum	6
SRR14919239	Mycoplasma_cricetuli	1
SRR14919243	Halonotius_pteroides	1
SRR14919242	Pectobacterium_atrosepticum	6
SRR14919235	Butyrivibrio_fibrisolvens	98
SRR14919237	Salmonella_bongori	1
SRR14919246	Natronorubrum_aibiense	2
SRR14919244	Prevotella_nigrescens	2
SRR14919243	Alcaligenes_faecalis	1
SRR14919235	Alicyclobacillus_pomorum	3
SRR14919238	Marinoscillum_pacificum	2
SRR14919237	Rhizobium_tropici	1
SRR14919237	Brevibacillus_brevis	2
SRR14919239	Lamprocystis_roseopersicina	1
SRR14919239	Coprobacter_fastidiosus	370
SRR14919238	Methanosphaerula_palustris	20
SRR14919236	Eubacterium_biforme	5
SRR14919236	Burkholderia_glathei	5
SRR14919243	Kushneria_indalinina	11
SRR14919241	Thermosipho_africanus	1
SRR14919239	Pedomicrobium_manganicum	1
SRR14919236	Gallibacterium_anatis	2
SRR14919239	Haemophilus_influenzae	1
SRR14919236	Streptococcus_macedonicus	1
SRR14919242	Bacillus_pumilus	70
SRR14919237	Fibrobacter_intestinalis	1
SRR14919237	Acetatifactor_muris	6
SRR14919242	Fervidicoccus_fontis	1
SRR14919235	Sinorhizobium_americanum	4
SRR14919245	Desulfotomaculum_reducens	1
SRR14919242	Filifactor_alocis	4
SRR14919238	Myxococcus_virescens	1
SRR14919235	Natronorubrum_thiooxidans	2
SRR14919235	Kouleothrix_aurantiaca	1
SRR14919241	Bifidobacterium_animalis	2
SRR14919237	Methylobacterium_organophilum	1
SRR14919245	Ruminococcus_torques	4625
SRR14919243	Staphylococcus_warneri	1
SRR14919236	Caloramator_coolhaasii	1
SRR14919235	Pediococcus_parvulus	212
SRR14919236	Bacillus_mycoides	3
SRR14919241	Anaerofilum_pentosovorans	1
SRR14919241	Spirochaeta_thermophila	1
SRR14919240	Lysobacter_capsici	1
SRR14919245	Treponema_stenostrepta	4
SRR14919238	Dysgonomonas_wimpennyi	3
SRR14919235	Sphingobium_xenophagum	1
SRR14919239	Bacillus_badius	1
SRR14919237	Flavonifractor_plautii	252
SRR14919236	Catabacter_hongkongensis	2
SRR14919238	Halomonas_xinjiangensis	1
SRR14919242	Clostridium_thermoalcaliphilum	7
SRR14919239	Anabaena_cylindrica	6
SRR14919237	Butyricicoccus_pullicaecorum	24
SRR14919235	Lactococcus_lactis	87
SRR14919240	Blautia_producta	47
SRR14919236	Trichococcus_collinsii	220
SRR14919240	Desulfovibrio_fairfieldensis	6
SRR14919239	Proteocatella_sphenisci	6
SRR14919236	Butyricicoccus_pullicaecorum	21
SRR14919237	Dolichospermum_circinale	2
SRR14919237	Alistipes_senegalensis	15
SRR14919245	Parabacteroides_chartae	4
SRR14919245	Calothrix_desertica	1
SRR14919239	Clostridium_aminophilum	5
SRR14919237	Lactobacillus_ruminis	1
SRR14919240	Xanthomonas_translucens	5
SRR14919242	Bacteroides_acidifaciens	3404
SRR14919240	Stenoxybacter_acetivorans	1
SRR14919236	Cryptobacterium_curtum	1
SRR14919240	Ferrimonas_senticii	1
SRR14919236	Bacillus_humi	16
SRR14919244	Mycoplasma_iguanae	1
SRR14919239	Desulfovibrio_fairfieldensis	135
SRR14919235	Neisseria_canis	16
SRR14919236	Prototheca_wickerhamii	9
SRR14919243	Geothrix_fermentans	1
SRR14919242	Campylobacter_curvus	2
SRR14919238	Desulfovibrio_fairfieldensis	11
SRR14919236	Alkaliflexus_imshenetskii	5
SRR14919243	Spirochaeta_smaragdinae	1
SRR14919241	Verminephrobacter_eiseniae	1
SRR14919239	Moorella_thermoacetica	1
SRR14919240	Ochrobactrum_anthropi	1
SRR14919235	Flexithrix_dorotheae	1
SRR14919246	Methanimicrococcus_blatticola	1
SRR14919242	Massilia_timonae	2
SRR14919236	Lactobacillus_kalixensis	2
SRR14919236	Cenarchaeum_symbiosum	248
SRR14919235	Caldicellulosiruptor_kristjanssonii	1
SRR14919246	Bacillus_thermocloaceae	58
SRR14919240	Prevotella_oralis	1
SRR14919243	Thermoflavimicrobium_dichotomicum	2
SRR14919235	Bifidobacterium_stellenboschense	1
SRR14919240	Paenibacillus_hunanensis	1
SRR14919239	Clostridium_thermopalmarium	7
SRR14919237	Bacteroides_coprophilus	6
SRR14919244	Sedimentibacter_saalensis	1
SRR14919236	Methylomonas_scandinavica	111
SRR14919242	Actinobacillus_pleuropneumoniae	26
SRR14919239	Moraxella_caprae	1
SRR14919237	Parabacteroides_goldsteinii	14
SRR14919237	Pantoea_agglomerans	2
SRR14919246	Thermogladius_shockii	99
SRR14919243	Planktothrix_agardhii	2
SRR14919240	Haliscomenobacter_hydrossis	1
SRR14919236	Streptococcus_gordonii	3
SRR14919236	Rickettsia_tamurae	1
SRR14919242	Campylobacter_rectus	38
SRR14919238	Natronorubrum_bangense	1
SRR14919238	Selenomonas_lacticifex	1
SRR14919246	Streptococcus_suis	5
SRR14919246	Eubacterium_fissicatena	1
SRR14919244	Blautia_faecis	1928
SRR14919243	Desulfobacterium_vacuolatum	1
SRR14919242	Caloramator_quimbayensis	13
SRR14919237	Pedobacter_bauzanensis	1
SRR14919238	Chitinophaga_pinensis	1
SRR14919241	Peptoniphilus_duerdenii	1
SRR14919239	Methylomicrobium_kenyense	1
SRR14919238	Enterococcus_faecium	4
SRR14919237	Malonomonas_rubra	1
SRR14919237	Clostridium_piliforme	2
SRR14919236	Euglena_mutabilis	16
SRR14919240	Desulfovibrio_gigas	1
SRR14919238	Sporolactobacillus_dextrus	1
SRR14919236	Veillonella_ratti	2
SRR14919241	Brasilonema_octagenarum	1
SRR14919236	Treponema_succinifaciens	3
SRR14919245	Clostridium_acidurici	1
SRR14919243	Pedobacter_ruber	2
SRR14919239	Streptacidiphilus_specus	1
SRR14919245	Psychrobacter_phenylpyruvicus	1
SRR14919236	Mahella_australiensis	1
SRR14919242	Peredibacter_starrii	1
SRR14919243	Clostridium_putrefaciens	1
SRR14919243	Bacillus_arsenicus	1
SRR14919236	Bacteroides_plebeius	56
SRR14919237	Bacillus_galactosidilyticus	1
SRR14919246	Bacillus_licheniformis	2
SRR14919240	Euglena_cuneata	1
SRR14919240	Acholeplasma_brassicae	1
SRR14919245	Actinomyces_coleocanis	1
SRR14919241	Cyclobacterium_marinum	2
SRR14919240	Clostridium_limosum	50
SRR14919240	Peptoniphilus_lacrimalis	77
SRR14919236	Porphyromonas_levii	11
SRR14919239	Lactobacillus_nasuensis	1
SRR14919244	Alvinella_pompejana	1
SRR14919241	Altererythrobacter_indicus	25
SRR14919240	Parabacteroides_distasonis	2228
SRR14919235	Nitrosospira_briensis	1
SRR14919241	Sulfobacillus_acidophilus	7
SRR14919238	Prevotella_denticola	234
SRR14919238	Turicibacter_sanguinis	33
SRR14919244	Paraprevotella_xylaniphila	1
SRR14919243	Lactovum_miscens	1
SRR14919241	Galbibacter_marinus	1
SRR14919244	Selenomonas_infelix	1
SRR14919242	Anoxynatronum_sibiricum	8
SRR14919241	Spirosoma_rigui	1
SRR14919240	Peptococcus_niger	17
SRR14919240	Butyricicoccus_pullicaecorum	12
SRR14919236	Pseudoalteromonas_ruthenica	46
SRR14919244	Gemella_sanguinis	1
SRR14919243	Alloprevotella_tannerae	1
SRR14919238	Clostridium_alkalicellulosi	10
SRR14919244	Pelosinus_defluvii	1
SRR14919240	Mycobacterium_chesapeaki	7
SRR14919240	Desulfonatronovibrio_hydrogenovorans	3
SRR14919239	Paenibacillus_hordei	142
SRR14919242	Bacillus_solfatarensis	41
SRR14919245	Pseudobutyrivibrio_xylanivorans	13
SRR14919235	Luteimonas_aestuarii	1
SRR14919246	Lactobacillus_hayakitensis	1
SRR14919245	Achromatium_oxaliferum	1
SRR14919235	Pseudanabaena_galeata	1
SRR14919244	Actinomyces_odontolyticus	1
SRR14919243	Eubostrichus_dianeae	2
SRR14919243	Porphyromonas_uenonis	10
SRR14919242	Gaetbulibacter_marinus	1
SRR14919239	Olsenella_umbonata	2
SRR14919243	Volucribacter_psittacicida	3
SRR14919242	Roseivirga_spongicola	1
SRR14919241	Nitrosovibrio_tenuis	1
SRR14919237	Selenomonas_ruminantium	132
SRR14919239	Butyricicoccus_pullicaecorum	5
SRR14919241	Bacteroides_salyersiae	41
SRR14919235	Rhizobium_leguminosarum	1
SRR14919243	Oxalophagus_oxalicus	1
SRR14919242	Methanobrevibacter_wolinii	1
SRR14919242	Desulfovibrio_fairfieldensis	13
SRR14919240	Pedobacter_glucosidilyticus	1
SRR14919239	Clostridium_ultunense	1
SRR14919238	Butyricicoccus_pullicaecorum	10
SRR14919236	Dysgonomonas_gadei	17
SRR14919237	Methylobacterium_populi	1
SRR14919236	Methanoculleus_bourgensis	179
SRR14919242	Gemella_bergeri	2
SRR14919241	Desulfovibrio_fairfieldensis	2
SRR14919236	Mycoplasma_suis	1
SRR14919236	Porphyromonas_endodontalis	1
SRR14919242	Leuconostoc_pseudomesenteroides	2
SRR14919237	Bacillus_schlegelii	16
SRR14919235	Cyanoptyche_gloeocystis	28
SRR14919246	Lachnobacterium_bovis	46
SRR14919244	Streptococcus_sanguinis	83
SRR14919236	Streptomyces_griseorubens	1
SRR14919245	Anaerostipes_caccae	4
SRR14919242	Rickettsia_akari	1
SRR14919241	Clostridium_colinum	1
SRR14919236	Spongiispira_norvegica	1
SRR14919236	Porphyromonas_catoniae	38
SRR14919235	Mycoplasma_sphenisci	3
SRR14919242	Caedibacter_macronucleorum	1
SRR14919239	Tunicatimonas_pelagia	1
SRR14919238	Acidianus_pozzuoliensis	1
SRR14919239	Halolactibacillus_halophilus	1
SRR14919243	Mangroviflexus_xiamenensis	1
SRR14919238	Thermoplasma_volcanium	1
SRR14919243	Campylobacter_gracilis	1
SRR14919243	Piscirickettsia_salmonis	3
SRR14919242	Acidaminococcus_fermentans	21
SRR14919235	Catenibacterium_mitsuokai	6
SRR14919243	Treponema_denticola	42
SRR14919238	Xanthomonas_translucens	5
SRR14919236	Bacillus_subtilis	12
SRR14919246	Pseudomonas_jessenii	1
SRR14919241	Idiomarina_salinarum	1
SRR14919241	Bacteroides_pyogenes	24
SRR14919239	Pedobacter_rhizospharae	1
SRR14919245	Paenibacillus_camelliae	1
SRR14919243	Paenibacillus_pabuli	55
SRR14919242	Melioribacter_roseus	1
SRR14919241	Roseibacterium_elongatum	1
SRR14919239	Helcococcus_sueciensis	2
SRR14919245	Trigonala_elaeagnus	1
SRR14919240	Natronoflexus_pectinivorans	1
SRR14919237	Microcystis_flos-aquae	1
SRR14919241	Lysobacter_gummosus	1
SRR14919241	Pasteurella_skyensis	1
SRR14919239	Streptacidiphilus_griseus	1
SRR14919239	Nitrosovibrio_tenuis	1
SRR14919244	Olsenella_uli	42
SRR14919243	Listeria_monocytogenes	1
SRR14919241	Enhygromyxa_salina	28
SRR14919240	Caldithrix_palaeochoryensis	3
SRR14919236	Eubacterium_hallii	83
SRR14919235	Thermoflavimicrobium_dichotomicum	1
SRR14919236	Slackia_equolifaciens	1
SRR14919242	Bacteroides_dorei	309
SRR14919240	Lewinella_antarctica	1
SRR14919243	Prevotella_ruminicola	3
SRR14919242	Spiroplasma_cantharicola	1
SRR14919241	Veillonella_atypica	4
SRR14919244	Sporosarcina_globispora	1
SRR14919243	Phormidium_animale	8
SRR14919237	Arthrobacter_antarcticus	2
SRR14919245	Microbacterium_takaoensis	1
SRR14919242	Gracilimonas_tropica	2
SRR14919241	Winogradskyella_epiphytica	57
SRR14919240	Parvimonas_micra	4
SRR14919235	Pseudomonas_syringae	1
SRR14919238	Serratia_symbiotica	2
SRR14919237	Anaerosporobacter_mobilis	35
SRR14919235	Veillonella_magna	1
SRR14919242	Clostridium_aestuarii	2
SRR14919242	Bacillus_thuringiensis	212
SRR14919237	Sedimentibacter_saalensis	12
SRR14919237	Borrelia_burgdorferi	1
SRR14919245	Clostridium_lavalense	3
SRR14919245	Anaerovorax_odorimutans	1
SRR14919243	Desulfovibrio_aespoeensis	1
SRR14919245	Halobacterium_noricense	3
SRR14919245	Adhaeribacter_terreus	35
SRR14919242	Anaplasma_ovis	1
SRR14919240	Erwinia_toletana	1
SRR14919239	Lactobacillus_mali	1
SRR14919238	Parabacteroides_chinchillae	13
SRR14919235	Clostridium_aminovalericum	22
SRR14919235	Runella_limosa	1
SRR14919245	Megasphaera_hominis	78
SRR14919245	Bacteroides_rodentium	1047
SRR14919244	Chloroidium_saccharophilum	2
SRR14919243	Thioalkalivibrio_sulfidophilus	1
SRR14919238	Tepidanaerobacter_acetatoxydans	4
SRR14919246	Eubacterium_plexicaudatum	21
SRR14919245	Lactobacillus_animalis	2
SRR14919244	Eubacterium_yurii	2
SRR14919236	Lactobacillus_plantarum	1
SRR14919241	Weissella_cibaria	2
SRR14919236	Salinivibrio_costicola	28
SRR14919243	Blautia_wexlerae	11
SRR14919241	Terrahaemophilus_aromaticivorans	1
SRR14919241	Seinonella_peptonophila	2
SRR14919240	Aeromonas_hydrophila	2
SRR14919239	Bacteroides_pyogenes	18
SRR14919239	Dokdonella_koreensis	1
SRR14919237	Leadbetterella_byssophila	1
SRR14919235	Bacteroides_massiliensis	4
SRR14919236	Desulfosalsimonas_propionicica	2
SRR14919239	Ralstonia_solanacearum	2
SRR14919237	Coprothermobacter_platensis	35
SRR14919244	Bilophila_wadsworthia	61
SRR14919242	Treponema_caldaria	2
SRR14919241	Barnesiella_viscericola	14
SRR14919238	Syntrophomonas_wolfei	15
SRR14919237	Eubacterium_coprostanoligenes	368
SRR14919246	Marinifilum_fragile	1
SRR14919245	Aeromonas_veronii	46
SRR14919243	Butyricicoccus_pullicaecorum	10
SRR14919240	Haladaptatus_litoreus	1
SRR14919238	Terrahaemophilus_aromaticivorans	2
SRR14919236	Nocardioides_lentus	5
SRR14919243	Peptoniphilus_indolicus	3
SRR14919242	Butyricicoccus_pullicaecorum	178
SRR14919239	Clostridium_cadaveris	1
SRR14919246	Pseudoalteromonas_ruthenica	25
SRR14919244	Bacteroides_chinchillae	6
SRR14919241	Butyricicoccus_pullicaecorum	30
SRR14919245	Lactobacillus_rossiae	1
SRR14919244	Dysgonomonas_hofstadii	19
SRR14919245	Clostridium_fallax	1
SRR14919242	Nonomuraea_soli	1
SRR14919242	Borrelia_duttonii	1
SRR14919236	Achromobacter_xylosoxidans	2
SRR14919235	Pseudomonas_stutzeri	22
SRR14919236	Ornatilinea_apprima	1
SRR14919244	Dyadobacter_fermentans	1
SRR14919239	Thermus_thermophilus	2
SRR14919246	Clostridium_alcaliphilum	1
SRR14919238	Ehrlichia_ruminantium	1
SRR14919245	Thiothrix_flexilis	2
SRR14919244	Clostridium_aminobutyricum	3
SRR14919244	Kangiella_spongicola	1
SRR14919240	Desulfobacterium_autotrophicum	1
SRR14919239	Desulfovibrio_cuneatus	3
SRR14919246	Bacteroides_clarus	9
SRR14919242	Desulfococcus_niacini	5
SRR14919246	Rhodopseudomonas_palustris	15
SRR14919244	Desulfovibrio_fairfieldensis	247
SRR14919238	Desulfotomaculum_reducens	2
SRR14919244	Blautia_luti	350
SRR14919243	Desulfovibrio_fairfieldensis	8
SRR14919238	Rhodococcus_kroppenstedtii	1
SRR14919237	Acinetobacter_parvus	2
SRR14919243	Vibrio_mimicus	1
SRR14919238	Aeromonas_hydrophila	4
SRR14919235	Lactobacillus_murinus	8
SRR14919241	Pectobacterium_atrosepticum	2
SRR14919239	Bacteroides_galacturonicus	3
SRR14919245	Sporolactobacillus_inulinus	1
SRR14919235	Bacteroides_salanitronis	4
SRR14919245	Alteromonas_marina	1
SRR14919239	Spirochaeta_thermophila	1
SRR14919235	Paenibacillus_sepulcri	1
SRR14919239	Streptococcus_dysgalactiae	1
SRR14919244	Methanocalculus_natronophilus	1
SRR14919240	Megasphaera_cerevisiae	1
SRR14919236	Desulfosoma_profundi	1
SRR14919242	Glycomyces_endophyticus	1
SRR14919241	Pediococcus_acidilactici	29
SRR14919235	Legionella_nagasakiensis	3
SRR14919245	Caloramator_mitchellensis	4
SRR14919242	Clostridium_aldrichii	3
SRR14919244	Lactobacillus_pasteurii	1
SRR14919240	Codium_fragile	10
SRR14919236	Caloramator_australicus	7
SRR14919243	Sulfitobacter_pontiacus	1
SRR14919243	Azotobacter_chroococcum	3
SRR14919239	Selenomonas_dianae	1
SRR14919242	Listeria_grayi	1
SRR14919239	Flavobacterium_croceum	1
SRR14919235	Nitrosomonas_halophila	2
SRR14919246	Azospirillum_irakense	1
SRR14919237	Pseudomonas_indica	1
SRR14919240	Microbacterium_trichothecenolyticum	2
SRR14919237	Tamlana_agarivorans	1
SRR14919235	Neisseria_animalis	45
SRR14919243	Garciella_nitratireducens	9
SRR14919239	Psychrobacter_pacificensis	1
SRR14919235	Bacteroides_eggerthii	6
SRR14919236	Coprococcus_catus	17
SRR14919245	Sharpea_azabuensis	1
SRR14919242	Methanocalculus_pumilus	12
SRR14919236	Acidianus_manzaensis	1
SRR14919245	Oxalobacter_formigenes	7
SRR14919240	Acetobacter_farinalis	1
SRR14919239	Treponema_stenostrepta	6
SRR14919235	Clostridium_gasigenes	19
SRR14919237	Marinococcus_halophilus	1
SRR14919236	Methanococcus_voltae	1
SRR14919243	Acanthopleuribacter_pedis	3
SRR14919242	Aeriscardovia_aeriphila	1
SRR14919242	Chlamydia_psittaci	3
SRR14919245	Akkermansia_muciniphila	12176
SRR14919244	Clostridiisalibacter_paucivorans	1
SRR14919242	Thermoflavimicrobium_dichotomicum	2
SRR14919239	Mucilaginibacter_gynuensis	1
SRR14919238	Corynebacterium_pyruviciproducens	1
SRR14919240	Moryella_indoligenes	4
SRR14919239	Leptospira_idonii	3
SRR14919238	Veillonella_tobetsuensis	1
SRR14919237	Blastocatella_fastidiosa	1
SRR14919237	Oceanicoccus_sagamiensis	1
SRR14919236	Pseudomonas_fluorescens	9
SRR14919244	Staphylococcus_aureus	3
SRR14919244	Clostridium_thermocellum	51
SRR14919243	Burkholderia_tropica	11
SRR14919236	Methylobacterium_fujisawaense	42
SRR14919245	Lishizhenia_caseinilytica	1
SRR14919240	Arthrobacter_luteolus	1
SRR14919237	Nocardia_asteroides	1
SRR14919245	Muricauda_aquimarina	1
SRR14919244	Pediococcus_damnosus	1
SRR14919240	Lysobacter_dokdonensis	1
SRR14919243	Hespellia_stercorisuis	3
SRR14919239	Clostridium_cellulolyticum	9
SRR14919237	Parvibacter_caecicola	10
SRR14919239	Rhodobacter_azotoformans	1
SRR14919240	Nocardia_abscessus	1
SRR14919239	Prevotella_bryantii	70
SRR14919235	Staphylococcus_capitis	1
SRR14919236	Dehalobacterium_formicoaceticum	2
SRR14919236	Streptococcus_sobrinus	1
SRR14919244	Thermotalea_metallivorans	12
SRR14919240	Kushneria_avicenniae	1
SRR14919244	Dysgonomonas_mossii	11
SRR14919242	Clostridium_oroticum	69
SRR14919240	Lachnospira_multipara	2
SRR14919238	Ochromonas_danica	8
SRR14919242	Brochothrix_thermosphacta	1
SRR14919239	Propionispora_hippei	1
SRR14919236	Salinicola_halophilus	1
SRR14919238	Clostridium_beijerinckii	1
SRR14919238	Spiroplasma_mirum	1
SRR14919246	Halococcus_hamelinensis	1
SRR14919240	Enterobacter_hormaechei	24
SRR14919246	Spiribacter_salinus	1
SRR14919241	Deinococcus_pimensis	1
SRR14919235	Enterobacter_ludwigii	3
SRR14919243	Clostridium_tunisiense	4
SRR14919239	Eubacterium_plexicaudatum	94
SRR14919236	Paenibacillus_zanthoxyli	3
SRR14919242	Pseudoteredinibacter_isoporae	29
SRR14919240	Mycoplasma_amphoriforme	2
SRR14919240	Alicyclobacillus_tolerans	1
SRR14919236	Enterobacter_aerogenes	1
SRR14919246	Pseudoscardovia_suis	1
SRR14919246	Parabacteroides_goldsteinii	19
SRR14919245	Butyricicoccus_pullicaecorum	12
SRR14919244	Hippea_maritima	2
SRR14919242	Caloramator_fervidus	11
SRR14919240	Odoribacter_laneus	36
SRR14919239	Thermoactinomyces_sanguinis	3
SRR14919239	Brasilonema_octagenarum	1
SRR14919235	Capnocytophaga_canimorsus	2
SRR14919245	Shimwellia_blattae	1
SRR14919244	Butyricicoccus_pullicaecorum	14
SRR14919242	Streptococcus_thermophilus	10
SRR14919242	Dehalococcoides_mccartyi	2
SRR14919238	Desulfotomaculum_thermosubterraneum	1
SRR14919236	Parabacteroides_goldsteinii	23
SRR14919246	Ureibacillus_thermosphaericus	1
SRR14919243	Haloferax_volcanii	1
SRR14919238	Halobaculum_magnesiiphilum	2
SRR14919246	Desulfotomaculum_australicum	1
SRR14919243	Denitrobacterium_detoxificans	49
SRR14919241	Methylobacterium_extorquens	1
SRR14919244	Bacillus_clausii	1
SRR14919244	Francisella_guangzhouensis	1
SRR14919243	Ruminococcus_lactaris	84
SRR14919242	Flectobacillus_lacus	1
SRR14919242	Bacteroides_helcogenes	48
SRR14919239	Methanocella_conradii	190
SRR14919236	Nitrosospira_multiformis	1
SRR14919241	Roseburia_cecicola	501
SRR14919240	Robinsoniella_peoriensis	16
SRR14919238	Roseomonas_musae	1
SRR14919246	Ammonifex_degensii	1
SRR14919240	Lactobacillus_harbinensis	1
SRR14919240	Hydrogenivirga_caldilitoris	1
SRR14919237	Natronomonas_moolapensis	1
SRR14919243	Leptospira_biflexa	53
SRR14919238	Bacillus_sporothermodurans	2
SRR14919246	Desulfovibrio_fairfieldensis	9
SRR14919237	Alistipes_finegoldii	379
SRR14919236	Halorubellus_litoreus	1
SRR14919244	Xylanibacter_oryzae	4
SRR14919241	Dolichospermum_planctonicum	2
SRR14919241	Sulfobacillus_benefaciens	1
SRR14919245	Desulfovibrio_fairfieldensis	360
SRR14919241	Coprobacillus_cateniformis	2680
SRR14919239	Pseudomonas_teessidea	7
SRR14919246	Haloplasma_contractile	1
SRR14919245	Spirochaeta_isovalerica	1
SRR14919241	Phascolarctobacterium_succinatutens	1
SRR14919245	Peptostreptococcus_russellii	1
SRR14919240	Serratia_plymuthica	1
SRR14919240	Eubacterium_eligens	25
SRR14919237	Actinomyces_odontolyticus	1
SRR14919243	Lactobacillus_saniviri	1
SRR14919236	Mucilaginibacter_composti	1
SRR14919235	Lewinella_marina	1
SRR14919245	Bacteroides_propionicifaciens	17
SRR14919235	Sphaerochaeta_globosa	1
SRR14919242	Bacteroides_coprosuis	2
SRR14919241	Arthrobacter_nasiphocae	1
SRR14919241	Prevotella_buccalis	1
SRR14919238	Grammonema_striatula	2
SRR14919236	Pseudomonas_rhizosphaerae	1
SRR14919235	Cyclobacterium_marinum	4
SRR14919245	Phacus_granum	1
SRR14919245	Clostridium_papyrosolvens	3
SRR14919242	Aristoptilon_mooreanum	1
SRR14919237	Ignisphaera_aggregans	1
SRR14919238	Chromobacterium_pseudoviolaceum	1
SRR14919240	Clostridium_indolis	71
SRR14919242	Escherichia/Shigella_coli	17
SRR14919237	Tissierella_praeacuta	1
SRR14919244	Paucimonas_lemoignei	1
SRR14919243	Mucilaginibacter_litoreus	1
SRR14919241	Caedibacter_taeniospiralis	28
SRR14919237	Clostridium_alkalicellulosi	11
SRR14919242	Thioalkalimicrobium_microaerophilum	1
SRR14919246	Clostridium_populeti	3
SRR14919245	Clostridium_tetanomorphum	3
SRR14919236	Lactobacillus_hayakitensis	1
SRR14919236	Bacillus_solfatarensis	5
SRR14919245	Clostridium_aldenense	35
SRR14919235	Aureibacter_tunicatorum	2
SRR14919239	Achromatium_oxaliferum	1
SRR14919243	Microbacterium_azadirachtae	1
SRR14919246	Euzebya_tangerina	2
SRR14919244	Loktanella_pyoseonensis	1
SRR14919240	Rheinheimera_chironomi	1
SRR14919246	Bacillus_humi	4
SRR14919246	Corynebacterium_canis	1
SRR14919242	Quatrionicoccus_australiensis	2
SRR14919243	Desulfovibrio_frigidus	1
SRR14919243	Stomatobaculum_longum	6
SRR14919242	Reichenbachiella_agariperforans	1
SRR14919241	Chryseobacterium_greenlandense	12
SRR14919239	Rickettsia_australis	1
SRR14919236	Azospirillum_brasilense	3
SRR14919244	Desulfotomaculum_carboxydivorans	1
SRR14919246	Clostridium_ruminantium	98
SRR14919241	Eubacterium_dolichum	16
SRR14919236	Alkalitalea_saponilacus	1
SRR14919246	Butyrivibrio_fibrisolvens	134
SRR14919240	Ureibacillus_composti	1
SRR14919237	Bacillus_aerius	1
SRR14919236	Treponema_phagedenis	65
SRR14919240	Holdemania_filiformis	9
SRR14919238	Microbacterium_takaoensis	1
SRR14919246	Intestinimonas_butyriciproducens	45
SRR14919242	Thermodesulfatator_atlanticus	1
SRR14919236	Streptococcus_equinus	3
SRR14919246	Bacillus_aquimaris	2
SRR14919246	Desulfovibrio_halophilus	75
SRR14919241	Acetobacter_estunensis	34
SRR14919238	Leptotrichia_buccalis	1
SRR14919246	Corynebacterium_kroppenstedtii	3
SRR14919243	Pelosinus_fermentans	1
SRR14919243	Methylomonas_rubra	1
SRR14919246	Weissella_confusa	2
SRR14919245	Tenacibaculum_xiamenense	1
SRR14919244	Geminocystis_papuanica	2
SRR14919241	Flavitalea_gansuensis	2
SRR14919239	Clostridium_hathewayi	802
SRR14919245	Blautia_faecis	1558
SRR14919246	Natronorubrum_thiooxidans	2
SRR14919243	Eubacterium_siraeum	4129
SRR14919240	Atopobium_rimae	2
SRR14919237	Abiotrophia_defectiva	2
SRR14919237	Bacteroides_barnesiae	34
SRR14919242	Desulfofustis_glycolicus	1
SRR14919235	Erysipelothrix_muris	1
SRR14919246	Butyricicoccus_pullicaecorum	6
SRR14919239	Anaerorhabdus_furcosa	1
SRR14919237	Listeria_monocytogenes	1
SRR14919242	Actinomyces_ruminicola	7
SRR14919241	Sarcina_maxima	1
SRR14919237	Enhygromyxa_salina	18
SRR14919238	Enterobacter_hormaechei	20
SRR14919238	Eubacterium_ramulus	153
SRR14919235	Brevibacillus_agri	4
SRR14919243	Pseudomonas_pseudoalcaligenes	1
SRR14919240	Klebsiella_pneumoniae	46
SRR14919239	Peptoniphilus_asaccharolyticus	1
SRR14919238	Natronincola_ferrireducens	2
SRR14919240	Clostridium_caminithermale	1
SRR14919239	Phormidium_animale	9
SRR14919242	Silanimonas_mangrovi	1
SRR14919239	Staphylococcus_caprae	1
SRR14919238	Moryella_indoligenes	5
SRR14919242	Desulfomonile_tiedjei	1
SRR14919239	Barnesiella_viscericola	18
SRR14919236	Bacillus_thuringiensis	316
SRR14919244	Cardiobacterium_valvarum	1
SRR14919241	Desulfotalea_psychrophila	228
SRR14919236	Eubacterium_contortum	60
SRR14919246	Vibrio_owensii	1
SRR14919235	Actinomyces_graevenitzii	2
SRR14919243	Sinosporangium_album	1
SRR14919237	Parabacteroides_chinchillae	12
SRR14919236	Solobacterium_moorei	6
SRR14919238	Ruminococcus_callidus	142
SRR14919246	Vibrio_parahaemolyticus	1
SRR14919243	Winogradskyella_multivorans	1
SRR14919242	Treponema_medium	1
SRR14919240	Clostridium_sufflavum	2
SRR14919238	Thermotoga_hypogea	1
SRR14919241	Streptococcus_acidominimus	1
SRR14919238	Kushneria_avicenniae	1
SRR14919240	Clostridium_bartlettii	2
SRR14919239	Lactobacillus_animalis	2
SRR14919244	Cronobacter_sakazakii	3
SRR14919236	Coprothermobacter_platensis	64
SRR14919236	Microchaete_diplosiphon	1
SRR14919235	Halothermothrix_orenii	1
SRR14919246	Paenibacillus_graminis	1
SRR14919246	Clostridium_leptum	457
SRR14919236	Bacillus_galactosidilyticus	2
SRR14919245	Hyphomonas_polymorpha	2
SRR14919243	Moraxella_boevrei	1
SRR14919242	Bacteroides_nordii	335
SRR14919239	Idiomarina_donghaiensis	1
SRR14919235	Prevotella_maculosa	20
SRR14919245	Pseudoalteromonas_ruthenica	25
SRR14919238	Clostridium_papyrosolvens	6
SRR14919245	Treponema_refringens	1
SRR14919241	Sorangium_cellulosum	1
SRR14919240	Acetohalobium_arabaticum	1
SRR14919235	Pseudoalteromonas_ruthenica	38
SRR14919242	Lactobacillus_homohiochii	2
SRR14919242	Phocaeicola_abscessus	4
SRR14919246	Legionella_gresilensis	1
SRR14919238	Cymbella_subturgidula	1
SRR14919238	Dysgonomonas_hofstadii	19
SRR14919237	Finegoldia_magna	1
SRR14919246	Paenibacillus_timonensis	1
SRR14919240	Clostridium_botulinum	3
SRR14919238	Caloramator_mitchellensis	10
SRR14919245	Acetivibrio_ethanolgignens	26
SRR14919237	Enterococcus_mundtii	5
SRR14919246	Clostridium_symbiosum	33
SRR14919243	Prevotella_disiens	11
SRR14919242	Eubacterium_pyruvativorans	5
SRR14919238	Anaeroplasma_varium	2
SRR14919245	Bifidobacterium_saguini	1
SRR14919243	Shuttleworthia_satelles	4
SRR14919242	Paenibacillus_ginsengihumi	1
SRR14919240	Spiroplasma_chinense	1
SRR14919237	Jeotgalibacillus_marinus	1
SRR14919236	Rhodopseudomonas_palustris	42
SRR14919239	Acidobacterium_capsulatum	1
SRR14919246	Actinomadura_rubrobrunea	1
SRR14919238	Actinobacillus_rossii	1
SRR14919236	Roseivivax_sediminis	1
SRR14919237	Lactobacillus_coryniformis	1
SRR14919239	Anaerostipes_hadrus	9129
SRR14919237	Eubacterium_nodatum	1
SRR14919245	Methylomonas_fodinarum	3
SRR14919244	Helicobacter_heilmannii	2
SRR14919242	Paracoccus_versutus	2
SRR14919238	Marinobacter_litoralis	1
SRR14919235	Bacteroides_salyersiae	5
SRR14919236	Bacillus_circulans	1
SRR14919244	Pseudoxanthomonas_koreensis	1
SRR14919242	Gracilimonas_rosea	1
SRR14919236	Chryseobacterium_jeonii	1
SRR14919236	Fusobacterium_gonidiaformans	2
SRR14919237	Paenibacillus_chinjuensis	881
SRR14919235	Fusobacterium_gonidiaformans	3
SRR14919235	Myroides_odoratus	1
SRR14919242	Clostridium_bovipellis	3
SRR14919241	Halomicrobium_zhouii	1
SRR14919244	Lactobacillus_reuteri	83
SRR14919244	Lactobacillus_rhamnosus	3
SRR14919242	Rapidithrix_thailandica	1
SRR14919238	Clostridium_malenominatum	2
SRR14919246	Adhaeribacter_aerophilus	3
SRR14919244	Moritella_viscosa	1
SRR14919244	Runella_defluvii	1
SRR14919243	Prevotella_corporis	1
SRR14919241	Stanieria_cyanosphaera	1
SRR14919244	Gemmiger_formicilis	820
SRR14919239	Polynucleobacter_cosmopolitanus	1
SRR14919235	Eubacterium_xylanophilum	7
SRR14919239	Sorangium_cellulosum	4
SRR14919239	Butyrivibrio_fibrisolvens	583
SRR14919235	Clostridium_fimetarium	7
SRR14919240	Helcococcus_ovis	2
SRR14919238	Catonella_morbi	3
SRR14919235	Francisella_noatunensis	45
SRR14919241	Georgiella_confluens	1
SRR14919240	Xenorhabdus_griffiniae	1
SRR14919237	Coenonia_anatina	1
SRR14919241	Porphyromonas_gingivalis	2
SRR14919240	Providencia_alcalifaciens	1
SRR14919239	Mycoplasma_ovis	1
SRR14919235	Desulfovibrio_mexicanus	1
SRR14919241	Clostridium_lituseburense	1
SRR14919237	Thermotalea_metallivorans	248
SRR14919236	Niabella_hirudinis	2
SRR14919241	Dorea_formicigenerans	107
SRR14919236	Singulisphaera_mucilaginosa	1
SRR14919239	Peptoniphilus_gorbachii	1
SRR14919239	Oxalobacter_formigenes	8
SRR14919245	Syntrophomonas_erecta	1
SRR14919245	Clostridium_methylpentosum	100
SRR14919239	Hazenella_coriacea	2
SRR14919243	Anaplasma_ovis	1
SRR14919238	Collinsella_aerofaciens	599
SRR14919241	Campylobacter_lanienae	1
SRR14919239	Natronorubrum_thiooxidans	1
SRR14919238	Chlamydia_psittaci	1
SRR14919238	Ruminococcus_bromii	1859
SRR14919236	Runella_limosa	1
SRR14919240	Lactobacillus_casei	2
SRR14919239	Lactobacillus_faeni	1
SRR14919238	Enterococcus_gallinarum	1
SRR14919238	Mycoplasma_amphoriforme	1
SRR14919246	Bacillus_horneckiae	1
SRR14919242	Haloarcula_salaria	1
SRR14919238	Eutreptia_viridis	177
SRR14919239	Eubacterium_dolichum	1
SRR14919237	Hespellia_stercorisuis	1
SRR14919246	Microcystis_aeruginosa	176
SRR14919242	Desulfotomaculum_putei	2
SRR14919236	Enterococcus_aquimarinus	5
SRR14919236	Nocardia_abscessus	1
SRR14919245	Pedobacter_saltans	1
SRR14919244	Centipeda_periodontii	1
SRR14919243	Pseudomonas_monteilii	1
SRR14919239	Atopobium_vaginae	3
SRR14919236	Holospora_acuminata	3
SRR14919240	Thalassiosira_pseudonana	60
SRR14919236	Escherichia/Shigella_sonnei	5
SRR14919246	Coprothermobacter_platensis	35
SRR14919244	Stenoxybacter_acetivorans	1
SRR14919238	Bifidobacterium_animalis	1
SRR14919238	Chlamydia_trachomatis	2
SRR14919235	Clostridium_herbivorans	2
SRR14919246	Catenibacterium_mitsuokai	126
SRR14919241	Anaerovibrio_lipolyticus	1
SRR14919240	Clostridium_josui	2
SRR14919237	Rubrobacter_radiotolerans	1
SRR14919237	Mycoplasma_felis	24
SRR14919244	Acetobacter_pasteurianus	1
SRR14919243	Marinilabilia_salmonicolor	2
SRR14919242	Bacteroides_pectinophilus	5
SRR14919241	Lactobacillus_johnsonii	1
SRR14919237	Clostridium_tunisiense	5
SRR14919236	Fusicatenibacter_saccharivorans	383
SRR14919236	Paramoritella_sediminis	1
SRR14919235	Parabacteroides_goldsteinii	9
SRR14919242	Haloarcula_sinaiiensis	1
SRR14919236	Odoribacter_laneus	56
SRR14919246	Clostridium_sphenoides	1
SRR14919237	Hymenobacter_soli	1
SRR14919242	Eubacterium_sulci	2
SRR14919242	Aquitalea_magnusonii	1
SRR14919238	Neisseria_canis	24
SRR14919244	Pseudomonas_aeruginosa	5
SRR14919242	Prosthecomicrobium_hirschii	1
SRR14919237	Clostridium_sordellii	4
SRR14919236	Oceanistipes_pacificus	3
SRR14919243	Pseudomonas_pictorum	70
SRR14919240	Fusobacterium_gonidiaformans	1
SRR14919239	Arthrobacter_nasiphocae	1
SRR14919244	Sphingobacterium_mizutaii	71
SRR14919242	Weissella_beninensis	1
SRR14919241	Methylobacterium_radiotolerans	1
SRR14919240	Brevibacterium_ammoniilyticum	1
SRR14919239	Bacteroides_acidifaciens	181
SRR14919237	Roseburia_cecicola	12
SRR14919236	Enterococcus_cecorum	148
SRR14919235	Escherichia/Shigella_coli	15
SRR14919242	Lactobacillus_pontis	1
SRR14919242	Pyrobaculum_aerophilum	87
SRR14919236	Chryseobacterium_wanjuense	1
SRR14919245	Streptococcus_pyogenes	1
SRR14919245	Solitalea_canadensis	1
SRR14919238	Clostridium_tetanomorphum	4
SRR14919243	Pusillimonas_noertemannii	1
SRR14919239	Leptospira_biflexa	60
SRR14919238	Dyadobacter_fermentans	1
SRR14919240	Lactobacillus_parabuchneri	87
SRR14919236	Streptococcus_phocae	1
SRR14919241	Codium_fragile	12
SRR14919246	Clostridium_scindens	17
SRR14919243	Arthrobacter_castelli	1
SRR14919241	Kocuria_rhizophila	1
SRR14919238	Fusobacterium_gonidiaformans	1
SRR14919238	Dissulfuribacter_thermophilus	1
SRR14919242	Conexibacter_woesei	1
SRR14919240	Erythrobacter_mathurensis	1
SRR14919240	Pectobacterium_atrosepticum	8
SRR14919238	Eubacterium_coprostanoligenes	1752
SRR14919237	Fusobacterium_gonidiaformans	1
SRR14919245	Clostridium_isatidis	1
SRR14919244	Thermobacillus_composti	3
SRR14919242	Leptospira_noguchii	1
SRR14919242	Pectinatus_frisingensis	2
SRR14919240	Paenibacillus_cookii	5
SRR14919238	Bacteroides_nordii	727
SRR14919246	Roseburia_inulinivorans	154
SRR14919242	Facklamia_tabacinasalis	1
SRR14919236	Collinsella_tanakaei	1
SRR14919246	Capnocytophaga_canimorsus	1
SRR14919246	Campylobacter_sputorum	2
SRR14919242	Trichococcus_pasteurii	1
SRR14919236	Clostridium_alkalicellulosi	19
SRR14919237	Pediococcus_inopinatus	1
SRR14919236	Thermomonospora_chromogena	1
SRR14919240	Beijerinckia_indica	1
SRR14919240	Clostridium_hungatei	19
SRR14919239	Caloramator_quimbayensis	4
SRR14919238	Strombomonas_acuminata	3
SRR14919236	Intestinimonas_butyriciproducens	15
SRR14919236	Sphingobacterium_kitahiroshimense	1
SRR14919244	Thalassomonas_sediminis	3
SRR14919243	Bifidobacterium_breve	11
SRR14919243	Hassallia_byssoidea	2
SRR14919241	Salmonella_enterica	2
SRR14919235	Clostridium_polysaccharolyticum	26
SRR14919246	Pyramidobacter_piscolens	1
SRR14919239	Thermodesulfobacterium_hveragerdense	1
SRR14919235	Vibrio_rotiferianus	1
SRR14919238	Eubacterium_cylindroides	23
SRR14919240	Picochlorum_eukaryotum	2
SRR14919246	Helicobacter_pylori	161
SRR14919246	Gordonibacter_pamelaeae	4
SRR14919237	Eubacterium_uniforme	8
SRR14919235	Myroides_odoratimimus	1
SRR14919235	Desulfoluna_spongiiphila	1
SRR14919246	Paraprevotella_clara	2
SRR14919243	Spiroplasma_ixodetis	1
SRR14919245	Bacteroides_stercoris	4424
SRR14919244	Victivallis_vadensis	1
SRR14919242	Oribacterium_sinus	45
SRR14919241	Bradyrhizobium_japonicum	153
SRR14919242	Johnsonella_ignava	6
SRR14919242	Caloramator_viterbiensis	14
SRR14919241	Mycoplasma_feliminutum	3
SRR14919235	Dialister_micraerophilus	260
SRR14919245	Methanocalculus_natronophilus	1
SRR14919236	Vallitalea_guaymasensis	27
SRR14919243	Olsenella_profusa	2
SRR14919237	Peptoniphilus_lacrimalis	32
SRR14919235	Lactobacillus_amylovorus	1
SRR14919240	Streptococcus_mutans	8
SRR14919237	Selaginella_uncinata	1
SRR14919244	Clostridium_lundense	1
SRR14919244	Xenorhabdus_koppenhoeferi	1
SRR14919242	Treponema_parvum	1
SRR14919240	Filomicrobium_insigne	1
SRR14919241	Psychromonas_ingrahamii	1
SRR14919245	Bacillus_foraminis	7
SRR14919238	Clostridium_hungatei	13
SRR14919244	Arthrobacter_gangotriensis	1
SRR14919240	Actinobacillus_minor	5
SRR14919237	Mycobacterium_chesapeaki	11
SRR14919235	Acetobacter_estunensis	20
SRR14919236	Treponema_maltophilum	2
SRR14919243	Eudoraea_adriatica	1
SRR14919242	Pseudomonas_lundensis	4
SRR14919245	Gemella_bergeri	1
SRR14919240	Streptomyces_mutomycini	2
SRR14919239	Mycoplasma_suis	1
SRR14919235	Haloglycomyces_albus	1
SRR14919246	Escherichia/Shigella_sonnei	2
SRR14919246	Actinobacillus_scotiae	49
SRR14919241	Anaerobiospirillum_succiniciproducens	24
SRR14919244	Methanocella_arvoryzae	4
SRR14919241	Ferroplasma_acidiphilum	1
SRR14919240	Myxococcus_stipitatus	11
SRR14919244	Ruminococcus_obeum	1245
SRR14919241	Clostridium_pasteurianum	1
SRR14919240	Reclinomonas_americana	71
SRR14919239	Georgiella_confluens	1
SRR14919238	Geminocystis_papuanica	5
SRR14919236	Dysgonomonas_capnocytophagoides	26
SRR14919242	Vibrio_rhizosphaerae	1
SRR14919238	Blautia_stercoris	2431
SRR14919238	Arenicella_chitinivorans	1
SRR14919245	Parabacteroides_goldsteinii	29
SRR14919245	Parasporobacterium_paucivorans	174
SRR14919240	Streptococcus_danieliae	1
SRR14919240	Reinekea_marinisedimentorum	1
SRR14919237	Acinetobacter_bouvetii	1
SRR14919236	Actinomyces_ruminicola	1
SRR14919237	Methylobacterium_fujisawaense	23
SRR14919236	Pasteurella_aerogenes	2
SRR14919240	Clostridium_disporicum	5
SRR14919246	Mycoplasma_equigenitalium	1
SRR14919240	Mycoplasma_wenyonii	1
SRR14919242	Fusobacterium_gonidiaformans	1
SRR14919235	Methanimicrococcus_blatticola	5
SRR14919235	Lactobacillus_nodensis	1
SRR14919241	Fusobacterium_gonidiaformans	1
SRR14919238	Methanobacterium_movens	1
SRR14919246	Eubacterium_rectale	2119
SRR14919238	Pedobacter_tournemirensis	1
SRR14919236	Bacteroides_helcogenes	128
SRR14919236	Rheinheimera_soli	3
SRR14919236	Parabacteroides_chinchillae	117
SRR14919236	Phascolarctobacterium_succinatutens	1
SRR14919240	Streptococcus_peroris	10
SRR14919239	Vibrio_zhuhaiensis	1
SRR14919235	Facklamia_sourekii	1
SRR14919243	Helicobacter_canis	4
SRR14919242	Euzebyella_saccharophila	1
SRR14919236	Anaerophaga_thermohalophila	1
SRR14919238	Actinobacillus_minor	2
SRR14919237	Sphingobacterium_mizutaii	52
SRR14919246	Roseburia_intestinalis	18
SRR14919235	Paenibacillus_polymyxa	4
SRR14919235	Coprothermobacter_platensis	47
SRR14919245	Bacillus_galactosidilyticus	1
SRR14919245	Gelidiella_acerosa	3
SRR14919240	Leuconostoc_mesenteroides	11
SRR14919243	Pseudoteredinibacter_isoporae	28
SRR14919235	Clostridium_limosum	56
SRR14919239	Fusobacterium_gonidiaformans	2
SRR14919238	Roseibacterium_elongatum	1
SRR14919236	Hymenobacter_gelipurpurascens	1
SRR14919246	Nitrosomonas_marina	1
SRR14919244	Methanobrevibacter_gottschalkii	1
SRR14919242	Lactobacillus_kimchii	1
SRR14919239	Alvinella_pompejana	1
SRR14919240	Parachlamydia_acanthamoebae	1
SRR14919240	Streptococcus_cristatus	9
SRR14919246	Microchaete_tenera	1
SRR14919244	Coxiella_burnetii	2
SRR14919244	Cupriavidus_pauculus	2
SRR14919242	Spiroplasma_citri	1
SRR14919240	Thermoflavimicrobium_dichotomicum	2
SRR14919246	Butyrivibrio_crossotus	48
SRR14919244	Denitrobacterium_detoxificans	523
SRR14919244	Chryseobacterium_marinum	1
SRR14919244	Pseudoalteromonas_ruthenica	24
SRR14919243	Trachelium_caeruleum	40
SRR14919246	Roseomonas_aquatica	1
SRR14919246	Clostridium_alkalicellulosi	8
SRR14919240	Flammeovirga_aprica	1
SRR14919241	Criblamydia_sequanensis	3
SRR14919245	Nocardioides_plantarum	2
SRR14919245	Dethiobacter_alkaliphilus	3
SRR14919243	Pedobacter_agri	1
SRR14919236	Flavisolibacter_ginsengisoli	6
SRR14919245	Cytophaga_hutchinsonii	9
SRR14919236	Tistrella_mobilis	1
SRR14919235	Acetivibrio_ethanolgignens	839
SRR14919235	Flavisolibacter_ginsengisoli	1
SRR14919245	Thalassomonas_actiniarum	87
SRR14919242	Clostridium_clariflavum	80
SRR14919240	Oscillochloris_trichoides	7
SRR14919239	Clostridium_alcalibutyricum	2
SRR14919235	Insolitispirillum_peregrinum	1
SRR14919244	Nocardioides_marinus	1
SRR14919240	Streptococcus_massiliensis	4
SRR14919245	Sulfobacillus_acidophilus	7
SRR14919244	Anabaena_oumiana	2
SRR14919243	Lactobacillus_larvae	1
SRR14919240	Bacteroides_cellulosolvens	2
SRR14919239	Prevotella_disiens	6
SRR14919240	Lactococcus_lactis	144
SRR14919241	Bacillus_mojavensis	1
SRR14919238	Weissella_viridescens	1
SRR14919237	Gelria_glutamica	2
SRR14919246	Bacteroides_propionicifaciens	14
SRR14919244	Wolbachia_pipientis	2
SRR14919245	Spongiimonas_flava	1
SRR14919244	Desulfobulbus_alkaliphilus	3
SRR14919239	Methylobacterium_adhaesivum	2
SRR14919239	Methylomonas_fodinarum	8
SRR14919236	Nitrosococcus_mobilis	1
SRR14919244	Indibacter_alkaliphilus	2
SRR14919242	Thiocystis_gelatinosa	1
SRR14919242	Limibacter_armeniacum	1
SRR14919240	Virgibacillus_marismortui	16
SRR14919238	Gracilimonas_rosea	1
SRR14919236	Clostridium_colinum	6
SRR14919236	Pediococcus_pentosaceus	10
SRR14919246	Alistipes_massiliensis	929
SRR14919240	Pseudomonas_borbori	1
SRR14919239	Geobacillus_toebii	2
SRR14919236	Thermomicrobium_roseum	1
SRR14919246	Blautia_faecis	549
SRR14919241	Pusillimonas_ginsengisoli	2
SRR14919238	Paenibacillus_cookii	6
SRR14919243	Mesoplasma_photuris	1
SRR14919242	Alysiella_crassa	1
SRR14919242	Natrinema_ejinorense	1
SRR14919240	Aliifodinibius_sediminis	4
SRR14919245	Clostridium_subterminale	2
SRR14919242	Anaerococcus_hydrogenalis	25
SRR14919238	Treponema_denticola	45
SRR14919242	Shewanella_algae	1
SRR14919240	Prevotella_buccae	6
SRR14919239	Leuconostoc_pseudomesenteroides	2
SRR14919239	Clostridium_celerecrescens	3
SRR14919237	Xenorhabdus_koppenhoeferi	1
SRR14919236	Sphingomonas_soli	1
SRR14919242	Sphingomonas_kaistensis	284
SRR14919245	Actinomyces_hyovaginalis	2
SRR14919244	Bacillus_thermolactis	1
SRR14919235	Clostridium_methylpentosum	28
SRR14919245	Bacillus_anthracis	1
SRR14919238	Clostridium_acidisoli	34
SRR14919236	Veillonella_atypica	9
SRR14919243	Eubacterium_angustum	1
SRR14919240	Caminicella_sporogenes	1
SRR14919237	Devosia_hwasunensis	1
SRR14919243	Peptoniphilus_methioninivorax	1
SRR14919241	Brachymonas_denitrificans	1
SRR14919239	Rubrobacter_xylanophilus	2
SRR14919239	Catenibacterium_mitsuokai	315
SRR14919236	Tindallia_texcoconensis	1
SRR14919246	Mycoplasma_conjunctivae	14
SRR14919244	Fusobacterium_gonidiaformans	4
SRR14919235	Borrelia_carolinensis	1
SRR14919246	Fulvitalea_axinellae	1
SRR14919243	Clostridium_estertheticum	70
SRR14919240	Peptoniphilus_asaccharolyticus	2
SRR14919240	Clostridium_innocuum	209
SRR14919235	Bacteroides_pectinophilus	15
SRR14919243	Fusobacterium_gonidiaformans	1
SRR14919246	Ferrovum_myxofaciens	4
SRR14919242	Nitrospira_japonica	2
SRR14919246	Aerococcus_viridans	2
SRR14919245	Megamonas_hypermegale	1
SRR14919245	Halorubrum_terrestre	46
SRR14919243	Desulfurococcus_fermentans	1
SRR14919239	Lactobacillus_johnsonii	4
SRR14919235	Sarcina_ventriculi	1
SRR14919235	Fucus_vesiculosus	10
SRR14919243	Burkholderia_vietnamiensis	2
SRR14919243	Thermodesulfatator_atlanticus	1
SRR14919238	Pediococcus_acidilactici	23
SRR14919246	Parabacteroides_chinchillae	38
SRR14919242	Pelotomaculum_thermopropionicum	2
SRR14919239	Methylobacterium_organophilum	1
SRR14919235	Lactobacillus_fermentum	4
SRR14919242	Helicobacter_bilis	3
SRR14919240	Streptococcus_oralis	10
SRR14919236	Desulfotomaculum_putei	3
SRR14919236	Bibersteinia_trehalosi	1
SRR14919245	Nitrobacter_winogradskyi	1
SRR14919242	Bryocella_elongata	1
SRR14919240	Oscillatoria_miniata	70
SRR14919239	Clostridium_paraputrificum	2
SRR14919244	Idiomarina_xiamenensis	1
SRR14919239	Actinobacillus_pleuropneumoniae	25
SRR14919237	Haladaptatus_cibarius	1
SRR14919245	Coprothermobacter_platensis	50
SRR14919241	Dethiosulfatibacter_aminovorans	1
SRR14919237	Butyricimonas_virosa	3
SRR14919241	Tepidanaerobacter_syntrophicus	1
SRR14919238	Aggregatibacter_segnis	5
SRR14919242	Prevotella_stercorea	2
SRR14919243	Brevundimonas_diminuta	1
SRR14919242	Odoribacter_splanchnicus	43
SRR14919236	Pusillimonas_noertemannii	1
SRR14919246	Clostridium_citroniae	1
SRR14919242	Microtetraspora_glauca	1
SRR14919241	Bifidobacterium_boum	3
SRR14919239	Microbulbifer_yueqingensis	5
SRR14919236	Ralstonia_pickettii	1
SRR14919239	Clostridium_baratii	1
SRR14919245	Thermoanaerobacter_kivui	1
SRR14919244	Eubacterium_rangiferina	10
SRR14919235	Synechococcus_elongatus	1
SRR14919236	Haloarcula_sinaiiensis	1
SRR14919240	Bacillus_megaterium	8
SRR14919236	Melghirimyces_thermohalophilus	2
SRR14919243	Acetivibrio_cellulolyticus	221
SRR14919241	Epulopiscium_fishelsoni	4
SRR14919237	Melissococcus_plutonius	1
SRR14919245	Spirulina_subsalsa	2
SRR14919238	Clostridium_innocuum	4
SRR14919236	Bacteroides_uniformis	3933
SRR14919241	Streptococcus_macacae	2
SRR14919238	Flavisolibacter_ginsengisoli	2
SRR14919238	Pseudomonas_aeruginosa	5
SRR14919245	Weissella_koreensis	1
SRR14919244	Alicyclobacillus_tolerans	1
SRR14919235	Clostridium_perfringens	329
SRR14919237	Flavisolibacter_ginsengisoli	3
SRR14919240	Halochromatium_glycolicum	1
SRR14919237	Insolitispirillum_peregrinum	1
SRR14919237	Bifidobacterium_kashiwanohense	4
SRR14919242	Spiroplasma_platyhelix	2
SRR14919245	Veillonella_parvula	1
SRR14919244	Oxobacter_pfennigii	4
SRR14919235	Streptococcus_salivarius	2
SRR14919238	Dethiobacter_alkaliphilus	1
SRR14919238	Thermincola_ferriacetica	2
SRR14919246	Algoriphagus_lutimaris	1
SRR14919236	Pyrobaculum_aerophilum	91
SRR14919243	Bacteroides_gallinarum	2
SRR14919242	Planktothrix_rubescens	11
SRR14919239	Porphyromonas_somerae	3
SRR14919239	Dialister_invisus	9
SRR14919239	Streptococcus_pyogenes	1
SRR14919238	Oscillatoria_miniata	59
SRR14919235	Pantoea_eucalypti	1
SRR14919241	Dysgonomonas_gadei	13
SRR14919240	Alkalibacter_saccharofermentans	11
SRR14919238	Lacinutrix_copepodicola	1
SRR14919243	Treponema_zioleckii	2
SRR14919242	Streptococcus_dentapri	1
SRR14919235	Enterococcus_columbae	5
SRR14919243	Actinobaculum_schaalii	1
SRR14919240	Desulfococcus_multivorans	1
SRR14919239	Salinicoccus_roseus	1
SRR14919238	Sulfobacillus_acidophilus	5
SRR14919235	Bacteroides_fluxus	2
SRR14919239	Acidimicrobium_ferrooxidans	1
SRR14919245	Aquiflexum_balticum	2
SRR14919240	Hyphomicrobium_chloromethanicum	2
SRR14919239	Bifidobacterium_boum	1
SRR14919243	Methanobrevibacter_arboriphilus	5
SRR14919238	Virgibacillus_siamensis	1
SRR14919236	Yaniella_fodinae	1
SRR14919236	Haemophilus_parainfluenzae	5
SRR14919245	Tissierella_creatinini	2
SRR14919238	Anoxybacillus_flavithermus	2
SRR14919236	Lamprocystis_roseopersicina	1
SRR14919244	Clostridium_cocleatum	3
SRR14919241	Corynebacterium_jeikeium	4
SRR14919235	Clostridium_alkalicellulosi	16
SRR14919235	Thermovibrio_ruber	1
SRR14919245	Lactobacillus_namurensis	1
SRR14919246	Brevibacillus_brevis	1
SRR14919244	Thermoanaerobacterium_xylanolyticum	65
SRR14919241	Haemophilus_influenzae	2
SRR14919236	Clostridium_bovipellis	2
SRR14919245	Burkholderia_glathei	5
SRR14919244	Pirellula_staleyi	1
SRR14919242	Novosphingobium_naphthalenivorans	1
SRR14919244	Streptococcus_marimammalium	1
SRR14919242	Prevotella_falsenii	1
SRR14919236	Calothrix_brevissima	1
SRR14919241	Anaplasma_bovis	1
SRR14919240	Yersinia_ruckeri	1
SRR14919246	Snodgrassella_alvi	10
SRR14919244	Clostridium_islandicum	8
SRR14919239	Mycoplasma_haemofelis	7
SRR14919237	Robinsoniella_peoriensis	39
SRR14919236	Pseudomonas_geniculata	1
SRR14919241	Campylobacter_canadensis	1
SRR14919236	Filifactor_villosus	4
SRR14919246	Blautia_hansenii	6
SRR14919246	Escherichia/Shigella_coli	19
SRR14919245	Lactobacillus_farciminis	1
SRR14919240	Microcoleus_paludosus	1
SRR14919240	Dysgonomonas_wimpennyi	5
SRR14919239	Legionella_anisa	7
SRR14919236	Lysobacter_gummosus	1
SRR14919236	Jonesia_denitrificans	1
SRR14919244	Pediococcus_parvulus	246
SRR14919242	Olivibacter_sitiensis	1
SRR14919241	Eubacterium_hallii	2842
SRR14919244	Bacteroides_paurosaccharolyticus	23
SRR14919244	Gemella_asaccharolytica	125
SRR14919238	Streptomyces_rochei	1
SRR14919240	Kordiimonas_lacus	1
SRR14919246	Fusobacterium_gonidiaformans	1
SRR14919238	Desulfobacterium_autotrophicum	1
SRR14919245	Hydrogenothermus_marinus	1
SRR14919245	Fusobacterium_gonidiaformans	3
SRR14919239	Blautia_luti	1651
SRR14919241	Yersinia_pestis	1
SRR14919238	Oribacterium_sinus	51
SRR14919235	Mycoplasma_feliminutum	4
SRR14919235	Streptococcus_pneumoniae	1
SRR14919235	Natronococcus_roseus	1
SRR14919242	Corynebacterium_glutamicum	3
SRR14919240	Agrobacterium_vitis	190
SRR14919239	Lactobacillus_vaginalis	1
SRR14919238	Johnsonella_ignava	4
SRR14919242	Idiomarina_sediminum	2
SRR14919237	Thermoactinomyces_intermedius	1
SRR14919237	Allofustis_seminis	1
SRR14919245	Brevibacterium_linens	7
SRR14919241	Bifidobacterium_thermophilum	1
SRR14919239	Selenomonas_noxia	1
SRR14919243	Prevotella_dentalis	1
SRR14919236	Clostridium_estertheticum	221
SRR14919243	Lactobacillus_helveticus	2
SRR14919245	Mycoplasma_iguanae	1
SRR14919243	Prevotella_nigrescens	1
SRR14919239	Fodinibius_salinus	1
SRR14919235	Actinomyces_europaeus	2
SRR14919243	Fusobacterium_nucleatum	1
SRR14919242	Chondrus_crispus	2
SRR14919241	Peptoclostridium_difficile	48
SRR14919236	Desulfocapsa_thiozymogenes	2
SRR14919240	Vibrio_natriegens	1
SRR14919237	Haloferax_larsenii	1
SRR14919246	Desulfotignum_toluenicum	2
SRR14919245	Bacillus_aidingensis	1
SRR14919245	Fontibacter_flavus	65
SRR14919244	Helicobacter_cinaedi	1
SRR14919245	Escherichia/Shigella_sonnei	2
SRR14919244	Bifidobacterium_pullorum	1
SRR14919241	Flavisolibacter_ginsengisoli	2
SRR14919240	Paracoccus_carotinifaciens	1
SRR14919239	Eudoraea_adriatica	1
SRR14919239	Anaeroglobus_geminatus	4
SRR14919240	Flavisolibacter_ginsengisoli	1
SRR14919240	Thiohalospira_halophila	8
SRR14919239	Arcanobacterium_hippocoleae	1
SRR14919238	Sulfurivirga_caldicuralii	1
SRR14919241	Fontibacter_ferrireducens	1
SRR14919246	Myxococcus_fulvus	1
SRR14919245	Clostridium_viride	37
SRR14919238	Methylohalomonas_lacus	1
SRR14919244	Parabacteroides_goldsteinii	21
SRR14919243	Brevibacillus_centrosporus	2
SRR14919235	Ruminococcus_torques	22059
SRR14919235	Entomoplasma_ellychniae	1
SRR14919242	Acetobacterium_fimetarium	2
SRR14919239	Methanoculleus_palmolei	1
SRR14919242	Symbiobacterium_toebii	7
SRR14919236	Nocardia_cyriacigeorgica	1
SRR14919242	Balneola_vulgaris	1
SRR14919240	Selenomonas_lacticifex	1
SRR14919246	Clostridium_ghonii	1
SRR14919244	Vibrio_pectenicida	1
SRR14919240	Lactobacillus_salivarius	20
SRR14919235	Clostridium_filamentosum	1
SRR14919243	Desulfurispora_thermophila	3
SRR14919242	Codium_fragile	15
SRR14919239	Insolitispirillum_peregrinum	1
SRR14919238	Streptococcus_cristatus	1
SRR14919235	Corallococcus_macrosporus	2
SRR14919244	Actinomyces_nasicola	1
SRR14919246	Roseomonas_terrae	1
SRR14919239	Epulopiscium_fishelsoni	3
SRR14919236	Desmospora_activa	1
SRR14919235	Ureibacillus_thermosphaericus	4
SRR14919244	Clostridium_boliviensis	1
SRR14919241	Actinobaculum_massiliense	2
SRR14919240	Streptococcus_constellatus	21
SRR14919240	Ruminobacter_amylophilus	1
SRR14919236	Heliobacterium_gestii	1
SRR14919245	Uruburuella_suis	1
SRR14919239	Bacillus_boroniphilus	1
SRR14919239	Helicobacter_canis	7
SRR14919235	Lactobacillus_crispatus	1
SRR14919246	Alistipes_indistinctus	302
SRR14919240	Algicola_sagamiensis	1
SRR14919239	Pedobacter_lentus	1
SRR14919239	Staphylococcus_epidermidis	12
SRR14919235	Eubacterium_eligens	10
SRR14919245	Desulfotalea_psychrophila	237
SRR14919239	Criblamydia_sequanensis	2
SRR14919236	Prevotella_shahii	30
SRR14919240	Haemophilus_parasuis	251
SRR14919237	Alkalibaculum_bacchi	4
SRR14919235	Mogibacterium_timidum	3
SRR14919245	Bacteroides_plebeius	18
SRR14919235	Solibacillus_silvestris	1
SRR14919243	Clostridium_cochlearium	3
SRR14919239	Clostridium_cellulosi	24
SRR14919236	Treponema_azotonutricium	38
SRR14919242	Lactobacillus_delbrueckii	1
SRR14919242	Bacteroides_sartorii	19
SRR14919245	Brenneria_populi	2
SRR14919245	Clostridium_alkalicellulosi	5
SRR14919240	Turicibacter_sanguinis	108
SRR14919245	Acidilobus_sulfurireducens	13
SRR14919241	Helicobacter_macacae	1
SRR14919240	Bacteroides_coprocola	56
SRR14919240	Bacillus_aerius	3
SRR14919243	Parabacteroides_merdae	61
SRR14919239	Cellulosibacter_alkalithermophilus	1
SRR14919240	Neisseria_animalis	49
SRR14919235	Megasphaera_elsdenii	2
SRR14919235	Bonnemaisonia_asparagoides	1
SRR14919239	Cytophaga_hutchinsonii	2
SRR14919243	Clostridium_saccharogumia	5
SRR14919236	Prevotella_paludivivens	3
SRR14919236	Limnobacter_thiooxidans	1
SRR14919235	Anaerococcus_hydrogenalis	11
SRR14919246	Bacillus_mycoides	1
SRR14919245	Altererythrobacter_indicus	23
SRR14919244	Parabacteroides_distasonis	1800
SRR14919245	Enterococcus_eurekensis	11
SRR14919245	Alistipes_shahii	3792
SRR14919242	Vibrio_sinaloensis	1
SRR14919240	Syntrophomonas_palmitatica	6
SRR14919237	Chitinophaga_pinensis	1
SRR14919238	Algicola_sagamiensis	1
SRR14919236	Clostridium_piliforme	8
SRR14919239	Prevotella_amnii	2
SRR14919238	Treponema_socranskii	2
SRR14919242	Citreicella_thiooxidans	1
SRR14919239	Eubacterium_coprostanoligenes	532
SRR14919236	Lactococcus_lactis	146
SRR14919245	Acholeplasma_palmae	2
SRR14919238	Methylobacterium_adhaesivum	3
SRR14919237	Enterococcus_faecalis	9
SRR14919237	Mannheimia_glucosida	1
SRR14919244	Archaeoglobus_infectus	1
SRR14919238	Haemophilus_parasuis	215
SRR14919246	Fibrobacter_intestinalis	1
SRR14919245	Clostridium_thiosulfatireducens	1
SRR14919241	Prochlorococcus_marinus	2
SRR14919238	Algoriphagus_aquatilis	1
SRR14919238	Leuconostoc_citreum	2
SRR14919236	Methanohalophilus_mahii	2
SRR14919236	Flavobacterium_frigidarium	1
SRR14919244	Sporomusa_paucivorans	1
SRR14919244	Sinorhizobium_americanum	7
SRR14919240	Pannonibacter_indicus	1
SRR14919236	Carboxydocella_manganica	1
SRR14919245	Methanolinea_tarda	1
SRR14919240	Paenibacillus_larvae	1
SRR14919243	Methanomethylovorans_thermophila	1
SRR14919243	Beijerinckia_derxii	21
SRR14919240	Bifidobacterium_choerinum	7
SRR14919235	Brenneria_nigrifluens	1
SRR14919244	Haloarcula_argentinensis	1
SRR14919244	Ornithobacterium_rhinotracheale	4
SRR14919239	Dysgonomonas_mossii	9
SRR14919240	Thermoplasma_volcanium	3
SRR14919239	Reichenbachiella_agariperforans	1
SRR14919243	Prevotella_copri	7
SRR14919242	Leptospira_idonii	2
SRR14919242	Tetragenococcus_osmophilus	1
SRR14919242	Clostridium_tyrobutyricum	2
SRR14919246	Flavobacterium_ummariense	1
SRR14919246	Polaromonas_vacuolata	23
SRR14919243	Enterorhabdus_caecimuris	42
SRR14919242	Treponema_lecithinolyticum	72
SRR14919240	Edwardsiella_tarda	2
SRR14919243	Clostridium_bowmanii	1
SRR14919242	Woodsholea_maritima	3
SRR14919235	Thermovirga_lienii	2
SRR14919242	Insolitispirillum_peregrinum	3
SRR14919242	Kandleria_vitulina	2
SRR14919241	Helcococcus_sueciensis	2
SRR14919240	Streptococcus_didelphis	5
SRR14919246	Lewinella_agarilytica	8
SRR14919242	Enhygromyxa_salina	33
SRR14919240	Desulfohalobium_retbaense	1
SRR14919237	Moorella_humiferrea	1
SRR14919235	Proteus_mirabilis	8
SRR14919236	Gemella_palaticanis	1
SRR14919241	Methylobacterium_aquaticum	2
SRR14919245	Vibrio_mimicus	1
SRR14919236	Histophilus_somni	1
SRR14919246	Methanocalculus_natronophilus	2
SRR14919243	Streptomyces_noboritoensis	1
SRR14919241	Ochromonas_danica	5
SRR14919244	Providencia_alcalifaciens	1
SRR14919238	Thiohalospira_halophila	5
SRR14919246	Clostridium_glycolicum	3
SRR14919239	Pyrobaculum_oguniense	1
SRR14919236	Sporosarcina_pasteurii	1
SRR14919245	Desulfobacter_psychrotolerans	1
SRR14919244	Pseudomonas_syringae	1
SRR14919236	Agarivorans_albus	9
SRR14919244	Gemella_haemolysans	1
SRR14919239	Chryseobacterium_greenlandense	12
SRR14919245	Parabacteroides_chinchillae	44
SRR14919238	Thermogymnomonas_acidicola	274
SRR14919246	Euglena_mutabilis	10
SRR14919244	Aquimarina_brevivitae	1
SRR14919239	Methanosphaera_stadtmanae	1
SRR14919235	Parabacteroides_chinchillae	7
SRR14919246	Pontibacter_niistensis	1
SRR14919245	Parapedobacter_soli	1
SRR14919244	Listeria_grayi	1
SRR14919239	Trichococcus_flocculiformis	6
SRR14919236	Facklamia_ignava	4
SRR14919240	Clostridium_oceanicum	2
SRR14919239	Xylanibacter_oryzae	3
SRR14919236	Lactobacillus_ruminis	3
SRR14919243	Brachyspira_hyodysenteriae	1
SRR14919241	Methanobacterium_espanolae	1
SRR14919238	Helicobacter_bilis	1
SRR14919236	Desulfotomaculum_gibsoniae	5
SRR14919244	Coprothermobacter_platensis	51
SRR14919238	Idiomarina_xiamenensis	1
SRR14919240	Bacillus_aryabhattai	1
SRR14919246	Butyrivibrio_hungatei	1
SRR14919241	Hydrogenoanaerobacterium_saccharovorans	2
SRR14919244	Bacillus_galactosidilyticus	1
SRR14919238	Nitrobacter_hamburgensis	1
SRR14919237	Roseomonas_cervicalis	1
SRR14919236	Bifidobacterium_indicum	1
SRR14919243	Koukoulia_aurantiaca	1
SRR14919242	Halorientalis_regularis	1
SRR14919238	Methylobacterium_fujisawaense	41
SRR14919243	Colwellia_rossensis	1
SRR14919238	Pseudoalteromonas_arctica	2
SRR14919246	Euglena_gracilis	1
SRR14919235	Clostridium_indolis	237
SRR14919245	Lactobacillus_rogosae	1
SRR14919241	Azorhizobium_doebereinerae	1
SRR14919235	Cenarchaeum_symbiosum	174
SRR14919236	Methanimicrococcus_blatticola	4
SRR14919243	Nitrospina_gracilis	1
SRR14919243	Pseudoalteromonas_ruthenica	31
SRR14919245	Porphyromonas_gulae	1
SRR14919246	Bacteroides_pectinophilus	5
SRR14919240	Actinomadura_madurae	1
SRR14919239	Methylobacterium_oxalidis	1
SRR14919241	Blautia_hansenii	11
SRR14919241	Ohtaekwangia_kribbensis	4
SRR14919246	Acidovorax_facilis	1
SRR14919245	Thermogladius_shockii	102
SRR14919242	Bacteroides_intestinalis	45
SRR14919241	Catonella_morbi	8
SRR14919240	Desulfobacula_toluolica	1
SRR14919240	Pedobacter_xinjiangensis	2
SRR14919236	Spiroplasma_platyhelix	2
SRR14919244	Clostridium_lavalense	3
SRR14919239	Streptococcus_parasanguinis	8
SRR14919242	Mycoplasma_ovis	1
SRR14919245	Methanosphaera_cuniculi	2
SRR14919235	Kinetoplastibacterium_blastocrithidii	31
SRR14919244	Eubacterium_ruminantium	12
SRR14919243	Thermolithobacter_ferrireducens	54
SRR14919242	Bacillus_panaciterrae	1
SRR14919237	Bacteroides_gallinarum	5
SRR14919236	Planktothrix_rubescens	11
SRR14919241	Olavius_algarvensis	2
SRR14919239	Paenibacillus_alvei	1
SRR14919244	Alicyclobacillus_pomorum	2
SRR14919237	Dysgonomonas_gadei	2
SRR14919237	Thalassiosira_pseudonana	25
SRR14919236	Streptococcus_dentapri	1
SRR14919242	Methylobacter_capsulatus	1
SRR14919239	Escherichia/Shigella_coli	7
SRR14919239	Thermoanaerobacterium_xylanolyticum	83
SRR14919238	Anaerovibrio_lipolyticus	5
SRR14919240	Mycoplasma_cavipharyngis	4
SRR14919245	Denitrobacterium_detoxificans	32
SRR14919245	Leifsonia_bigeumensis	1
SRR14919242	Natronorubrum_aibiense	1
SRR14919238	Methanothermococcus_okinawensis	1
SRR14919243	Psychrobacter_maritimus	1
SRR14919239	Tissierella_creatinini	3
SRR14919236	Malawimonas_jakobiformis	3
SRR14919242	Lactobacillus_agilis	4
SRR14919239	Natronoanaerobium_halophilum	1
SRR14919237	Syntrophomonas_wolfei	12
SRR14919246	Flavisolibacter_ginsengisoli	1
SRR14919235	Haemophilus_influenzae	3
SRR14919236	Anaerobiospirillum_thomasii	1
SRR14919246	Methanobrevibacter_wolinii	2
SRR14919245	Flavisolibacter_ginsengisoli	3
SRR14919243	Psychromonas_macrocephali	2
SRR14919243	Clostridium_kluyveri	1
SRR14919239	Clostridium_elmenteitii	1
SRR14919245	Catabacter_hongkongensis	30
SRR14919240	Synergistes_jonesii	1
SRR14919246	Bacillus_subtilis	1
SRR14919244	Lysobacter_enzymogenes	40
SRR14919242	Clostridium_ramosum	1
SRR14919238	Clostridium_islandicum	14
SRR14919244	Chryseobacterium_palustre	1
SRR14919242	Clostridium_intestinale	3
SRR14919239	Ensifer_adhaerens	1
SRR14919243	Ochrobactrum_ciceri	1
SRR14919242	Dialister_succinatiphilus	10
SRR14919238	Eubacterium_siraeum	117
SRR14919241	Treponema_stenostrepta	4
SRR14919239	Natranaerobius_trueperi	1
SRR14919246	Dolichospermum_circinale	7
SRR14919245	Acidianus_manzaensis	1
SRR14919236	Thermoanaerobacterium_saccharolyticum	34
SRR14919243	Anaerotruncus_colihominis	440
SRR14919242	Pelobacter_massiliensis	4
SRR14919241	Arcobacter_venerupis	1
SRR14919237	Eubacterium_hallii	3387
SRR14919240	Aliivibrio_fischeri	1
SRR14919242	Thermoanaerobacter_thermohydrosulfuricus	1
SRR14919242	Desulfovibrio_tunisiensis	1
SRR14919241	Desulfococcus_niacini	2
SRR14919239	Campylobacter_showae	1
SRR14919237	Roseomonas_rosea	1
SRR14919244	Phormidium_animale	10
SRR14919242	Flavobacterium_jumunjinense	1
SRR14919241	Desulfofaba_hansenii	2
SRR14919239	Hydrotalea_sandarakina	1
SRR14919237	Desulfonatronovibrio_hydrogenovorans	1
SRR14919245	Veillonella_magna	1
SRR14919241	Neisseria_canis	22
SRR14919240	Euglena_viridis	1
SRR14919245	Caedibacter_caryophilus	21
SRR14919244	Adhaeribacter_aerolatus	2
SRR14919238	Clostridium_ultunense	1
SRR14919235	Acetobacterium_fimetarium	1
SRR14919236	Halopelagius_inordinatus	2
SRR14919240	Uruburuella_suis	2
SRR14919244	Trachelomonas_volvocina	1
SRR14919243	Leptolinea_tardivitalis	4
SRR14919236	Bacillus_cereus	646
SRR14919242	Peptoniphilus_harei	2
SRR14919236	Roseburia_faecis	2181
SRR14919245	Lachnobacterium_bovis	21
SRR14919244	Escherichia/Shigella_sonnei	2
SRR14919243	Primorskyibacter_sedentarius	1
SRR14919235	Paenibacillus_glucanolyticus	1
SRR14919245	Winogradskyella_epiphytica	40
SRR14919244	Acidicapsa_ligni	1
SRR14919241	Eutreptia_viridis	179
SRR14919243	Treponema_caldaria	1
SRR14919243	Parabacteroides_goldsteinii	21
SRR14919241	Ralstonia_solanacearum	3
SRR14919241	Odoribacter_laneus	2
SRR14919240	Brenneria_populi	3
SRR14919237	Pylaiella_littoralis	2
SRR14919236	Thermoactinomyces_sanguinis	1
SRR14919240	Clostridium_tertium	1
SRR14919237	Coprococcus_comes	250
SRR14919235	Persicobacter_diffluens	2
SRR14919246	Shimwellia_blattae	1
SRR14919244	Arcobacter_bivalviorum	1
SRR14919240	Caldanaerobacter_subterraneus	1
SRR14919238	Desulfotalea_psychrophila	317
SRR14919242	Atopobium_vaginae	11
SRR14919236	Desulfurivibrio_alkaliphilus	2
SRR14919239	Clostridium_aminovalericum	9
SRR14919246	Mycoplasma_glycophilum	1
SRR14919239	Desulfofaba_hansenii	1
SRR14919238	Bradyrhizobium_japonicum	182
SRR14919239	Caloramator_viterbiensis	7
SRR14919242	Gemella_cuniculi	4
SRR14919242	Peptoniphilus_tyrrelliae	70
SRR14919238	Mucilaginibacter_paludis	1
SRR14919244	Thermodesulfatator_atlanticus	2
SRR14919242	Ruminococcus_flavefaciens	982
SRR14919239	Mycoplasma_parvum	1
SRR14919245	Treponema_succinifaciens	2
SRR14919245	Pseudendoclonium_akinetum	2
SRR14919242	Prevotella_ruminicola	9
SRR14919240	Alistipes_shahii	519
SRR14919246	Kinetoplastibacterium_blastocrithidii	21
SRR14919244	Bacteroides_massiliensis	18
SRR14919235	Fusobacterium_perfoetens	1
SRR14919244	Sulfurihydrogenibium_subterraneum	1
SRR14919240	Hymenobacter_soli	2
SRR14919238	Haloleptolyngbya_alcalis	1
SRR14919246	Streptococcus_thermophilus	9
SRR14919236	Cytinus_ruber	1
SRR14919242	Chrysodidymus_synuroideus	124
SRR14919240	Mitsuaria_chitosanitabida	1
SRR14919235	Oleispira_lenta	4
SRR14919246	Thiothrix_flexilis	1
SRR14919244	Cellulosibacter_alkalithermophilus	1
SRR14919241	Pasteurella_oralis	1
SRR14919244	Pseudomonas_stutzeri	29
SRR14919242	Aureispira_maritima	41
SRR14919241	Desulfovibrio_cuneatus	1
SRR14919246	Alistipes_finegoldii	5292
SRR14919243	Rhodothermus_marinus	2
SRR14919244	Pedobacter_duraquae	1
SRR14919244	Adhaeribacter_terreus	26
SRR14919237	Armatimonas_rosea	5
SRR14919236	Parabacteroides_gordonii	595
SRR14919236	Clostridium_saccharogumia	3
SRR14919241	Bacillus_circulans	1
SRR14919237	Paracoccus_versutus	3
SRR14919236	Pseudoflavonifractor_capillosus	40
SRR14919239	Brevundimonas_intermedia	1
SRR14919238	Clostridium_pasteurianum	4
SRR14919236	Calditerrivibrio_nitroreducens	1
SRR14919244	Bacteroides_rodentium	382
SRR14919244	Streptococcus_uberis	1
SRR14919244	Anaplasma_marginale	1
SRR14919241	Actinomyces_coleocanis	2
SRR14919236	Cupriavidus_basilensis	1
SRR14919246	Alteromonas_marina	1
SRR14919243	Ethanoligenens_harbinense	1
SRR14919244	Clostridium_alkalicellulosi	5
SRR14919237	Zavarzinia_compransoris	1
SRR14919240	Clostridium_stercorarium	7
SRR14919235	Desulfosalsimonas_propionicica	2
SRR14919235	Acidilobus_sulfurireducens	8
SRR14919236	Deinococcus_radiodurans	1
SRR14919235	Jeotgalibacillus_soli	1
SRR14919245	Azospirillum_melinis	1
SRR14919245	Coprobacillus_cateniformis	1
SRR14919238	Prevotella_corporis	4
SRR14919243	Bilophila_wadsworthia	2
SRR14919239	Gemmiger_formicilis	1139
SRR14919236	Pseudoscardovia_suis	1
SRR14919244	Tepidanaerobacter_acetatoxydans	1
SRR14919242	Mycoplasma_canis	2
SRR14919241	Brassicibacter_mesophilus	1
SRR14919238	Tepidibacter_thalassicus	1
SRR14919242	Arcobacter_cryaerophilus	1
SRR14919237	Parabacteroides_merdae	1153
SRR14919238	Hassallia_byssoidea	1
SRR14919236	Salmonella_enterica	2
SRR14919235	Anaerofilum_agile	11
SRR14919236	Neisseria_animalis	66
SRR14919245	Sphingobium_yanoikuyae	1
SRR14919238	Clostridium_cadaveris	1
SRR14919235	Altererythrobacter_indicus	32
SRR14919246	Coprococcus_catus	59
SRR14919242	Haemophilus_haemolyticus	1
SRR14919240	Thermus_scotoductus	1
SRR14919235	Anaeroplasma_abactoclasticum	1
SRR14919235	Blautia_schinkii	85
SRR14919235	Clostridium_tyrobutyricum	1
SRR14919236	Methanosaeta_concilii	1
SRR14919239	Methylobacterium_radiotolerans	1
SRR14919235	Xylella_fastidiosa	117
SRR14919244	Selenomonas_sputigena	2
SRR14919246	Pseudomonas_mendocina	2
SRR14919238	Blautia_producta	102
SRR14919236	Fibrobacter_succinogenes	1
SRR14919243	Chlamydia_psittaci	1
SRR14919243	Rhodovulum_sulfidophilum	1
SRR14919240	Clostridium_tagluense	1
SRR14919240	Coprobacter_fastidiosus	156
SRR14919243	Clostridium_proteolyticum	1
SRR14919236	Sulfobacillus_thermotolerans	2
SRR14919235	Clostridium_propionicum	1
SRR14919236	Halobacterium_salinarum	21
SRR14919235	Sulfobacillus_thermotolerans	1
SRR14919242	Clostridium_xylanovorans	6
SRR14919236	Rhizobium_etli	1
SRR14919246	Rhizobium_leguminosarum	1
SRR14919241	Pyrobaculum_arsenaticum	2
SRR14919239	Megasphaera_micronuciformis	2
SRR14919242	Thermoanaerobacter_pseudethanolicus	3
SRR14919240	Desulfurivibrio_alkaliphilus	1
SRR14919238	Clostridium_lituseburense	1
SRR14919242	Pedobacter_boryungensis	3
SRR14919241	Nocardia_abscessus	1
SRR14919236	Emticicia_oligotrophica	5
SRR14919245	Methanocorpusculum_parvum	1
SRR14919245	Aureimarina_marisflavi	1
SRR14919246	Cyanoptyche_gloeocystis	33
SRR14919245	Primorskyibacter_sedentarius	1
SRR14919244	Virgibacillus_marismortui	16
SRR14919239	Haloplanus_natans	1
SRR14919235	Anaerostipes_butyraticus	191
SRR14919236	Edwardsiella_tarda	1
SRR14919235	Bradyrhizobium_yuanmingense	2
SRR14919240	Proteocatella_sphenisci	1
SRR14919236	Blattabacterium_relictus	75
SRR14919235	Helcococcus_sueciensis	2
SRR14919244	Herbaspirillum_frisingense	1
SRR14919240	Mycoplasma_bovigenitalium	1
SRR14919246	Thermoactinomyces_sanguinis	1
SRR14919238	Enhygromyxa_salina	34
SRR14919237	Treponema_amylovorum	8
SRR14919242	Alistipes_putredinis	15268
SRR14919240	Clostridium_aminophilum	5
SRR14919238	Desulfurivibrio_alkaliphilus	1
SRR14919236	Ruminococcus_gauvreauii	2
SRR14919243	Bacteroides_oleiciplenus	46
SRR14919238	Clostridium_histolyticum	3
SRR14919242	Tetragenococcus_halophilus	1
SRR14919242	Cohnella_arctica	1
SRR14919236	Nostoc_sphaeroides	1
SRR14919242	Clostridium_metallolevans	6
SRR14919238	Thermoactinomyces_intermedius	2
SRR14919245	Chloroflexus_aggregans	1
SRR14919239	Leifsonia_kafniensis	1
SRR14919238	Anaerobiospirillum_succiniciproducens	22
SRR14919240	Ruegeria_atlantica	1
SRR14919241	Blautia_stercoris	202
SRR14919244	Parabacteroides_chinchillae	30
SRR14919242	Prevotella_loescheii	13
SRR14919246	Parasutterella_excrementihominis	1255
SRR14919242	Bifidobacterium_thermacidophilum	3
SRR14919242	Roseburia_cecicola	21
SRR14919237	Coprococcus_eutactus	5
SRR14919236	Corynebacterium_amycolatum	1
SRR14919246	Eubacterium_ventriosum	80
SRR14919238	Streptococcus_gallinaceus	1
SRR14919243	Staphylococcus_aureus	1
SRR14919237	Aliifodinibius_sediminis	2
SRR14919241	Allobaculum_stercoricanis	1
SRR14919244	Myroides_phaeus	1
SRR14919244	Leptospira_biflexa	44
SRR14919239	Bacteroides_pectinophilus	10
SRR14919245	Avibacterium_gallinarum	7
SRR14919245	Solobacterium_moorei	147
SRR14919243	Coprothermobacter_platensis	48
SRR14919245	Lactobacillus_pobuzihii	1
SRR14919243	Natronoanaerobium_halophilum	2
SRR14919241	Lactobacillus_animalis	2
SRR14919243	Bacillus_galactosidilyticus	2
SRR14919245	Helicobacter_fennelliae	6
SRR14919239	Ohtaekwangia_kribbensis	3
SRR14919235	Pseudomonas_alcaligenes	54
SRR14919240	Lactobacillus_concavus	1
SRR14919236	Filifactor_alocis	6
SRR14919240	Cytophaga_aurantiaca	1
SRR14919246	Haloarcula_hispanica	1
SRR14919244	Polyangium_fumosum	1
SRR14919243	Roseomonas_ludipueritiae	1
SRR14919243	Bacteroides_nordii	227
SRR14919240	Methanolobus_vulcani	1
SRR14919235	Thermodesulfobacterium_commune	1
SRR14919242	Bacillus_licheniformis	9
SRR14919239	Clostridium_hylemonae	432
SRR14919238	Streptomyces_toxytricini	1
SRR14919240	Streptococcus_dysgalactiae	1
SRR14919242	Dehalobacterium_formicoaceticum	13
SRR14919242	Pseudoalteromonas_ruthenica	47
SRR14919246	Lactobacillus_kunkeei	104
SRR14919238	Anaerorhabdus_furcosa	11
SRR14919244	Leuconostoc_mesenteroides	2
SRR14919242	Clostridium_irregulare	1
SRR14919240	Chlorogloeopsis_fritschii	1
SRR14919242	Halomonas_jeotgali	1
SRR14919240	Nitrosococcus_oceani	1
SRR14919240	Sulfobacillus_thermotolerans	1
SRR14919240	Trigonala_elaeagnus	1
SRR14919240	Dysgonomonas_hofstadii	39
SRR14919246	Lutispora_thermophila	14
SRR14919244	Clostridium_chartatabidum	1
SRR14919243	Clostridium_frigoris	7
SRR14919243	Sporobacter_termitidis	2622
SRR14919239	Deinococcus_aquatilis	2
SRR14919238	Anaeroplasma_abactoclasticum	1
SRR14919236	Ureibacillus_thermosphaericus	3
SRR14919243	Methylobacterium_brachiatum	1
SRR14919242	Brevibacillus_parabrevis	21
SRR14919237	Anaeroplasma_abactoclasticum	1
SRR14919242	Ruminococcus_lactaris	92
SRR14919238	Methanocella_conradii	181
SRR14919235	Eubacterium_contortum	80
SRR14919236	Ruegeria_mobilis	98
SRR14919246	Corallococcus_macrosporus	1
SRR14919242	Mycoplasma_suis	4
SRR14919237	Thermocrinis_minervae	1
SRR14919236	Bacillus_mojavensis	2
SRR14919236	Psychromonas_macrocephali	4
SRR14919236	Anaeroplasma_abactoclasticum	2
SRR14919239	Flexibacter_roseolus	1
SRR14919245	Komagataeibacter_saccharivorans	1
SRR14919244	Bacteroides_salanitronis	31
SRR14919238	Paraprevotella_xylaniphila	2
SRR14919236	Arcobacter_halophilus	1
SRR14919244	Rhodococcus_erythropolis	2
SRR14919239	Amycolatopsis_coloradensis	1
SRR14919245	Caedibacter_taeniospiralis	18
SRR14919244	Microcystis_panniformis	43
SRR14919242	Granulosicoccus_coccoides	4
SRR14919239	Methanopyrus_kandleri	1
SRR14919246	Zymophilus_paucivorans	1
SRR14919244	Clostridium_maritimum	1
SRR14919239	Terriglobus_saanensis	2
SRR14919238	Sulfobacillus_thermotolerans	2
SRR14919240	Mucilaginibacter_gynuensis	1
SRR14919237	Calditerricola_yamamurae	1
SRR14919235	Dialister_succinatiphilus	138
SRR14919235	Pseudomonas_putida	6
SRR14919237	Sulfobacillus_thermotolerans	1
SRR14919244	Oscillochloris_trichoides	5
SRR14919236	Lactobacillus_brevis	4
SRR14919246	Clostridium_fusiformis	7
SRR14919238	Pseudomonas_teessidea	6
SRR14919236	Anaerotruncus_colihominis	13
SRR14919236	Clostridium_jejuense	5
SRR14919246	Caldicellulosiruptor_obsidiansis	1
SRR14919245	Salarchaeum_japonicum	1
SRR14919238	Mesoplasma_photuris	2
SRR14919237	Streptomyces_atriruber	1
SRR14919236	Chloroflexus_aurantiacus	1
SRR14919236	Natronorubrum_aibiense	1
SRR14919246	Metallosphaera_sedula	2
SRR14919241	Desulfovibrio_halophilus	111
SRR14919237	Volucribacter_psittacicida	5
SRR14919236	Bacteroides_dorei	1967
SRR14919243	Laribacter_hongkongensis	8
SRR14919241	Bifidobacterium_biavatii	4
SRR14919240	Clostridium_cellulolyticum	5
SRR14919243	Desmonostoc_muscorum	2
SRR14919235	Bacteroides_propionicifaciens	1
SRR14919241	Bacteroides_coprosuis	11
SRR14919246	Vibrio_mimicus	1
SRR14919245	Burkholderia_ambifaria	1
SRR14919236	Scytonematopsis_contorta	1
SRR14919245	Treponema_phagedenis	45
SRR14919244	Flavobacterium_columnare	2
SRR14919236	Ignisphaera_aggregans	2
SRR14919242	Pedobacter_ginsengisoli	1
SRR14919239	Peptoniphilus_olsenii	1
SRR14919238	Lysobacter_enzymogenes	51
SRR14919236	Tissierella_praeacuta	2
SRR14919243	Cellulophaga_lytica	1
SRR14919236	Flavobacterium_fontis	1
SRR14919235	Sporohalobacter_lortetii	1
SRR14919245	Pusillimonas_ginsengisoli	1
SRR14919245	Prevotella_nanceiensis	1
SRR14919242	Youngiibacter_fragilis	4
SRR14919236	Clostridium_populeti	2
SRR14919246	Dialister_pneumosintes	1
SRR14919235	Treponema_stenostrepta	4
SRR14919236	Nostoc_edaphicum	1
SRR14919246	Anaerococcus_hydrogenalis	11
SRR14919243	Codium_fragile	10
SRR14919238	Neorickettsia_sennetsu	1
SRR14919244	Clostridium_aldenense	26
SRR14919236	Caedibacter_macronucleorum	1
SRR14919245	Listeria_grayi	2
SRR14919238	Eggerthia_catenaformis	1
SRR14919235	Clostridium_algoriphilum	4
SRR14919236	Brevibacillus_agri	5
SRR14919245	Moraxella_caprae	1
SRR14919238	Parvimonas_micra	4
SRR14919238	Proteocatella_sphenisci	4
SRR14919236	Acidaminococcus_fermentans	1
SRR14919240	Eubacterium_moniliforme	1
SRR14919236	Thermobispora_bispora	1
SRR14919244	Parabacteroides_chartae	4
SRR14919244	Methylobacterium_oryzae	1
SRR14919238	Clostridium_aminophilum	4
SRR14919241	Sphingobacterium_shayense	1
SRR14919245	Cesiribacter_roseus	1
SRR14919245	Acinetobacter_baumannii	115
SRR14919239	Aeromonas_veronii	42
SRR14919236	Parasutterella_excrementihominis	9250
SRR14919240	Chryseobacterium_greenlandense	20
SRR14919240	Natronoanaerobium_salstagnum	1
SRR14919245	Glaciecola_punicea	1
SRR14919237	Alkalibacillus_flavidus	1
SRR14919240	Actinomadura_bangladeshensis	1
SRR14919238	Trichococcus_flocculiformis	5
SRR14919235	Ruminococcus_flavefaciens	174
SRR14919238	Pseudendoclonium_akinetum	1
SRR14919241	Flexibacter_flexilis	2
SRR14919235	Roseiflexus_castenholzii	1
SRR14919235	Winogradskyella_epiphytica	61
SRR14919238	Gemella_sanguinis	1
SRR14919237	Arcanobacterium_hippocoleae	1
SRR14919236	Sporotalea_propionica	4
SRR14919240	Lactobacillus_amylolyticus	1
SRR14919238	Peptostreptococcus_stomatis	1
SRR14919246	Christensenella_minuta	4
SRR14919235	Chrysodidymus_synuroideus	91
SRR14919235	Thermoactinomyces_sanguinis	1
SRR14919240	Anaerostipes_caccae	2
SRR14919245	Corynebacterium_kroppenstedtii	1
SRR14919239	Natronoanaerobium_salstagnum	1
SRR14919235	Ralstonia_solanacearum	1
SRR14919246	Rubrivivax_gelatinosus	1
SRR14919242	Bifidobacterium_magnum	1
SRR14919239	Treponema_caldaria	1
SRR14919237	Odoribacter_laneus	14
SRR14919235	Bacillus_megaterium	5
SRR14919244	Actinomyces_graevenitzii	2
SRR14919239	Paenibacillus_forsythiae	1
SRR14919235	Bacillus_pumilus	58
SRR14919245	Acetatifactor_muris	10
SRR14919236	Bacteroides_coprophilus	63
SRR14919239	Methylacidiphilum_infernorum	1
SRR14919238	Chloroidium_saccharophilum	3
SRR14919238	Clostridium_hathewayi	189
SRR14919241	Bacillus_humi	12
SRR14919242	Cupriavidus_necator	1
SRR14919236	Abiotrophia_defectiva	7
SRR14919236	Bacteroides_barnesiae	215
SRR14919246	Natronomonas_moolapensis	1
SRR14919245	Fontibacter_ferrireducens	2
SRR14919241	Sulfobacillus_thermotolerans	1
SRR14919241	Clostridium_glycyrrhizinilyticum	177
SRR14919236	Ethanoligenens_harbinense	3
SRR14919245	Eubacterium_fissicatena	1
SRR14919239	Oxobacter_pfennigii	17
SRR14919235	Veillonella_dispar	1
SRR14919238	Elusimicrobium_minutum	1
SRR14919246	Corynebacterium_bovis	1
SRR14919242	Olivibacter_ginsengisoli	47
SRR14919239	Anaeroplasma_abactoclasticum	4
SRR14919238	Peptoniphilus_asaccharolyticus	3
SRR14919246	Tumebacillus_flagellatus	1
SRR14919241	Actinomadura_rubrobrunea	1
SRR14919236	Streptococcus_thermophilus	4
SRR14919245	Enterococcus_cecorum	84
SRR14919244	Prevotella_disiens	5
SRR14919242	Lactobacillus_acidipiscis	5
SRR14919238	Treponema_zioleckii	3
SRR14919237	Calochaete_cimrmanii	27
SRR14919239	Flexibacter_flexilis	4
SRR14919242	Haloplasma_contractile	3
SRR14919240	Lysinibacillus_fusiformis	3
SRR14919239	Wolbachia_pipientis	2
SRR14919235	Hoeflea_halophila	1
SRR14919242	Petrimonas_sulfuriphila	2
SRR14919241	Pseudomonas_azotifigens	1
SRR14919246	Roseburia_hominis	4
SRR14919241	Erwinia_mallotivora	3
SRR14919239	Sulfobacillus_thermotolerans	1
SRR14919242	Thermoanaerobaculum_aquaticum	1
SRR14919239	Methylobacterium_fujisawaense	33
SRR14919237	Ruminococcus_callidus	207
SRR14919242	Youngiibacter_multivorans	3
SRR14919241	Azospirillum_amazonense	1
SRR14919240	Thioploca_ingrica	2
SRR14919238	Coleofasciculus_chthonoplastes	1
SRR14919235	Granulosicoccus_coccoides	3
SRR14919243	Clostridium_alkalicellulosi	17
SRR14919242	Dialister_invisus	690
SRR14919239	Terrimonas_aquatica	2
SRR14919239	Odoribacter_splanchnicus	89
SRR14919238	Syntrophomonas_bryantii	1
SRR14919238	Oscillatoria_amoena	1
SRR14919237	Methanimicrococcus_blatticola	3
SRR14919236	Treponema_calligyrum	2
SRR14919245	Haloferula_rosea	1
SRR14919245	Myroides_odoratus	1
SRR14919244	Desulfurivibrio_alkaliphilus	1
SRR14919240	Ktedonobacter_racemifer	1
SRR14919239	Geovibrio_thiophilus	2
SRR14919236	Euglena_longa	2
SRR14919244	Prevotella_multisaccharivorax	1
SRR14919243	Halobacillus_profundi	2
SRR14919240	Paracoccus_isoporae	1
SRR14919240	Blautia_luti	2409
SRR14919239	Chondromyces_crocatus	2
SRR14919238	Clostridium_aminobutyricum	3
SRR14919246	Eubacterium_pyruvativorans	4
SRR14919238	Luteimonas_terricola	1
SRR14919237	Oscillochloris_trichoides	4
SRR14919240	Megasphaera_hominis	737
SRR14919236	Halosimplex_carlsbadense	1
SRR14919244	Desulfococcus_multivorans	1
SRR14919244	Hyphomonas_polymorpha	2
SRR14919241	Spiribacter_salinus	2
SRR14919240	Propionibacterium_propionicum	1
SRR14919238	Coprobacter_fastidiosus	106
SRR14919243	Eggerthella_sinensis	1
SRR14919240	Strombomonas_acuminata	1
SRR14919244	Sporobacterium_olearium	3
SRR14919235	Actinomyces_bovis	1
SRR14919236	Clostridium_sordellii	2
SRR14919235	Achromatium_oxaliferum	1
SRR14919244	Paenibacillus_validus	1
SRR14919239	Pyrobaculum_arsenaticum	5
SRR14919241	Phocaeicola_abscessus	6
SRR14919237	Virgibacillus_marismortui	8
SRR14919236	Providencia_rettgeri	1
SRR14919246	Polaribacter_franzmannii	1
SRR14919245	Sedimentibacter_hydroxybenzoicus	23
SRR14919245	Pantoea_agglomerans	1
SRR14919237	Cymbella_subturgidula	2
SRR14919236	Lepocinclis_spirogyroides	1
SRR14919236	Selenomonas_ruminantium	100
SRR14919244	Actinomyces_marimammalium	3
SRR14919235	Salinibacillus_kushneri	1
SRR14919244	Brevibacillus_borstelensis	1
SRR14919236	Clostridium_hveragerdense	1
SRR14919246	Eubacterium_uniforme	3
SRR14919238	Pusillimonas_ginsengisoli	1
SRR14919246	Aureibacter_tunicatorum	1
SRR14919246	Denitrobacterium_detoxificans	14
SRR14919245	Clostridium_symbiosum	43
SRR14919243	Johnsonella_ignava	2
SRR14919244	Eubacterium_xylanophilum	53
SRR14919238	Eubacterium_yurii	1
SRR14919235	Hydrogenobaculum_acidophilum	1
SRR14919235	Weissella_cibaria	1
SRR14919238	Massilia_aurea	1
SRR14919238	Prevotella_dentalis	1
SRR14919244	Lactobacillus_satsumensis	1
SRR14919243	Thermosyntropha_lipolytica	1
SRR14919236	Lactobacillus_paralimentarius	2
SRR14919236	Clostridium_scindens	522
SRR14919240	Streptococcus_equi	3
SRR14919246	Pseudanabaena_mucicola	9
SRR14919238	Megasphaera_micronuciformis	4
SRR14919242	Natronoanaerobium_salstagnum	1
SRR14919239	Oenococcus_kitaharae	1
SRR14919246	Selaginella_uncinata	1
SRR14919237	Staphylococcus_hominis	1
SRR14919235	Clostridium_isatidis	4
SRR14919235	Clostridium_metallolevans	1
SRR14919240	Bacteroides_xylanolyticus	2426
SRR14919238	Cellulosibacter_alkalithermophilus	4
SRR14919236	Sphaerobacter_thermophilus	1
SRR14919244	Desemzia_incerta	1
SRR14919238	Salisediminibacterium_halotolerans	1
SRR14919246	Pedobacter_saltans	3
SRR14919243	Lactobacillus_reuteri	77
SRR14919239	Thermoactinomyces_vulgaris	1
SRR14919235	Phacus_similis	1
SRR14919243	Bacteroides_vulgatus	97994
SRR14919237	Xanthomonas_translucens	3
SRR14919245	Howardella_ureilytica	3
SRR14919244	Porphyromonas_levii	5
SRR14919243	Asaccharobacter_celatus	1
SRR14919244	Haloglycomyces_albus	2
SRR14919242	Spirochaeta_smaragdinae	3
SRR14919240	Geminocystis_papuanica	3
SRR14919245	Thermoactinomyces_sanguinis	2
SRR14919238	Anoxybacillus_tengchongensis	1
SRR14919242	Anaeroplasma_abactoclasticum	2
SRR14919242	Bifidobacterium_breve	28
SRR14919242	Oceanotoga_teriensis	1
SRR14919242	Parabacteroides_goldsteinii	32
SRR14919237	Anoxybacillus_tengchongensis	1
SRR14919246	Clostridium_tyrobutyricum	1
SRR14919242	Sporolituus_thermophilus	1
SRR14919238	Aliifodinibius_roseus	1
SRR14919236	Paludibacter_propionicigenes	21
SRR14919245	Polynucleobacter_cosmopolitanus	3
SRR14919244	Sulfobacillus_thermotolerans	1
SRR14919245	Enterococcus_aquimarinus	3
SRR14919243	Lactobacillus_kimchiensis	1
SRR14919240	Dorea_formicigenerans	117
SRR14919246	Mitsuokella_jalaludinii	1
SRR14919244	Halomonas_caseinilytica	1
SRR14919243	Sulfobacillus_thermotolerans	1
SRR14919244	Thermanaerothrix_daxensis	1
SRR14919239	Chloroflexus_aggregans	2
SRR14919241	Mesorhizobium_loti	4
SRR14919244	Bifidobacterium_longum	12
SRR14919236	Sutterella_stercoricanis	1
SRR14919244	Helicobacter_canis	3
SRR14919242	Proteiniclasticum_ruminis	6
SRR14919241	Tannerella_forsythia	27
SRR14919238	Roseburia_cecicola	78
SRR14919237	Leuconostoc_mesenteroides	4
SRR14919239	Rickettsia_monacensis	1
SRR14919238	Clostridium_glycyrrhizinilyticum	137
SRR14919245	Legionella_brunensis	1
SRR14919245	Pseudoramibacter_alactolyticus	2
SRR14919236	Lactobacillus_floricola	1
SRR14919245	Bacillus_schlegelii	4
SRR14919240	Bacteroides_fluxus	39
SRR14919235	Lactobacillus_plantarum	1
SRR14919235	Lactobacillus_animalis	9
SRR14919240	Atopobium_parvulum	1
SRR14919245	Peptoniphilus_methioninivorax	1
SRR14919240	Clostridium_asparagiforme	22
SRR14919244	Rhizobium_huautlense	1
SRR14919241	Caldanaerobacter_subterraneus	1
SRR14919241	Pseudomonas_lundensis	2
SRR14919246	Sediminitomix_flava	1
SRR14919243	Agrobacterium_tumefaciens	3
SRR14919239	Nocardioides_ginsengagri	1
SRR14919246	Bradyrhizobium_elkanii	82
SRR14919242	Rubrobacter_bracarensis	2
SRR14919241	Pseudoalteromonas_ruthenica	26
SRR14919239	Bacteroides_nordii	272
SRR14919236	Bacillus_licheniformis	9
SRR14919235	Bacillus_gibsonii	1
SRR14919242	Peptoniphilus_indolicus	3
SRR14919239	Demetria_terragena	1
SRR14919236	Caldicellulosiruptor_obsidiansis	1
SRR14919245	Thermodesulfatator_atlanticus	1
SRR14919239	Ureaplasma_cati	1
SRR14919236	Mitsuokella_multacida	2
SRR14919244	Lactobacillus_parabuchneri	74
SRR14919238	Euglenaria_anabaena	4
SRR14919238	Clostridium_sardiniense	8
SRR14919237	Sporomusa_acidovorans	1
SRR14919235	Bacteroides_faecichinchillae	4
SRR14919245	Collinsella_tanakaei	10
SRR14919240	Methylomicrobium_alcaliphilum	1
SRR14919239	Paenibacillus_turicensis	1
SRR14919236	Clostridium_irregulare	1
SRR14919236	Ferruginibacter_lapsinanis	2
SRR14919246	Jeotgalibacillus_marinus	1
SRR14919242	Methylobacterium_brachiatum	1
SRR14919242	Alloprevotella_tannerae	1
SRR14919237	Lactobacillus_salivarius	14
SRR14919236	Clostridium_alcalibutyricum	1
SRR14919239	Borrelia_valaisiana	1
SRR14919237	Sporobacter_termitidis	3709
SRR14919239	Succinispira_mobilis	1
SRR14919239	Tannerella_forsythia	14
SRR14919245	Varibaculum_cambriense	2
SRR14919242	Fusicatenibacter_saccharivorans	123
SRR14919239	Catellicoccus_marimammalium	2
SRR14919236	Geodermatophilus_taihuensis	1
SRR14919235	Clostridium_putrefaciens	4
SRR14919246	Microcystis_viridis	2
SRR14919242	Lactobacillus_fuchuensis	1
SRR14919236	Planktothrix_pseudagardhii	2
SRR14919236	Methanosarcina_lacustris	1
SRR14919235	Caedibacter_taeniospiralis	23
SRR14919246	Serratia_symbiotica	1
SRR14919246	Pseudomonas_pseudoalcaligenes	1
SRR14919244	Prevotella_micans	9
SRR14919240	Methylobacterium_radiotolerans	3
SRR14919241	Desulfovibrio_ferrophilus	15
SRR14919237	Hydrogenobaculum_acidophilum	1
SRR14919241	Methylomonas_fodinarum	3
SRR14919243	Oribacterium_sinus	10
SRR14919239	Acetivibrio_ethanolgignens	63
SRR14919235	Beggiatoa_alba	1
SRR14919242	Siphonobacter_aquaeclarae	1
SRR14919239	Nubsella_zeaxanthinifaciens	1
SRR14919235	Agrobacterium_vitis	158
SRR14919244	Lactobacillus_composti	3
SRR14919243	Mesorhizobium_ciceri	1
SRR14919242	Allofustis_seminis	1
SRR14919239	Anaerococcus_hydrogenalis	17
SRR14919238	Beijerinckia_derxii	28
SRR14919246	Eubacterium_desmolans	93
SRR14919244	Natronoanaerobium_salstagnum	1
SRR14919243	Streptococcus_sanguinis	67
SRR14919238	Clostridium_colicanis	2
SRR14919245	Mycoplasma_ovis	1
SRR14919236	Prevotella_timonensis	1
SRR14919243	Mycoplasma_hyorhinis	61
SRR14919242	Xenorhabdus_stockiae	3
SRR14919235	Caloramator_australicus	10
SRR14919246	Bacillus_foraminis	3
SRR14919241	Bacillus_fumarioli	1
SRR14919236	Blautia_wexlerae	67
SRR14919245	Vulcanisaeta_souniana	1
SRR14919244	Ilyobacter_psychrophilus	1
SRR14919242	Rhodospirillum_rubrum	1
SRR14919237	Sporacetigenium_mesophilum	1
SRR14919235	Methanocorpusculum_sinense	1
SRR14919241	Anaerobacillus_arseniciselenatis	1
SRR14919244	Eudoraea_adriatica	1
SRR14919242	Sulfurihydrogenibium_subterraneum	1
SRR14919244	Bradyrhizobium_yuanmingense	1
SRR14919238	Psychrobacter_immobilis	1
SRR14919240	Iodobacter_fluviatilis	1
SRR14919239	Bacteroides_intestinalis	75
SRR14919237	Pedobacter_xinjiangensis	1
SRR14919244	Anaeroplasma_abactoclasticum	1
SRR14919246	Bacillus_anthracis	4
SRR14919245	Ruminococcus_obeum	754
SRR14919244	Nocardioides_lentus	2
SRR14919244	Bifidobacterium_choerinum	8
SRR14919242	Mycoplasma_muris	1
SRR14919241	Methanocalculus_pumilus	11
SRR14919246	Peptoniphilus_lacrimalis	44
SRR14919243	Enterorhabdus_mucosicola	78
SRR14919239	Prevotella_nanceiensis	1
SRR14919239	Lactobacillus_secaliphilus	1
SRR14919235	Oxalobacter_formigenes	1
SRR14919244	Paenibacillus_camelliae	2
SRR14919240	Paludibacterium_yongneupense	1
SRR14919239	Tenacibaculum_mesophilum	1
SRR14919238	Paludibacter_propionicigenes	1
SRR14919241	Enterococcus_durans	2
SRR14919241	Bacteroides_fragilis	119
SRR14919237	Paludibacter_propionicigenes	4
SRR14919246	Marinobacter_hydrocarbonoclasticus	2
SRR14919246	Francisella_noatunensis	26
SRR14919241	Simplicispira_psychrophila	10
SRR14919240	Clostridium_peptidivorans	1
SRR14919245	Sulfobacillus_thermotolerans	1
SRR14919244	Achromobacter_denitrificans	1
SRR14919244	Akkermansia_muciniphila	9858
SRR14919246	Desulfovibrio_mexicanus	1
SRR14919241	Citrobacter_freundii	2
SRR14919237	Weissella_viridescens	1
SRR14919245	Fucus_vesiculosus	11
SRR14919239	Cohnella_laeviribosi	1
SRR14919242	Pedobacter_luteus	1
SRR14919241	Clostridium_polysaccharolyticum	110
SRR14919239	Entomoplasma_freundtii	1
SRR14919236	Paraprevotella_clara	5
SRR14919243	Parabacteroides_chinchillae	47
SRR14919239	Haloarcula_salaria	1
SRR14919244	Anaerovorax_odorimutans	3
SRR14919244	Bacteroides_stercoris	772
SRR14919244	Halobacterium_noricense	1
SRR14919244	Thalassionema_nitzschioides	1
SRR14919242	Microcystis_aeruginosa	337
SRR14919235	Methanocalculus_natronophilus	3
SRR14919236	Cohnella_soli	1
SRR14919243	Cytophaga_fermentans	7
SRR14919236	Borrelia_spielmanii	1
SRR14919242	Streptomyces_mutabilis	1
SRR14919245	Xanthomonas_axonopodis	3
SRR14919242	Coprothermobacter_platensis	70
SRR14919245	Halococcus_hamelinensis	3
SRR14919242	Luteolibacter_cuticulihirudinis	1
SRR14919240	Lactobacillus_alimentarius	1
SRR14919239	Mycoplasma_sualvi	1
SRR14919236	Pseudomonas_filiscindens	2
SRR14919244	Neisseria_canis	23
SRR14919243	Euglena_viridis	1
SRR14919242	Caminibacter_profundus	1
SRR14919238	Lactobacillus_tucceti	1
SRR14919240	Thiomargarita_namibiensis	370
SRR14919237	Xanthomonas_gardneri	4
SRR14919242	Acidithiobacillus_cuprithermicus	1
SRR14919235	Sinorhizobium_meliloti	1
SRR14919240	Barnesiella_viscericola	16
SRR14919239	Bacteroides_fragilis	71
SRR14919239	Bacillus_cereus	416
SRR14919242	Clostridium_sphenoides	1
SRR14919236	Agrobacterium_tumefaciens	7
SRR14919246	Neosiphonia_harveyi	1
SRR14919237	Clostridium_acidisoli	18
SRR14919237	Bacteroides_faecichinchillae	37
SRR14919246	Clostridium_herbivorans	3
SRR14919242	Marinobacterium_jannaschii	1
SRR14919240	Pseudomonas_aeruginosa	3
SRR14919240	Thalassomonas_actiniarum	99
SRR14919239	Acidithiobacillus_cuprithermicus	1
SRR14919238	Actinobaculum_massiliense	1
SRR14919236	Methanofollis_ethanolicus	1
SRR14919236	Pelobacter_acidigallici	1
SRR14919236	Bacteroides_faecichinchillae	15
SRR14919242	Halomonas_campisalis	1
SRR14919244	Parasporobacterium_paucivorans	64
SRR14919243	Bacteroides_chinchillae	6
SRR14919243	Delftia_acidovorans	1
SRR14919236	Zavarzinella_formosa	3
SRR14919244	Phytophthora_infestans	27
SRR14919242	Planobacterium_taklimakanense	1
SRR14919242	Aggregatibacter_actinomycetemcomitans	1
SRR14919242	Dysgonomonas_capnocytophagoides	18
SRR14919244	Megamonas_hypermegale	2
SRR14919237	Desulfococcus_multivorans	1
SRR14919235	Halorubrum_terrestre	36
SRR14919236	Clostridium_algidixylanolyticum	41
SRR14919240	Corallococcus_coralloides	1
SRR14919246	Ruminococcus_flavefaciens	163
SRR14919240	Thermosyntropha_tengcongensis	1
SRR14919239	Anoxynatronum_sibiricum	2
SRR14919236	Clostridium_bolteae	38
SRR14919243	Desulfotomaculum_thermobenzoicum	1
SRR14919241	Lactococcus_lactis	85
SRR14919242	Prevotella_melaninogenica	173
SRR14919235	Sedimentibacter_hydroxybenzoicus	23
SRR14919245	Clostridium_celatum	1
SRR14919239	Salinisphaera_halophila	1
SRR14919241	Sporolactobacillus_terrae	1
SRR14919240	Idiomarina_donghaiensis	2
SRR14919241	Oceanirhabdus_sediminicola	1
SRR14919240	Ignatzschineria_larvae	1
SRR14919236	Paenibacillus_chitinolyticus	1
SRR14919236	Huperzia_lucidula	1
SRR14919243	Mycoplasma_hyopneumoniae	5
SRR14919240	Neisseria_lactamica	1
SRR14919242	Paludibacter_propionicigenes	10
SRR14919236	Eubacterium_pyruvativorans	1
SRR14919236	Paenibacillus_ginsengihumi	1
SRR14919244	Catonella_morbi	5
SRR14919242	Campylobacter_sputorum	4
SRR14919241	Paludibacter_propionicigenes	13
SRR14919240	Mycoplasma_cricetuli	1
SRR14919239	Alkaliphilus_transvaalensis	6
SRR14919238	Clostridium_roseum	1
SRR14919238	Legionella_drancourtii	1
SRR14919245	Trueperella_abortisuis	1
SRR14919244	Codium_fragile	11
SRR14919240	Paludibacter_propionicigenes	13
SRR14919239	Peptoniphilus_tyrrelliae	62
SRR14919237	Ureibacillus_thermosphaericus	1
SRR14919235	Tetragenococcus_solitarius	1
SRR14919242	Lactobacillus_iners	2
SRR14919243	Shewanella_sediminis	2
SRR14919242	Azotobacter_chroococcum	10
SRR14919237	Marinobacterium_stanieri	1
SRR14919246	Pleurocapsa_minor	2
SRR14919242	Mycobacterium_paraffinicum	1
SRR14919239	Bacillus_hunanensis	1
SRR14919237	Woodsholea_maritima	1
SRR14919235	Bacteroides_uniformis	429
SRR14919246	Anaeroplasma_abactoclasticum	1
SRR14919244	Desulfoluna_spongiiphila	2
SRR14919240	Phormidium_tenue	1
SRR14919240	Desulfitispora_alkaliphila	1
SRR14919244	Dialister_micraerophilus	1
SRR14919235	Aliivibrio_fischeri	1
SRR14919242	Ruminococcus_gnavus	43
SRR14919239	Paludibacter_propionicigenes	9
SRR14919238	Nereida_ignava	1
SRR14919237	Microchaete_grisea	1
SRR14919236	Lysinibacillus_odysseyi	1
SRR14919242	Bacillus_horikoshii	6
SRR14919241	Tetragenococcus_koreensis	1
SRR14919237	Bifidobacterium_choerinum	4
SRR14919242	Photorhabdus_luminescens	3
SRR14919242	Ensifer_adhaerens	1
SRR14919241	Eubacterium_cellulosolvens	5
SRR14919240	Aquaspirillum_serpens	1
SRR14919240	Enterobacter_mori	1
SRR14919240	Slackia_isoflavoniconvertens	1
SRR14919239	Johnsonella_ignava	5
SRR14919238	Leuconostoc_gelidum	2
SRR14919237	Syntrophobacter_fumaroxidans	1
SRR14919235	Azospirillum_brasilense	1
SRR14919241	Thermoanaerobacter_thermohydrosulfuricus	1
SRR14919238	Pelospora_glutarica	1
SRR14919243	Erwinia_chrysanthemi	1
SRR14919239	Clostridium_tyrobutyricum	1
SRR14919235	Pseudomonas_fluorescens	8
SRR14919246	Dialister_succinatiphilus	21
SRR14919246	Thermus_filiformis	1
SRR14919244	Natronococcus_roseus	1
SRR14919243	Bacillus_tequilensis	3
SRR14919243	Parasutterella_secunda	1
SRR14919239	Gemella_haemolysans	1
SRR14919246	Mycobacterium_chesapeaki	6
SRR14919238	Selenomonas_artemidis	1
SRR14919236	Bacteroides_propionicifaciens	41
SRR14919236	Sarcina_ventriculi	1
SRR14919244	Arthrobacter_sulfonivorans	1
SRR14919244	Paenibacillus_terrigena	3
SRR14919240	Sulfurospirillum_cavolei	1
SRR14919239	Clostridium_methylpentosum	164
SRR14919235	Nitrosococcus_mobilis	1
SRR14919239	Lactobacillus_gasseri	1
SRR14919246	Fontibacter_flavus	54
SRR14919245	Prosthecobacter_debontii	1
SRR14919240	Peptoniphilus_gorbachii	1
SRR14919240	Streptomyces_speibonae	1
SRR14919240	Bacteroides_faecichinchillae	149
SRR14919239	Slackia_isoflavoniconvertens	8
SRR14919246	Arcanobacterium_hippocoleae	2
SRR14919244	Acidaminobacter_hydrogenoformans	10
SRR14919242	Geotoga_subterranea	1
SRR14919236	Brevibacillus_brevis	6
SRR14919239	Desulfonema_limicola	1
SRR14919241	Anaeroglobus_geminatus	1
SRR14919244	Thermoactinomyces_sanguinis	2
SRR14919243	Clostridium_thermopalmarium	1
SRR14919239	Clostridium_caenicola	21
SRR14919246	Clostridium_viride	5
SRR14919245	Bifidobacterium_bombi	1
SRR14919242	Halomicronema_hongdechloris	1
SRR14919242	Syntrophomonas_sapovorans	1
SRR14919240	Planomicrobium_chinense	1
SRR14919240	Aggregatibacter_segnis	18
SRR14919239	Acetobacterium_fimetarium	3
SRR14919236	Pigmentiphaga_daeguensis	3
SRR14919242	Acinetobacter_junii	6
SRR14919241	Parabacteroides_goldsteinii	23
SRR14919240	Methylohalomonas_lacus	2
SRR14919246	Butyricimonas_virosa	3
SRR14919236	Clostridium_thermocellum	20
SRR14919246	Roseibacillus_persicicus	1
SRR14919245	Peptoclostridium_difficile	63
SRR14919242	Eubacterium_saphenum	20
SRR14919239	Bacteroides_faecichinchillae	96
SRR14919243	Ureaplasma_felinum	1
SRR14919242	Clostridium_sartagoforme	5
SRR14919237	Enterobacter_hormaechei	14
SRR14919236	Bifidobacterium_magnum	1
SRR14919238	Bacteroides_faecichinchillae	1
SRR14919244	Paracoccus_carotinifaciens	1
SRR14919237	Desulfotalea_arctica	2
SRR14919246	Spirulina_subsalsa	2
SRR14919245	Leuconostoc_pseudomesenteroides	2
SRR14919240	Coprococcus_comes	425
SRR14919238	Barnesiella_viscericola	17
SRR14919236	Sporomusa_ovata	38
SRR14919243	Finegoldia_magna	1
SRR14919242	Anaerophaga_thermohalophila	3
SRR14919241	Helicobacter_pylori	242
SRR14919236	Ectothiorhodospira_haloalkaliphila	1
SRR14919246	Dysgonomonas_oryzarvi	1
SRR14919242	Propionibacterium_acidifaciens	1
SRR14919238	Bifidobacterium_longum	1
SRR14919246	Staphylococcus_arlettae	1
SRR14919243	Pseudochrobactrum_saccharolyticum	1
SRR14919241	Asterionella_ralfsii	1
SRR14919237	Aureispira_maritima	29
SRR14919239	Leptonema_illini	2
SRR14919239	Pedobacter_duraquae	1
SRR14919236	Ferrovum_myxofaciens	6
SRR14919236	Paenibacillus_tarimensis	1
SRR14919242	Arcobacter_cibarius	1
SRR14919242	Roseburia_intestinalis	173
SRR14919241	Actinomyces_turicensis	2
SRR14919241	Streptococcus_pyogenes	2
SRR14919246	Oligella_urethralis	1
SRR14919242	Dysgonomonas_gadei	12
SRR14919236	Acidithiobacillus_ferrooxidans	1
SRR14919241	Yimella_lutea	1
SRR14919242	Nitrosopumilus_maritimus	1
SRR14919242	Aneurinibacillus_migulanus	1
SRR14919236	Bacteroides_fluxus	64
SRR14919235	Rhodovibrio_salinarum	1
SRR14919236	Haloplasma_contractile	1
SRR14919236	Atopobium_parvulum	3
SRR14919242	Taylorella_equigenitalis	81
SRR14919241	Bacillus_horneckiae	2
SRR14919235	Prevotella_melaninogenica	98
SRR14919244	Vibrio_diabolicus	1
SRR14919244	Porphyromonas_canoris	2
SRR14919244	Paludibacter_propionicigenes	4
SRR14919246	Chrysodidymus_synuroideus	62
SRR14919242	Clostridium_alkalicellulosi	41
SRR14919239	Staphylococcus_sciuri	1
SRR14919238	Thiohalorhabdus_denitrificans	1
SRR14919243	Paludibacter_propionicigenes	13
SRR14919240	Clostridium_subterminale	11
SRR14919240	Armatimonas_rosea	20
SRR14919236	Rheinheimera_longhuensis	1
SRR14919241	Microcystis_smithii	1
SRR14919245	Clostridium_alcalibutyricum	1
SRR14919245	Clostridium_citroniae	25
SRR14919245	Actinobacillus_pleuropneumoniae	21
SRR14919243	Acetitomaculum_ruminis	65
SRR14919240	Actinomyces_hyovaginalis	2
SRR14919240	Lactobacillus_farciminis	1
SRR14919236	Streptococcus_pluranimalium	1
SRR14919241	Nocardioides_plantarum	1
SRR14919235	Clostridium_alcalibutyricum	1
SRR14919242	Solitalea_koreensis	3
SRR14919241	Cytophaga_hutchinsonii	3
SRR14919237	Clostridium_ramosum	12
SRR14919246	Listeria_grayi	3
SRR14919244	Megasphaera_elsdenii	52
SRR14919243	Coenonia_anatina	3
SRR14919237	Lutibacter_aestuarii	1
SRR14919239	Varibaculum_cambriense	1
SRR14919235	Fluviicola_taffensis	1
SRR14919246	Eubacterium_ramulus	155
SRR14919240	Paenibacillus_hordei	211
SRR14919239	Albidiferax_ferrireducens	1
SRR14919242	Shuttleworthia_satelles	7
SRR14919242	Eubacterium_hallii	1956
SRR14919245	Brassicibacter_mesophilus	2
SRR14919236	Flexibacter_litoralis	1
SRR14919242	Thorsellia_anophelis	1
SRR14919235	Methylobacterium_adhaesivum	2
SRR14919235	Leptolyngbya_mycoidea	1
SRR14919246	Bacillus_simplex	1
SRR14919242	Slackia_isoflavoniconvertens	32
SRR14919241	Eubacterium_rectale	7241
SRR14919239	Syntrophobacter_fumaroxidans	1
SRR14919243	Helicobacter_heilmannii	3
SRR14919238	Methanimicrococcus_blatticola	6
SRR14919242	Weissella_ghanensis	1
SRR14919239	Oribacterium_sinus	70
SRR14919235	Thermoanaerobacter_ethanolicus	1
SRR14919236	Phacus_similis	2
SRR14919239	Methanocalculus_pumilus	16
SRR14919237	Pseudobutyrivibrio_ruminis	5
SRR14919241	Olivibacter_soli	1
SRR14919238	Allofustis_seminis	1
SRR14919240	Pseudobutyrivibrio_xylanivorans	40
SRR14919239	Corynebacterium_aurimucosum	14
SRR14919235	Bacillus_aurantiacus	1
SRR14919235	Treponema_medium	1
SRR14919246	Granulosicoccus_coccoides	3
SRR14919245	Clostridium_ruminantium	24
SRR14919241	Propionibacterium_propionicum	3
SRR14919243	Lactobacillus_rhamnosus	3
SRR14919243	Bacteroides_faecichinchillae	12
SRR14919241	Butyricimonas_synergistica	1
SRR14919239	Aeriscardovia_aeriphila	1
SRR14919242	Acetomicrobium_faecale	2
SRR14919239	Dialister_succinatiphilus	2
SRR14919237	Clostridium_stercorarium	3
SRR14919237	Paenibacillus_siamensis	2
SRR14919236	Prevotella_aurantiaca	1
SRR14919242	Bacteroides_faecichinchillae	5
SRR14919238	Mycoplasma_cricetuli	1
SRR14919243	Burkholderia_terricola	1
SRR14919242	Halonotius_pteroides	4
SRR14919242	Mycoplasma_pneumoniae	3
SRR14919236	Eubacterium_sulci	1
SRR14919246	Erwinia_tasmaniensis	1
SRR14919243	Ammoniphilus_oxalaticus	2
SRR14919241	Edwardsiella_tarda	2
SRR14919241	Bacteroides_faecichinchillae	564
SRR14919238	Haloferax_larsenii	1
SRR14919243	Clostridium_cocleatum	94
SRR14919242	Alcaligenes_faecalis	3
SRR14919240	Enterococcus_casseliflavus	1
SRR14919240	Pricia_antarctica	2
SRR14919239	Hymenobacter_gelipurpurascens	1
SRR14919239	Brevibacillus_parabrevis	13
SRR14919243	Cytophaga_xylanolytica	16
SRR14919235	Burkholderia_glathei	5
SRR14919242	Kushneria_indalinina	28
SRR14919242	Actinobacillus_scotiae	89
SRR14919238	Rhizobium_gallicum	1
SRR14919243	Prevotella_maculosa	19
SRR14919241	Chitinimonas_taiwanensis	1
SRR14919240	Thermoanaerobacter_kivui	1
SRR14919239	Haemophilus_haemolyticus	5
SRR14919238	Brevibacillus_laterosporus	1
SRR14919243	Clostridium_cylindrosporum	1
SRR14919238	Mycoplasma_haemofelis	4
SRR14919244	Bacillus_algicola	261
SRR14919241	Fervidicoccus_fontis	1
SRR14919237	Collinsella_aerofaciens	2
SRR14919237	Paenibacillus_montaniterrae	1
SRR14919238	Pleurocapsa_concharum	2
SRR14919246	Treponema_lecithinolyticum	36
SRR14919244	Ruminococcus_torques	2706
SRR14919236	Catellatospora_citrea	1
SRR14919236	Enterococcus_faecalis	7
SRR14919245	Anaerobacillus_macyae	1
SRR14919242	Parabacteroides_chinchillae	51
SRR14919246	Anaeroplasma_varium	4
SRR14919238	Desulfovibrio_halophilus	130
SRR14919236	Parapedobacter_luteus	7
SRR14919245	Methylobacterium_aquaticum	2
SRR14919239	Clostridium_xylanovorans	13
SRR14919235	Pseudochrobactrum_saccharolyticum	1
SRR14919236	Trichococcus_flocculiformis	4
SRR14919235	Bacillus_lentus	1
SRR14919244	Dorea_longicatena	1122
SRR14919245	Pseudovibrio_japonicus	1
SRR14919240	Parabacteroides_johnsonii	93
SRR14919239	Helicobacter_bilis	5
SRR14919236	Microcystis_aeruginosa	418
SRR14919242	Lactobacillus_hominis	17
SRR14919241	Coprothermobacter_platensis	42
SRR14919239	Desulfotomaculum_thermosapovorans	1
SRR14919244	Escherichia/Shigella_flexneri	1
SRR14919244	Brevibacterium_linens	5
SRR14919242	Paenisporosarcina_quisquiliarum	1
SRR14919242	Clostridium_paradoxum	3
SRR14919240	Idiomarina_xiamenensis	5
SRR14919246	Rhodonellum_psychrophilum	1
SRR14919239	Xanthomonas_axonopodis	1
SRR14919246	Prevotella_shahii	17
SRR14919246	Fructobacillus_pseudoficulneus	1
SRR14919245	Vibrio_parahaemolyticus	2
SRR14919242	Prevotella_nigrescens	2
SRR14919240	Knoellia_locipacati	1
SRR14919245	Nocardia_cyriacigeorgica	2
SRR14919245	Polaromonas_vacuolata	17
SRR14919246	Lactobacillus_fermentum	1
SRR14919246	Paludibacter_propionicigenes	44
SRR14919242	Legionella_cardiaca	1
SRR14919236	Fusobacterium_naviforme	1
SRR14919239	Ruminococcus_flavefaciens	1933
SRR14919237	Mycoplasma_zalophi	1
SRR14919245	Paludibacter_propionicigenes	4
SRR14919245	Allobaculum_stercoricanis	9
SRR14919242	Smithella_propionica	1
SRR14919246	Alkalibaculum_bacchi	8
SRR14919244	Escherichia/Shigella_fergusonii	1
SRR14919241	Campylobacter_curvus	1
SRR14919240	Pseudoalteromonas_ruthenica	44
SRR14919244	Syntrophobacter_fumaroxidans	1
SRR14919244	Methanolobus_tindarius	51
SRR14919242	Paenibacillus_pabuli	92
SRR14919239	Morganella_morganii	1
SRR14919236	Clostridium_sphenoides	6
SRR14919242	Moraxella_nonliquefaciens	1
SRR14919242	Butyrivibrio_crossotus	221
SRR14919239	Rickettsia_limoniae	9
SRR14919237	Bacillus_drentensis	1
SRR14919244	Streptococcus_salivarius	1
SRR14919243	Syntrophobacter_fumaroxidans	1
SRR14919246	Pelosinus_defluvii	1
SRR14919245	Selenomonas_dianae	1
SRR14919244	Prevotella_pleuritidis	2
SRR14919243	Thalassobacter_arenae	1
SRR14919238	Idiomarina_donghaiensis	2
SRR14919246	Rhodomonas_salina	1
SRR14919238	Flavisolibacter_ginsengiterrae	1
SRR14919246	Mucilaginibacter_kameinonensis	2
SRR14919242	Paenibacillus_assamensis	8
SRR14919241	Neisseria_animalis	37
SRR14919243	Olavius_ilvae	1
SRR14919242	Chthoniobacter_flavus	1
SRR14919236	Clostridium_cellobioparum	3
SRR14919236	Streptococcus_parasanguinis	5
SRR14919240	Clostridium_celerecrescens	14
SRR14919235	Brevibacterium_sanguinis	1
SRR14919236	Ruminofilibacter_xylanolyticum	2
SRR14919235	Thermus_scotoductus	1
SRR14919240	Xylella_fastidiosa	127
SRR14919235	Clostridium_aerotolerans	1
SRR14919246	Ruminococcus_bromii	462
SRR14919241	Campylobacter_rectus	23
SRR14919246	Clostridium_perfringens	251
SRR14919245	Methylobacterium_adhaesivum	1
SRR14919244	Bifidobacterium_saguini	2
SRR14919244	Slackia_isoflavoniconvertens	17
SRR14919237	Lactococcus_lactis	80
SRR14919235	Lactobacillus_ruminis	3
SRR14919246	Parapedobacter_composti	3
SRR14919243	Slackia_isoflavoniconvertens	8
SRR14919242	Lactobacillus_sakei	1
SRR14919242	Clostridium_sulfidigenes	100
SRR14919237	Enterococcus_faecium	3
SRR14919244	Granulicatella_elegans	2
SRR14919238	Bacillus_boroniphilus	1
SRR14919236	Pelistega_europaea	1
SRR14919235	Methylomonas_fodinarum	4
SRR14919244	Eggerthella_lenta	8
SRR14919243	Thermobacillus_composti	2
SRR14919242	Schwartzia_succinivorans	2
SRR14919246	Thermodesulfatator_atlanticus	1
SRR14919241	Tissierella_creatinini	1
SRR14919236	Thermodesulforhabdus_norvegica	1
SRR14919245	Cuspidothrix_issatschenkoi	1
SRR14919245	Bacteroides_faecichinchillae	615
SRR14919245	Roseburia_inulinivorans	2913
SRR14919244	Lysinibacillus_fusiformis	2
SRR14919246	Robinsoniella_peoriensis	5
SRR14919244	Syntrophomonas_palmitatica	7
SRR14919242	Halomicrobium_katesii	1
SRR14919242	Alistipes_massiliensis	36970
SRR14919241	Methylomicrobium_alcaliphilum	1
SRR14919240	Streptococcus_marimammalium	5
SRR14919245	Clostridium_novyi	1
SRR14919244	Bacteroides_faecichinchillae	274
SRR14919243	Hyphomonas_johnsonii	2
SRR14919240	Prosthecochloris_vibrioformis	1
SRR14919236	Faecalibacterium_prausnitzii	152
SRR14919241	Desulfotignum_toluenicum	1
SRR14919235	Atopobium_fossor	1
SRR14919235	Bacteroides_plebeius	4
SRR14919240	Chroococcidiopsis_cubana	1
SRR14919235	Faecalibacterium_prausnitzii	65
SRR14919244	Anaerococcus_murdochii	2
SRR14919244	Bacteroides_finegoldii	272
SRR14919238	Clostridium_cellulosi	24
SRR14919240	Clostridium_islandicum	7
SRR14919237	Fusobacterium_periodonticum	1
SRR14919236	Methanobacterium_subterraneum	1
SRR14919246	Anoxybacillus_beppuensis	1
SRR14919240	Clostridium_paraputrificum	1
SRR14919239	Olivibacter_ginsengisoli	33
SRR14919235	Halomonas_salifodinae	1
SRR14919236	Ignatzschineria_indica	2
SRR14919236	Methylocaldum_gracile	1
SRR14919246	Flavobacterium_indicum	1
SRR14919242	Halomonas_zincidurans	1
SRR14919240	Shewanella_putrefaciens	2
SRR14919239	Loktanella_atrilutea	1
SRR14919236	Alicyclobacillus_herbarius	1
SRR14919240	Clostridium_purinilyticum	10
SRR14919245	Proteus_mirabilis	17
SRR14919243	Odoribacter_denticanis	3
SRR14919243	Enhygromyxa_salina	31
SRR14919239	Heliobacterium_chlorum	1
SRR14919239	Campylobacter_rectus	31
SRR14919245	Gordonibacter_pamelaeae	54
SRR14919243	Mycoplasma_felis	32
SRR14919242	Alcanivorax_dieselolei	1
SRR14919238	Paenibacillus_hordei	168
SRR14919240	Weissella_koreensis	1
SRR14919238	Peptoniphilus_gorbachii	1
SRR14919237	Eubacterium_minutum	1
SRR14919246	Histophilus_somni	1
SRR14919246	Porphyromonas_macacae	3
SRR14919245	Phormidium_animale	7
SRR14919240	Microbulbifer_yueqingensis	2
SRR14919239	Alkalibacillus_haloalkaliphilus	1
SRR14919238	Psychrobacter_celer	2
SRR14919237	Leptospirillum_ferrodiazotrophum	1
SRR14919246	Tetragenococcus_osmophilus	2
SRR14919240	Lactobacillus_kalixensis	1
SRR14919240	Veillonella_parvula	2
SRR14919235	Syntrophomonas_cellicola	2
SRR14919242	Eubostrichus_dianeae	1
SRR14919235	Vallitalea_guaymasensis	29
SRR14919235	Clostridium_piliforme	3
SRR14919246	Agarivorans_albus	1
SRR14919245	Selenihalanaerobacter_shriftii	2
SRR14919236	Enterococcus_asini	1
SRR14919242	Oxalophagus_oxalicus	3
SRR14919242	Microbulbifer_cystodytense	1
SRR14919239	Salicola_marasensis	1
SRR14919246	Trichococcus_flocculiformis	1
SRR14919242	Propionibacterium_jensenii	1
SRR14919242	Actinomyces_oricola	1
SRR14919236	Mycoplasma_orale	1
SRR14919242	Leuconostoc_gasicomitatum	3
SRR14919239	Desulfovibrio_arcticus	1
SRR14919246	Bacillus_aerius	1
SRR14919242	Halomicroarcula_pellucida	2
SRR14919236	Corynebacterium_glutamicum	5
SRR14919240	Staphylococcus_epidermidis	33
SRR14919246	Desulfotomaculum_thermosapovorans	2
SRR14919243	Thermoactinomyces_sanguinis	1
SRR14919235	Anaerostipes_caccae	37
SRR14919239	Eubacterium_biforme	656
SRR14919235	Anaeroglobus_geminatus	3
SRR14919245	Marinobacter_excellens	1
SRR14919240	Parabacteroides_goldsteinii	27
SRR14919244	Bacteroides_xylanolyticus	2529
SRR14919243	Laceyella_putida	3
SRR14919241	Weissella_hellenica	1
SRR14919237	Bifidobacterium_stellenboschense	2
SRR14919235	Alicyclobacillus_pohliae	1
SRR14919239	Ochrobactrum_anthropi	1
SRR14919246	Pylaiella_littoralis	1
SRR14919239	Marinimicrobium_haloxylanilyticum	1
SRR14919246	Thermus_yunnanensis	1
SRR14919242	Edaphobacter_aggregans	2
SRR14919240	Lactobacillus_johnsonii	4
SRR14919238	Prevotella_albensis	3
SRR14919243	Actinomadura_hallensis	1
SRR14919242	Dongia_mobilis	16
SRR14919239	Fervidicoccus_fontis	1
SRR14919239	Proteiniphilum_acetatigenes	2
SRR14919238	Streptococcus_mitis	1
SRR14919235	Acidianus_manzaensis	1
SRR14919245	Pseudomonas_jessenii	1
SRR14919245	Lewinella_agarilytica	14
SRR14919242	Gracilaria_tenuistipitata	7
SRR14919240	Bacteroides_pyogenes	9
SRR14919235	Trigonala_elaeagnus	1
SRR14919243	Vibrio_rotiferianus	1
SRR14919239	Chrysodidymus_synuroideus	112
SRR14919244	Clostridium_mayombei	1
SRR14919243	Pseudorhodobacter_ferrugineus	1
SRR14919240	Roseivirga_spongicola	2
SRR14919237	Cellulosibacter_alkalithermophilus	3
SRR14919236	Pseudomonas_oryzihabitans	1
SRR14919243	Weissella_hanii	1
SRR14919242	Peptostreptococcus_anaerobius	1
SRR14919236	Granulicatella_para-adiacens	1
SRR14919237	Dehalobacter_restrictus	1
SRR14919243	Lachnospira_pectinoschiza	24
SRR14919241	Bacillus_simplex	1
SRR14919240	Faecalibacterium_prausnitzii	22962
SRR14919238	Phytophthora_infestans	31
SRR14919235	Desulfobacter_psychrotolerans	2
SRR14919240	Desulfocella_halophila	1
SRR14919242	Deefgea_chitinilytica	1
SRR14919242	Algoriphagus_lutimaris	5
SRR14919242	Alistipes_indistinctus	1018
SRR14919239	Dehalobacterium_formicoaceticum	2
SRR14919238	Chryseobacterium_greenlandense	13
SRR14919237	Acetivibrio_cellulolyticus	20
SRR14919235	Bacteroides_caccae	59
SRR14919236	Borrelia_burgdorferi	2
SRR14919236	Erwinia_mallotivora	5
SRR14919243	Methanosphaerula_palustris	18
SRR14919242	Lactobacillus_acidophilus	2
SRR14919241	Desulfonatronovibrio_hydrogenovorans	1
SRR14919236	Roseburia_intestinalis	13
SRR14919245	Treponema_azotonutricium	14
SRR14919245	Slackia_isoflavoniconvertens	3
SRR14919244	Lachnobacterium_bovis	32
SRR14919238	Planctomyces_limnophilus	1
SRR14919240	Chlamydomonas_applanata	1
SRR14919240	Pseudomonas_putida	5
SRR14919238	Dysgonomonas_gadei	4
SRR14919243	Fusibacter_paucivorans	2
SRR14919241	Aerococcus_viridans	1
SRR14919240	Neisseria_elongata	1
SRR14919239	Segetibacter_koreensis	1
SRR14919243	Treponema_vincentii	1
SRR14919241	Clostridium_alkalicellulosi	1
SRR14919238	Brassicibacter_mesophilus	8
SRR14919245	Rhodopirellula_baltica	1
SRR14919246	Bacteroides_faecichinchillae	291
SRR14919245	Petrotoga_mobilis	1
SRR14919240	Deinococcus_pimensis	1
SRR14919238	Faecalibacterium_prausnitzii	25569
SRR14919235	Sulfuritalea_hydrogenivorans	1
SRR14919241	Paracoccus_saliphilus	1
SRR14919240	Catabacter_hongkongensis	1
SRR14919239	Campylobacter_curvus	1
SRR14919236	Roseomonas_cervicalis	1
SRR14919244	Clostridium_asparagiforme	11
SRR14919238	Bacteroides_pyogenes	9
SRR14919237	Faecalibacterium_prausnitzii	3563
SRR14919245	Anaerofilum_agile	3
SRR14919236	Campylobacter_sputorum	5
SRR14919242	Sutterella_wadsworthensis	1
SRR14919237	Acetitomaculum_ruminis	94
SRR14919242	Eubacterium_thermomarinus	4
SRR14919241	Dolichospermum_circinale	5
SRR14919239	Halopelagius_fulvigenes	1
SRR14919239	Granulosicoccus_coccoides	2
SRR14919235	Cytophaga_hutchinsonii	4
SRR14919238	Cellulophaga_lytica	1
SRR14919246	Pseudomonas_viridiflava	3
SRR14919243	Thalassomonas_sediminis	2
SRR14919239	Gracilimonas_tropica	1
SRR14919239	Rapidithrix_thailandica	1
SRR14919236	Xylella_fastidiosa	167
SRR14919235	Anaerobacter_polyendosporus	1
SRR14919235	Trichormus_azollae	1
SRR14919246	Clostridium_vincentii	1
SRR14919245	Malawimonas_jakobiformis	2
SRR14919244	Chlamydia_psittaci	3
SRR14919238	Eubacterium_hallii	3107
SRR14919244	Thermogladius_shockii	103
SRR14919239	Geobacillus_thermocatenulatus	1
SRR14919236	Chryseobacterium_flavum	1
SRR14919246	Paenibacillus_chitinolyticus	1
SRR14919243	Thiocystis_violacea	1
SRR14919243	Paenibacillus_apiarius	1
SRR14919241	Bacteroides_xylanisolvens	80
SRR14919236	Alistipes_finegoldii	19
SRR14919242	Streptomyces_xinghaiensis	1
SRR14919241	Hydrotalea_sandarakina	1
SRR14919246	Megasphaera_micronuciformis	1
SRR14919243	Indibacter_alkaliphilus	1
SRR14919242	Clostridium_bifermentans	2
SRR14919246	Acetohalobium_arabaticum	1
SRR14919235	Runella_zeae	1
SRR14919238	Adhaeribacter_aerophilus	3
SRR14919236	Megasphaera_micronuciformis	32
SRR14919243	Bacteroides_rodentium	54
SRR14919240	Borrelia_anserina	1
SRR14919245	Desulfovibrio_ferrophilus	17
SRR14919242	Lactobacillus_panis	3
SRR14919238	Desulfobacter_postgatei	1
SRR14919238	Ureibacillus_thermosphaericus	2
SRR14919236	Acinetobacter_parvus	4
SRR14919243	Shewanella_haliotis	1
SRR14919237	Aeromonas_hydrophila	1
SRR14919243	Clostridium_acidurici	1
SRR14919242	Bradyrhizobium_jicamae	1
SRR14919241	Eubacterium_yurii	1
SRR14919235	Blautia_luti	13099
SRR14919235	Denitrobacterium_detoxificans	1
SRR14919236	Balneola_vulgaris	1
SRR14919246	Paenibacillus_taihuensis	1
SRR14919243	Clostridium_limosum	40
SRR14919242	Bradyrhizobium_yuanmingense	2
SRR14919237	Burkholderia_terricola	1
SRR14919241	Sphingomonas_kaistensis	216
SRR14919238	Desulfotomaculum_thermosapovorans	2
SRR14919243	Subdoligranulum_variabile	52
SRR14919236	Syntrophomonas_wolfei	15
SRR14919239	Carbophilus_carboxidus	1
SRR14919237	Cytophaga_xylanolytica	8
SRR14919242	Serratia_marcescens	7
SRR14919242	Aeromonas_veronii	54
SRR14919236	Actinobacillus_scotiae	139
SRR14919244	Treponema_caldaria	2
SRR14919242	Odoribacter_laneus	31
SRR14919239	Clostridium_metallolevans	2
SRR14919235	Ochrobactrum_grignonense	5
SRR14919240	Lactobacillus_vaginalis	1
SRR14919245	Halopelagius_inordinatus	1
SRR14919243	Clostridium_spiroforme	329
SRR14919237	Spirochaeta_perfilievii	1
SRR14919246	Treponema_amylovorum	4
SRR14919235	Peptoclostridium_difficile	61
SRR14919243	Lactobacillus_rossiae	1
SRR14919241	Atopococcus_tabaci	1
SRR14919240	Treponema_succinifaciens	1
SRR14919246	Marinimicrobium_haloxylanilyticum	2
SRR14919243	Sporolactobacillus_dextrus	1
SRR14919238	Mycoplasma_penetrans	1
SRR14919245	Mycoplasma_conjunctivae	20
SRR14919244	Desulfobotulus_sapovorans	1
SRR14919244	Hespellia_porcina	171
SRR14919242	Clostridium_glycolicum	47
SRR14919245	Pseudomonas_mendocina	3
SRR14919243	Geobacillus_caldoxylosilyticus	1
SRR14919240	Bacillus_saliphilus	1
SRR14919237	Bacteroides_propionicifaciens	9
SRR14919245	Reichenbachiella_agariperforans	2
SRR14919241	Parabacteroides_chinchillae	47
SRR14919240	Veillonella_dispar	18
SRR14919238	Allobaculum_stercoricanis	9
SRR14919243	Roseburia_cecicola	4
SRR14919236	Ehrlichia_ruminantium	1
SRR14919236	Perexilibacter_aurantiacus	1
SRR14919238	Lactobacillus_johnsonii	7
SRR14919235	Methylobacterium_aquaticum	1
SRR14919238	Granulicatella_para-adiacens	1
SRR14919236	Balneola_alkaliphila	1
SRR14919235	Trichococcus_flocculiformis	1
SRR14919244	Variovorax_paradoxus	1
SRR14919242	Faecalibacterium_prausnitzii	9331
SRR14919241	Streptococcus_sinensis	3
SRR14919240	Acholeplasma_palmae	3
SRR14919240	Coprothermobacter_platensis	67
SRR14919241	Faecalibacterium_prausnitzii	25918
SRR14919245	Halobellus_clavatus	2
SRR14919242	Burkholderia_tropica	14
SRR14919237	Clostridium_ultunense	1
SRR14919245	Aeromonas_salmonicida	1
SRR14919240	Bacillus_galactosidilyticus	1
SRR14919244	Paramoritella_alkaliphila	1
SRR14919244	Clostridium_colinum	8
SRR14919246	Filifactor_alocis	5
SRR14919237	Desulfurispora_thermophila	1
SRR14919245	Codium_fragile	9
SRR14919245	Marinobacter_hydrocarbonoclasticus	3
SRR14919241	Clostridium_oroticum	39
SRR14919246	Pseudoalteromonas_haloplanktis	1
SRR14919240	Streptococcus_gallolyticus	2
SRR14919246	Treponema_denticola	33
SRR14919241	Peptostreptococcus_canis	1
SRR14919238	Propionispora_hippei	1
SRR14919242	Rummeliibacillus_pycnus	2
SRR14919239	Faecalibacterium_prausnitzii	11076
SRR14919238	Chlamydomonas_applanata	1
SRR14919244	Azospirillum_irakense	1
SRR14919238	Methanolobus_tindarius	36
SRR14919242	Anaerococcus_senegalensis	103
SRR14919240	Epulopiscium_fishelsoni	3
SRR14919239	Lactobacillus_acidipiscis	3
SRR14919236	Butyrivibrio_crossotus	302
SRR14919236	Spiribacter_salinus	2
SRR14919246	Prevotella_bivia	5
SRR14919241	Bifidobacterium_scardovii	2
SRR14919239	Methanosarcina_semesiae	1
SRR14919239	Haladaptatus_litoreus	1
SRR14919245	Pseudomonas_hibiscicola	1
SRR14919239	Melioribacter_roseus	3
SRR14919245	Actinobacillus_porcinus	4
SRR14919245	Parabacteroides_gordonii	357
SRR14919241	Caloramator_fervidus	1
SRR14919239	Dietzia_maris	3
SRR14919237	Lysinibacillus_fusiformis	1
SRR14919235	Streptococcus_parasanguinis	1
SRR14919235	Vibrio_tapetis	1
SRR14919246	Euglena_viridis	1
SRR14919243	Brevibacterium_permense	1
SRR14919243	Euzebya_tangerina	5
SRR14919246	Pasteurella_multocida	34
SRR14919244	Veillonella_atypica	2
SRR14919237	Neisseria_animalis	24
SRR14919246	Thalassiosira_pseudonana	29
SRR14919242	Niabella_hirudinis	1
SRR14919237	Catellicoccus_marimammalium	2
SRR14919245	Novispirillum_itersonii	1
SRR14919242	Alloprevotella_rava	7
SRR14919236	Acholeplasma_parvum	1
SRR14919245	Legionella_anisa	3
SRR14919241	Clostridium_clariflavum	1
SRR14919239	Youngiibacter_multivorans	1
SRR14919238	Methylomonas_koyamae	1
SRR14919236	Acholeplasma_modicum	2
SRR14919239	Acidilobus_sulfurireducens	17
SRR14919241	Vibrio_casei	1
SRR14919241	Prevotella_ruminicola	4
SRR14919239	Deinococcus_xinjiangensis	1
SRR14919236	Leptospira_idonii	5
SRR14919243	Flavobacterium_banpakuense	1
SRR14919244	Dethiosulfovibrio_russensis	1
SRR14919238	Belnapia_moabensis	1
SRR14919238	Granulicatella_elegans	3
SRR14919244	Brachyspira_muris	1
SRR14919244	Prevotella_oralis	1
SRR14919240	Parapedobacter_soli	2
SRR14919239	Clostridium_oroticum	88
SRR14919239	Fusicatenibacter_saccharivorans	724
SRR14919243	Adhaeribacter_terreus	18
SRR14919239	Altererythrobacter_indicus	29
SRR14919238	Parabacteroides_distasonis	2999
SRR14919240	Caldalkalibacillus_thermarum	1
SRR14919239	Syntrophobotulus_glycolicus	3
SRR14919235	Tissierella_creatinini	4
SRR14919246	Prevotella_melaninogenica	98
SRR14919238	Corynebacterium_aurimucosum	11
SRR14919235	Pediococcus_pentosaceus	3
SRR14919244	Haemophilus_ducreyi	1
SRR14919242	Cerasicoccus_frondis	1
SRR14919239	Methanoregula_boonei	2
SRR14919236	Alistipes_massiliensis	93
SRR14919235	Ochromonas_danica	2
SRR14919244	Sphingomonas_polyaromaticivorans	1
SRR14919238	Deinococcus_pimensis	2
SRR14919245	Auritidibacter_ignavus	2
SRR14919244	Pyrococcus_woesei	1
SRR14919242	Nocardia_abscessus	1
SRR14919237	Thalassomonas_actiniarum	57
SRR14919239	Paenibacillus_mucilaginosus	10
SRR14919245	Lactobacillus_kunkeei	149
SRR14919241	Arthrobacter_antarcticus	1
SRR14919238	Bacteroides_finegoldii	44
SRR14919237	Grammonema_striatula	1
SRR14919236	Fusobacterium_periodonticum	3
SRR14919245	Fibrobacter_succinogenes	1
SRR14919239	Caloramator_fervidus	9
SRR14919245	Thermobrachium_celere	2
SRR14919242	Pseudoflavonifractor_capillosus	72
SRR14919240	Bacillus_ginsengi	1
SRR14919240	Lysobacter_enzymogenes	62
SRR14919239	Porphyromonas_levii	7
SRR14919239	Fusobacterium_varium	3
SRR14919242	Bilophila_wadsworthia	5
SRR14919244	Ralstonia_pickettii	1
SRR14919241	Prevotella_veroralis	1
SRR14919239	Caldalkalibacillus_thermarum	2
SRR14919238	Paenibacillus_azoreducens	1
SRR14919245	Desulfotomaculum_thermosapovorans	1
SRR14919242	Desulfatimicrobium_mahresensis	1
SRR14919235	Lactobacillus_animata	2
SRR14919235	Leuconostoc_gasicomitatum	2
SRR14919245	Thalassomonas_agarivorans	1
SRR14919244	Thermoanaerobaculum_aquaticum	2
SRR14919237	Odoribacter_denticanis	4
SRR14919237	Oceanospirillum_linum	1
SRR14919245	Clostridium_populeti	4
SRR14919243	Gemella_asaccharolytica	104
SRR14919239	Enhygromyxa_salina	30
SRR14919246	Halothermothrix_orenii	1
SRR14919245	Bdellovibrio_bacteriovorus	1
SRR14919239	Methanimicrococcus_blatticola	6
SRR14919239	Sphingomonas_kaistensis	231
SRR14919237	Methanocella_conradii	113
SRR14919236	Alcanivorax_dieselolei	1
SRR14919236	Thermocrinis_minervae	1
SRR14919236	Enterococcus_mundtii	4
SRR14919242	Pontibacter_xinjiangensis	1
SRR14919242	Frateuria_aurantia	1
SRR14919242	Bacillus_cereus	506
SRR14919239	Natranaerovirga_pectinivora	56
SRR14919238	Marinimicrobium_haloxylanilyticum	1
SRR14919236	Tetragenococcus_osmophilus	1
SRR14919240	Clostridium_aminovalericum	7
SRR14919237	Bacteroides_xylanolyticus	1300
SRR14919245	Mycoplasma_agalactiae	1
SRR14919245	Acholeplasma_brassicae	1
SRR14919236	Treponema_lecithinolyticum	76
SRR14919238	Methylobacterium_radiotolerans	2
SRR14919243	Selenomonas_sputigena	18
SRR14919238	Lactobacillus_vaginalis	1
SRR14919245	Erythrobacter_jejuensis	1
SRR14919244	Anaerostipes_butyraticus	22
SRR14919242	Mycoplasma_phocidae	1
SRR14919237	Desulfobotulus_sapovorans	1
SRR14919245	Trichococcus_flocculiformis	3
SRR14919244	Faecalibacterium_prausnitzii	19083
SRR14919236	Mucilaginibacter_dorajii	1
SRR14919242	Thermococcus_atlanticus	1
SRR14919237	Anabaena_oumiana	1
SRR14919235	Gracilaria_tenuistipitata	6
SRR14919243	Faecalibacterium_prausnitzii	4949
SRR14919241	Idiomarina_loihiensis	1
SRR14919240	Sulfuritalea_hydrogenivorans	1
SRR14919239	Arthrobacter_luteolus	1
SRR14919244	Arcanobacterium_hippocoleae	3
SRR14919246	Coprococcus_eutactus	5
SRR14919245	Leptospira_biflexa	55
SRR14919244	Peptococcus_niger	5
SRR14919236	Nosocomiicoccus_ampullae	1
SRR14919244	Halobaculum_gomorrense	1
SRR14919243	Chlorobium_ferrooxidans	1
SRR14919236	Allisonella_histaminiformans	5
SRR14919245	Porphyromonas_bennonis	5
SRR14919240	Eubacterium_dolichum	2
SRR14919242	Caldanaerobius_zeae	2
SRR14919237	Phacus_granum	1
SRR14919236	Holospora_obtusa	2
SRR14919235	Allisonella_histaminiformans	5
SRR14919239	Prevotella_veroralis	1
SRR14919238	Clostridium_polysaccharolyticum	39
SRR14919235	Treponema_phagedenis	54
SRR14919239	Crinalium_epipsammum	1
SRR14919235	Ruminococcus_albus	98
SRR14919236	Lachnospira_pectinoschiza	7
SRR14919238	Prevotella_oulorum	1
SRR14919235	Tissierella_praeacuta	4
SRR14919246	Bacteroides_salyersiae	7
SRR14919244	Bacteroides_nordii	247
SRR14919237	Thermotoga_thermarum	1
SRR14919245	Kingella_kingae	1
SRR14919238	Proteiniphilum_acetatigenes	2
SRR14919246	Aliifodinibius_sediminis	4
SRR14919239	Proteiniclasticum_ruminis	4
SRR14919239	Photorhabdus_luminescens	1
SRR14919239	Winogradskyella_epiphytica	50
SRR14919237	Brachyspira_hyodysenteriae	1
SRR14919244	Hydrogenophaga_defluvii	1
SRR14919242	Mycoplasma_sualvi	1
SRR14919242	Mycoplasma_glycophilum	2
SRR14919243	Clostridium_aldenense	7
SRR14919243	Eubacterium_rangiferina	50
SRR14919236	Modestobacter_multiseptatus	1
SRR14919235	Shewanella_algae	1
SRR14919239	Blautia_hansenii	23
SRR14919236	Melissococcus_plutonius	1
SRR14919244	Thiomargarita_namibiensis	291
SRR14919240	Elusimicrobium_minutum	1
SRR14919245	Streptococcus_parasanguinis	2
SRR14919238	Vibrio_cholerae	2
SRR14919239	Spirosoma_escalantus	1
SRR14919237	Clostridium_asparagiforme	13
SRR14919246	Clostridium_fimetarium	4
SRR14919238	Epulopiscium_fishelsoni	2
SRR14919242	Riemerella_anatipestifer	1
SRR14919239	Desulfovibrio_piger	1
SRR14919235	Sutterella_wadsworthensis	2
SRR14919244	Thermicanus_aegyptius	1
SRR14919238	Nostocoida_limicola	1
SRR14919237	Moryella_indoligenes	1
SRR14919235	Eubacterium_thermomarinus	3
SRR14919236	Alistipes_indistinctus	6
SRR14919236	Algoriphagus_lutimaris	2
SRR14919245	Halorubrum_trapanicum	1
SRR14919245	Mechercharimyces_mesophilus	1
SRR14919245	Prevotella_amnii	3
SRR14919240	Clostridium_frigoriphilum	1
SRR14919238	Eubacterium_dolichum	2
SRR14919238	Carnobacterium_mobile	1
SRR14919242	Staphylococcus_aureus	2
SRR14919242	Salinimicrobium_marinum	3
SRR14919237	Fusibacter_paucivorans	1
SRR14919236	Gallionella_ferruginea	1
SRR14919236	Pseudomonas_putida	5
SRR14919244	Lactobacillus_jensenii	11
SRR14919243	Caldalkalibacillus_thermarum	1
SRR14919240	Clostridium_alkalicellulosi	11
SRR14919239	Sporomusa_ovata	37
SRR14919239	Clostridium_clariflavum	41
SRR14919237	Melittangium_alboraceum	1
SRR14919237	Bacillus_firmus	30
SRR14919235	Solobacterium_moorei	6
SRR14919242	Caldalkalibacillus_thermarum	3
SRR14919242	Clostridium_cochlearium	3
SRR14919236	Leptosira_terrestris	1
SRR14919235	Chondrus_crispus	2
SRR14919244	Thermoanaerobacterium_thermosaccharolyticum	1
SRR14919244	Coriobacterium_glomerans	2
SRR14919244	Corallococcus_coralloides	1
SRR14919241	Caldalkalibacillus_thermarum	1
SRR14919239	Rhodopirellula_baltica	2
SRR14919246	Bacteroides_dorei	33933
SRR14919245	Lactobacillus_brevis	1
SRR14919239	Clostridium_sartagoforme	3
SRR14919239	Prevotella_oris	82
SRR14919238	Clostridium_hylemonae	598
SRR14919243	Weissella_confusa	2
SRR14919242	Veillonella_tobetsuensis	1
SRR14919236	Streptomyces_atratus	1
SRR14919246	Sarcina_maxima	1
SRR14919241	Rothia_mucilaginosa	2
SRR14919238	Desulfovibrio_ferrophilus	17
SRR14919240	Anaerobiospirillum_succiniciproducens	23
SRR14919237	Anaerorhabdus_furcosa	1
SRR14919235	Prevotella_paludivivens	2
SRR14919239	Nocardioides_lentus	5
SRR14919238	Ferroplasma_thermophilum	1
SRR14919237	Desulfotomaculum_thermosapovorans	1
SRR14919235	Limnobacter_thiooxidans	2
SRR14919239	Thiothrix_ramosa	1
SRR14919242	Actinomyces_vaccimaxillae	1
SRR14919245	Lutispora_thermophila	18
SRR14919244	Treponema_refringens	1
SRR14919240	Sorangium_cellulosum	2
SRR14919240	Lactobacillus_cacaonum	1
SRR14919245	Providencia_rettgeri	1
SRR14919244	Clostridium_cellulolyticum	5
SRR14919242	Vibrio_mediterranei	1
SRR14919240	Porphyromonas_gulae	2
SRR14919239	Haloferula_chungangensis	1
SRR14919236	Subdoligranulum_variabile	42
SRR14919246	Desulfotomaculum_carboxydivorans	1
SRR14919240	Allisonella_histaminiformans	2
SRR14919236	Dinophysis_acuminata	1
SRR14919245	Weissella_cibaria	3
SRR14919241	Ruminococcus_lactaris	72
SRR14919235	Eutreptia_viridis	166
SRR14919240	Eggerthia_catenaformis	3
SRR14919245	Megasphaera_micronuciformis	2
SRR14919242	Corynebacterium_sputi	1
SRR14919241	Sarcina_ventriculi	2
SRR14919239	Ornatilinea_apprima	1
SRR14919239	Taylorella_equigenitalis	56
SRR14919238	Acholeplasma_laidlawii	2
SRR14919242	Methylomicrobium_alcaliphilum	1
SRR14919239	Anaerococcus_octavius	1
SRR14919235	Megasphaera_micronuciformis	9
SRR14919246	Faecalibacterium_prausnitzii	3187
SRR14919241	Prosthecochloris_vibrioformis	1
SRR14919239	Corynebacterium_durum	4
SRR14919238	Methanopyrus_kandleri	1
SRR14919236	Ruminococcus_callidus	74
SRR14919245	Clostridium_scindens	34
SRR14919240	Paenibacillus_zanthoxyli	3
SRR14919238	Terriglobus_saanensis	1
SRR14919238	Uruburuella_suis	5
SRR14919237	Clostridium_subterminale	10
SRR14919235	Roseivivax_sediminis	1
SRR14919245	Brevibacterium_casei	1
SRR14919245	Faecalibacterium_prausnitzii	6905
SRR14919243	Eubacterium_eligens	38
SRR14919245	Actinomyces_denticolens	1
SRR14919242	Thiothrix_eikelboomii	1
SRR14919239	Allisonella_histaminiformans	52
SRR14919245	Blattabacterium_relictus	40
SRR14919242	Lactobacillus_ghanensis	1
SRR14919237	Pseudomonas_teessidea	2
SRR14919236	Bradyrhizobium_jicamae	2
SRR14919237	Actinomyces_hyovaginalis	1
SRR14919237	Lactobacillus_farciminis	1
SRR14919245	Vibrio_fortis	1
SRR14919242	Fusobacterium_nucleatum	1
SRR14919239	Caloramator_proteoclasticus	1
SRR14919243	Streptococcus_intermedius	20
SRR14919239	Holdemania_filiformis	3
SRR14919244	Clostridium_algoriphilum	1
SRR14919243	Halobaculum_magnesiiphilum	3
SRR14919245	Clostridium_acetireducens	5
SRR14919242	Deferribacter_abyssi	1
SRR14919240	Bacteroides_coprosuis	6
SRR14919238	Brenneria_populi	3
SRR14919235	Ignisphaera_aggregans	1
SRR14919245	Roseivirga_ehrenbergii	1
SRR14919242	Clostridium_butyricum	1
SRR14919242	Buchnera_aphidicola	424
SRR14919239	Bifidobacterium_gallinarum	1
SRR14919236	Oceanobacillus_iheyensis	2
SRR14919242	Shewanella_amazonensis	1
SRR14919241	Niabella_aurantiaca	1
SRR14919238	Psychrobacter_phenylpyruvicus	1
SRR14919238	Odoribacter_laneus	22
SRR14919241	Prevotella_bivia	1
SRR14919237	Clostridium_spiroforme	4
SRR14919244	Actinoalloteichus_alkalophilus	1
SRR14919240	Streptococcus_iniae	8
SRR14919245	Thermoanaerobacterium_thermosulfurigenes	1
SRR14919235	Propionispira_arboris	1
SRR14919236	Colwellia_psychrerythraea	1
SRR14919241	Chloroflexus_aggregans	1
SRR14919240	Parabacteroides_chinchillae	50
SRR14919236	Clostridium_glycolicum	4
SRR14919243	Exiguobacterium_profundum	1
SRR14919239	Pectinatus_cerevisiiphilus	1
SRR14919239	Klebsiella_pneumoniae	48
SRR14919236	Veillonella_dispar	118
SRR14919240	Legionella_anisa	3
SRR14919239	Roseburia_cecicola	104
SRR14919237	Mucispirillum_schaedleri	1
SRR14919236	Actinobacillus_rossii	13
SRR14919235	Anaerococcus_senegalensis	80
SRR14919244	Bacteroides_galacturonicus	2
SRR14919237	Thiomargarita_namibiensis	186
SRR14919235	Lyngbya_wollei	1
SRR14919245	Prevotella_disiens	4
SRR14919238	Bacillus_humi	17
SRR14919235	Thermobispora_bispora	1
SRR14919241	Actinomadura_alba	1
SRR14919242	Bacillus_oshimensis	2
SRR14919243	Streptococcus_pleomorphus	14
SRR14919241	Fangia_hongkongensis	1
SRR14919240	Amycolatopsis_coloradensis	1
SRR14919246	Calochaete_cimrmanii	33
SRR14919245	Caldalkalibacillus_thermarum	1
SRR14919244	Bacillus_altitudinis	1
SRR14919239	Clostridium_sufflavum	3
SRR14919242	Lactobacillus_reuteri	147
SRR14919244	Gracilimonas_rosea	1
SRR14919244	Caldalkalibacillus_thermarum	3
SRR14919246	Legionella_lytica	1
SRR14919244	Howardella_ureilytica	2
SRR14919237	Thermoanaerobacter_kivui	3
SRR14919239	Dysgonomonas_capnocytophagoides	8
SRR14919238	Bacillus_lentus	1
SRR14919235	Parvularcula_lutaonensis	4
SRR14919236	Ilyobacter_tartaricus	1
SRR14919242	Paenibacillus_glebae	1
SRR14919242	Acidianus_brierleyi	1
SRR14919244	Marininema_mesophilum	1
SRR14919244	Corynebacterium_kroppenstedtii	1
SRR14919243	Aminobacterium_mobile	1
SRR14919237	Corallococcus_coralloides	1
SRR14919237	Methanocalculus_natronophilus	1
SRR14919237	Lactobacillus_iners	1
SRR14919242	Desulfovibrio_oxyclinae	1
SRR14919246	Catellicoccus_marimammalium	1
SRR14919243	Chitinophaga_skermanii	1
SRR14919243	Peptostreptococcus_anaerobius	6
SRR14919242	Tepidibacter_mesophilus	1
SRR14919241	Polaribacter_franzmannii	1
SRR14919239	Veillonella_magna	2
SRR14919239	Prevotella_melaninogenica	143
SRR14919237	Clostridium_hathewayi	197
SRR14919243	Scardovia_wiggsiae	1
SRR14919245	Fretibacterium_fastidiosum	1
SRR14919235	Bacteroides_barnesiae	1
SRR14919235	Abiotrophia_defectiva	4
SRR14919246	Picrophilus_oshimae	1
SRR14919246	Moraxella_nonliquefaciens	1
SRR14919241	Thermodesulfovibrio_aggregans	1
SRR14919246	Nonomuraea_roseoviolacea	1
SRR14919244	Phaeobacter_gallaeciensis	1
SRR14919241	Aquitalea_magnusonii	1
SRR14919235	Moorella_mulderi	1
SRR14919244	Methanosphaera_cuniculi	1
SRR14919240	Litoribacter_ruber	1
SRR14919239	Coprobacillus_cateniformis	1
SRR14919237	Ruminococcus_gnavus	72
SRR14919245	Treponema_zuelzerae	2
SRR14919244	Desulfotomaculum_thermosapovorans	1
SRR14919243	Eubacterium_ruminantium	863
SRR14919239	Clostridium_botulinum	6
SRR14919246	Mycoplasma_spermatophilum	1
SRR14919244	Enterococcus_eurekensis	7
SRR14919242	Allisonella_histaminiformans	2
SRR14919242	Pseudomonas_pictorum	126
SRR14919237	Bacillus_horikoshii	3
SRR14919246	Nubsella_zeaxanthinifaciens	1
SRR14919240	Clostridium_xylanolyticum	10
SRR14919245	Halosimplex_carlsbadense	1
SRR14919244	Oribacterium_sinus	82
SRR14919241	Allisonella_histaminiformans	1
SRR14919244	Johnsonella_ignava	1
SRR14919242	Clostridium_chauvoei	1
SRR14919241	Intestinimonas_butyriciproducens	1
SRR14919235	Enterococcus_cecorum	80
SRR14919246	Blautia_schinkii	9
SRR14919241	Lactobacillus_pontis	1
SRR14919246	Bacillus_alcaliinulinus	1
SRR14919239	Nitrosopumilus_maritimus	2
SRR14919237	Marinimicrobium_haloxylanilyticum	2
SRR14919244	Solitalea_canadensis	1
SRR14919244	Marinitoga_piezophila	1
SRR14919244	Clostridium_saccharoperbutylacetonicum	1
SRR14919241	Streptococcus_equi	1
SRR14919237	Corynebacterium_aurimucosum	5
SRR14919235	Methanohalophilus_mahii	1
SRR14919242	Psychrobacter_maritimus	4
SRR14919239	Citreicella_thiooxidans	1
SRR14919235	Merismopedia_punctata	1
SRR14919236	Atopobium_vaginae	2
SRR14919236	Empedobacter_brevis	1
SRR14919239	Auritidibacter_ignavus	1
SRR14919245	Eudoraea_adriatica	1
SRR14919244	Zoogloea_ramigera	1
SRR14919241	Aequorivita_antarctica	1
SRR14919244	Clostridium_isatidis	1
SRR14919242	Cronobacter_sakazakii	4
SRR14919242	Promicromonospora_sukumoe	1
SRR14919242	Facklamia_ignava	2
SRR14919241	Bradyrhizobium_yuanmingense	1
SRR14919238	Chondromyces_crocatus	2
SRR14919239	Paenibacillus_assamensis	5
SRR14919236	Sporomusa_acidovorans	1
SRR14919246	Clostridium_propionicum	2
SRR14919244	Guggenheimella_bovis	1
SRR14919243	Dongia_mobilis	10
SRR14919235	Collinsella_tanakaei	4
SRR14919246	Lactobacillus_murinus	4
SRR14919243	Hyphomonas_polymorpha	1
SRR14919237	Acinetobacter_junii	2
SRR14919243	Clostridium_indolis	6
SRR14919239	Marinobacter_hydrocarbonoclasticus	1
SRR14919245	Clostridium_bartlettii	472
SRR14919241	Methanococcus_maripaludis	1
SRR14919238	Clostridium_acetireducens	2
SRR14919239	Halobiforma_nitratireducens	1
SRR14919239	Lactobacillus_intermedius	1
SRR14919235	Paenibacillus_montaniterrae	1
SRR14919236	Gemella_morbillorum	1
SRR14919239	Pseudonocardia_dioxanivorans	1
SRR14919239	Clostridium_sulfidigenes	11
SRR14919236	Gracilimonas_mengyeensis	1
SRR14919240	Phocaeicola_abscessus	8
SRR14919236	Cyanidium_caldarium	1
SRR14919245	Halomonas_mongoliensis	1
SRR14919239	Acholeplasma_brassicae	1
SRR14919236	Leptospirillum_ferriphilum	1
SRR14919241	Blastopirellula_cremea	1
SRR14919237	Thiohalospira_halophila	2
SRR14919241	Tumebacillus_flagellatus	1
SRR14919239	Ureibacillus_thermosphaericus	3
SRR14919235	Lactobacillus_helveticus	4
SRR14919236	Helicobacter_pylori	349
SRR14919244	Trichococcus_flocculiformis	5
SRR14919236	Eubacterium_uniforme	5
SRR14919244	Clostridium_symbiosum	39
SRR14919244	Roseiflexus_castenholzii	1
SRR14919240	Campylobacter_mucosalis	4
SRR14919236	Denitrobacterium_detoxificans	2
SRR14919246	Codium_fragile	15
SRR14919245	Paraprevotella_clara	4456
SRR14919242	Spiroplasma_ixodetis	1
SRR14919240	Parvularcula_dongshanensis	1
SRR14919238	Alistipes_shahii	103
SRR14919246	Bacteroides_eggerthii	36
SRR14919245	Helicobacter_canis	4
SRR14919242	Leptolinea_tardivitalis	1
SRR14919242	Eubacterium_ventriosum	410
SRR14919240	Prevotella_amnii	2
SRR14919238	Desulfotignum_toluenicum	1
SRR14919238	Olleya_marilimosa	3
SRR14919246	Clostridium_gasigenes	18
SRR14919236	Tetragenococcus_halophilus	4
SRR14919236	Ekhidna_lutea	1
SRR14919238	Saccharophagus_degradans	1
SRR14919246	Phascolarctobacterium_succinatutens	1
SRR14919245	Vibrio_gallicus	1
SRR14919241	Bacteroides_fluxus	29
SRR14919239	Porphyromonas_bennonis	3
SRR14919243	Geobacter_bemidjiensis	1
SRR14919241	Atopobium_parvulum	1
SRR14919235	Halomonas_maura	12
SRR14919246	Caldalkalibacillus_thermarum	3
SRR14919242	Christensenella_minuta	76
SRR14919235	Bryopsis_hypnoides	55
SRR14919242	Mucilaginibacter_ximonensis	1
SRR14919242	Lactobacillus_suebicus	1
SRR14919236	Vibrio_tapetis	4
SRR14919242	Rubrivivax_gelatinosus	1
SRR14919237	Clostridium_hungatei	6
SRR14919236	Pontibacillus_chungwhensis	1
SRR14919246	Halomicroarcula_pellucida	1
SRR14919245	Leptolyngbya_antarctica	1
SRR14919245	Sutterella_stercoricanis	682
SRR14919244	Parabacteroides_johnsonii	26
SRR14919245	Thermotoga_petrophila	1
SRR14919245	Bacillus_gibsonii	1
SRR14919238	Bacteroides_propionicifaciens	4
SRR14919236	Phaeodactylum_tricornutum	1
SRR14919236	Marinobacterium_georgiense	1
SRR14919239	Vibrio_gazogenes	1
SRR14919236	Microcystis_smithii	1
SRR14919242	Hydrogenoanaerobacterium_saccharovorans	127
SRR14919241	Bifidobacterium_breve	7
SRR14919241	Rhodopseudomonas_palustris	31
SRR14919236	Mycoplasma_glycophilum	2
SRR14919236	Prevotella_copri	13
SRR14919246	Rhodocytophaga_aerolata	1
SRR14919246	Pseudomonas_alcaligenes	26
SRR14919239	Megasphaera_cerevisiae	1
SRR14919237	Aliifodinibius_roseus	1
SRR14919244	Streptococcus_parasanguinis	1
SRR14919238	Arthrobacter_roseus	1
SRR14919246	Eubacterium_siraeum	96
SRR14919239	Leptotrichia_trevisanii	2
SRR14919240	Thermodesulfobacterium_geofontis	1
SRR14919246	Enterobacter_ludwigii	2
SRR14919240	Ohtaekwangia_kribbensis	3
SRR14919246	Gracilaria_tenuistipitata	1
SRR14919236	Planococcus_psychrotoleratus	1
SRR14919246	Acetobacter_estunensis	14
SRR14919240	Lishizhenia_tianjinensis	2
SRR14919239	Chamaesiphon_subglobosus	1
SRR14919245	Xenorhabdus_griffiniae	1
SRR14919244	Allisonella_histaminiformans	8
SRR14919243	Bacteroides_stercoris	56
SRR14919236	Desulfotomaculum_thermosapovorans	4
SRR14919243	Nitrosomonas_cryotolerans	1
SRR14919243	Allisonella_histaminiformans	1
SRR14919240	Gallibacterium_group	5
SRR14919236	Eubacterium_rectale	155
SRR14919244	Dethiosulfatibacter_aminovorans	1
SRR14919242	Zymophilus_paucivorans	2
SRR14919237	Thiohalophilus_thiocyanatoxydans	1
SRR14919236	Desulfotomaculum_carboxydivorans	4
SRR14919238	Lactobacillus_jensenii	18
SRR14919236	Sulfolobus_tokodaii	1
SRR14919246	Alkaliphilus_transvaalensis	2
SRR14919236	Paenibacillus_barengoltzii	1
SRR14919246	Lactobacillus_salivarius	24
SRR14919239	Holospora_acuminata	5
SRR14919236	Paenibacillus_gansuensis	1
SRR14919244	Marinimicrobium_haloxylanilyticum	1
SRR14919242	Clostridium_fusiformis	53
SRR14919236	Zavarzinia_compransoris	2
SRR14919236	Alkaliphilus_transvaalensis	2
SRR14919246	Microcystis_wesenbergii	1
SRR14919242	Nonomuraea_coxensis	4
SRR14919240	Pseudomonas_lundensis	5
SRR14919238	Intestinimonas_butyriciproducens	201
SRR14919239	Caedibacter_taeniospiralis	19
SRR14919242	Roseburia_faecis	1772
SRR14919238	Paenibacillus_mucilaginosus	2
SRR14919235	Leptospira_borgpetersenii	1
SRR14919244	Pseudoclavibacter_helvolus	1
SRR14919235	Blautia_stercoris	453
SRR14919235	Mitsuokella_multacida	2
SRR14919235	Thermodesulfatator_atlanticus	3
SRR14919235	Lactobacillus_amylophilus	1
SRR14919243	Rhizobium_gallicum	1
SRR14919242	Trachelium_caeruleum	83
SRR14919240	Acetatifactor_muris	22
SRR14919236	Alicyclobacillus_pomorum	2
SRR14919238	Polaribacter_filamentus	1
SRR14919246	Pseudaminobacter_salicylatoxidans	2
SRR14919246	Ruminococcus_obeum	366
SRR14919242	Paenibacillus_konsidensis	1
SRR14919238	Prevotella_maculosa	25
SRR14919242	Pedobacter_panaciterrae	1
SRR14919240	Acetanaerobacterium_elongatum	169
SRR14919241	Prevotella_nanceiensis	2
SRR14919239	Collinsella_stercoris	1
SRR14919236	Streptococcus_intermedius	46
SRR14919240	Enterococcus_aquimarinus	3
SRR14919238	Fibrobacter_intestinalis	1
SRR14919241	Pelobacter_massiliensis	2
SRR14919236	Chitinophaga_terrae	3
SRR14919243	Alkalibacter_saccharofermentans	17
SRR14919238	Natranaerovirga_pectinivora	37
SRR14919236	Sinorhizobium_americanum	9
SRR14919242	Bifidobacterium_animalis	2
SRR14919242	Anabaena_cylindrica	8
SRR14919239	Leptothrix_discophora	3
SRR14919244	Clostridium_purinilyticum	4
SRR14919238	Opitutus_terrae	2
SRR14919237	Streptococcus_equi	1
SRR14919242	Pseudanabaena_mucicola	8
SRR14919237	Granulicella_paludicola	1
SRR14919244	Caedibacter_caryophilus	22
SRR14919246	Methanobrevibacter_arboriphilus	5
SRR14919245	Xanthomonas_campestris	1
SRR14919240	Pyrobaculum_arsenaticum	2
SRR14919239	Solanum_lycopersicum	1
SRR14919237	Catabacter_hongkongensis	45
SRR14919244	Thalassolituus_oleivorans	1
SRR14919245	Bacteroides_xylanisolvens	25
SRR14919239	Bacillus_thermoamylovorans	1
SRR14919245	Paracoccus_versutus	3
SRR14919245	Eubacterium_desmolans	209
SRR14919238	Caloramator_proteoclasticus	2
SRR14919245	Simplicispira_psychrophila	13
SRR14919246	Palleronia_marisminoris	1
SRR14919239	Paenibacillus_sanguinis	1
SRR14919238	Dolichospermum_circinale	4
SRR14919235	Prevotella_timonensis	1
SRR14919235	Chryseobacterium_culicis	1
SRR14919238	Halobaculum_gomorrense	2
SRR14919237	Paenibacillus_cookii	6
SRR14919242	Mycoplasma_zalophi	1
SRR14919236	Staphylococcus_haemolyticus	1
SRR14919235	Mucilaginibacter_lutimaris	1
SRR14919243	Alterococcus_agarolyticus	1
SRR14919243	Bacteroides_acidifaciens	2893
SRR14919237	Helicobacter_felis	1
SRR14919246	Leuconostoc_gasicomitatum	1
SRR14919242	Microbacterium_laevaniformans	1
SRR14919239	Myxococcus_stipitatus	10
SRR14919236	Streptococcus_pleomorphus	4
SRR14919235	Ruminococcus_gauvreauii	4
SRR14919246	Xanthomonas_gardneri	1
SRR14919244	Salmonella_enterica	1
SRR14919237	Proteiniphilum_acetatigenes	4
SRR14919243	Propionibacterium_propionicum	1
SRR14919240	Agarivorans_gilvus	1
SRR14919239	Paenisporosarcina_quisquiliarum	1
SRR14919235	Devosia_insulae	1
SRR14919243	Dendrosporobacter_quercicolus	1
SRR14919235	Chloroflexus_aggregans	1
SRR14919239	Clostridium_bifermentans	1
SRR14919246	Bacillus_pumilus	50
SRR14919236	Dialister_invisus	24661
SRR14919240	Pantoea_agglomerans	1
SRR14919240	Bifidobacterium_longum	4
SRR14919240	Acidithiobacillus_thiooxidans	1
SRR14919243	Desulfotomaculum_arcticum	25
SRR14919236	Weissella_viridescens	1
SRR14919246	Allisonella_histaminiformans	1
SRR14919245	Fulvitalea_axinellae	2
SRR14919245	Allisonella_histaminiformans	12
SRR14919243	Lactobacillus_casei	1
SRR14919243	Dysgonomonas_gadei	16
SRR14919245	Ferrovum_myxofaciens	8
SRR14919241	Blautia_schinkii	21
SRR14919235	Gracilibacter_thermotolerans	19
SRR14919244	Halorubrum_terrestre	37
SRR14919242	Lactococcus_lactis	118
SRR14919240	Thiocystis_gelatinosa	1
SRR14919240	Limibacter_armeniacum	1
SRR14919236	Aerococcus_viridans	5
SRR14919245	Picochlorum_eukaryotum	1
SRR14919243	Desulfotomaculum_thermosapovorans	1
SRR14919237	Lactobacillus_sakei	3
SRR14919244	Helicobacter_fennelliae	6
SRR14919243	Caloramator_quimbayensis	3
SRR14919239	Neisseria_shayeganii	1
SRR14919238	Planifilum_fimeticola	1
SRR14919238	Ohtaekwangia_kribbensis	3
SRR14919244	Blautia_producta	19
SRR14919243	Bifidobacterium_bifidum	136
SRR14919244	Desulfovibrio_bastinii	60
SRR14919242	Bradyrhizobium_elkanii	140
SRR14919238	Azovibrio_restrictus	1
SRR14919246	Campylobacter_lanienae	1
SRR14919244	Clostridium_hiranonis	2
SRR14919242	Eubacterium_cylindroides	65
SRR14919236	Halarchaeum_acidiphilum	1
SRR14919236	Marinimicrobium_haloxylanilyticum	2
SRR14919236	Ammonifex_thiophilus	1
SRR14919245	Duganella_zoogloeoides	1
SRR14919241	Porphyromonas_cangingivalis	1
SRR14919237	Treponema_succinifaciens	2
SRR14919236	Butyricimonas_virosa	7
SRR14919241	Fibrella_aestuarina	1
SRR14919241	Prevotella_stercorea	6
SRR14919235	Deinococcus_radiodurans	1
SRR14919235	Lactobacillus_saerimneri	1
SRR14919244	Clostridium_putrefaciens	1
SRR14919238	Leuconostoc_carnosum	1
SRR14919245	Gelidibacter_salicanalis	1
SRR14919246	Escherichia/Shigella_flexneri	1
SRR14919244	Campylobacter_helveticus	1
SRR14919243	Deinococcus_maricopensis	1
SRR14919236	Clostridium_acidisoli	47
SRR14919245	Oceanirhabdus_sediminicola	5
SRR14919242	Spirobacillus_cienkowskii	1
SRR14919241	Peptoniphilus_lacrimalis	59
SRR14919243	Eubacterium_hallii	901
SRR14919242	Methylobacter_luteus	1
SRR14919238	Pseudaminobacter_salicylatoxidans	1
SRR14919235	Treponema_primitia	1
SRR14919245	Bifidobacterium_scardovii	1
SRR14919243	Parasporobacterium_paucivorans	140
SRR14919238	Lactobacillus_parabuchneri	76
SRR14919237	Clostridium_innocuum	14
SRR14919240	Lactobacillus_secaliphilus	1
SRR14919245	Reclinomonas_americana	57
SRR14919243	Megamonas_hypermegale	5
SRR14919241	Mycobacterium_chesapeaki	10
SRR14919238	Clostridium_thermoalcaliphilum	4
SRR14919244	Marinobacter_hydrocarbonoclasticus	1
SRR14919235	Veillonella_parvula	2
SRR14919244	Clostridium_josui	1
SRR14919246	Negativicoccus_succinicivorans	3
SRR14919244	Megasphaera_micronuciformis	1
SRR14919242	Rhodospira_trueperi	1
SRR14919239	Clostridium_intestinale	6
SRR14919235	Anaerofustis_stercorihominis	2
SRR14919237	Lactobacillus_panis	4
SRR14919237	Oscillatoria_miniata	42
SRR14919236	Corynebacterium_aurimucosum	10
SRR14919245	Clostridium_disporicum	273
SRR14919245	Enterobacter_asburiae	2
SRR14919239	Clostridium_crotonatovorans	1
SRR14919235	Halobacterium_salinarum	12
SRR14919243	Mycoplasma_coccoides	1
SRR14919239	Pelobacter_massiliensis	1
SRR14919242	Clostridium_algidixylanolyticum	55
SRR14919245	Rhizobium_leguminosarum	1
SRR14919237	Clostridium_purinilyticum	7
SRR14919241	Bacteroides_sartorii	11
SRR14919235	Emticicia_oligotrophica	4
SRR14919238	Anaerococcus_prevotii	2
SRR14919246	Lactobacillus_pentosus	1
SRR14919245	Eubacterium_cellulosolvens	3
SRR14919245	Cyanoptyche_gloeocystis	32
SRR14919244	Clostridium_citroniae	20
SRR14919236	Bifidobacterium_cuniculi	1
SRR14919236	Nostoc_ellipsosporum	2
SRR14919238	Campylobacter_mucosalis	2
SRR14919236	Weissella_hellenica	2
SRR14919239	Pedobacter_boryungensis	2
SRR14919237	Pediococcus_ethanolidurans	1
SRR14919245	Butyricimonas_synergistica	6
SRR14919244	Burkholderia_glathei	2
SRR14919239	Clostridium_bartlettii	3
SRR14919238	Methylosinus_trichosporium	1
SRR14919244	Burkholderia_multivorans	1
SRR14919243	Bifidobacterium_dentium	1
SRR14919235	Sphingobium_suberifaciens	1
SRR14919242	Clostridium_frigidicarnis	5
SRR14919244	Piscirickettsia_salmonis	1
SRR14919240	Lysinibacillus_sphaericus	5
SRR14919235	Flexibacter_litoralis	1
SRR14919236	Kurthia_sibirica	1
SRR14919241	Oenococcus_oeni	1
SRR14919243	Trichococcus_flocculiformis	4
SRR14919243	Pediococcus_parvulus	206
SRR14919237	Parabacteroides_johnsonii	39
SRR14919235	Blastopirellula_cremea	1
SRR14919237	Porphyromonas_somerae	1
SRR14919244	Acinetobacter_baumannii	113
SRR14919244	Clostridium_termitidis	17
SRR14919241	Serratia_symbiotica	2
SRR14919245	Pseudomonas_filiscindens	1
SRR14919245	Holospora_curviuscula	4
SRR14919236	Eubacterium_ventriosum	15
SRR14919240	Bacteroides_caccae	2732
SRR14919237	Gracilibacter_thermotolerans	49
SRR14919242	Ruegeria_mobilis	100
SRR14919241	Xanthomonas_axonopodis	3
SRR14919245	Bacillus_cereus	393
SRR14919236	Lactobacillus_hilgardii	2
SRR14919236	Gracilibacter_thermotolerans	19
SRR14919244	Avibacterium_gallinarum	6
SRR14919235	Desulfotomaculum_thermosapovorans	2
SRR14919244	Lactobacillus_pobuzihii	1
SRR14919243	Herbaspirillum_chlorophenolicum	1
SRR14919242	Alkaliphilus_halophilus	1
SRR14919242	Desulfotomaculum_thermosapovorans	2
SRR14919238	Lactobacillus_gasseri	1
SRR14919246	Mesoplasma_photuris	1
SRR14919239	Gracilaria_tenuistipitata	7
SRR14919237	Bacteroides_fluxus	23
SRR14919240	Venenivibrio_stagnispumantis	1
SRR14919236	Christensenella_minuta	1
SRR14919243	Eubacterium_oxidoreducens	19
SRR14919236	Nitrosomonas_cryotolerans	1
SRR14919240	Acetivibrio_ethanolgignens	153
SRR14919243	Helicobacter_cinaedi	1
SRR14919238	Clostridium_caenicola	13
SRR14919244	Bifidobacterium_bombi	2
SRR14919246	Selenomonas_dianae	1
SRR14919243	Desulfosporosinus_burensis	1
SRR14919243	Marinimicrobium_haloxylanilyticum	1
SRR14919246	Lactobacillus_plantarum	3
SRR14919236	Spiroplasma_lampyridicola	2
SRR14919243	Lactobacillus_guizhouensis	1
SRR14919238	Lactobacillus_bifermentans	1
SRR14919236	Bacteroides_massiliensis	75
SRR14919239	Lactobacillus_acidophilus	1
SRR14919239	Halomonas_anticariensis	1
SRR14919246	Thermoanaerobacterium_saccharolyticum	22
SRR14919241	Xylella_fastidiosa	89
SRR14919245	Acinetobacter_johnsonii	3
SRR14919241	Cellulosibacter_alkalithermophilus	1
SRR14919235	Heliophilum_fasciatum	1
SRR14919239	Methylobacterium_jeotgali	1
SRR14919246	Anaerococcus_senegalensis	57
SRR14919243	Mycoplasma_wenyonii	1
SRR14919239	Desulfofaba_gelida	1
SRR14919239	Xenorhabdus_griffiniae	1
SRR14919235	Thermoanaerobacterium_saccharolyticum	17
SRR14919245	Pseudaminobacter_salicylatoxidans	1
SRR14919245	Dechloromonas_hortensis	1
SRR14919244	Oleispira_lenta	1
SRR14919241	Petrimonas_sulfuriphila	1
SRR14919239	Bacillus_acidicola	1
SRR14919243	Microcystis_panniformis	39
SRR14919239	Bacteriovorax_litoralis	1
SRR14919237	Anaerofustis_stercorihominis	6
SRR14919246	Enterococcus_faecium	1
SRR14919244	Clostridium_celerecrescens	17
SRR14919236	Zymophilus_paucivorans	1
SRR14919244	Parvimonas_micra	5
SRR14919240	Azospirillum_amazonense	1
SRR14919236	Anaerofustis_stercorihominis	6
SRR14919246	Corynebacterium_aurimucosum	4
SRR14919241	Blautia_hydrogenotrophica	290
SRR14919239	Eubacterium_thermomarinus	5
SRR14919235	Acidithiobacillus_ferrooxidans	4
SRR14919244	Reinekea_blandensis	1
SRR14919237	Syntrophobotulus_glycolicus	7
SRR14919236	Clostridium_fusiformis	33
SRR14919240	Pelagicoccus_croceus	1
SRR14919240	Clostridium_methylpentosum	401
SRR14919236	Acrocarpospora_corrugata	1
SRR14919236	Alkalibaculum_bacchi	61
SRR14919243	Porphyromonas_canoris	1
SRR14919240	Bacillus_schlegelii	39
SRR14919238	Clostridium_limosum	49
SRR14919237	Paenibacillus_mucilaginosus	10
SRR14919237	Coprobacter_fastidiosus	191
SRR14919244	Bacteroides_plebeius	27
SRR14919240	Bacillus_farraginis	1
SRR14919236	Bacteroides_salanitronis	101
SRR14919243	Bacillus_megaterium	1
SRR14919246	Bacteroides_paurosaccharolyticus	32
SRR14919243	Haloferax_alexandrinus	1
SRR14919241	Actinomyces_lingnae	2
SRR14919240	Helicobacter_macacae	1
SRR14919238	Bacteroides_xylanisolvens	810
SRR14919237	Serratia_marcescens	4
SRR14919239	Riemerella_anatipestifer	2
SRR14919242	Desulforhopalus_vacuolatus	1
SRR14919242	Pediococcus_acidilactici	27
SRR14919239	Vibrio_fluvialis	1
SRR14919242	Calothrix_parietina	1
SRR14919235	Rhodovulum_sulfidophilum	1
SRR14919246	Caloramator_australicus	5
SRR14919240	Streptococcus_macedonicus	9
SRR14919239	Clostridium_methoxybenzovorans	3
SRR14919235	Prevotella_nanceiensis	1
SRR14919240	Haloferax_mediterranei	1
SRR14919236	Dialister_pneumosintes	40
SRR14919240	Gracilibacter_thermotolerans	34
SRR14919237	Natranaerovirga_pectinivora	322
SRR14919246	Clostridium_stercorarium	1
SRR14919241	Bacillus_pumilus	47
SRR14919243	Ptilophora_leliaertii	1
SRR14919239	Pseudoflavonifractor_capillosus	57
SRR14919243	Euglena_mutabilis	12
SRR14919243	Paenibacillus_lactis	1
SRR14919237	Proteocatella_sphenisci	2
SRR14919243	Desulfomicrobium_orale	1
SRR14919242	Prosthecochloris_vibrioformis	1
SRR14919239	Leuconostoc_gasicomitatum	2
SRR14919235	Clostridium_frigidicarnis	8
SRR14919237	Algicola_sagamiensis	2
SRR14919246	Treponema_zioleckii	1
SRR14919237	Treponema_socranskii	3
SRR14919236	Pseudanabaena_mucicola	10
SRR14919245	Kinetoplastibacterium_blastocrithidii	22
SRR14919243	Parabacteroides_chartae	7
SRR14919241	Microcystis_viridis	1
SRR14919241	Vibrio_cholerae	1
SRR14919235	Acholeplasma_palmae	3
SRR14919244	Microbulbifer_yueqingensis	6
SRR14919242	Arcanobacterium_hippocoleae	3
SRR14919239	Gracilibacter_thermotolerans	69
SRR14919237	Caloramator_proteoclasticus	1
SRR14919237	Haemophilus_parasuis	133
SRR14919245	Methermicoccus_shengliensis	1
SRR14919244	Sulfurimonas_autotrophica	1
SRR14919235	Simplicispira_psychrophila	5
SRR14919241	Halomicrobium_katesii	1
SRR14919238	Gracilibacter_thermotolerans	67
SRR14919237	Caldanaerobius_zeae	1
SRR14919246	Pseudomonas_fluorescens	4
SRR14919240	Thermoactinomyces_sanguinis	1
SRR14919238	Oceanicoccus_sagamiensis	1
SRR14919245	Clostridium_thermocellum	23
SRR14919239	Clostridium_colinum	3
SRR14919245	Parapedobacter_pyrenivorans	1
SRR14919242	Prevotella_bryantii	83
SRR14919239	Bacteroides_sartorii	9
SRR14919237	Alkaliphilus_crotonatoxidans	10
SRR14919236	Desulfotomaculum_arcticum	54
SRR14919237	Clostridium_cellulosi	54
SRR14919241	Spirochaeta_smaragdinae	2
SRR14919236	Alkaliphilus_crotonatoxidans	5
SRR14919241	Mycoplasma_pneumoniae	1
SRR14919246	Proteiniphilum_acetatigenes	6
SRR14919243	Mycoplasma_sphenisci	1
SRR14919242	Clostridium_cocleatum	16
SRR14919235	Bacteroides_oleiciplenus	6
SRR14919245	Sphingobacterium_bambusae	1
SRR14919242	Thermincola_ferriacetica	1
SRR14919236	Marivirga_tractuosa	1
SRR14919236	Proteiniphilum_acetatigenes	5
SRR14919239	Filifactor_villosus	2
SRR14919243	Legionella_pneumophila	1
SRR14919242	Clostridium_bowmanii	3
SRR14919240	Alkaliflexus_imshenetskii	2
SRR14919235	Acidithiobacillus_caldus	1
SRR14919235	Marinimicrobium_haloxylanilyticum	1
SRR14919236	Methanolobus_bombayensis	2
SRR14919235	Bacteroides_coprophilus	1
SRR14919245	Mitsuokella_jalaludinii	1
SRR14919236	Agarivorans_gilvus	1
SRR14919241	Anaerofustis_stercorihominis	6
SRR14919237	Mycoplasma_haemofelis	5
SRR14919236	Megasphaera_sueciensis	1
SRR14919241	Planococcus_rifietoensis	1
SRR14919240	Anaerofustis_stercorihominis	1
SRR14919242	Neisseria_animalis	63
SRR14919241	Massilia_timonae	1
SRR14919237	Paenibacillus_zanthoxyli	1
SRR14919236	Caloramator_indicus	1
SRR14919236	Desulfobacterium_anilini	1
SRR14919240	Bacillus_beijingensis	1
SRR14919240	Phytophthora_infestans	43
SRR14919237	Deinococcus_proteolyticus	1
SRR14919243	Dehalococcoides_mccartyi	1
SRR14919242	Kouleothrix_aurantiaca	1
SRR14919241	Haemophilus_parainfluenzae	3
SRR14919235	Enterococcus_faecalis	5
SRR14919236	Bacteroides_caccae	195
SRR14919246	Streptococcus_infantis	2
SRR14919244	Vibrio_sinaloensis	1
SRR14919242	Acidimicrobium_ferrooxidans	2
SRR14919242	Acholeplasma_vituli	4
SRR14919238	Amphibacillus_cookii	1
SRR14919237	Pseudaminobacter_salicylatoxidans	1
SRR14919236	Desulfobacterium_autotrophicum	3
SRR14919244	Prevotella_buccae	23
SRR14919239	Dysgonomonas_gadei	10
SRR14919236	Marinobacterium_jannaschii	1
SRR14919245	Dysgonomonas_wimpennyi	4
SRR14919238	Lactococcus_lactis	99
SRR14919237	Brevundimonas_lenta	1
SRR14919239	Anaerococcus_senegalensis	103
SRR14919241	Robinsoniella_peoriensis	7
SRR14919241	Lactobacillus_hominis	9
SRR14919238	Anaerofustis_stercorihominis	6
SRR14919243	Brevibacterium_linens	4
SRR14919241	Clostridium_paradoxum	2
SRR14919246	Brevibacterium_ammoniilyticum	1
SRR14919239	Bacteroides_propionicifaciens	5
SRR14919245	Caminicella_sporogenes	1
SRR14919245	Alkaliphilus_transvaalensis	2
SRR14919238	Desulfovibrio_bastinii	77
SRR14919236	Bradyrhizobium_elkanii	153
SRR14919244	Alistipes_senegalensis	83
SRR14919241	Prevotella_nigrescens	2
SRR14919239	Thermoanaerobacter_cellulolyticus	1
SRR14919239	Actinomadura_catellatispora	6
SRR14919239	Sutterella_wadsworthensis	57
SRR14919244	Polaromonas_vacuolata	27
SRR14919242	Nitrosomonas_oligotropha	1
SRR14919242	Clostridium_amylolyticum	2
SRR14919241	Campylobacter_concisus	11
SRR14919242	Haloquadratum_walsbyi	2
SRR14919242	Pedobacter_ruber	2
SRR14919238	Methanocalculus_natronophilus	2
SRR14919236	Rothia_mucilaginosa	5
SRR14919244	Lewinella_agarilytica	13
SRR14919240	Anoxynatronum_sibiricum	2
SRR14919239	Bacteroides_coprocola	19
SRR14919241	Alloprevotella_tannerae	2
SRR14919239	Fucus_vesiculosus	15
SRR14919235	Oceanirhabdus_sediminicola	2
SRR14919236	Pedobacter_luteus	2
SRR14919246	Salinimonas_chungwhensis	1
SRR14919244	Corynebacterium_ammoniagenes	1
SRR14919235	Porphyromonas_gulae	1
SRR14919244	Enhygromyxa_salina	32
SRR14919239	Eubacterium_hallii	5342
SRR14919238	Bacteroides_cellulosolvens	6
SRR14919235	Pasteuria_penetrans	1
SRR14919245	Raoultella_ornithinolytica	1
SRR14919242	Brevibacillus_agri	3
SRR14919242	Gracilibacter_thermotolerans	98
SRR14919239	Reclinomonas_americana	65
SRR14919235	Selenomonas_ruminantium	81
SRR14919246	Phormidium_animale	6
SRR14919241	Gracilibacter_thermotolerans	4
SRR14919236	Mycoplasma_microti	2
SRR14919243	Megasphaera_micronuciformis	3
SRR14919243	Pseudomonas_stutzeri	20
SRR14919240	Alkaliphilus_crotonatoxidans	6
SRR14919237	Anaerobiospirillum_succiniciproducens	20
SRR14919235	Corynebacterium_aurimucosum	10
SRR14919235	Laribacter_hongkongensis	3
SRR14919240	Arthrobacter_nicotinovorans	1
SRR14919239	Clostridium_disporicum	1
SRR14919238	Thermophagus_xiamenensis	1
SRR14919245	Selenomonas_lacticifex	2
SRR14919244	Clostridium_xylanolyticum	3
SRR14919244	Methylovirgula_ligni	1
SRR14919244	Clostridium_sporogenes	5
SRR14919242	Streptococcus_sanguinis	98
SRR14919241	Oligella_urethralis	1
SRR14919245	Acinetobacter_parvus	2
SRR14919246	Sediminicola_luteus	1
SRR14919246	Aeromonas_hydrophila	2
SRR14919240	Methanoculleus_bourgensis	111
SRR14919243	Methanothermobacter_tenebrarum	1
SRR14919236	Anoxybacillus_gonensis	2
SRR14919246	Azospirillum_brasilense	1
SRR14919240	Nocardia_cyriacigeorgica	2
SRR14919239	Alkaliphilus_crotonatoxidans	23
SRR14919235	Eubacterium_cellulosolvens	6
SRR14919246	Pantoea_ananatis	1
SRR14919241	Pectinatus_brassicae	1
SRR14919238	Alkaliphilus_crotonatoxidans	8
SRR14919237	Psychrobacter_immobilis	1
SRR14919245	Paracoccus_aminophilus	1
SRR14919240	Ruminococcus_albus	426
SRR14919237	Buchnera_aphidicola	206
SRR14919246	Alkalitalea_saponilacus	1
SRR14919245	Treponema_caldaria	1
SRR14919236	Xanthomonas_translucens	11
SRR14919246	Vagococcus_acidifermentans	1
SRR14919241	Desulfotomaculum_thermosapovorans	2
SRR14919246	Geobacillus_stearothermophilus	1
SRR14919235	Staphylococcus_haemolyticus	1
SRR14919246	Euglenaria_anabaena	2
SRR14919242	Stenotrophomonas_acidaminiphila	1
SRR14919242	Clostridium_kluyveri	2
SRR14919239	Caldalkalibacillus_uzonensis	1
SRR14919245	Prevotella_falsenii	3
SRR14919244	Telmatobacter_bradus	1
SRR14919242	Sporomusa_ovata	36
SRR14919240	Bacillus_firmus	65
SRR14919243	Microcystis_elabens	1
SRR14919243	Anaerofustis_stercorihominis	7
SRR14919237	Pseudomonas_pseudoalcaligenes	1
SRR14919244	Staphylococcus_epidermidis	3
SRR14919240	Planktothrix_agardhii	1
SRR14919237	Arcicella_rigui	77
SRR14919236	Eubacterium_oxidoreducens	45
SRR14919245	Turicibacter_sanguinis	52
SRR14919242	Sporosarcina_globispora	3
SRR14919242	Anaerofustis_stercorihominis	10
SRR14919245	Porphyromonas_macacae	1
SRR14919239	Lactobacillus_gallinarum	1
SRR14919241	Spirochaeta_litoralis	1
SRR14919243	Anaerovorax_odorimutans	2
SRR14919243	Halobacterium_noricense	1
SRR14919240	Treponema_azotonutricium	21
SRR14919239	Clostridium_saccharolyticum	6
SRR14919239	Peptoclostridium_difficile	59
SRR14919238	Clostridium_termitidis	3
SRR14919245	Actinomyces_oris	1
SRR14919240	Desulfofaba_hansenii	4
SRR14919244	Selenihalanaerobacter_shriftii	1
SRR14919245	Alkalibacillus_haloalkaliphilus	1
SRR14919241	Starria_zimbabweensis	1
SRR14919240	Methylomonas_scandinavica	87
SRR14919243	Agrobacterium_vitis	140
SRR14919242	Francisella_halioticida	1
SRR14919242	Clostridium_acidurici	9
SRR14919241	Anaerosporobacter_mobilis	520
SRR14919237	Methanoregula_formicica	1
SRR14919246	Beijerinckia_derxii	13
SRR14919241	Pseudomonas_putida	7
SRR14919246	Borrelia_carolinensis	1
SRR14919244	Desulfobulbus_rhabdoformis	1
SRR14919244	Flavonifractor_plautii	145
SRR14919243	Streptomyces_colombiensis	1
SRR14919242	Staphylococcus_agnetis	1
SRR14919243	Trichococcus_collinsii	129
SRR14919242	Acetobacterium_wieringae	1
SRR14919242	Capnocytophaga_haemolytica	1
SRR14919240	Methanolobus_tindarius	39
SRR14919241	Rubrobacter_bracarensis	1
SRR14919239	Thiorhodococcus_modestalkaliphilus	1
SRR14919235	Ureaplasma_canigenitalium	1
SRR14919240	Bifidobacterium_bohemicum	1
SRR14919243	Nitrospira_moscoviensis	1
SRR14919243	Halobacillus_dabanensis	1
SRR14919243	Bacillus_subtilis	9
SRR14919243	Coprococcus_catus	223
SRR14919241	Peptoniphilus_indolicus	2
SRR14919241	Acidithiobacillus_thiooxidans	2
SRR14919241	Alistipes_putredinis	13
SRR14919236	Cerasibacillus_quisquiliarum	2
SRR14919236	Pylaiella_littoralis	1
SRR14919244	Catellicoccus_marimammalium	1
SRR14919244	Clostridium_aerotolerans	1
SRR14919242	Bacteroides_chinchillae	9
SRR14919242	Blautia_wexlerae	37
SRR14919238	Azospirillum_amazonense	2
SRR14919238	Halomonas_maura	11
SRR14919238	Neisseria_animalis	59
SRR14919243	Niabella_hirudinis	1
SRR14919241	Thalassospira_lucentensis	1
SRR14919239	Bifidobacterium_angulatum	3
SRR14919245	Natronoanaerobium_aggerbacterium	1
SRR14919238	Mycoplasma_indiense	1
SRR14919235	Orbus_sasakiae	1
SRR14919245	Gracilibacter_thermotolerans	36
SRR14919243	Prototheca_wickerhamii	6
SRR14919242	Cellulomonas_terrae	1
SRR14919238	Desulfofaba_hansenii	2
SRR14919237	Xylella_fastidiosa	66
SRR14919244	Gracilibacter_thermotolerans	8
SRR14919236	Bacteroides_paurosaccharolyticus	100
SRR14919244	Vibrio_natriegens	1
SRR14919245	Chlamydia_psittaci	1
SRR14919243	Gracilibacter_thermotolerans	21
SRR14919242	Veillonella_magna	1
SRR14919241	Subtercola_boreus	1
SRR14919236	Desulfonema_ishimotonii	1
SRR14919245	Porphyromonas_endodontalis	28
SRR14919242	Alkaliphilus_crotonatoxidans	309
SRR14919241	Alcanivorax_indicus	2
SRR14919238	Staphylococcus_lentus	1
SRR14919245	Nostoc_commune	1
SRR14919240	Granulicatella_elegans	2
SRR14919245	Corynebacterium_aurimucosum	10
SRR14919241	Alkaliphilus_crotonatoxidans	1
SRR14919237	Chryseobacterium_greenlandense	6
SRR14919236	Syntrophobotulus_glycolicus	1
SRR14919243	Lachnobacterium_bovis	249
SRR14919242	Anaerostipes_hadrus	722
SRR14919245	Alistipes_finegoldii	6134
SRR14919238	Eubacterium_eligens	1036
SRR14919242	Desulfotomaculum_reducens	4
SRR14919237	Megamonas_rupellensis	1
SRR14919236	Paenibacillus_mucilaginosus	2
SRR14919245	Dehalobacterium_formicoaceticum	6
SRR14919244	Pedobacter_bauzanensis	1
SRR14919239	Prevotella_buccalis	4
SRR14919235	Serratia_entomophila	1
SRR14919240	Anaerococcus_murdochii	1
SRR14919236	Aeromonas_bestiarum	1
SRR14919236	Tunicatimonas_pelagia	2
SRR14919241	Azotobacter_chroococcum	2
SRR14919241	Sulfitobacter_pontiacus	1
SRR14919238	Edwardsiella_tarda	1
SRR14919238	Clostridium_indolis	25
SRR14919239	Phacus_similis	1
SRR14919237	Haloferax_alexandrinus	1
SRR14919244	Syntrophomonas_cellicola	1
SRR14919243	Odoribacter_laneus	24
SRR14919236	Niabella_aurantiaca	2
SRR14919244	Gemmata_obscuriglobus	1
SRR14919243	Thermogymnomonas_acidicola	223
SRR14919240	Methanocalculus_pumilus	19
SRR14919239	Leptospira_borgpetersenii	1
SRR14919237	Mycoplasma_hyosynoviae	1
SRR14919246	Dehalobium_chlorocoercia	1
SRR14919237	Clostridium_acetobutylicum	1
SRR14919236	Eubacterium_xylanophilum	3
SRR14919236	Natranaerovirga_pectinivora	51
SRR14919245	Clostridium_psychrophilum	1
SRR14919244	Clostridium_cellulovorans	2
SRR14919241	Filomicrobium_fusiforme	1
SRR14919245	Anaerofustis_stercorihominis	10
SRR14919242	Bacteroides_graminisolvens	1
SRR14919240	Mobiluncus_mulieris	1
SRR14919240	Aeriscardovia_aeriphila	1
SRR14919240	Prevotella_ruminicola	6
SRR14919236	Streptomyces_albofaciens	1
SRR14919245	Francisella_noatunensis	64
SRR14919244	Anaerofustis_stercorihominis	6
SRR14919241	Desulfotomaculum_gibsoniae	1
SRR14919243	Akkermansia_muciniphila	11
SRR14919239	Spirochaeta_smaragdinae	6
SRR14919236	Lysobacter_thermophilus	1
SRR14919241	Veillonella_dispar	27
SRR14919235	Haloalcalophilium_atacamensis	1
SRR14919244	Roseburia_cecicola	1
SRR14919243	Thermogladius_shockii	100
SRR14919242	Ureaplasma_urealyticum	1
SRR14919242	Trichococcus_flocculiformis	7
SRR14919236	Bacillus_akibai	2
SRR14919244	Thermoanaerobacterium_thermosulfurigenes	1
SRR14919242	Clostridium_lavalense	1
SRR14919241	Eubacterium_ramulus	12
SRR14919240	Caldanaerocella_colombiensis	1
SRR14919235	Acetonema_longum	1
SRR14919236	Acidovorax_delafieldii	1
SRR14919244	Clostridium_bolteae	3
SRR14919243	Paenibacillus_terrigena	2
SRR14919241	Arcanobacterium_hippocoleae	2
SRR14919236	Caloramator_proteoclasticus	1
SRR14919235	Azospira_oryzae	1
SRR14919242	Adhaeribacter_terreus	27
SRR14919237	Mycobacterium_kuopiense	1
SRR14919245	Sufflavibacter_maritimus	1
SRR14919245	Acidaminococcus_intestini	5
SRR14919242	Erwinia_tracheiphila	1
SRR14919237	Prevotella_saccharolytica	1
SRR14919243	Desulfovibrio_intestinalis	1
SRR14919242	Bacteroides_rodentium	56
SRR14919240	Bryopsis_hypnoides	64
SRR14919238	Blastopirellula_marina	1
SRR14919236	Pseudaminobacter_salicylatoxidans	1
SRR14919235	Xanthomonas_axonopodis	6
SRR14919241	Sedimentibacter_saalensis	1
SRR14919244	Nocardia_seriolae	1
SRR14919241	Olleya_marilimosa	2
SRR14919239	Clostridium_oceanicum	2
SRR14919239	Methylobacterium_aquaticum	3
SRR14919241	Bilophila_wadsworthia	3
SRR14919240	Streptomyces_phaeochromogenes	233
SRR14919235	Clostridium_nexile	58
SRR14919235	Proteiniphilum_acetatigenes	2
SRR14919237	Enterococcus_aquimarinus	2
SRR14919236	Bacillus_safensis	1
SRR14919235	Syntrophomonas_wolfei	8
SRR14919244	Propionibacterium_propionicum	4
SRR14919246	Actinomyces_europaeus	3
SRR14919244	Bifidobacterium_gallicum	1
SRR14919239	Blattabacterium_punctulatus	1
SRR14919237	Brasilonema_octagenarum	2
SRR14919237	Legionella_pneumophila	1
SRR14919235	Slackia_piriformis	2
SRR14919245	Woodsholea_maritima	1
SRR14919238	Cerasibacillus_quisquiliarum	1
SRR14919237	Kaistella_flava	1
SRR14919236	Methylomicrobium_kenyense	1
SRR14919241	Thalassiosira_pseudonana	54
SRR14919237	Seinonella_peptonophila	2
SRR14919236	Clostridium_cadaveris	5
SRR14919245	Clostridium_herbivorans	2
SRR14919239	Bifidobacterium_animalis	5
SRR14919242	Anaerovibrio_lipolyticus	11
SRR14919242	Staphylococcus_schleiferi	1
SRR14919236	Treponema_amylovorum	20
SRR14919243	Porphyromonas_catoniae	58
SRR14919239	Mycoplasma_subdolum	1
SRR14919235	Acidianus_sulfidivorans	1
SRR14919238	Planktolyngbya_limnetica	1
SRR14919244	Helcococcus_ovis	1
SRR14919239	Rubrobacter_bracarensis	4
SRR14919244	Pseudomonas_mendocina	1
SRR14919242	Kitasatospora_cheerisanensis	1
SRR14919246	Gracilibacter_thermotolerans	12
SRR14919245	Thermoplasma_volcanium	1
SRR14919240	Malawimonas_jakobiformis	6
SRR14919239	Peptoniphilus_indolicus	2
SRR14919240	Clostridium_grantii	1
SRR14919235	Ehrlichia_ruminantium	3
SRR14919242	Alicyclobacillus_aeris	1
SRR14919246	Leuconostoc_gelidum	3
SRR14919246	Moryella_indoligenes	1
SRR14919241	Prevotella_loescheii	3
SRR14919246	Treponema_stenostrepta	6
SRR14919244	Alkaliphilus_crotonatoxidans	7
SRR14919242	Bacteroides_zoogleoformans	3
SRR14919240	Lactobacillus_curvatus	1
SRR14919239	Thermoanaerobacter_italicus	1
SRR14919239	Dysgonomonas_wimpennyi	2
SRR14919238	Anoxynatronum_sibiricum	1
SRR14919236	Coprococcus_eutactus	10
SRR14919235	Agromyces_italicus	1
SRR14919244	Microcystis_flos-aquae	1
SRR14919244	Slackia_heliotrinireducens	1
SRR14919240	Rubritalea_tangerina	1
SRR14919241	Anaeroplasma_varium	2
SRR14919240	Anabaena_cycadae	1
SRR14919239	Proteus_mirabilis	12
SRR14919238	Gracilibacillus_dipsosauri	1
SRR14919244	Solobacterium_moorei	117
SRR14919241	Rhodopirellula_baltica	1
SRR14919239	Caminicella_sporogenes	1
SRR14919246	Mogibacterium_neglectum	1
SRR14919241	Treponema_medium	2
SRR14919241	Opitutus_terrae	1
SRR14919238	Alistipes_senegalensis	46
SRR14919235	Desulfovibrio_senezii	1
SRR14919236	Methanobrevibacter_gottschalkii	3
SRR14919245	Ochromonas_danica	4
SRR14919238	Bacillus_algicola	326
SRR14919246	Paenibacillus_mucilaginosus	1
SRR14919245	Spiroplasma_mirum	1
SRR14919236	Pelotomaculum_isophthalicicum	1
SRR14919241	Marinomonas_ostreistagni	1
SRR14919241	Actinomyces_odontolyticus	16
SRR14919240	Geovibrio_thiophilus	1
SRR14919240	Bacteroides_finegoldii	196
SRR14919239	Alistipes_putredinis	2357
SRR14919237	Clostridium_xylanolyticum	4
SRR14919246	Methylomonas_rubra	1
SRR14919246	Mogibacterium_timidum	2
SRR14919242	Actinomyces_canis	1
SRR14919241	Ureaplasma_gallorale	1
SRR14919238	Haladaptatus_litoreus	1
SRR14919238	Syntrophomonas_palmitatica	6
SRR14919238	Dorea_longicatena	2985
SRR14919243	Salinivibrio_costicola	13
SRR14919240	Desulfotomaculum_thermosapovorans	2
SRR14919239	Azotobacter_chroococcum	4
SRR14919246	Natranaerovirga_pectinivora	4
SRR14919245	Pasteurella_multocida	41
SRR14919244	Anaplasma_phagocytophilum	2
SRR14919239	Prevotella_loescheii	10
SRR14919242	Clostridium_frigoris	7
SRR14919240	Clostridium_methoxybenzovorans	4
SRR14919235	Mycoplasma_hyopneumoniae	2
SRR14919246	Anaerofustis_stercorihominis	2
SRR14919243	Porphyromonas_circumdentaria	2
SRR14919243	Thermicanus_aegyptius	1
SRR14919243	Thermoanaerobacterium_xylanolyticum	63
SRR14919242	Megasphaera_micronuciformis	1
SRR14919240	Acholeplasma_laidlawii	1
SRR14919244	Acetoanaerobium_noterae	1
SRR14919239	Desulfotomaculum_guttoideum	1
SRR14919236	Elizabethkingia_meningoseptica	2
SRR14919245	Enterococcus_mundtii	1
SRR14919245	Aureispira_maritima	47
SRR14919238	Methanocalculus_pumilus	11
SRR14919239	Eubacterium_cylindroides	3
SRR14919242	Porphyromonas_gingivalis	3
SRR14919241	Marinimicrobium_haloxylanilyticum	1
SRR14919235	Enterococcus_viikkiensis	1
SRR14919244	Olavius_algarvensis	1
SRR14919244	Clostridium_ruminantium	116
SRR14919238	Clostridium_sporogenes	10
SRR14919246	Caloramator_proteoclasticus	1
SRR14919241	Ruminococcus_bromii	24
SRR14919238	Desulfobacter_psychrotolerans	2
SRR14919242	Lactobacillus_faeni	1
SRR14919242	Anaerococcus_tetradius	1
SRR14919236	Desulfoluna_spongiiphila	1
SRR14919246	Leptospira_biflexa	41
SRR14919242	Cerasibacillus_quisquiliarum	1
SRR14919235	Lactobacillus_brevis	2
SRR14919244	Ochrobactrum_grignonense	3
SRR14919242	Bradyrhizobium_japonicum	214
SRR14919237	Methanolobus_vulcani	2
SRR14919235	Clostridium_jejuense	14
SRR14919244	Clostridium_aminovalericum	15
SRR14919243	Caloramator_viterbiensis	12
SRR14919236	Dialister_micraerophilus	226
SRR14919246	Vallitalea_guaymasensis	2
SRR14919242	Mucilaginibacter_paludis	1
SRR14919244	Parapedobacter_pyrenivorans	1
SRR14919238	Peptoniphilus_lacrimalis	67
SRR14919246	Mahella_australiensis	1
SRR14919245	Fusicatenibacter_saccharivorans	82
SRR14919242	Campylobacter_hominis	1
SRR14919242	Desmonostoc_muscorum	3
SRR14919236	Ruminococcus_albus	49
SRR14919244	Lactobacillus_kunkeei	136
SRR14919243	Pseudaminobacter_salicylatoxidans	1
SRR14919240	Alicyclobacillus_cycloheptanicus	1
SRR14919240	Pontibacter_salisaro	1
SRR14919242	Haloleptolyngbya_alcalis	1
SRR14919237	Nitrosococcus_oceani	1
SRR14919236	Propionibacterium_jensenii	1
SRR14919245	Proteiniphilum_acetatigenes	3
SRR14919245	Bacteroides_nordii	267
SRR14919244	Thermobrachium_celere	7
SRR14919244	Treponema_phagedenis	45
SRR14919243	Clostridium_litorale	2
SRR14919239	Alteromonas_macleodii	1
SRR14919238	Streptomyces_macrosporeus	1
SRR14919244	Aminivibrio_pyruvatiphilus	1
SRR14919242	Cyclobacterium_marinum	2
SRR14919245	Clostridium_ramosum	315
SRR14919240	Parabacteroides_gordonii	500
SRR14919236	Enterobacter_hormaechei	23
SRR14919236	Streptomyces_colombiensis	1
SRR14919235	Clostridium_populeti	1
SRR14919241	Providencia_stuartii	1
SRR14919239	Turicibacter_sanguinis	42
SRR14919236	Methanocella_conradii	259
SRR14919243	Brevundimonas_intermedia	1
SRR14919242	Clostridium_pasteurianum	15
SRR14919240	Flammeovirga_kamogawensis	1
SRR14919235	Psychromonas_japonica	1
SRR14919238	Clostridium_saccharolyticum	23
SRR14919238	Eggerthella_lenta	17
SRR14919237	Barnesiella_viscericola	5
SRR14919246	Clostridium_frigidicarnis	7
SRR14919246	Prevotella_disiens	5
SRR14919244	Mycoplasma_agalactiae	1
SRR14919243	Eubacterium_plexicaudatum	189
SRR14919238	Lactobacillus_casei	3
SRR14919236	Sinorhizobium_kummerowiae	1
SRR14919243	Roseburia_hominis	138
SRR14919241	Salinicoccus_albus	1
SRR14919237	Methylobacterium_radiotolerans	1
SRR14919242	Selenomonas_sputigena	12
SRR14919238	Blautia_coccoides	7
SRR14919242	Aquisalimonas_asiatica	1
SRR14919240	Acidilobus_sulfurireducens	12
SRR14919235	Psychrobacter_pulmonis	1
SRR14919246	Alkaliphilus_crotonatoxidans	719
SRR14919242	Tepidibacter_thalassicus	1
SRR14919244	Vibrio_parahaemolyticus	1
SRR14919239	Thermococcus_barophilus	1
SRR14919236	Pseudomonas_teessidea	6
SRR14919245	Alkaliphilus_crotonatoxidans	2
SRR14919237	Caloramator_coolhaasii	1
SRR14919235	Cesiribacter_roseus	1
SRR14919245	Gracilimonas_rosea	1
SRR14919237	Pseudomonas_putida	2
SRR14919238	Flavonifractor_plautii	699
SRR14919240	Cobetia_marina	10
SRR14919236	Staphylococcus_agnetis	1
SRR14919240	Flexibacter_flexilis	3
SRR14919237	Trichococcus_collinsii	92
SRR14919235	Desulfotomaculum_acetoxidans	2
SRR14919238	Actinomadura_catellatispora	7
SRR14919238	Denitrobacterium_detoxificans	45
SRR14919238	Vibrio_splendidus	2
SRR14919237	Methanosphaerula_palustris	22
SRR14919237	Idiomarina_donghaiensis	1
SRR14919245	Mycobacterium_fuerthensis	1
SRR14919238	Anaerolinea_thermolimosa	1
SRR14919239	Roseibacterium_elongatum	2
SRR14919244	Clostridium_polysaccharolyticum	28
SRR14919244	Aneurinibacillus_thermoaerophilus	1
SRR14919243	Streptococcus_sobrinus	1
SRR14919235	Acetatifactor_muris	14
SRR14919235	Desulfotomaculum_reducens	4
SRR14919242	Clostridium_aldenense	19
SRR14919240	Tepidimicrobium_xylanilyticum	2
SRR14919239	Niabella_hirudinis	1
SRR14919235	Kofleria_flava	1
SRR14919243	Desulfofaba_fastidiosa	1
SRR14919240	Methylobacterium_adhaesivum	1
SRR14919239	Methylothermus_thermalis	1
SRR14919238	Klebsiella_pneumoniae	48
SRR14919237	Prototheca_wickerhamii	3
SRR14919235	Eubacterium_yurii	4
SRR14919235	Glaciecola_polaris	1
SRR14919245	Porphyromonas_circumdentaria	1
SRR14919243	Bifidobacterium_saguini	2
SRR14919241	Shuttleworthia_satelles	2
SRR14919246	Cenarchaeum_symbiosum	130
SRR14919237	Oceanimonas_doudoroffii	1
SRR14919235	Porphyromonas_endodontalis	2
SRR14919245	Eutreptia_viridis	141
SRR14919238	Vibrio_tapetis	3
SRR14919246	Slackia_equolifaciens	2
SRR14919244	Corynebacterium_aurimucosum	9
SRR14919240	Stomatobaculum_longum	1
SRR14919244	Enterococcus_cecorum	83
SRR14919242	Caloramator_mitchellensis	44
SRR14919239	Luteolibacter_algae	1
SRR14919237	Anabaena_cylindrica	1
SRR14919235	Syntrophobotulus_glycolicus	1
SRR14919236	Aeromonas_veronii	65
SRR14919246	Thalassomonas_actiniarum	57
SRR14919244	Caldanaerocella_colombiensis	1
SRR14919242	Helicobacter_heilmannii	2
SRR14919236	Calochaete_cimrmanii	65
SRR14919245	Legionella_fallonii	1
SRR14919240	Blattabacterium_relictus	47
SRR14919236	Burkholderia_cepacia	2
SRR14919238	Clostridium_psychrophilum	1
SRR14919238	Flexibacter_flexilis	3
SRR14919237	Clostridium_cellulovorans	1
SRR14919246	Atopobium_vaginae	1
SRR14919240	Algivirga_pacifica	1
SRR14919239	Methanocalculus_natronophilus	1
SRR14919243	Bacillus_thuringiensis	153
SRR14919237	Streptococcus_gordonii	1
SRR14919236	Thermogemmatispora_onikobensis	1
SRR14919235	Paenibacillus_mucilaginosus	3
SRR14919245	Peptostreptococcus_anaerobius	2
SRR14919239	Selenomonas_lacticifex	3
SRR14919239	Nocardia_abscessus	2
SRR14919239	Natronorubrum_bangense	1
SRR14919235	Methanobrevibacter_arboriphilus	9
SRR14919242	Clostridium_histolyticum	4
SRR14919242	Lactobacillus_rhamnosus	1
SRR14919240	Rapidithrix_thailandica	3
SRR14919240	Garciella_nitratireducens	10
SRR14919240	Pediococcus_siamensis	2
SRR14919245	Blautia_hydrogenotrophica	31
SRR14919235	Leptotrichia_buccalis	1
SRR14919242	Ammoniphilus_oxalaticus	1
SRR14919242	Heterosigma_akashiwo	1
SRR14919244	Collinsella_tanakaei	7
SRR14919238	Acidaminococcus_intestini	3
SRR14919236	Flavobacterium_indicum	1
SRR14919238	Pelagicoccus_litoralis	1
SRR14919238	Beijerinckia_indica	3
SRR14919237	Clostridium_hylemonae	259
SRR14919235	Pseudaminobacter_salicylatoxidans	3
SRR14919236	Clostridium_hathewayi	242
SRR14919242	Pseudaminobacter_salicylatoxidans	2
SRR14919239	Clostridium_algidixylanolyticum	30
SRR14919245	Bacillus_drentensis	1
SRR14919242	Eggerthella_sinensis	1
SRR14919241	Aliifodinibius_sediminis	5
SRR14919235	Natranaerovirga_pectinivora	72
SRR14919246	Clostridium_subterminale	3
SRR14919244	Gordonibacter_pamelaeae	67
SRR14919241	Parasutterella_excrementihominis	5
SRR14919239	Odoribacter_laneus	21
SRR14919242	Lishizhenia_caseinilytica	2
SRR14919236	Anaerorhabdus_furcosa	241
SRR14919246	Neochlamydia_hartmannellae	1
SRR14919235	Desulfotomaculum_salinum	1
SRR14919236	Collinsella_aerofaciens	175
SRR14919238	Atopococcus_tabaci	1
SRR14919246	Clostridium_thermosuccinogenes	1
SRR14919244	Lutispora_thermophila	21
SRR14919238	Mycobacterium_chesapeaki	12
SRR14919241	Trichococcus_flocculiformis	5
SRR14919235	Providencia_rettgeri	1
SRR14919243	Thermus_scotoductus	1
SRR14919241	Thermotalea_metallivorans	6
SRR14919241	Methanococcus_aeolicus	1
SRR14919236	Staphylococcus_caprae	1
SRR14919236	Porphyromonas_cansulci	1
SRR14919235	Pantoea_agglomerans	4
SRR14919236	Ureaplasma_urealyticum	2
SRR14919240	Ruminococcus_lactaris	761
SRR14919245	Eubacterium_uniforme	14
SRR14919243	Desulfotomaculum_alkaliphilum	1
SRR14919241	Aggregatibacter_actinomycetemcomitans	2
SRR14919241	Peptostreptococcus_stomatis	3
SRR14919245	Oceanobacillus_iheyensis	1
SRR14919244	Lysinibacillus_sphaericus	3
SRR14919243	Bacillus_solfatarensis	31
SRR14919237	Sporolactobacillus_dextrus	2
SRR14919235	Ruminococcus_callidus	53
SRR14919235	Staphylococcus_schleiferi	1
SRR14919242	Clostridium_maritimum	6
SRR14919242	Bacteroides_fluxus	17
SRR14919242	Acetanaerobacterium_elongatum	1079
SRR14919239	Anaerofilum_agile	3
SRR14919238	Pandoraea_norimbergensis	1
SRR14919237	Terriglobus_saanensis	1
SRR14919235	Clostridium_scindens	4565
SRR14919236	Eubacterium_plexicaudatum	9
SRR14919241	Porphyromonas_bennonis	2
SRR14919239	Ohtaekwangia_koreensis	1
SRR14919236	Bryopsis_hypnoides	80
SRR14919243	Gaetbulibacter_marinus	1
SRR14919243	Flaviramulus_basaltis	1
SRR14919242	Myroides_odoratus	1
SRR14919245	Prevotella_intermedia	1
SRR14919244	Metallosphaera_sedula	1
SRR14919239	Pediococcus_acidilactici	16
SRR14919235	Spirochaeta_dissipatitropha	1
SRR14919242	Bacteroides_salyersiae	32
SRR14919240	Rhodanobacter_panaciterrae	2
SRR14919238	Holdemania_filiformis	20
SRR14919237	Desulfotomaculum_acetoxidans	2
SRR14919245	Lactobacillus_fermentum	2
SRR14919242	Hyphomonas_polymorpha	1
SRR14919238	Pontibacter_salisaro	1
SRR14919246	Clostridium_hungatei	3
SRR14919236	Desulfotomaculum_acetoxidans	5
SRR14919242	Bacteroides_vulgatus	24461
SRR14919243	Clostridium_glycyrrhizinilyticum	29
SRR14919240	Altererythrobacter_indicus	38
SRR14919240	Acholeplasma_equifetale	1
SRR14919244	Rhodovarius_lipocyclicus	2
SRR14919243	Paraprevotella_xylaniphila	1
SRR14919241	Streptococcus_parasanguinis	8
SRR14919236	Pseudomonas_lutea	1
SRR14919240	Bacteroides_fragilis	153
SRR14919245	Geothermobacterium_ferrireducens	1
SRR14919239	Flavitalea_gansuensis	1
SRR14919239	Bacteroides_stercorirosoris	14
SRR14919237	Spongiispira_norvegica	2
SRR14919246	Shewanella_algae	1
SRR14919237	Porphyromonas_catoniae	12
SRR14919235	Cymbella_subturgidula	2
SRR14919235	Jeotgalicoccus_huakuii	1
SRR14919240	Mannheimia_granulomatis	1
SRR14919238	Microbacterium_phyllosphaerae	1
SRR14919236	Mycoplasma_felis	68
SRR14919242	Clostridium_fimetarium	66
SRR14919240	Chloroflexus_aurantiacus	1
SRR14919240	Acidimicrobium_ferrooxidans	1
SRR14919236	Nitrosomonas_halophila	2
SRR14919238	Leptospirillum_ferrooxidans	1
SRR14919237	Desulfitibacter_alkalitolerans	1
SRR14919246	Thermoanaerobacter_kivui	2
SRR14919245	Cryptoglena_pigra	1
SRR14919243	Clostridium_symbiosum	31
SRR14919239	Thermoplasma_volcanium	1
SRR14919237	Alkalibacterium_indicireducens	1
SRR14919244	Campylobacter_gracilis	1
SRR14919241	Caldicellulosiruptor_obsidiansis	1
SRR14919235	Paraprevotella_clara	1
SRR14919245	Bacteroides_eggerthii	2278
SRR14919242	Volucribacter_psittacicida	7
SRR14919244	Parvularcula_lutaonensis	1
SRR14919242	Pseudomonas_poae	1
SRR14919238	Thermoanaerobacter_italicus	1
SRR14919244	Pseudoscillatoria_coralii	1
SRR14919240	Vibrio_fortis	2
SRR14919245	Prevotella_oris	2
SRR14919245	Oribacterium_sinus	33
SRR14919245	Clostridium_perfringens	360
SRR14919243	Virgibacillus_proomii	1
SRR14919242	Clostridium_papyrosolvens	14
SRR14919241	Methanobrevibacter_wolinii	3
SRR14919245	Johnsonella_ignava	3
SRR14919240	Tannerella_forsythia	6
SRR14919243	Alkaliphilus_transvaalensis	2
SRR14919240	Kocuria_marina	3
SRR14919240	Lactobacillus_jensenii	25
SRR14919239	Oceanobacillus_caeni	1
SRR14919236	Metabacterium_polyspora	2
SRR14919242	Clostridium_tetanomorphum	5
SRR14919239	Shuttleworthia_satelles	11
SRR14919235	Rhodopirellula_baltica	1
SRR14919242	Thermobacillus_composti	1
SRR14919238	Clostridium_sufflavum	1
SRR14919235	Bacillus_schlegelii	8
SRR14919246	Flavobacterium_psychrophilum	1
SRR14919245	Paenibacillus_mucilaginosus	1
SRR14919242	Acidithiobacillus_thiooxidans	1
SRR14919241	Lactobacillus_reuteri	91
SRR14919236	Thiomonas_bhubaneswarensis	1
SRR14919244	Roseburia_inulinivorans	3405
SRR14919242	Liberibacter_crescens	1
SRR14919240	Leptonema_illini	1
SRR14919240	Marinimicrobium_haloxylanilyticum	2
SRR14919237	Burkholderia_phymatum	1
SRR14919243	Rhizobium_huautlense	1
SRR14919243	Howardella_ureilytica	51
SRR14919237	Flavobacterium_banpakuense	1
SRR14919236	Veillonella_rodentium	3
SRR14919242	Mycoplasma_orale	2
SRR14919239	Oceanotoga_teriensis	1
SRR14919238	Hespellia_porcina	158
SRR14919245	Blautia_stercoris	51
SRR14919242	Mangroviflexus_xiamenensis	8
SRR14919240	Hafnia_alvei	1
SRR14919235	Ilyobacter_tartaricus	1
SRR14919243	Corynebacterium_kroppenstedtii	3
SRR14919242	Lactobacillus_hordei	1
SRR14919245	Pseudomonas_viridiflava	2
SRR14919242	Thalassomonas_sediminis	1
SRR14919237	Marinobacter_hydrocarbonoclasticus	1
SRR14919246	Pediococcus_pentosaceus	3
SRR14919246	Methanohalobium_evestigatum	2
SRR14919245	Dysgonomonas_capnocytophagoides	21
SRR14919242	Corynebacterium_jeikeium	1
SRR14919241	Treponema_denticola	54
SRR14919238	Rapidithrix_thailandica	1
SRR14919246	Streptococcus_mitis	7
SRR14919245	Natranaerovirga_pectinivora	57
SRR14919245	Enterobacter_ludwigii	3
SRR14919243	Oligosphaera_ethanolica	1
SRR14919242	Carboxydothermus_pertinax	1
SRR14919242	Clostridium_malenominatum	2
SRR14919237	Salinivibrio_costicola	16
SRR14919244	Clostridium_tunisiense	3
SRR14919243	Trigonala_elaeagnus	2
SRR14919241	Megasphaera_micronuciformis	32
SRR14919239	Oscillospira_guilliermondii	4931
SRR14919242	Halothermothrix_orenii	20
SRR14919241	Veillonella_caviae	2
SRR14919243	Rheinheimera_soli	1
SRR14919243	Butyrivibrio_fibrisolvens	120
SRR14919238	Tannerella_forsythia	10
SRR14919238	Robinsoniella_peoriensis	49
SRR14919240	Winogradskyella_epiphytica	69
SRR14919238	Clostridium_botulinum	2
SRR14919240	Halobacterium_jilantaiense	1
SRR14919239	Moraxella_bovoculi	1
SRR14919236	Peptoniphilus_asaccharolyticus	9
SRR14919239	Bacillus_mojavensis	1
SRR14919235	Kistimonas_scapharcae	1
SRR14919246	Sulfurihydrogenibium_yellowstonense	1
SRR14919243	Pedobacter_himalayensis	1
SRR14919241	Desulfotomaculum_acetoxidans	1
SRR14919238	Clostridium_cellulolyticum	17
SRR14919240	Pontibacillus_halophilus	1
SRR14919236	Serratia_symbiotica	2
SRR14919244	Erwinia_mallotivora	3
SRR14919240	Desulfotomaculum_acetoxidans	5
SRR14919246	Helicobacter_canis	3
SRR14919240	Arcanobacterium_hippocoleae	2
SRR14919239	Bacteroides_heparinolyticus	30
SRR14919235	Caloramator_proteoclasticus	1
SRR14919238	Natronincola_peptidivorans	1
SRR14919236	Anaerococcus_tetradius	2
SRR14919245	Dysgonomonas_hofstadii	33
SRR14919238	Pseudomonas_borbori	1
SRR14919243	Natronorubrum_thiooxidans	2
SRR14919243	Chloroidium_saccharophilum	3
SRR14919242	Thermoanaerobacter_wiegelii	1
SRR14919241	Centipeda_periodontii	1
SRR14919242	Treponema_pedis	1
SRR14919240	Sphingomonas_kaistensis	297
SRR14919236	Streptococcus_pneumoniae	1
SRR14919244	Arthrobacter_sanguinis	1
SRR14919239	Clostridium_frigidicarnis	3
SRR14919243	Megasphaera_hominis	105
SRR14919236	Coleofasciculus_chthonoplastes	2
SRR14919237	Tepidanaerobacter_syntrophicus	1
SRR14919237	Euzebya_tangerina	2
SRR14919246	Paenibacillus_cookii	3
SRR14919244	Hymenopellis_incognita	1
SRR14919242	Mycoplasma_hyorhinis	108
SRR14919239	Desulfotomaculum_acetoxidans	8
SRR14919244	Lactobacillus_helveticus	4
SRR14919244	Proteiniphilum_acetatigenes	6
SRR14919241	Cronobacter_sakazakii	1
SRR14919235	Clostridium_pascui	3
SRR14919242	Desulfovibrio_burkinensis	1
SRR14919238	Desulfotomaculum_acetoxidans	5
SRR14919235	Advenella_mimigardefordensis	1
SRR14919241	Streptococcus_thermophilus	99
SRR14919238	Quinella_ovalis	1
SRR14919245	Caldicellulosiruptor_saccharolyticus	7
SRR14919245	Lactobacillus_murinus	5
SRR14919245	Marinobacter_litoralis	2
SRR14919242	Modestobacter_multiseptatus	1
SRR14919240	Streptococcus_seminale	1
SRR14919244	Vibrio_cholerae	1
SRR14919235	Alkaliphilus_oremlandii	1
SRR14919236	Cyclobacterium_marinum	2
SRR14919246	Nitrobacter_winogradskyi	1
SRR14919238	Blattabacterium_punctulatus	3
SRR14919236	Methanococcoides_methylutens	35
SRR14919245	Lactobacillus_intestinalis	1
SRR14919244	Marinifilum_fragile	1
SRR14919242	Duganella_sacchari	1
SRR14919240	Yersinia_enterocolitica	1
SRR14919235	Methanococcoides_methylutens	24
SRR14919245	Desulfotomaculum_varum	1
SRR14919239	Dorea_formicigenerans	812
SRR14919237	Clostridium_saccharolyticum	8
SRR14919243	Odoribacter_splanchnicus	26
SRR14919236	Mycoplasma_bovoculi	1
SRR14919235	Achromobacter_xylosoxidans	3
SRR14919244	Alkaliflexus_imshenetskii	1
SRR14919241	Arcicella_aurantiaca	2
SRR14919245	Geotoga_petraea	1
SRR14919245	Sporomusa_ovata	24
SRR14919243	Clostridium_aminobutyricum	1
SRR14919243	Bacillus_firmus	49
SRR14919243	Streptomyces_melanogenes	1
SRR14919237	Weissella_confusa	2
SRR14919245	Rhodopseudomonas_palustris	24
SRR14919240	Bacillus_herbersteinensis	1
SRR14919241	Streptomyces_phaeochromogenes	163
SRR14919246	Oxalobacter_formigenes	1
SRR14919245	Clostridium_gasigenes	27
SRR14919239	Xenorhabdus_stockiae	2
SRR14919242	Cohnella_xylanilytica	1
SRR14919242	Cytophaga_fermentans	13
SRR14919245	Propionibacterium_propionicum	3
SRR14919244	Moraxella_catarrhalis	1
SRR14919244	Palmaria_palmata	1
SRR14919239	Caloranaerobacter_azorensis	8
SRR14919238	Caldicellulosiruptor_obsidiansis	6
SRR14919245	Chrysiogenes_arsenatis	1
SRR14919244	Merismopedia_tenuissima	1
SRR14919244	Methylomonas_scandinavica	70
SRR14919237	Actinomadura_catellatispora	3
SRR14919245	Anaerosporobacter_mobilis	127
SRR14919236	Streptococcus_salivarius	1
SRR14919242	Catellicoccus_marimammalium	1
SRR14919235	Caloramator_mitchellensis	1
SRR14919246	Chondrus_crispus	2
SRR14919243	Halomonas_taeanensis	1
SRR14919236	Xanthomonas_gardneri	4
SRR14919235	Clostridium_tetani	2
SRR14919244	Pseudomonas_hibiscicola	1
SRR14919244	Hespellia_stercorisuis	11
SRR14919243	Desulfotomaculum_geothermicum	2
SRR14919240	Thermosediminibacter_oceani	1
SRR14919238	Bacteroides_fragilis	140
SRR14919238	Bacillus_megaterium	5
SRR14919236	Acidobacterium_capsulatum	1
SRR14919235	Agrococcus_baldri	1
SRR14919240	Bifidobacterium_breve	2
SRR14919237	Streptococcus_sobrinus	1
SRR14919236	Actinomyces_lingnae	2
SRR14919236	Treponema_primitia	3
SRR14919244	Rhizobium_gallicum	1
SRR14919239	Ureaplasma_canigenitalium	1
SRR14919237	Treponema_azotonutricium	7
SRR14919236	Persicirhabdus_sediminis	1
SRR14919239	Corynebacterium_diphtheriae	10
SRR14919238	Thermoanaerobacterium_xylanolyticum	81
SRR14919242	Nubsella_zeaxanthinifaciens	1
SRR14919240	Clostridium_clariflavum	27
SRR14919245	Leadbetterella_byssophila	1
SRR14919241	Halomonas_campisalis	1
SRR14919238	Blautia_hydrogenotrophica	162
SRR14919246	Clostridium_innocuum	8
SRR14919241	Pseudaminobacter_salicylatoxidans	1
SRR14919238	Peptococcus_niger	3
SRR14919236	Lacinutrix_copepodicola	3
SRR14919242	Mycoplasma_hyopharyngis	1
SRR14919242	Fucus_vesiculosus	12
SRR14919235	Zavarzinella_formosa	2
SRR14919246	Sphingobacterium_composti	1
SRR14919243	Corynebacterium_aurimucosum	4
SRR14919238	Mucilaginibacter_gynuensis	2
SRR14919235	Thermolithobacter_ferrireducens	2
SRR14919243	Actinomyces_ruminicola	4
SRR14919242	Rikenella_microfusus	2
SRR14919242	Bacteroides_stercoris	232
SRR14919237	Enterobacter_aerogenes	1
SRR14919246	Prevotella_paludivivens	1
SRR14919244	Gelidium_pristoides	1
SRR14919240	Actinobacillus_pleuropneumoniae	34
SRR14919236	Erythrobacter_aquimaris	1
SRR14919246	Limnobacter_thiooxidans	1
SRR14919243	Desulfotomaculum_acetoxidans	4
SRR14919241	Chlamydia_pecorum	2
SRR14919240	Arcicella_rigui	129
SRR14919238	Sarcina_ventriculi	1
SRR14919244	Dietzia_maris	1
SRR14919240	Desulfurella_propionica	1
SRR14919238	Thiorhodococcus_modestalkaliphilus	1
SRR14919238	Streptococcus_equi	1
SRR14919237	Natronovirga_wadinatrunensis	3
SRR14919235	Lishizhenia_caseinilytica	2
SRR14919236	Butyrivibrio_fibrisolvens	181
SRR14919246	Oscillatoria_miniata	51
SRR14919242	Desulfotomaculum_acetoxidans	12
SRR14919243	Thermoanaerobacter_cellulolyticus	4
SRR14919239	Phormidium_priestleyi	1
SRR14919237	Pelotomaculum_isophthalicicum	1
SRR14919246	Sphingobacterium_siyangense	1
SRR14919245	Microbacterium_esteraromaticum	1
SRR14919243	Anabaena_oumiana	1
SRR14919241	Leuconostoc_citreum	1
SRR14919241	Olsenella_uli	1
SRR14919238	Hyphomicrobium_vulgare	1
SRR14919235	Clostridium_celatum	1
SRR14919246	Eubacterium_contortum	41
SRR14919243	Clostridium_hiranonis	1
SRR14919243	Bacteroides_helcogenes	89
SRR14919240	Borrelia_sinica	2
SRR14919240	Herpetosiphon_geysericola	1
SRR14919240	Methanococcoides_methylutens	29
SRR14919239	Nitrosomonas_oligotropha	1
SRR14919236	Gelria_glutamica	3
SRR14919237	Prevotella_bryantii	45
SRR14919245	Sinorhizobium_americanum	2
SRR14919242	Dysgonomonas_mossii	15
SRR14919244	Vibrio_vulnificus	1
SRR14919240	Pseudomonas_monteilii	1
SRR14919238	Thalassomonas_viridans	1
SRR14919235	Dethiosulfovibrio_salsuginis	2
SRR14919236	Ornithobacterium_rhinotracheale	1
SRR14919245	Gracilimonas_mengyeensis	1
SRR14919236	Natronorubrum_thiooxidans	2
SRR14919235	Nonomuraea_soli	1
SRR14919245	Arcobacter_skirrowii	1
SRR14919237	Lysinibacillus_sphaericus	3
SRR14919244	Spiribacter_salinus	1
SRR14919242	Gemella_asaccharolytica	159
SRR14919244	Methanoculleus_bourgensis	99
SRR14919242	Shewanella_sediminis	1
SRR14919244	Calothrix_brevissima	2
SRR14919240	Moorella_humiferrea	2
SRR14919238	Methanococcoides_methylutens	22
SRR14919241	Agarivorans_gilvus	1
SRR14919244	Enterorhabdus_caecimuris	50
SRR14919240	Trichococcus_flocculiformis	4
SRR14919237	Methanococcoides_methylutens	16
SRR14919235	Acholeplasma_brassicae	1
SRR14919245	Shewanella_frigidimarina	1
SRR14919238	Collinsella_stercoris	2
SRR14919244	Thioploca_ingrica	2
SRR14919244	Mycoplasma_conjunctivae	16
SRR14919246	Dialister_invisus	1748
SRR14919244	Ammoniphilus_oxalivorans	1
SRR14919240	Treponema_zuelzerae	2
SRR14919236	Streptomyces_olivochromogenes	1
SRR14919240	Thioalkalicoccus_limnaeus	1
SRR14919237	Lactobacillus_johnsonii	1
SRR14919236	Streptococcus_danieliae	1
SRR14919236	Geopsychrobacter_electrodiphilus	1
SRR14919243	Pseudobutyrivibrio_xylanivorans	26
SRR14919241	Bacteroides_caccae	168
SRR14919245	Strombomonas_acuminata	6
SRR14919240	Bordetella_holmesii	1
SRR14919238	Leptothrix_discophora	2
SRR14919238	Agrobacterium_vitis	151
SRR14919236	Streptomyces_griseoaurantiacus	1
SRR14919243	Catenibacterium_mitsuokai	102
SRR14919240	Streptococcus_acidominimus	2
SRR14919244	Dysgonomonas_gadei	7
SRR14919242	Erwinia_chrysanthemi	3
SRR14919237	Bacillus_solfatarensis	41
SRR14919243	Natronococcus_roseus	2
SRR14919242	Bacillus_tequilensis	1
SRR14919243	Lactococcus_lactis	72
SRR14919240	Coprobacillus_cateniformis	30
SRR14919238	Bacteroides_fluxus	4
SRR14919235	Porphyromonas_bennonis	2
SRR14919239	Actinomyces_bovis	2
SRR14919238	Atopobium_parvulum	8
SRR14919235	Streptomyces_finlayi	1
SRR14919244	Acidithiobacillus_cuprithermicus	1
SRR14919242	Xylanibacter_oryzae	1
SRR14919244	Eubacterium_desmolans	565
SRR14919241	Lactobacillus_salivarius	19
SRR14919237	Anaerococcus_prevotii	1
SRR14919237	Gaetbulibacter_marinus	1
SRR14919239	Bacillus_akibai	1
SRR14919246	Lactobacillus_kalixensis	1
SRR14919244	Lactobacillus_aviarius	3
SRR14919240	Leuconostoc_pseudomesenteroides	1
SRR14919235	Stenotrophomonas_maltophilia	8
SRR14919236	Bacteroides_salyersiae	34
SRR14919238	Azospira_oryzae	1
SRR14919235	Thermoanaerobaculum_aquaticum	1
SRR14919235	Brevibacillus_brevis	2
SRR14919235	Clostridium_papyrosolvens	6
SRR14919237	Desulfocapsa_sulfexigens	1
SRR14919240	Streptococcus_parasanguinis	26
SRR14919245	Sedimentibacter_saalensis	7
SRR14919242	Eubacterium_rangiferina	359
SRR14919241	Sphingobacterium_mizutaii	81
SRR14919237	Chlamydomonas_applanata	1
SRR14919240	Caedibacter_taeniospiralis	25
SRR14919239	Weissella_cibaria	5
SRR14919245	Butyricimonas_virosa	2249
SRR14919238	Bacteroides_stercorirosoris	7
SRR14919238	Myxococcus_stipitatus	7
SRR14919240	Sedimentibacter_hydroxybenzoicus	45
SRR14919239	Nitrobacter_hamburgensis	1
SRR14919236	Acidianus_hospitalis	1
SRR14919235	Clostridium_tetanomorphum	2
SRR14919242	Vibrio_metschnikovii	1
SRR14919238	Prevotella_dentasini	3
SRR14919244	Acetivibrio_ethanolgignens	27
SRR14919242	Marivirga_sericea	1
SRR14919242	Phacus_granum	1
SRR14919237	Leptospirillum_ferrooxidans	2
SRR14919246	Streptococcus_equinus	1
SRR14919236	Clostridium_fimetarium	4
SRR14919244	Eubacterium_hallii	47
SRR14919242	Acetobacter_estunensis	31
SRR14919236	Desulfotalea_arctica	1
SRR14919241	Xenorhabdus_griffiniae	1
SRR14919237	Sedimentibacter_hydroxybenzoicus	23
SRR14919238	Campylobacter_gracilis	1
SRR14919238	Zoogloea_ramigera	1
SRR14919245	Paenibacillus_gansuensis	1
SRR14919240	Orbus_hercynius	1
SRR14919245	Geminocystis_papuanica	2
SRR14919240	Streptococcus_australis	6
SRR14919238	Mycoplasma_hominis	1
SRR14919242	Alkaliphilus_transvaalensis	94
SRR14919237	Necropsobacter_rosorum	1
SRR14919237	Anaerostipes_hadrus	1836
SRR14919245	Desulfotomaculum_acetoxidans	9
SRR14919238	Clostridium_clariflavum	53
SRR14919243	Bacteroides_intestinalis	20
SRR14919239	Natronovirga_wadinatrunensis	1
SRR14919238	Listeria_monocytogenes	1
SRR14919237	Lactobacillus_gasseri	2
SRR14919235	Ferrovum_myxofaciens	8
SRR14919244	Desulfotomaculum_acetoxidans	5
SRR14919241	Psychrobacter_fozii	1
SRR14919239	Denitrobacterium_detoxificans	7
SRR14919238	Streptococcus_peroris	1
SRR14919244	Paenibacillus_mucilaginosus	4
SRR14919237	Planifilum_fimeticola	1
SRR14919236	Oligella_urethralis	1
SRR14919246	Streptococcus_oralis	2
SRR14919245	Alicyclobacillus_pomorum	3
SRR14919242	Methanococcoides_methylutens	27
SRR14919238	Thalassiosira_pseudonana	63
SRR14919237	Microbispora_siamensis	1
SRR14919237	Bacillus_thuringiensis	108
SRR14919237	Clostridium_caenicola	17
SRR14919243	Bifidobacterium_bombi	2
SRR14919243	Anaerobacillus_arseniciselenatis	1
SRR14919241	Methanococcoides_methylutens	19
SRR14919238	Halospina_denitrificans	2
SRR14919236	Cohnella_terrae	1
SRR14919243	Pseudoramibacter_alactolyticus	3
SRR14919239	Anaerovibrio_lipolyticus	8
SRR14919245	Streptomyces_prasinus	1
SRR14919243	Desulfotomaculum_putei	1
SRR14919240	Sphingomonas_yabuuchiae	1
SRR14919239	Eubacterium_saphenum	60
SRR14919236	Tepidanaerobacter_acetatoxydans	3
SRR14919246	Methanohalophilus_mahii	1
SRR14919245	Arthrospira_platensis	1
SRR14919244	Bacillus_solisalsi	1
SRR14919236	Dethiosulfovibrio_salsuginis	1
SRR14919237	Malawimonas_jakobiformis	2
SRR14919235	Yaniella_fodinae	3
SRR14919246	Desulfotomaculum_reducens	1
SRR14919244	Natranaerovirga_pectinivora	30
SRR14919239	Clostridium_ljungdahlii	1
SRR14919235	Methanohalobium_evestigatum	1
SRR14919245	Nostoc_ellipsosporum	3
SRR14919241	Bacillus_thermolactis	1
SRR14919238	Runella_slithyformis	1
SRR14919236	Escherichia/Shigella_flexneri	2
SRR14919241	Clostridium_bartlettii	832
SRR14919240	Clostridium_collagenovorans	1
SRR14919239	Acetobacterium_woodii	1
SRR14919235	Clostridium_acidisoli	46
SRR14919243	Serratia_rubidaea	1
SRR14919245	Castellaniella_defragrans	2
SRR14919242	Anaerofilum_pentosovorans	1
SRR14919241	Eubacterium_siraeum	8
SRR14919240	Citreicella_thiooxidans	1
SRR14919238	Clostridium_tunisiense	17
SRR14919243	Megasphaera_elsdenii	4
SRR14919239	Lactobacillus_concavus	1
SRR14919239	Methanococcoides_methylutens	34
SRR14919238	Sphingomonas_kaistensis	251
SRR14919236	Halothermothrix_orenii	2
SRR14919236	Neochlamydia_hartmannellae	1
SRR14919236	Lutibacter_aestuarii	1
SRR14919246	Catabacter_hongkongensis	5
SRR14919242	Derxia_lacustris	1
SRR14919242	Parasporobacterium_paucivorans	360
SRR14919238	Asterionella_ralfsii	1
SRR14919242	Enterobacter_cloacae	4
SRR14919241	Xenorhabdus_koppenhoeferi	2
SRR14919240	Methanosaeta_harundinacea	1
SRR14919239	Brevibacterium_ravenspurgense	1
SRR14919240	Diatoma_tenuis	1
SRR14919240	Pseudomonas_filiscindens	6
SRR14919238	Desulfonema_magnum	1
SRR14919236	Eubacterium_ramulus	450
SRR14919236	Streptomyces_mutomycini	5
SRR14919238	Anoxybacillus_kamchatkensis	1
SRR14919236	Salinibacillus_aidingensis	1
SRR14919244	Collinsella_intestinalis	1
SRR14919238	Tessaracoccus_lubricantis	1
SRR14919246	Pedobacter_lentus	1
SRR14919245	Blautia_hansenii	5
SRR14919242	Megamonas_hypermegale	9
SRR14919237	Clostridium_thermoalcaliphilum	3
SRR14919246	Algicola_sagamiensis	6
SRR14919243	Prevotella_shahii	15
SRR14919238	Legionella_anisa	1
SRR14919238	Bacteroides_heparinolyticus	15
SRR14919246	Acidaminobacter_hydrogenoformans	12
SRR14919244	Wohlfahrtiimonas_chitiniclastica	2
SRR14919241	Halomonas_maura	13
SRR14919244	Methanosaeta_thermophila	1
SRR14919244	Chryseobacterium_balustinum	2
SRR14919246	Haemophilus_parasuis	133
SRR14919241	Cobetia_marina	3
SRR14919239	Dysgonomonas_hofstadii	25
SRR14919242	Parapedobacter_pyrenivorans	3
SRR14919241	Fusobacterium_nucleatum	4
SRR14919238	Exiguobacterium_acetylicum	1
SRR14919236	Hydrocarboniphaga_effusa	1
SRR14919235	Leuconostoc_fallax	27
SRR14919237	Staphylococcus_sciuri	1
SRR14919235	Bacteroides_ovatus	1327
SRR14919243	Mucilaginibacter_oryzae	1
SRR14919239	Hellea_balneolensis	1
SRR14919244	Spirochaeta_dissipatitropha	2
SRR14919243	Proteiniphilum_acetatigenes	5
SRR14919239	Thermoanaerobacter_thermohydrosulfuricus	1
SRR14919237	Halopelagius_inordinatus	2
SRR14919237	Alkaliflexus_imshenetskii	1
SRR14919237	Stenotrophomonas_maltophilia	1
SRR14919243	Clostridium_citroniae	1
SRR14919239	Simplicispira_psychrophila	8
SRR14919235	Dolosicoccus_paucivorans	1
SRR14919236	Stenotrophomonas_maltophilia	15
SRR14919241	Alcaligenes_faecalis	2
SRR14919236	Anaerosalibacter_bizertensis	1
SRR14919239	Marinobacter_litoralis	1
SRR14919235	Anaerosalibacter_bizertensis	1
SRR14919235	Pedobacter_tournemirensis	1
SRR14919237	Desulfuromusa_ferrireducens	1
SRR14919241	Kushneria_indalinina	16
SRR14919243	Neisseria_animalis	39
SRR14919242	Sulfurivirga_caldicuralii	2
SRR14919237	Methylomonas_scandinavica	40
SRR14919238	Anaerosporobacter_mobilis	44
SRR14919245	Thermosyntropha_tengcongensis	1
SRR14919244	Sphingobacterium_pakistanense	2
SRR14919240	Fervidicoccus_fontis	2
SRR14919239	Desulfotomaculum_varum	1
SRR14919241	Kocuria_marina	4
SRR14919240	Legionella_jordanis	1
SRR14919245	Vibrio_sinaloensis	1
SRR14919244	Lysobacter_capsici	1
SRR14919243	Acetanaerobacterium_elongatum	205
SRR14919242	Halobiforma_lacisalsi	1
SRR14919242	Xylella_fastidiosa	131
SRR14919239	Rummeliibacillus_pycnus	1
SRR14919235	Herminiimonas_arsenicoxydans	1
SRR14919236	Streptococcus_cristatus	3
SRR14919243	Ruminococcus_torques	1200
SRR14919240	Agromyces_italicus	2
SRR14919245	Cedecea_neteri	1
SRR14919239	Bradyrhizobium_japonicum	163
SRR14919236	Spirochaeta_alkalica	1
SRR14919235	Rhodopseudomonas_palustris	31
SRR14919236	Porphyromonas_somerae	9
SRR14919245	Carboxydothermus_ferrireducens	1
SRR14919239	Lactococcus_lactis	103
SRR14919243	Peptoniphilus_tyrrelliae	57
SRR14919236	Anaeroplasma_varium	5
SRR14919244	Holospora_curviuscula	3
SRR14919236	Lactobacillus_coryniformis	1
SRR14919245	Myroides_odoratimimus	2
SRR14919244	Anaerococcus_obesiensis	1
SRR14919240	Pseudaminobacter_salicylatoxidans	2
SRR14919240	Tetragenococcus_solitarius	1
SRR14919238	Pelistega_europaea	1
SRR14919237	Criblamydia_sequanensis	1
SRR14919237	Paenibacillus_durus	1
SRR14919240	Jahnella_thaxteri	1
SRR14919246	Desulfotomaculum_acetoxidans	2
SRR14919242	Marinobacter_hydrocarbonoclasticus	2
SRR14919238	Caloranaerobacter_azorensis	6
SRR14919238	Leadbetterella_byssophila	3
SRR14919236	Fusobacterium_perfoetens	1
SRR14919242	Sporacetigenium_mesophilum	1
SRR14919240	Desulfovibrio_bastinii	80
SRR14919235	Eubacterium_nodatum	2
SRR14919245	Haemophilus_parainfluenzae	4
SRR14919242	Campylobacter_lanienae	1
SRR14919240	Paracoccus_versutus	3
SRR14919239	Borrelia_spielmanii	1
SRR14919239	Alcaligenes_faecalis	3
SRR14919238	Thalassospira_lucentensis	1
SRR14919242	Dethiobacter_alkaliphilus	7
SRR14919244	Methanococcoides_methylutens	23
SRR14919241	Clostridium_cocleatum	9
SRR14919244	Borrelia_crocidurae	1
SRR14919245	Cohnella_thailandensis	1
SRR14919243	Bacillus_humi	14
SRR14919243	Methanococcoides_methylutens	19
SRR14919242	Thermoanaerobacter_cellulolyticus	9
SRR14919239	Kushneria_indalinina	10
SRR14919237	Parabacteroides_gordonii	249
SRR14919239	Arthrobacter_flavus	1
SRR14919245	Carnobacterium_maltaromaticum	1
SRR14919242	Proteus_mirabilis	16
SRR14919239	Desulfotomaculum_luciae	1
SRR14919235	Lysobacter_dokdonensis	1
SRR14919245	Desulfotomaculum_peckii	2
SRR14919243	Edwardsiella_tarda	1
SRR14919242	Sulfobacillus_acidophilus	16
SRR14919241	Prevotella_corporis	4
SRR14919239	Dethiosulfovibrio_salsuginis	1
SRR14919239	Clostridium_pasteurianum	3
SRR14919245	Alkalibaculum_bacchi	1
SRR14919242	Gemmiger_formicilis	3788
SRR14919238	Hespellia_stercorisuis	22
SRR14919236	Mycoplasma_haemofelis	2
SRR14919235	Simiduia_areninigrae	1
SRR14919243	Clostridium_amygdalinum	1
SRR14919241	Paenibacillus_pabuli	73
SRR14919238	Corynebacterium_diphtheriae	7
SRR14919242	Xenorhabdus_hominickii	1
SRR14919241	Bacillus_algicola	262
SRR14919241	Clostridium_stercorarium	3
SRR14919239	Desulfomicrobium_apsheronum	1
SRR14919242	Eubacterium_ruminantium	721
SRR14919245	Aggregatibacter_segnis	5
SRR14919244	Clostridium_methylpentosum	89
SRR14919243	Agarivorans_albus	5
SRR14919243	Enterococcus_eurekensis	8
SRR14919245	Actinomyces_odontolyticus	4
SRR14919239	Streptococcus_macacae	1
SRR14919240	Megasphaera_micronuciformis	5
SRR14919239	Desulfotomaculum_reducens	3
SRR14919238	Oscillospira_guilliermondii	1723
SRR14919236	Coriobacterium_glomerans	1
SRR14919246	Dendrosporobacter_quercicolus	1
SRR14919245	Pontibacter_korlensis	1
SRR14919244	Tenacibaculum_ovolyticum	1
SRR14919240	Leisingera_methylohalidivorans	1
SRR14919235	Coxiella_burnetii	2
SRR14919241	Wautersiella_falsenii	1
SRR14919238	Acinetobacter_bouvetii	1
SRR14919241	Halocella_cellulosilytica	1
SRR14919235	Anaerofilum_pentosovorans	1
SRR14919243	Acidithiobacillus_thiooxidans	3
SRR14919243	Lutimaribacter_saemankumensis	1
SRR14919241	Dorea_longicatena	5
SRR14919240	Campylobacter_rectus	31
SRR14919237	Methanoculleus_bourgensis	76
SRR14919236	Ruminococcus_bromii	360
SRR14919240	Lactobacillus_hominis	16
SRR14919236	Dichotomicrobium_thermohalophilum	1
SRR14919242	Brevibacterium_linens	10
SRR14919240	Clostridium_paradoxum	5
SRR14919240	Stenotrophomonas_maltophilia	15
SRR14919239	Clostridium_bolteae	1
SRR14919244	Caloramator_proteoclasticus	1
SRR14919244	Alistipes_shahii	1018
SRR14919240	Clostridium_thermocellum	116
SRR14919245	Pseudomonas_aeruginosa	3
SRR14919237	Bacillus_amyloliquefaciens	1
SRR14919236	Enterococcus_faecium	14
SRR14919240	Prevotella_nigrescens	2
SRR14919237	Bacteroides_helcogenes	19
SRR14919246	Caloramator_mitchellensis	1
SRR14919246	Treponema_socranskii	4
SRR14919238	Prevotella_amnii	1
SRR14919244	Actinomyces_denticolens	1
SRR14919242	Leptospirillum_ferrodiazotrophum	2
SRR14919237	Clostridium_elmenteitii	1
SRR14919244	Schlesneria_paludicola	1
SRR14919241	Haloquadratum_walsbyi	1
SRR14919238	Campylobacter_curvus	1
SRR14919237	Orbus_sasakiae	1
SRR14919235	Trachelomonas_similis	1
SRR14919246	Halobacterium_salinarum	14
SRR14919244	Prevotella_oulorum	15
SRR14919243	Pyrobaculum_aerophilum	53
SRR14919246	Actinomyces_turicensis	1
SRR14919240	Desulfacinum_hydrothermale	1
SRR14919240	Cardiobacterium_hominis	1
SRR14919239	Stenotrophomonas_maltophilia	5
SRR14919238	Bacteroides_coprocola	52
SRR14919236	Catenibacterium_mitsuokai	9
SRR14919242	Oxalobacter_vibrioformis	1
SRR14919240	Clostridium_nexile	122
SRR14919238	Stenotrophomonas_maltophilia	11
SRR14919242	Marinilabilia_salmonicolor	3
SRR14919240	Clostridium_estertheticum	176
SRR14919239	Mycoplasma_zalophi	1
SRR14919238	Anaerosalibacter_bizertensis	3
SRR14919246	Mycoplasma_haemomuris	1
SRR14919245	Solitalea_koreensis	1
SRR14919236	Desulfosporosinus_meridiei	1
SRR14919245	Lactobacillus_iners	1
SRR14919237	Anaerosalibacter_bizertensis	13
SRR14919239	Eubacterium_cellulosolvens	18
SRR14919238	Peptoniphilus_methioninivorax	1
SRR14919235	Roseateles_depolymerans	1
SRR14919241	Methanococcoides_burtonii	1
SRR14919246	Natronovirga_wadinatrunensis	1
SRR14919242	Prevotella_copri	4
SRR14919237	Agarivorans_gilvus	1
SRR14919236	Anaerostipes_butyraticus	28
SRR14919245	Natronovirga_wadinatrunensis	2
SRR14919238	Clostridium_methoxybenzovorans	3
SRR14919236	Thiohalospira_halophila	12
SRR14919246	Clostridium_saccharolyticum	4
SRR14919238	Campylobacter_rectus	31
SRR14919242	Bifidobacterium_stellenboschense	5
SRR14919238	Streptomyces_albogriseolus	1
SRR14919237	Paenibacillus_hordei	109
SRR14919246	Kocuria_flava	1
SRR14919246	Microbacterium_takaoensis	1
SRR14919245	Ruminococcus_gnavus	194
SRR14919236	Clostridium_saccharolyticum	43
SRR14919240	Clostridium_termitidis	6
SRR14919238	Sedimentibacter_saalensis	6
SRR14919246	Ruminococcus_gauvreauii	1
SRR14919236	Herminiimonas_arsenicoxydans	2
SRR14919244	Bacteroides_oleiciplenus	32
SRR14919240	Streptobacillus_moniliformis	1
SRR14919239	Strombomonas_acuminata	4
SRR14919239	Clostridium_histolyticum	3
SRR14919237	Bacteroides_caccae	57
SRR14919239	Blautia_schinkii	124
SRR14919241	Halorhabdus_utahensis	1
SRR14919245	Pseudoflavonifractor_capillosus	43
SRR14919242	Sphaerochaeta_coccoides	1
SRR14919241	Oxalophagus_oxalicus	4
SRR14919241	Eggerthella_lenta	69
SRR14919240	Streptococcus_oligofermentans	14
SRR14919243	Labrys_wisconsinensis	1
SRR14919240	Reichenbachiella_agariperforans	1
SRR14919246	Actinomadura_catellatispora	6
SRR14919242	Desulfonatronovibrio_hydrogenovorans	1
SRR14919242	Clostridium_novyi	1
SRR14919238	Lactobacillus_aviarius	1
SRR14919238	Aliifodinibius_sediminis	4
SRR14919245	Bacteroides_massiliensis	33
SRR14919242	Chitinophaga_oryziterrae	1
SRR14919239	Streptobacillus_moniliformis	1
SRR14919246	Methanococcoides_methylutens	18
SRR14919236	Clostridium_cellulosi	2
SRR14919235	Facklamia_ignava	3
SRR14919245	Methanococcoides_methylutens	17
SRR14919242	Mycoplasma_feliminutum	3
SRR14919236	Capnocytophaga_canimorsus	1
SRR14919238	Clostridium_tertium	7
SRR14919237	Bacteroides_stercorirosoris	10
SRR14919245	Pseudomonas_alcaligenes	52
SRR14919245	Acinetobacter_junii	4
SRR14919235	Thermocrinis_ruber	1
SRR14919245	Pylaiella_littoralis	3
SRR14919239	Lactobacillus_siliginis	1
SRR14919239	Clostridium_cochlearium	2
SRR14919238	Succiniclasticum_ruminis	1
SRR14919246	Spirochaeta_aurantia	1
SRR14919243	Marinivirga_aestuarii	1
SRR14919243	Hydrogenoanaerobacterium_saccharovorans	69
SRR14919242	Natronococcus_yunnanense	1
SRR14919239	Fulvivirga_kasyanovii	2
SRR14919238	Fervidicoccus_fontis	2
SRR14919244	Pseudomonas_jessenii	1
SRR14919243	Exiguobacterium_indicum	1
SRR14919242	Pseudobutyrivibrio_ruminis	2
SRR14919244	Mycoplasma_verecundum	1
SRR14919240	Scherffelia_dubia	1
SRR14919240	Melioribacter_roseus	3
SRR14919236	Acetobacter_estunensis	40
SRR14919245	Euglena_gracilis	1
SRR14919245	Enhygromyxa_salina	28
SRR14919241	Hassallia_byssoidea	1
SRR14919239	Eubostrichus_dianeae	1
SRR14919244	Cyanidium_caldarium	1
SRR14919242	Streptomyces_phaeochromogenes	223
SRR14919240	Nonlabens_dokdonensis	1
SRR14919239	Tepidibacter_mesophilus	2
SRR14919236	Pleurocapsa_concharum	1
SRR14919243	Methanosphaera_cuniculi	2
SRR14919241	Haemophilus_haemoglobinophilus	1
SRR14919245	Methanocella_arvoryzae	1
SRR14919244	Helicobacter_pylori	211
SRR14919243	Syntrophobotulus_glycolicus	2
SRR14919241	Reclinomonas_americana	55
SRR14919239	Oxalophagus_oxalicus	2
SRR14919239	Geminocystis_papuanica	5
SRR14919242	Corynebacterium_aurimucosum	14
SRR14919236	Emticicia_ginsengisoli	2
SRR14919240	Blautia_hansenii	33
SRR14919243	Brevibacillus_parabrevis	16
SRR14919239	Oceanirhabdus_sediminicola	2
SRR14919238	Actinomyces_odontolyticus	7
SRR14919235	Desulfobacterium_autotrophicum	1
SRR14919239	Sporanaerobacter_acetigenes	1
SRR14919243	Paenibacillus_mucilaginosus	1
SRR14919242	Moorella_glycerini	1
SRR14919242	Stenotrophomonas_maltophilia	24
SRR14919237	Actinomyces_ruminicola	1
SRR14919235	Borrelia_burgdorferi	1
SRR14919238	Castellaniella_defragrans	1
SRR14919235	Zavarzinia_compransoris	2
SRR14919245	Arcobacter_cibarius	1
SRR14919243	Haemophilus_haemolyticus	2
SRR14919241	Stenotrophomonas_maltophilia	12
SRR14919241	Clostridium_disporicum	190
SRR14919246	Clostridium_papyrosolvens	2
SRR14919245	Bacteroides_salanitronis	49
SRR14919236	Nitrosomonas_ureae	1
SRR14919241	Psychrobacter_maritimus	2
SRR14919245	Verrucomicrobium_spinosum	4
SRR14919238	Calditerricola_yamamurae	1
SRR14919236	Acidaminobacter_hydrogenoformans	4
SRR14919245	Desulfocapsa_thiozymogenes	1
SRR14919243	Polaromonas_vacuolata	20
SRR14919238	Cloacibacillus_porcorum	1
SRR14919243	Caldivirga_maquilingensis	1
SRR14919241	Ruminococcus_albus	8
SRR14919238	Desulfitispora_alkaliphila	3
SRR14919235	Halothiobacillus_hydrothermalis	1
SRR14919246	Treponema_caldaria	1
SRR14919243	Natranaerovirga_pectinivora	18
SRR14919242	Desulfovibrio_halophilus	132
SRR14919237	Bacteroides_pyogenes	7
SRR14919243	Clostridium_xylanovorans	1
SRR14919239	Paenibacillus_pabuli	69
SRR14919243	Lewinella_agarilytica	14
SRR14919242	Bifidobacterium_biavatii	3
SRR14919240	Herminiimonas_arsenicoxydans	1
SRR14919239	Anaerosalibacter_bizertensis	1
SRR14919236	Paenibacillus_polymyxa	5
SRR14919244	Brevundimonas_diminuta	1
SRR14919244	Garciella_nitratireducens	2
SRR14919235	Clostridium_bartlettii	91
SRR14919239	Fusobacterium_nucleatum	6
SRR14919246	Emticicia_oligotrophica	5
SRR14919243	Myroides_pelagicus	1
SRR14919240	Pelobacter_massiliensis	2
SRR14919235	Mycoplasma_buccale	110
SRR14919242	Veillonella_dispar	5
SRR14919238	Gracilimonas_tropica	1
SRR14919238	Pelotomaculum_isophthalicicum	2
SRR14919246	Bacteroides_uniformis	12875
SRR14919244	Fervidicola_ferrireducens	1
SRR14919239	Butyricimonas_synergistica	5
SRR14919237	Bacteroides_heparinolyticus	6
SRR14919243	Caedibacter_caryophilus	22
SRR14919237	Blattabacterium_relictus	25
SRR14919244	Armatimonas_rosea	6
SRR14919242	Streptomyces_caelestis	1
SRR14919238	Herminiimonas_arsenicoxydans	4
SRR14919237	Marinomonas_brasiliensis	2
SRR14919246	Lishizhenia_caseinilytica	1
SRR14919242	Advenella_kashmirensis	1
SRR14919236	Cellulophaga_tyrosinoxydans	1
SRR14919244	Eubacterium_rectale	415
SRR14919240	Pedobacter_boryungensis	2
SRR14919235	Alistipes_finegoldii	3
SRR14919242	Trachelomonas_volvocina	2
SRR14919241	Parapedobacter_pyrenivorans	1
SRR14919236	Clostridium_algoriphilum	6
SRR14919235	Sulfurivirga_caldicuralii	1
SRR14919245	Desulfotomaculum_gibsoniae	8
SRR14919242	Isochromatium_buderi	1
SRR14919245	Dethiosulfovibrio_salsuginis	1
SRR14919240	Blastopirellula_marina	2
SRR14919236	Roseomonas_rosea	1
SRR14919239	Bifidobacterium_stellenboschense	2
SRR14919235	Sulfurihydrogenibium_yellowstonense	1
SRR14919236	Marinobacter_hydrocarbonoclasticus	1
SRR14919245	Thermotalea_metallivorans	47
SRR14919244	Dethiosulfovibrio_salsuginis	1
SRR14919238	Alicyclobacillus_acidoterrestris	1
SRR14919242	Pseudomonas_putida	4
SRR14919242	Proteiniphilum_acetatigenes	7
SRR14919235	Acinetobacter_parvus	1
SRR14919236	Aeromonas_hydrophila	3
SRR14919245	Enterococcus_columbae	2
SRR14919239	Corynebacterium_jeikeium	1
SRR14919238	Aggregatibacter_actinomycetemcomitans	2
SRR14919237	Flammeovirga_kamogawensis	2
SRR14919242	Anaerofilum_agile	7
SRR14919236	Lactobacillus_paraplantarum	1
SRR14919236	Ferroplasma_acidarmanus	1
SRR14919236	Blattabacterium_punctulatus	3
SRR14919235	Roseburia_faecis	1121
SRR14919246	Paenibacillus_zanthoxyli	1
SRR14919236	Roseiflexus_castenholzii	1
SRR14919246	Tissierella_creatinini	2
SRR14919246	Paenibacillus_borealis	2
SRR14919241	Desulfovibrio_simplex	1
SRR14919236	Cronobacter_dublinensis	2
SRR14919238	Clostridium_josui	1
SRR14919237	Polynucleobacter_cosmopolitanus	1
SRR14919236	Pilibacter_termitis	2
SRR14919246	Prevotella_maculosa	21
SRR14919245	Rhodocytophaga_aerolata	1
SRR14919239	Neisseria_animalis	37
SRR14919235	Dethiobacter_alkaliphilus	1
SRR14919246	Leptospirillum_ferrooxidans	1
SRR14919245	Treponema_amylovorum	18
SRR14919240	Fabibacter_halotolerans	1
SRR14919246	Halolactibacillus_alkaliphilus	1
SRR14919242	Desulfotalea_psychrophila	366
SRR14919236	Stanieria_cyanosphaera	1
SRR14919245	Actinomyces_graevenitzii	2
SRR14919242	Thermogladius_shockii	136
SRR14919238	Leptotrichia_trevisanii	2
SRR14919237	Mycoplasma_penetrans	1
SRR14919236	Anaerococcus_lactolyticus	1
SRR14919236	Leptospirillum_ferrooxidans	2
SRR14919246	Bacteroides_coprophilus	12
SRR14919245	Clostridium_islandicum	22
SRR14919241	Crenothrix_polyspora	1
SRR14919244	Chitinophaga_terrae	1
SRR14919238	Xylella_fastidiosa	145
SRR14919237	Desulfosporosinus_burensis	2
SRR14919235	Sulfobacillus_acidophilus	13
SRR14919243	Blautia_luti	1180
SRR14919242	Geobacter_uraniireducens	1
SRR14919242	Paenibacillus_timonensis	1
SRR14919241	Prevotella_oralis	1
SRR14919236	Agromyces_italicus	1
SRR14919246	Jonesia_denitrificans	1
SRR14919235	Balneola_alkaliphila	1
SRR14919243	Variovorax_paradoxus	1
SRR14919241	Gemella_cuniculi	1
SRR14919238	Hymenobacter_psychrophilus	1
SRR14919245	Coprococcus_eutactus	7
SRR14919241	Alkaliphilus_transvaalensis	1
SRR14919238	Gemella_bergeri	6
SRR14919237	Caloranaerobacter_azorensis	2
SRR14919243	Selenihalanaerobacter_shriftii	2
SRR14919243	Olivibacter_ginsengisoli	22
SRR14919236	Thermoanaerobaculum_aquaticum	1
SRR14919235	Actinomadura_catellatispora	2
SRR14919244	Stenotrophomonas_maltophilia	9
SRR14919242	Wolbachia_pipientis	1
SRR14919242	Actinomadura_rubrobrunea	1
SRR14919240	Starria_zimbabweensis	1
SRR14919241	Clostridium_acidurici	1
SRR14919241	Burkholderia_tropica	12
SRR14919240	Erythrobacter_nanhaisediminis	1
SRR14919243	Stenotrophomonas_maltophilia	10
SRR14919237	Desulfovibrio_idahonensis	1
SRR14919243	Caldicellulosiruptor_kronotskyensis	1
SRR14919238	Calothrix_desertica	1
SRR14919235	Duganella_zoogloeoides	1
SRR14919245	Euptilota_molle	1
SRR14919242	Anaerosalibacter_bizertensis	6
SRR14919235	Dichotomicrobium_thermohalophilum	1
SRR14919246	Bacillus_firmus	37
SRR14919242	Terrimonas_aquatica	2
SRR14919237	Pseudomonas_rhizosphaerae	1
SRR14919238	Roseococcus_thiosulfatophilus	1
SRR14919241	Mesoplasma_photuris	8
SRR14919240	Clostridium_oroticum	58
SRR14919243	Escherichia/Shigella_coli	6
SRR14919238	Clostridium_celerecrescens	9
SRR14919239	Edwardsiella_tarda	1
SRR14919236	Treponema_denticola	77
SRR14919244	Coprococcus_comes	247
SRR14919240	Methanoregula_boonei	1
SRR14919239	Psychrobacter_maritimus	3
SRR14919237	Bibersteinia_trehalosi	1
SRR14919242	Herminiimonas_arsenicoxydans	2
SRR14919239	Caloramator_mitchellensis	2
SRR14919245	Idiomarina_xiamenensis	2
SRR14919238	Trigonala_elaeagnus	3
SRR14919244	Odoribacter_laneus	30
SRR14919246	Desulfurispirillum_indicum	1
SRR14919241	Hespellia_porcina	1
SRR14919238	Melioribacter_roseus	2
SRR14919244	Laribacter_hongkongensis	3
SRR14919240	Caloramator_fervidus	10
SRR14919239	Aggregatibacter_segnis	1
SRR14919237	Oscillospira_guilliermondii	1936
SRR14919244	Bryobacter_aggregatus	1
SRR14919241	Mycoplasma_canis	3
SRR14919239	Bacillus_pumilus	73
SRR14919243	Atopococcus_tabaci	1
SRR14919236	Desulfotomaculum_guttoideum	4
SRR14919242	Cobetia_marina	3
SRR14919240	Flavobacterium_johnsoniae	1
SRR14919237	Garciella_nitratireducens	2
SRR14919238	Clostridium_intestinale	3
SRR14919243	Brevibacterium_siliguriense	1
SRR14919245	Roseburia_cecicola	1
SRR14919244	Sphingobacterium_siyangense	2
SRR14919237	Haloarcula_sinaiiensis	2
SRR14919241	Aminobacterium_colombiense	1
SRR14919240	Clostridium_sporogenes	13
SRR14919236	Desulforhopalus_vacuolatus	1
SRR14919235	Clostridium_ultunense	1
SRR14919246	Prevotella_baroniae	1
SRR14919246	Selenomonas_ruminantium	35
SRR14919243	Aeromonas_salmonicida	1
SRR14919242	Burkholderia_vietnamiensis	1
SRR14919238	Pelobacter_massiliensis	3
SRR14919237	Staphylococcus_lentus	2
SRR14919237	Acanthopleuribacter_pedis	2
SRR14919235	Caloramator_uzoniensis	1
SRR14919244	Rhizobium_leguminosarum	3
SRR14919244	Aerococcus_viridans	2
SRR14919240	Ureibacillus_suwonensis	1
SRR14919239	Pseudomonas_aeruginosa	3
SRR14919236	Chryseobacterium_greenlandense	19
SRR14919245	Lactobacillus_sakei	1
SRR14919243	Rhizobium_galegae	1
SRR14919243	Filifactor_alocis	1
SRR14919242	Lachnobacterium_bovis	223
SRR14919237	Blautia_producta	10
SRR14919246	Bacteroides_graminisolvens	1
SRR14919245	Eubacterium_xylanophilum	240
SRR14919238	Clostridium_paraputrificum	1
SRR14919238	Clostridium_oroticum	156
SRR14919240	Pedobacter_ginsengisoli	1
SRR14919246	Methanolobus_vulcani	2
SRR14919244	Clostridium_jejuense	2
SRR14919244	Cyanoptyche_gloeocystis	30
SRR14919241	Bryopsis_hypnoides	64
SRR14919237	Pyrobaculum_aerophilum	25
SRR14919244	Bacteroides_gallinarum	9
SRR14919243	Planktothrix_rubescens	8
SRR14919243	Arcicella_rigui	96
SRR14919241	Staphylococcus_pasteuri	1
SRR14919237	Deinococcus_pimensis	1
SRR14919235	Tunicatimonas_pelagia	1
SRR14919246	Bacteroides_nordii	188
SRR14919239	Leptolinea_tardivitalis	1
SRR14919245	Mogibacterium_timidum	3
SRR14919242	Bifidobacterium_dentium	2
SRR14919242	Kocuria_marina	1
SRR14919238	Microbulbifer_yueqingensis	1
SRR14919236	Clostridium_nexile	37
SRR14919238	Prevotella_buccae	2
SRR14919238	Caloramator_fervidus	13
SRR14919236	Euglena_cuneata	2
SRR14919246	Blattabacterium_punctulatus	1
SRR14919243	Alcanivorax_balearicus	1
SRR14919244	Actinomyces_hominis	1
SRR14919240	Prevotella_veroralis	1
SRR14919239	Oscillibacter_valericigenes	7420
SRR14919242	Acetivibrio_cellulolyticus	111
SRR14919241	Streptococcus_anginosus	1
SRR14919240	Pandoraea_sputorum	1
SRR14919240	Euzebya_tangerina	11
SRR14919245	Clostridium_saccharolyticum	10
SRR14919244	Clostridium_populeti	2
SRR14919235	Clostridium_saccharolyticum	28
SRR14919244	Parabacteroides_merdae	3409
SRR14919243	Acinetobacter_baumannii	91
SRR14919240	Euglena_gracilis	2
SRR14919238	Nonomuraea_soli	2
SRR14919235	Enterococcus_mundtii	3
SRR14919243	Thermoactinomyces_albus	2
SRR14919239	Desulfococcus_niacini	8
SRR14919246	Enterococcus_aquimarinus	5
SRR14919242	Oxobacter_pfennigii	59
SRR14919239	Paenibacillus_fonticola	1
SRR14919239	Roseivirga_spongicola	1
SRR14919238	Cohnella_soli	1
SRR14919235	Bacteroides_acidifaciens	105
SRR14919243	Avibacterium_gallinarum	5
SRR14919245	Lactobacillus_panis	4
SRR14919241	Adhaeribacter_terreus	37
SRR14919238	Pseudomonas_putida	7
SRR14919235	Pseudoalteromonas_arctica	1
SRR14919243	Bacteroides_dorei	567
SRR14919241	Dysgonomonas_wimpennyi	1
SRR14919239	Vibrio_coralliilyticus	1
SRR14919246	Stenotrophomonas_maltophilia	3
SRR14919240	Flavonifractor_plautii	207
SRR14919245	Actinomadura_catellatispora	8
SRR14919243	Meiothermus_rufus	1
SRR14919243	Helicobacter_fennelliae	5
SRR14919241	Treponema_zioleckii	2
SRR14919237	Ohtaekwangia_kribbensis	2
SRR14919245	Stenotrophomonas_maltophilia	5
SRR14919242	Bifidobacterium_bifidum	295
SRR14919241	Bacteroides_rodentium	179
SRR14919246	Hydrotalea_sandarakina	1
SRR14919244	Anaerosalibacter_bizertensis	1
SRR14919242	Fervidobacterium_nodosum	1
SRR14919240	Brasilonema_roberti-lamyi	1
SRR14919240	Alistipes_senegalensis	115
SRR14919239	Clostridium_aldrichii	1
SRR14919240	Catellicoccus_marimammalium	1
SRR14919238	Prevotella_veroralis	1
SRR14919238	Weissella_fabaria	1
SRR14919238	Anaerostipes_caccae	6
SRR14919237	Ruminobacillus_xylanolyticum	1
SRR14919236	Mycoplasma_feliminutum	4
SRR14919240	Bilophila_wadsworthia	6
SRR14919246	Bacteroides_zoogleoformans	11
SRR14919237	Euglena_mutabilis	10
SRR14919236	Cellulophaga_algicola	2
SRR14919244	Acetanaerobacterium_elongatum	19
SRR14919239	Ralstonia_mannitolilytica	1
SRR14919237	Arcicella_rosea	1
SRR14919245	Actinomyces_europaeus	1
SRR14919241	Euglenaria_anabaena	3
SRR14919239	Clostridium_papyrosolvens	3
SRR14919244	Herminiimonas_arsenicoxydans	2
SRR14919242	Glycomyces_harbinensis	1
SRR14919240	Prevotella_falsenii	2
SRR14919243	Lactobacillus_homohiochii	1
SRR14919242	Adhaeribacter_aerophilus	10
SRR14919237	Corynebacterium_diphtheriae	8
SRR14919235	Clostridium_cadaveris	1
SRR14919235	Haladaptatus_paucihalophilus	2
SRR14919245	Sphingobacterium_mizutaii	68
SRR14919236	Escherichia/Shigella_coli	50
SRR14919242	Moorella_thermoacetica	3
SRR14919243	Actinomadura_viridis	1
SRR14919242	Helcococcus_sueciensis	5
SRR14919240	Desulfovibrio_capillatus	1
SRR14919242	Pyramidobacter_piscolens	1
SRR14919242	Syntrophobotulus_glycolicus	4
SRR14919245	Leucobacter_chironomi	1
SRR14919241	Nevskia_ramosa	1
SRR14919241	Corynebacterium_aurimucosum	4
SRR14919240	Petrimonas_sulfuriphila	6
SRR14919239	Methanocella_arvoryzae	1
SRR14919235	Reclinomonas_americana	63
SRR14919245	Mycobacterium_moriokaense	1
SRR14919242	Microcystis_panniformis	64
SRR14919238	Lactobacillus_salivarius	30
SRR14919239	Slackia_exigua	1
SRR14919236	Moryella_indoligenes	5
SRR14919245	Calochaete_cimrmanii	50
SRR14919240	Psychromonas_macrocephali	1
SRR14919239	Clostridium_aestuarii	1
SRR14919241	Peptococcus_niger	1
SRR14919239	Erwinia_mallotivora	2
SRR14919239	Burkholderia_tropica	10
SRR14919235	Ruegeria_mobilis	70
SRR14919243	Symbiobacterium_toebii	4
SRR14919235	Clostridium_disporicum	141
SRR14919241	Selenomonas_lacticifex	2
SRR14919238	Paenibacillus_chinjuensis	1
SRR14919235	Marinoscillum_pacificum	3
SRR14919242	Silvimonas_iriomotensis	1
SRR14919236	Saccharibacillus_sacchari	1
SRR14919236	Coprobacter_fastidiosus	315
SRR14919246	Lishizhenia_tianjinensis	2
SRR14919242	Tepidimicrobium_xylanilyticum	11
SRR14919240	Peptoclostridium_difficile	64
SRR14919236	Flavobacterium_ummariense	1
SRR14919238	Paracoccus_isoporae	1
SRR14919240	Sporolactobacillus_vineae	1
SRR14919236	Kushneria_avicenniae	1
SRR14919246	Lactobacillus_ruminis	86
SRR14919240	Anaerotruncus_colihominis	542
SRR14919238	Megasphaera_hominis	101
SRR14919246	Cytophaga_aurantiaca	1
SRR14919244	Lactobacillus_brevis	3
SRR14919239	Pelosinus_fermentans	1
SRR14919238	Simkania_negevensis	1
SRR14919239	Spiribacter_salinus	1
SRR14919240	Clostridium_pascui	4
SRR14919237	Pyrobaculum_arsenaticum	1
SRR14919237	Ruminococcus_albus	27733
SRR14919242	Magnetococcus_marinus	1
SRR14919238	Pedobacter_boryungensis	2
SRR14919245	Caloramator_australicus	6
SRR14919244	Eremococcus_coleocola	1
SRR14919244	Enterococcus_viikkiensis	1
SRR14919242	Methanobrevibacter_gottschalkii	1
SRR14919242	Clostridium_lituseburense	1
SRR14919238	Thermotalea_metallivorans	37
SRR14919245	Ilyobacter_psychrophilus	1
SRR14919237	Haladaptatus_litoreus	1
SRR14919246	Cryptosporangium_japonicum	1
SRR14919244	Acidithiobacillus_thiooxidans	2
SRR14919244	Desulfovibrio_vulgaris	1
SRR14919238	Veillonella_dispar	3
SRR14919236	Proteocatella_sphenisci	3
SRR14919245	Mycobacterium_doricum	1
SRR14919244	Pasteurella_multocida	52
SRR14919244	Providencia_rettgeri	1
SRR14919242	Desulfurispora_thermophila	10
SRR14919241	Turicibacter_sanguinis	9
SRR14919244	Enterorhabdus_mucosicola	2
SRR14919242	Thermicanus_aegyptius	1
SRR14919246	Anaerofilum_pentosovorans	1
SRR14919245	Lactobacillus_amylovorus	1
SRR14919242	Parabacteroides_chartae	4
SRR14919240	Thermoanaerobacter_cellulolyticus	2
SRR14919236	Clostridium_aminophilum	3
SRR14919240	Staphylococcus_aureus	4
SRR14919237	Bacillus_subtilis	5
SRR14919238	Methanobrevibacter_oralis	2
SRR14919238	Staphylococcus_epidermidis	50
SRR14919237	Parvimonas_micra	1
SRR14919244	Clostridium_scindens	67
SRR14919235	Desulfotalea_psychrophila	242
SRR14919244	Brevibacterium_casei	1
SRR14919242	Methanolobus_oregonensis	1
SRR14919239	Quatrionicoccus_australiensis	1
SRR14919240	Paracoccus_kamogawaensis	1
SRR14919239	Bergeyella_zoohelcum	1
SRR14919246	Clostridium_piliforme	2
SRR14919241	Streptococcus_troglodytidis	1
SRR14919239	Cerasicoccus_frondis	2
SRR14919242	Euglena_schmitzii	1
SRR14919238	Actinobaculum_schaalii	2
SRR14919246	Anaerosalibacter_bizertensis	1
SRR14919235	Blattabacterium_punctulatus	1
SRR14919246	Clostridium_limosum	33
SRR14919243	Bacillus_thermocloaceae	132
SRR14919242	Bifidobacterium_minimum	1
SRR14919242	Tenacibaculum_amylolyticum	1
SRR14919236	Clostridium_hylemonae	2295
SRR14919244	Halomonas_maura	7
SRR14919242	Pseudendoclonium_akinetum	2
SRR14919238	Rubrobacter_radiotolerans	1
SRR14919236	Veillonella_magna	2
SRR14919243	Bacteroides_pectinophilus	1
SRR14919240	Weissella_confusa	4
SRR14919246	Bacteroides_stercorirosoris	22
SRR14919246	Alkalibacter_saccharofermentans	3
SRR14919244	Acidilobus_sulfurireducens	14
SRR14919243	Lactobacillus_kunkeei	115
SRR14919240	Clostridium_tetani	3
SRR14919235	Anaerorhabdus_furcosa	32
SRR14919243	Thermobrachium_celere	5
SRR14919237	Pseudomonas_filiscindens	3
SRR14919236	Bacteroides_stercorirosoris	38
SRR14919236	Lepocinclis_tripteris	2
SRR14919245	Lactobacillus_plantarum	1
SRR14919245	Serratia_marcescens	1
SRR14919244	Lactobacillus_apodemi	2
SRR14919238	Haladaptatus_paucihalophilus	1
SRR14919243	Bifissio_spartinae	1
SRR14919243	Lutispora_thermophila	80
SRR14919240	Methanoculleus_receptaculi	1
SRR14919246	Hyphomicrobium_chloromethanicum	2
SRR14919237	Haladaptatus_paucihalophilus	1
SRR14919235	Leptospirillum_ferrooxidans	1
SRR14919241	Thermoplasma_volcanium	1
SRR14919246	Staphylococcus_felis	1
SRR14919245	Eubacterium_yurii	2
SRR14919244	Altererythrobacter_indicus	32
SRR14919243	Parabacteroides_distasonis	25784
SRR14919239	Clostridium_islandicum	9
SRR14919235	Methanocella_conradii	159
SRR14919242	Weissella_cibaria	95
SRR14919239	Actinobacillus_succinogenes	2
SRR14919236	Glaciecola_polaris	1
SRR14919236	Dolichospermum_affine	1
SRR14919241	Thermothrix_thiopara	1
SRR14919241	Streptococcus_oligofermentans	5
SRR14919241	Thalassomonas_actiniarum	81
SRR14919238	Lewinella_persica	1
SRR14919237	Mucilaginibacter_litoreus	1
SRR14919246	Cylindrospermopsis_raciborskii	1
SRR14919240	Alkaliphilus_transvaalensis	2
SRR14919240	Microcystis_flos-aquae	2
SRR14919239	Clostridium_tetanomorphum	4
SRR14919236	Methanopyrus_kandleri	1
SRR14919239	Cellulosilyticum_ruminicola	7
SRR14919246	Aeromonas_veronii	37
SRR14919243	Acholeplasma_palmae	4
SRR14919235	Pseudomonas_teessidea	3
SRR14919246	Haloarcula_salaria	1
SRR14919242	Paenibacillus_mucilaginosus	1
SRR14919243	Metallosphaera_sedula	2
SRR14919240	Fangia_hongkongensis	1
SRR14919237	Ureibacillus_composti	1
SRR14919236	Leuconostoc_citreum	1
SRR14919240	Streptococcus_pseudopneumoniae	2
SRR14919236	Clostridium_putrefaciens	8
SRR14919240	Lewinella_nigricans	1
SRR14919235	Methylocella_palustris	1
SRR14919241	Beijerinckia_derxii	30
SRR14919240	Pelotomaculum_thermopropionicum	2
SRR14919239	Porphyromonas_endodontalis	4
SRR14919241	Tetragenococcus_osmophilus	1
SRR14919240	Alloprevotella_tannerae	3
SRR14919237	Dysgonomonas_mossii	6
SRR14919241	Treponema_lecithinolyticum	33
SRR14919244	Mycoplasma_hyopneumoniae	2
SRR14919237	Actinobacillus_pleuropneumoniae	17
SRR14919236	Peptoniphilus_olsenii	1
SRR14919243	Streptomyces_phaeochromogenes	133
SRR14919242	Sporobacterium_olearium	1
SRR14919244	Haloferula_rosea	1
SRR14919242	Natranaerovirga_pectinivora	64
SRR14919240	Woodsholea_maritima	1
SRR14919239	Idiomarina_xiamenensis	1
SRR14919236	Atopobium_rimae	1
SRR14919236	Oscillospira_guilliermondii	43
SRR14919246	Sulfobacillus_acidophilus	9
SRR14919240	Methylobacterium_aquaticum	1
SRR14919239	Thermothrix_thiopara	1
SRR14919239	Rickettsia_akari	2
SRR14919242	Ralstonia_solanacearum	3
SRR14919241	Clostridium_aldenense	24
SRR14919235	Desulfotomaculum_guttoideum	8
SRR14919235	Moorella_humiferrea	1
SRR14919246	Mangroviflexus_xiamenensis	6
SRR14919241	Marinobacter_hydrocarbonoclasticus	1
SRR14919239	Agrococcus_lahaulensis	1
SRR14919237	Klebsiella_pneumoniae	20
SRR14919242	Streptomyces_noboritoensis	1
SRR14919238	Marinobacterium_stanieri	1
SRR14919235	Leptospira_meyeri	1
SRR14919244	Aureibacter_tunicatorum	3
SRR14919238	Lactobacillus_perolens	1
SRR14919235	Clostridium_lituseburense	1
SRR14919235	Bacillus_coagulans	2
SRR14919245	Alloprevotella_rava	1
SRR14919241	Pelodictyon_luteolum	1
SRR14919239	Cohnella_terrae	1
SRR14919239	Staphylococcus_pasteuri	2
SRR14919246	Bacteroides_heparinolyticus	54
SRR14919242	Caloramator_proteoclasticus	2
SRR14919235	Treponema_zuelzerae	3
SRR14919245	Cenarchaeum_symbiosum	164
SRR14919241	Virgibacillus_marismortui	13
SRR14919241	Pseudomonas_pictorum	96
SRR14919241	Leuconostoc_gelidum	1
SRR14919236	Bacteroides_heparinolyticus	37
SRR14919246	Lysinibacillus_odysseyi	2
SRR14919237	Thermogymnomonas_acidicola	151
SRR14919240	Lactobacillus_pontis	2
SRR14919236	Bacteroides_graminisolvens	3
SRR14919236	Mycoplasma_mobile	1
SRR14919243	Solitalea_canadensis	2
SRR14919240	Parapedobacter_pyrenivorans	1
SRR14919243	Bacteroides_fluxus	19
SRR14919242	Brachyspira_hyodysenteriae	1
SRR14919237	Coprococcus_catus	128
SRR14919235	Desulfotomaculum_gibsoniae	1
SRR14919243	Parapedobacter_soli	1
SRR14919245	Pseudomonas_fluorescens	13
SRR14919237	Xylanibacter_oryzae	1
SRR14919242	Desulfovibrio_cuneatus	2
SRR14919237	Bryopsis_hypnoides	32
SRR14919241	Proteiniphilum_acetatigenes	4
SRR14919236	Clostridium_pascui	2
SRR14919235	Xanthomonas_translucens	6
SRR14919238	Bacteroides_gallinarum	1
SRR14919237	Planktothrix_rubescens	2
SRR14919240	Spirochaeta_smaragdinae	1
SRR14919243	Brevibacterium_epidermidis	1
SRR14919242	Marininema_mesophilum	3
SRR14919245	Blattabacterium_punctulatus	4
SRR14919239	Bacteroides_coprosuis	5
SRR14919237	Streptococcus_dentapri	1
SRR14919236	Piscirickettsia_salmonis	2
SRR14919244	Rothia_mucilaginosa	3
SRR14919238	Clostridium_aminovalericum	27
SRR14919243	Guggenheimella_bovis	37
SRR14919241	Methanobrevibacter_arboriphilus	3
SRR14919238	Oscillibacter_valericigenes	24528
SRR14919235	Clostridium_hathewayi	291
SRR14919241	Colwellia_rossensis	1
SRR14919238	Stenoxybacter_acetivorans	1
SRR14919238	Vibrio_penaeicida	1
SRR14919239	Enterococcus_durans	1
SRR14919244	Mitsuokella_jalaludinii	2
SRR14919244	Clostridium_estertheticum	96
SRR14919241	Nitrospina_gracilis	1
SRR14919240	Chlamydia_suis	1
SRR14919236	Bacteroides_pectinophilus	4
SRR14919243	Porphyromonas_gulae	1
SRR14919239	Haladaptatus_paucihalophilus	1
SRR14919239	Desulfovibrio_desulfuricans	58
SRR14919239	Pseudomonas_pictorum	82
SRR14919237	Clostridium_botulinum	5
SRR14919242	Anaerovorax_odorimutans	7
SRR14919237	Clostridium_thermocellum	28
SRR14919236	Haemophilus_influenzae	3
SRR14919245	Clostridium_algidixylanolyticum	14
SRR14919245	Clostridium_thermosuccinogenes	6
SRR14919239	Ochromonas_danica	4
SRR14919238	Salinicoccus_albus	1
SRR14919245	Thiobacillus_plumbophilus	2
SRR14919245	Lysobacter_enzymogenes	41
SRR14919243	Mycoplasma_hominis	1
SRR14919236	Streptococcus_infantis	2
SRR14919235	Eubacterium_uniforme	15
SRR14919235	Streptomyces_ghanaensis	1
SRR14919246	Methanosaeta_concilii	2
SRR14919240	Staphylococcus_warneri	45
SRR14919246	Caloranaerobacter_azorensis	1
SRR14919246	Oribacterium_sinus	31
SRR14919244	Paraprevotella_clara	1649
SRR14919242	Pedobacter_duraquae	100
SRR14919241	Spiroplasma_ixodetis	1
SRR14919238	Caldicellulosiruptor_kronotskyensis	2
SRR14919235	Phormidium_irriguum	1
SRR14919246	Johnsonella_ignava	1
SRR14919244	Actinomadura_catellatispora	6
SRR14919242	Treponema_stenostrepta	6
SRR14919240	Centipeda_periodontii	1
SRR14919240	Ethanoligenens_harbinense	9
SRR14919238	Sphingobacterium_mizutaii	88
SRR14919235	Dysgonomonas_wimpennyi	1
SRR14919245	Allofustis_seminis	1
SRR14919244	Hydrocoleum_lyngbyaceum	1
SRR14919242	Victivallis_vadensis	1
SRR14919236	Caloranaerobacter_azorensis	4
SRR14919236	Psychrobacter_fozii	1
SRR14919244	Shewanella_upenei	1
SRR14919243	Lactobacillus_senioris	2
SRR14919241	Leuconostoc_mesenteroides	6
SRR14919240	Vibrio_harveyi	55
SRR14919245	Eggerthia_catenaformis	2
SRR14919243	Legionella_geestiana	1
SRR14919240	Halobacillus_profundi	1
SRR14919240	Cronobacter_sakazakii	2
SRR14919246	Vulcanithermus_mediatlanticus	1
SRR14919242	Clostridium_lundense	2
SRR14919240	Rubrobacter_bracarensis	1
SRR14919246	Volucribacter_psittacicida	5
SRR14919238	Petrimonas_sulfuriphila	2
SRR14919237	Cryptosporangium_aurantiacum	1
SRR14919244	Lactobacillus_murinus	3
SRR14919240	Peptoniphilus_indolicus	1
SRR14919237	Holdemania_filiformis	69
SRR14919236	Lactobacillus_nasuensis	1
SRR14919236	Escherichia/Shigella_fergusonii	1
SRR14919236	Bacteroides_zoogleoformans	13
SRR14919245	Buchnera_aphidicola	332
SRR14919243	Oceanobacillus_oncorhynchi	1
SRR14919245	Methanobrevibacter_wolinii	2
SRR14919244	Rhodobium_gokarnense	1
SRR14919244	Bacillus_endophyticus	2
SRR14919243	Corallococcus_macrosporus	3
SRR14919236	Clostridium_hungatei	1
SRR14919246	Corynebacterium_diphtheriae	7
SRR14919243	Taylorella_equigenitalis	41
SRR14919241	Desulfotomaculum_carboxydivorans	1
SRR14919241	Bacteroides_chinchillae	6
SRR14919241	Propionibacterium_acnes	1
SRR14919239	Ehrlichia_muris	1
SRR14919236	Corynebacterium_diphtheriae	12
SRR14919238	Flavitalea_gansuensis	2
SRR14919238	Clostridiisalibacter_paucivorans	1
SRR14919246	Oscillospira_guilliermondii	2321
SRR14919243	Intestinimonas_butyriciproducens	173
SRR14919241	Oscillochloris_trichoides	4
SRR14919242	Bacillus_hunanensis	1
SRR14919240	Corynebacterium_aurimucosum	14
SRR14919236	Eubacterium_siraeum	28
SRR14919241	Lactobacillus_farciminis	1
SRR14919237	Thermoanaerobaculum_aquaticum	1
SRR14919242	Veillonella_caviae	1
SRR14919236	Desulfitibacter_alkalitolerans	1
SRR14919246	Pseudoalteromonas_arctica	2
SRR14919242	Clostridium_symbiosum	60
SRR14919236	Alkalibacterium_indicireducens	2
SRR14919238	Nicotiana_tabacum	1
SRR14919245	Acidaminococcus_fermentans	44
SRR14919244	Bacteroides_eggerthii	386
SRR14919243	Marinobacter_bryozoorum	1
SRR14919235	Olleya_marilimosa	1
SRR14919242	Virgibacillus_proomii	2
SRR14919240	Oceanobacillus_iheyensis	1
SRR14919236	Spirochaeta_thermophila	1
SRR14919236	Streptococcus_mutans	1
SRR14919236	Trichodesmium_erythraeum	1
SRR14919239	Facklamia_sourekii	1
SRR14919236	Gardnerella_vaginalis	1
SRR14919241	Streptococcus_sanguinis	72
SRR14919240	Lepocinclis_spirogyroides	3
SRR14919235	Selenomonas_lacticifex	1
SRR14919241	Pelospora_glutarica	1
SRR14919235	Dendrosporobacter_quercicolus	2
SRR14919242	Pusillimonas_ginsengisoli	2
SRR14919241	Lactobacillus_pasteurii	1
SRR14919240	Leuconostoc_fallax	41
SRR14919244	Haladaptatus_paucihalophilus	1
SRR14919242	Thermoanaerobacterium_thermosulfurigenes	1
SRR14919240	Sulfitobacter_pontiacus	1
SRR14919240	Peptoniphilus_harei	2
SRR14919240	Azotobacter_chroococcum	11
SRR14919237	Clostridium_sufflavum	1
SRR14919236	Actinobacillus_minor	10
SRR14919243	Anaerococcus_hydrogenalis	9
SRR14919240	Lactobacillus_reuteri	123
SRR14919240	Bacteroides_ovatus	8001
SRR14919239	Anaerofilum_pentosovorans	1
SRR14919235	Pseudomonas_nitroreducens	1
SRR14919236	Parapedobacter_koreensis	2
SRR14919244	Winogradskyella_epiphytica	51
SRR14919243	Haladaptatus_paucihalophilus	1
SRR14919242	Howardella_ureilytica	56
SRR14919246	Parvibacter_caecicola	5
SRR14919244	Rhodobacter_apigmentum	1
SRR14919238	Xenorhabdus_koppenhoeferi	1
SRR14919235	Veillonella_rodentium	1
SRR14919236	Psychrobacter_immobilis	1
SRR14919243	Constrictibacter_antarcticus	2
SRR14919242	Pusillimonas_soli	1
SRR14919245	Alkalitalea_saponilacus	1
SRR14919239	Caldicellulosiruptor_bescii	3
SRR14919238	Clostridium_stercorarium	2
SRR14919235	Mycoplasma_ovis	1
SRR14919242	Paenibacillus_camelliae	4
SRR14919242	Cupriavidus_pauculus	1
SRR14919242	Corynebacterium_kroppenstedtii	6
SRR14919235	Derxia_gummosa	1
SRR14919235	Blautia_wexlerae	49
SRR14919243	Vibrio_alginolyticus	2
SRR14919243	Bacillus_licheniformis	6
SRR14919241	Trachelium_caeruleum	57
SRR14919244	Francisella_noatunensis	45
SRR14919245	Helicobacter_marmotae	1
SRR14919242	Akkermansia_muciniphila	112
SRR14919238	Spirochaeta_smaragdinae	1
SRR14919244	Clostridium_saccharolyticum	9
SRR14919241	Hydrogenophilus_thermoluteolus	1
SRR14919238	Stigmatella_aurantiaca	1
SRR14919238	Leisingera_methylohalidivorans	1
SRR14919245	Thermoanaerobacterium_saccharolyticum	18
SRR14919239	Pelodictyon_luteolum	1
SRR14919239	Phocaeicola_abscessus	4
SRR14919238	Cuscuta_reflexa	1
SRR14919235	Pseudendoclonium_akinetum	1
SRR14919235	Turicibacter_sanguinis	61
SRR14919242	Paenibacillus_terrigena	1
SRR14919246	Lactobacillus_animata	1
SRR14919238	Leptolyngbya_frigida	1
SRR14919238	Parabacteroides_merdae	1750
SRR14919236	Mycobacterium_kuopiense	1
SRR14919245	Streptococcus_thermophilus	8
SRR14919235	Peptoniphilus_asaccharolyticus	2
SRR14919244	Lactococcus_lactis	100
SRR14919243	Mobiluncus_curtisii	1
SRR14919238	Lactobacillus_pontis	1
SRR14919242	Achromatium_oxaliferum	1
SRR14919240	Legionella_fallonii	2
SRR14919246	Mycobacterium_leprae	1
SRR14919240	Aureispira_maritima	43
SRR14919238	Solanum_lycopersicum	1
SRR14919241	Waddlia_chondrophila	1
SRR14919240	Streptococcus_troglodytidis	4
SRR14919240	Clostridium_aurantibutyricum	1
SRR14919239	Empedobacter_brevis	1
SRR14919239	Desulfovibrio_halophilus	101
SRR14919236	Arcobacter_nitrofigilis	1
SRR14919246	Eubacterium_eligens	126
SRR14919243	Halococcus_hamelinensis	1
SRR14919242	Veillonella_denticariosi	2
SRR14919239	Hyphomicrobium_zavarzinii	1
SRR14919239	Bifidobacterium_biavatii	3
SRR14919235	Paracoccus_versutus	2
SRR14919242	Fontibacter_ferrireducens	2
SRR14919245	Bacteroides_stercorirosoris	10
SRR14919243	Maricurvus_nonylphenolicus	1
SRR14919242	Anaplasma_marginale	7
SRR14919236	Tepidanaerobacter_syntrophicus	1
SRR14919244	Coprobacillus_cateniformis	2
SRR14919240	Thermocrinis_ruber	1
SRR14919239	Trachelium_caeruleum	78
SRR14919239	Eutreptia_viridis	171
SRR14919236	Paenibacillus_cookii	15
SRR14919235	Kocuria_carniphila	1
SRR14919236	Brasilonema_octagenarum	2
SRR14919246	Clostridium_indolis	9
SRR14919236	Chondromyces_crocatus	2
SRR14919246	Nocardia_cyriacigeorgica	1
SRR14919244	Clostridium_herbivorans	6
SRR14919241	Halorhabdus_tiamatea	1
SRR14919236	Clostridium_tetani	1
SRR14919236	Prevotella_corporis	2
SRR14919244	Sphaerochaeta_globosa	1
SRR14919237	Gemmiger_formicilis	638
SRR14919242	Rickettsia_limoniae	2
SRR14919240	Bacillus_drentensis	2
SRR14919244	Niabella_aurantiaca	1
SRR14919239	Halobiforma_haloterrestris	1
SRR14919237	Treponema_primitia	1
SRR14919236	Hassallia_byssoidea	2
SRR14919245	Rhizobium_gallicum	1
SRR14919243	Cobetia_marina	7
SRR14919239	Cyanidium_caldarium	2
SRR14919236	Corallococcus_macrosporus	1
SRR14919236	Nitrosococcus_halophilus	1
SRR14919238	Peptoniphilus_indolicus	1
SRR14919238	Actinobacillus_succinogenes	3
SRR14919235	Thermoplasma_volcanium	2
SRR14919246	Eubacterium_aggregans	4
SRR14919236	Glycomyces_harbinensis	1
SRR14919235	Marinobacter_hydrocarbonoclasticus	1
SRR14919245	Desulfotalea_arctica	1
SRR14919242	Mycoplasma_microti	2
SRR14919239	Helicobacter_pylori	221
SRR14919238	Dorea_formicigenerans	504
SRR14919245	Streptococcus_salivarius	1
SRR14919244	Hymenobacter_elongatus	1
SRR14919243	Youngiibacter_fragilis	3
SRR14919239	Dethiobacter_alkaliphilus	2
SRR14919239	Thiohalophilus_thiocyanatoxydans	2
SRR14919238	Desulfotomaculum_carboxydivorans	7
SRR14919238	Cellulosilyticum_ruminicola	5
SRR14919237	Anoxynatronum_sibiricum	1
SRR14919236	Helcococcus_sueciensis	5
SRR14919238	Alloprevotella_tannerae	1
SRR14919243	Paenibacillus_assamensis	6
SRR14919242	Spirochaeta_isovalerica	1
SRR14919239	Waddlia_chondrophila	1
SRR14919243	Pseudomonas_thermotolerans	1
SRR14919240	Listeria_monocytogenes	1
SRR14919241	Paenibacillus_mucilaginosus	2
SRR14919239	Sulfobacillus_acidophilus	11
SRR14919244	Ferrovum_myxofaciens	4
SRR14919243	Halorubrum_terrestre	50
SRR14919236	Clostridium_aerotolerans	1
SRR14919244	Kinetoplastibacterium_blastocrithidii	13
SRR14919244	Clostridium_gasigenes	16
SRR14919239	Halorhodospira_neutriphila	1
SRR14919238	Neisseria_shayeganii	1
SRR14919238	Bacillus_decolorationis	1
SRR14919238	Sporomusa_termitida	1
SRR14919235	Methylomicrobium_alcaliphilum	1
SRR14919246	Helicobacter_bilis	2
SRR14919241	Cohnella_xylanilytica	1
SRR14919240	Bdellovibrio_bacteriovorus	2
SRR14919245	Acetanaerobacterium_elongatum	32
SRR14919235	Modicisalibacter_tunisiensis	1
SRR14919235	Propionibacterium_propionicum	2
SRR14919243	Clostridium_sulfidigenes	17
SRR14919243	Kocuria_marina	2
SRR14919239	Pseudomonas_lundensis	2
SRR14919243	Xanthobacter_flavus	1
SRR14919242	Frankia_alni	1
SRR14919242	Halobiforma_nitratireducens	1
SRR14919241	Leptospirillum_ferriphilum	1
SRR14919237	Myxococcus_stipitatus	11
SRR14919235	Butyricimonas_virosa	4
SRR14919241	Natranaerovirga_pectinivora	11
SRR14919240	Planctomyces_brasiliensis	2
SRR14919239	Streptococcus_sanguinis	87
SRR14919235	Pusillimonas_ginsengisoli	2
SRR14919235	Oscillospira_guilliermondii	6
SRR14919235	Vibrio_owensii	1
SRR14919242	Corynebacterium_variabile	1
SRR14919242	Lactobacillus_animalis	2
SRR14919237	Roseburia_hominis	404
SRR14919238	Sulfitobacter_pontiacus	1
SRR14919242	Microbacterium_arthrosphaerae	1
SRR14919235	Desulforhopalus_singaporensis	1
SRR14919236	Ralstonia_solanacearum	2
SRR14919237	Deferribacter_thermophilus	1
SRR14919242	Agarivorans_gilvus	2
SRR14919241	Tetragenococcus_halophilus	12
SRR14919236	Myroides_odoratus	1
SRR14919243	Acetoanaerobium_noterae	1
SRR14919239	Mycoplasma_pullorum	1
SRR14919246	Defluviicoccus_vanus	1
SRR14919245	Bacteroides_heparinolyticus	45
SRR14919236	Clostridium_innocuum	18
SRR14919246	Micrococcus_lylae	1
SRR14919239	Shewanella_aquimarina	1
SRR14919235	Bacteroides_heparinolyticus	2
SRR14919239	Eubacterium_rectale	20439
SRR14919245	Streptococcus_pneumoniae	2
SRR14919244	Psychrobacter_jeotgali	1
SRR14919243	Tepidimicrobium_xylanilyticum	2
SRR14919241	Bacteroides_stercoris	42
SRR14919236	Plasticicumulans_acidivorans	1
SRR14919242	Bacteroides_caccae	239
SRR14919240	Vulcanibacillus_modesticaldus	1
SRR14919239	Elusimicrobium_minutum	1
SRR14919241	Dysgonomonas_hofstadii	7
SRR14919237	Clostridium_estertheticum	90
SRR14919236	Leuconostoc_fallax	59
SRR14919236	Streptococcus_oralis	3
SRR14919245	Dysgonomonas_gadei	8
SRR14919244	Sporobacter_termitidis	402
SRR14919236	Oscillatoria_miniata	93
SRR14919245	Thermoproteus_tenax	1
SRR14919244	Spiroplasma_phoeniceum	1
SRR14919236	Syntrophomonas_cellicola	1
SRR14919245	Vallitalea_guaymasensis	10
SRR14919244	Microbacterium_esteraromaticum	1
SRR14919241	Thermolithobacter_ferrireducens	1
SRR14919239	Bacteroides_fluxus	47
SRR14919246	Blastococcus_saxobsidens	1
SRR14919245	Eubacterium_contortum	12
SRR14919242	Clostridium_aurantibutyricum	2
SRR14919242	Clostridium_hiranonis	2
SRR14919240	Proteiniphilum_acetatigenes	5
SRR14919239	Atopobium_parvulum	1
SRR14919238	Methanococcoides_burtonii	1
SRR14919238	Prevotella_stercorea	4
SRR14919235	Lactobacillus_tucceti	1
SRR14919244	Blattabacterium_punctulatus	1
SRR14919240	Bacteroides_sartorii	15
SRR14919237	Bifidobacterium_boum	2
SRR14919245	Acidithiobacillus_thiooxidans	1
SRR14919237	Oscillibacter_valericigenes	5024
SRR14919239	Adlercreutzia_equolifaciens	1
SRR14919244	Brevibacillus_brevis	2
SRR14919239	Capreolia_implexa	1
SRR14919235	Enterobacter_hormaechei	16
SRR14919243	Burkholderia_glathei	7
SRR14919239	Atopobium_fossor	1
SRR14919237	Natronorubrum_aibiense	1
SRR14919243	Acetobacterium_fimetarium	2
SRR14919238	Spirulina_laxissima	1
SRR14919245	Desulfovibrio_salexigens	1
SRR14919241	Desulfotomaculum_varum	1
SRR14919241	Streptococcus_mitis	2
SRR14919239	Desulfovibrio_termitidis	1
SRR14919239	Pedobacter_agri	1
SRR14919244	Leptospirillum_ferrooxidans	1
SRR14919242	Ornithobacterium_rhinotracheale	3
SRR14919236	Alicyclobacillus_pohliae	1
SRR14919246	Arcicella_rigui	71
SRR14919245	Granulicella_tundricola	2
SRR14919239	Syntrophococcus_sucromutans	64
SRR14919236	Barnesiella_viscericola	36
SRR14919245	Clostridium_filamentosum	1
SRR14919244	Haemophilus_aegyptius	1
SRR14919240	Macellibacteroides_fermentans	11
SRR14919237	Collinsella_stercoris	7
SRR14919246	Ignisphaera_aggregans	1
SRR14919245	Paramoritella_sediminis	1
SRR14919245	Myxococcus_virescens	2
SRR14919245	Eubacterium_hallii	48
SRR14919244	Staphylococcus_arlettae	1
SRR14919244	Thermoanaerobacter_italicus	1
SRR14919241	Megamonas_hypermegale	1
SRR14919239	Orbus_sasakiae	1
SRR14919239	Euglena_cuneata	1
SRR14919242	Pediococcus_parvulus	307
SRR14919240	Agrobacterium_tumefaciens	2
SRR14919246	Borrelia_sinica	2
SRR14919239	Lysobacter_enzymogenes	53
SRR14919245	Caloranaerobacter_azorensis	2
SRR14919244	Caedibacter_taeniospiralis	20
SRR14919243	Actinomadura_catellatispora	2
SRR14919239	Bacteroides_chinchillae	5
SRR14919246	Prevotella_nanceiensis	1
SRR14919243	Enterobacter_asburiae	2
SRR14919239	Lactobacillus_cacaonum	1
SRR14919237	Leptothrix_discophora	1
SRR14919236	Treponema_stenostrepta	10
SRR14919246	Desulfotalea_psychrophila	188
SRR14919242	Finegoldia_magna	3
SRR14919239	Limibacter_armeniacum	1
SRR14919239	Thiocystis_gelatinosa	3
SRR14919236	Anaerobiospirillum_succiniciproducens	44
SRR14919240	Alicyclobacillus_pomorum	6
SRR14919239	Eggerthia_catenaformis	1
SRR14919236	Pseudomonas_plecoglossicida	2
SRR14919239	Rhodopseudomonas_palustris	50
SRR14919243	Eubacterium_desmolans	159
SRR14919236	Volucribacter_psittacicida	8
SRR14919236	Anaerococcus_prevotii	2
SRR14919237	Modicisalibacter_tunisiensis	2
SRR14919235	Lysinibacillus_macroides	2
SRR14919236	Mesoplasma_photuris	5
SRR14919246	Treponema_azotonutricium	14
SRR14919245	Persicirhabdus_sediminis	2
SRR14919242	Fibrobacter_intestinalis	1
SRR14919237	Filomicrobium_insigne	1
SRR14919235	Methanobrevibacter_wolinii	2
SRR14919236	Idiomarina_donghaiensis	4
SRR14919242	Kiloniella_laminariae	1
SRR14919240	Sinorhizobium_americanum	4
SRR14919240	Hespellia_stercorisuis	25
SRR14919246	Sporacetigenium_mesophilum	1
SRR14919235	Corynebacterium_diphtheriae	11
SRR14919245	Oscillospira_guilliermondii	2069
SRR14919236	Butyrivibrio_proteoclasticus	3
SRR14919246	Sporotalea_propionica	1
SRR14919244	Clostridium_saccharogumia	3
SRR14919238	Anabaena_eucompacta	1
SRR14919236	Anaerococcus_hydrogenalis	19
SRR14919235	Butyrivibrio_proteoclasticus	2
SRR14919240	Shuttleworthia_satelles	6
SRR14919240	Mycoplasma_buccale	154
SRR14919239	Lactobacillus_pasteurii	2
SRR14919235	Caedibacter_macronucleorum	2
SRR14919245	Streptococcus_equinus	1
SRR14919244	Sphingobacterium_faecium	2
SRR14919238	Azotobacter_chroococcum	12
SRR14919240	Clostridium_tunisiense	4
SRR14919238	Blautia_luti	2893
SRR14919236	Mangroviflexus_xiamenensis	7
SRR14919235	Porphyromonas_somerae	1
SRR14919235	Coraliomargarita_akajimensis	3
SRR14919242	Dolichospermum_circinale	8
SRR14919242	Thermosyntropha_lipolytica	1
SRR14919246	Lactobacillus_casei	1
SRR14919243	Aerococcus_christensenii	1
SRR14919241	Helicobacter_heilmannii	1
SRR14919242	Coenonia_anatina	3
SRR14919239	Plasticicumulans_acidivorans	1
SRR14919242	Helicobacter_winghamensis	1
SRR14919237	Methanocalculus_pumilus	8
SRR14919235	Selenomonas_artemidis	1
SRR14919246	Bacteroides_barnesiae	42
SRR14919246	Malawimonas_jakobiformis	2
SRR14919241	Nonomuraea_soli	1
SRR14919243	Clostridium_ruminantium	47
SRR14919236	Lactobacillus_gasseri	1
SRR14919245	Enterococcus_faecium	7
SRR14919241	Lactobacillus_rhamnosus	2
SRR14919237	Aeriscardovia_aeriphila	1
SRR14919241	Bifidobacterium_choerinum	6
SRR14919239	Granulibacter_bethesdensis	1
SRR14919246	Lactobacillus_paracasei	7
SRR14919244	Clostridium_aurantibutyricum	1
SRR14919244	Streptomyces_phaeochromogenes	142
SRR14919236	Actinomyces_massiliensis	1
SRR14919239	Thiohalomonas_denitrificans	1
SRR14919239	Acinetobacter_tandoii	1
SRR14919245	Terribacillus_saccharophilus	2
SRR14919243	Clostridium_aurantibutyricum	1
SRR14919236	Bacteroides_ovatus	11194
SRR14919243	Clostridium_tyrobutyricum	1
SRR14919241	Clostridium_nexile	15
SRR14919239	Adhaeribacter_aerophilus	6
SRR14919236	Clostridium_caenicola	9
SRR14919242	Bifidobacterium_bombi	1
SRR14919240	Komagataeibacter_intermedius	1
SRR14919240	Olivibacter_soli	1
SRR14919235	Alkalibaculum_bacchi	29
SRR14919242	Pseudoramibacter_alactolyticus	6
SRR14919238	Caldicellulosiruptor_bescii	3
SRR14919243	Haloplasma_contractile	1
SRR14919243	Bacteroides_plebeius	189
SRR14919240	Pasteurella_pneumotropica	4
SRR14919240	Hymenopellis_incognita	2
SRR14919239	Nitrosomonas_marina	1
SRR14919235	Mycoplasma_suis	3
SRR14919240	Bacillus_mycoides	2
SRR14919242	Eubacterium_biforme	215
SRR14919244	Olsenella_profusa	39
SRR14919235	Collinsella_aerofaciens	509
SRR14919238	Methylothermus_subterraneus	1
SRR14919243	Clostridium_saccharolyticum	5
SRR14919243	Acetatifactor_muris	10
SRR14919241	Aquicella_siphonis	1
SRR14919240	Bacillus_thermolactis	1
SRR14919244	Desulfacinum_hydrothermale	1
SRR14919239	Nevskia_persephonica	1
SRR14919244	Neisseria_animalis	38
SRR14919242	Tepidanaerobacter_acetatoxydans	7
SRR14919245	Providencia_alcalifaciens	1
SRR14919246	Marinilabilia_salmonicolor	2
SRR14919241	Prevotella_buccae	1
SRR14919238	Desulfovibrio_desulfuricans	54
SRR14919236	Ochrobactrum_grignonense	5
SRR14919246	Paenibacillus_hordei	113
SRR14919243	Dysgonomonas_oryzarvi	3
SRR14919241	Parasporobacterium_paucivorans	9
SRR14919235	Caloramator_viterbiensis	4
SRR14919237	Oxobacter_pfennigii	34
SRR14919235	Mycoplasma_amphoriforme	1
SRR14919235	Enterococcus_gallinarum	1
SRR14919235	Streptococcus_thermophilus	8
SRR14919235	Alicyclobacillus_contaminans	1
SRR14919243	Xylella_fastidiosa	112
SRR14919241	Strombomonas_acuminata	2
SRR14919241	Vibrio_harveyi	44
SRR14919239	Chitinophaga_terrae	1
SRR14919242	Trichormus_azollae	1
SRR14919241	Modicisalibacter_tunisiensis	1
SRR14919241	Treponema_succinifaciens	1
SRR14919246	Alkaliphilus_oremlandii	1
SRR14919244	Chitinophaga_sancti	1
SRR14919244	Streptacidiphilus_specus	1
SRR14919241	Agromyces_italicus	2
SRR14919246	Clostridium_sordellii	1
SRR14919241	Natronomonas_gomsonensis	1
SRR14919240	Modicisalibacter_tunisiensis	1
SRR14919236	Clostridium_thermoalcaliphilum	3
SRR14919246	Caldicellulosiruptor_lactoaceticus	1
SRR14919245	Anabaena_cylindrica	6
SRR14919236	Algicola_sagamiensis	3
SRR14919236	Treponema_zioleckii	2
SRR14919236	Treponema_socranskii	5
SRR14919239	Blautia_stercoris	1875
SRR14919243	Geotoga_aestuarianus	1
SRR14919243	Vibrio_parahaemolyticus	4
SRR14919240	Marinobacter_hydrocarbonoclasticus	2
SRR14919237	Wolbachia_pipientis	2
SRR14919236	Haemophilus_parasuis	277
SRR14919242	Sphaerospermopsis_reniformis	1
SRR14919235	Kopriimonas_byunsanensis	1
SRR14919244	Lactobacillus_fermentum	1
SRR14919241	Porphyromonas_canoris	1
SRR14919240	Butyrivibrio_proteoclasticus	2
SRR14919239	Modicisalibacter_tunisiensis	1
SRR14919239	Desulfotalea_psychrophila	284
SRR14919238	Bacteroides_sartorii	4
SRR14919237	Clostridium_aminobutyricum	1
SRR14919235	Brevundimonas_intermedia	1
SRR14919236	Fucus_vesiculosus	15
SRR14919245	Eubacterium_pyruvativorans	5
SRR14919243	Lactobacillus_parabuchneri	74
SRR14919239	Weissella_hellenica	27
SRR14919236	Oscillatoria_amoena	2
SRR14919237	Helicobacter_macacae	2
SRR14919244	Vibrio_casei	1
SRR14919242	Clostridium_citroniae	17
SRR14919241	Clostridium_kluyveri	2
SRR14919237	Acetobacter_pasteurianus	1
SRR14919244	Edwardsiella_tarda	1
SRR14919245	Corynebacterium_diphtheriae	6
SRR14919238	Staphylococcus_hominis	4
SRR14919235	Alishewanella_agri	1
SRR14919239	Sulfobacillus_benefaciens	1
SRR14919236	Brevibacterium_frigoritolerans	1
SRR14919246	Enhygromyxa_salina	20
SRR14919242	Peptostreptococcus_canis	3
SRR14919238	Butyrivibrio_proteoclasticus	1
SRR14919244	Synechococcus_elongatus	2
SRR14919239	Olivibacter_sitiensis	1
SRR14919236	Flavobacterium_chungangense	1
SRR14919236	Bacteroides_faecis	1
SRR14919244	Simiduia_areninigrae	1
SRR14919243	Bifidobacterium_asteroides	1
SRR14919240	Euglena_mutabilis	15
SRR14919237	Cellulosilyticum_ruminicola	8
SRR14919241	Geminocystis_papuanica	5
SRR14919237	Coraliomargarita_akajimensis	1
SRR14919237	Youngiibacter_fragilis	4
SRR14919244	Clostridium_perfringens	300
SRR14919243	Pantoea_agglomerans	3
SRR14919246	Parabacteroides_gordonii	242
SRR14919242	Bifidobacterium_saguini	6
SRR14919242	Clostridium_crotonatovorans	1
SRR14919238	Caldibacillus_debilis	1
SRR14919237	Clostridium_saccharogumia	1
SRR14919237	Desulfobacca_acetoxidans	1
SRR14919236	Coraliomargarita_akajimensis	2
SRR14919245	Coxiella_burnetii	1
SRR14919243	Spiroplasma_citri	1
SRR14919243	Moorella_glycerini	1
SRR14919240	Paenibacillus_mucilaginosus	3
SRR14919244	Carboxydothermus_ferrireducens	1
SRR14919245	Carnobacterium_viridans	1
SRR14919244	Borrelia_burgdorferi	1
SRR14919241	Thermobacillus_composti	2
SRR14919236	Paenibacillus_larvae	3
SRR14919239	Aerococcus_viridans	1
SRR14919243	Roseburia_inulinivorans	193
SRR14919240	Nocardia_asiatica	1
SRR14919239	Loktanella_pyoseonensis	1
SRR14919237	Tistrella_mobilis	1
SRR14919239	Helicobacter_heilmannii	3
SRR14919245	Bifidobacterium_longum	10
SRR14919238	Thioploca_ingrica	2
SRR14919236	Derxia_gummosa	1
SRR14919245	Clostridium_aurantibutyricum	2
SRR14919240	Natranaerovirga_pectinivora	225
SRR14919239	Thermodesulfobacterium_hydrogeniphilum	1
SRR14919245	Prevotella_oulorum	8
SRR14919244	Psychromonas_macrocephali	2
SRR14919244	Pseudomonas_viridiflava	2
SRR14919241	Lysinibacillus_xylanilyticus	1
SRR14919238	Lactobacillus_secaliphilus	1
SRR14919245	Pediococcus_pentosaceus	4
SRR14919237	Citrobacter_youngae	1
SRR14919236	Aglaothamnion_halliae	2
SRR14919246	Bacteroides_pyogenes	9
SRR14919244	Fibrella_aestuarina	1
SRR14919242	Porphyromonas_levii	3
SRR14919238	Fulvivirga_kasyanovii	1
SRR14919236	Lactobacillus_animalis	8
SRR14919245	Chryseobacterium_palustre	2
SRR14919238	Thalassomonas_actiniarum	108
SRR14919236	Clostridium_tyrobutyricum	1
SRR14919235	Mycoplasma_haemofelis	1
SRR14919243	Dialister_succinatiphilus	9
SRR14919243	Gordonibacter_pamelaeae	40
SRR14919236	Peptoniphilus_gorbachii	2
SRR14919244	Anaerotruncus_colihominis	417
SRR14919240	Dehalobacterium_formicoaceticum	2
SRR14919238	Agarivorans_gilvus	1
SRR14919246	Mycoplasma_wenyonii	1
SRR14919237	Bacillus_licheniformis	2
SRR14919236	Halomonas_ventosae	1
SRR14919236	Planomicrobium_chinense	1
SRR14919246	Mitsuokella_multacida	1
SRR14919246	Nocardia_exalbida	1
SRR14919244	Modicisalibacter_tunisiensis	1
SRR14919236	Dendrosporobacter_quercicolus	5
SRR14919242	Compsopogon_caeruleus	1
SRR14919238	Lysinibacillus_xylanilyticus	2
SRR14919239	Atopobium_rimae	1
SRR14919245	Pasteurella_aerogenes	2
SRR14919242	Mycoplasma_felis	46
SRR14919246	Caryophanon_latum	1
SRR14919243	Legionella_gresilensis	1
SRR14919242	Modicisalibacter_tunisiensis	1
SRR14919242	Pseudomonas_stutzeri	20
SRR14919238	Bacteroides_caccae	75
SRR14919236	Acetobacterium_fimetarium	1
SRR14919235	Dysgonomonas_hofstadii	17
SRR14919245	Bacillus_akibai	1
SRR14919241	Brevibacterium_linens	2
SRR14919238	Sporobacter_termitidis	15022
SRR14919241	Veillonella_criceti	1
SRR14919246	Varibaculum_cambriense	1
SRR14919240	Bacteroides_massiliensis	78
SRR14919239	Fructobacillus_fructosus	1
SRR14919238	Lawsonia_intracellularis	1
SRR14919236	Bacillus_aryabhattai	2
SRR14919245	Sphaerospermopsis_reniformis	1
SRR14919245	Anaerostipes_butyraticus	28
SRR14919244	Clostridium_hveragerdense	1
SRR14919241	Anaerolinea_thermophila	2
SRR14919244	Acinetobacter_parvus	2
SRR14919243	Blattabacterium_punctulatus	1
SRR14919243	Bacillus_schlegelii	64
SRR14919241	Yeosuana_aromativorans	1
SRR14919245	Aeromonas_hydrophila	1
SRR14919242	Butyrivibrio_proteoclasticus	1
SRR14919240	Bacillus_subtilis	10
SRR14919236	Oscillibacter_valericigenes	878
SRR14919244	Glycomyces_mongolensis	1
SRR14919241	Butyrivibrio_proteoclasticus	1
SRR14919240	Lactobacillus_aviarius	1
SRR14919239	Papillibacter_cinnamivorans	203
SRR14919244	Sediminitomix_flava	2
SRR14919244	Cobetia_marina	10
SRR14919242	Methylomonas_fodinarum	5
SRR14919235	Marinobacter_litoralis	2
SRR14919238	Adlercreutzia_equolifaciens	1
SRR14919237	Bacteroides_coprocola	20
SRR14919244	Bacteroides_stercorirosoris	15
SRR14919245	Lactobacillus_composti	2
SRR14919236	Bacillus_aerius	2
SRR14919244	Succinatimonas_hippei	1
SRR14919245	Mycoplasma_haemomuris	1
SRR14919243	Bacillus_pichinotyi	1
SRR14919244	Prevotella_fusca	1
SRR14919243	Leptospirillum_ferrooxidans	2
SRR14919246	Prevotella_timonensis	9
SRR14919245	Phascolarctobacterium_succinatutens	13
SRR14919241	Vibrio_natriegens	1
SRR14919238	Syntrophococcus_sucromutans	106
SRR14919236	Euglenaria_anabaena	4
SRR14919242	Laceyella_putida	6
SRR14919240	Alkalibacillus_haloalkaliphilus	2
SRR14919235	Chlamydia_pecorum	1
SRR14919237	Anaplasma_bovis	1
SRR14919243	Ruminococcus_flavefaciens	464
SRR14919239	Escherichia/Shigella_flexneri	1
SRR14919237	Clostridium_methoxybenzovorans	1
SRR14919236	Runella_defluvii	1
SRR14919236	Nitzschia_frustulum	1
SRR14919235	Dehalobacter_restrictus	1
SRR14919235	Blautia_faecis	1072
SRR14919239	Coraliomargarita_akajimensis	1
SRR14919246	Melissococcus_plutonius	1
SRR14919244	Microcystis_viridis	1
SRR14919243	Chrysodidymus_synuroideus	75
SRR14919242	Chromobacterium_pseudoviolaceum	1
SRR14919240	Cohnella_hongkongensis	1
SRR14919238	Acholeplasma_palmae	4
SRR14919238	Caldithrix_abyssi	1
SRR14919244	Kocuria_marina	4
SRR14919240	Pseudomonas_oryzihabitans	1
SRR14919240	Bacteroides_salanitronis	47
SRR14919238	Acetivibrio_ethanolgignens	56
SRR14919242	Butyrivibrio_hungatei	1
SRR14919235	Pseudomonas_plecoglossicida	1
SRR14919243	Merismopedia_tenuissima	2
SRR14919238	Pectinatus_brassicae	1
SRR14919235	Metabacterium_polyspora	2
SRR14919236	Beijerinckia_derxii	55
SRR14919238	Shuttleworthia_satelles	27
SRR14919244	Ethanoligenens_harbinense	7
SRR14919245	Leuconostoc_mesenteroides	2
SRR14919243	Pseudomonas_hibiscicola	1
SRR14919235	Clostridium_cellulosi	35
SRR14919236	Sporacetigenium_mesophilum	2
SRR14919246	Neisseria_bacilliformis	1
SRR14919239	Marivirga_tractuosa	1
SRR14919239	Clostridium_kluyveri	2
SRR14919244	Komagataeibacter_intermedius	1
SRR14919242	Brassicibacter_mesophilus	29
SRR14919243	Microcystis_aeruginosa	217
SRR14919242	Ruminococcus_albus	6528
SRR14919239	Desulfonatronovibrio_hydrogenovorans	1
SRR14919245	Odoribacter_laneus	33
SRR14919244	Oscillospira_guilliermondii	1792
SRR14919242	Lysinibacillus_xylanilyticus	2
SRR14919246	Xanthomonas_axonopodis	2
SRR14919240	Alicyclobacillus_contaminans	1
SRR14919241	Thalassomonas_sediminis	2
SRR14919240	Alistipes_putredinis	9092
SRR14919235	Pylaiella_littoralis	1
SRR14919239	Lactobacillus_rhamnosus	5
SRR14919237	Rapidithrix_thailandica	1
SRR14919242	Nocardioides_lentus	2
SRR14919237	Chryseobacterium_ureilyticum	1
SRR14919240	Desulfatitalea_tepidiphila	1
SRR14919239	Alysiella_crassa	1
SRR14919237	Pelotomaculum_thermopropionicum	1
SRR14919243	Porphyromonas_macacae	1
SRR14919242	Blastocatella_fastidiosa	1
SRR14919240	Simplicispira_psychrophila	9
SRR14919239	Paenibacillus_naphthalenovorans	1
SRR14919236	Mycoplasma_buccale	162
SRR14919245	Treponema_maltophilum	2
SRR14919243	Granulosicoccus_coccoides	4
SRR14919237	Desulfofaba_hansenii	1
SRR14919245	Prevotella_paludivivens	6
SRR14919241	Sphingobacterium_siyangense	1
SRR14919239	Shewanella_algae	3
SRR14919236	Dialister_succinatiphilus	171
SRR14919236	Shewanella_putrefaciens	1
SRR14919235	Pleurocapsa_concharum	1
SRR14919244	Bacteroides_heparinolyticus	17
SRR14919240	Caloramator_proteoclasticus	1
SRR14919240	Haemophilus_haemoglobinophilus	4
SRR14919239	Ferroplasma_thermophilum	1
SRR14919238	Peptoniphilus_koenoeneniae	1
SRR14919246	Modicisalibacter_tunisiensis	1
SRR14919245	Oscillochloris_trichoides	5
SRR14919243	Clostridium_sphenoides	1
SRR14919238	Clostridium_methylpentosum	132
SRR14919246	Chloroflexus_aurantiacus	1
SRR14919246	Acetanaerobacterium_elongatum	353
SRR14919245	Modicisalibacter_tunisiensis	1
SRR14919242	Ornatilinea_apprima	1
SRR14919239	Roseibaca_ekhonensis	1
SRR14919236	Propionibacterium_propionicum	2
SRR14919241	Pseudomonas_aeruginosa	6
SRR14919238	Caldanaerobius_polysaccharolyticus	1
SRR14919239	Methanobrevibacter_gottschalkii	2
SRR14919245	Phytophthora_infestans	31
SRR14919244	Alistipes_finegoldii	2326
SRR14919242	Thermosipho_melanesiensis	1
SRR14919241	Rhodothermus_marinus	1
SRR14919245	Aminobacterium_colombiense	1
SRR14919245	Virgibacillus_marismortui	8
SRR14919242	Streptococcus_pyogenes	1
SRR14919235	Echinicola_shivajiensis	1
SRR14919244	Butyrivibrio_proteoclasticus	2
SRR14919241	Paenibacillus_zanthoxyli	2
SRR14919238	Clostridium_subterminale	14
SRR14919237	Caldicellulosiruptor_bescii	3
SRR14919241	Octadecabacter_arcticus	1
SRR14919237	Clostridium_nexile	126
SRR14919243	Butyrivibrio_proteoclasticus	2
SRR14919238	Rhizobium_undicola	1
SRR14919246	Oscillibacter_valericigenes	689
SRR14919242	Streptococcus_uberis	4
SRR14919242	Polaromonas_vacuolata	30
SRR14919236	Ochrobactrum_anthropi	1
SRR14919246	Blattabacterium_relictus	34
SRR14919241	Thermoanaerobacterium_thermosaccharolyticum	1
SRR14919240	Coprococcus_catus	336
SRR14919236	Colwellia_rossensis	1
SRR14919238	Actinomyces_hyovaginalis	1
SRR14919246	Haladaptatus_cibarius	1
SRR14919238	Proteiniborus_ethanoligenes	1
SRR14919243	Azospirillum_melinis	1
SRR14919242	Coraliomargarita_akajimensis	1
SRR14919242	Clostridium_saccharolyticum	13
SRR14919246	Bacillus_megaterium	4
SRR14919246	Micrococcus_terreus	2
SRR14919242	Lewinella_agarilytica	24
SRR14919243	Bryobacter_aggregatus	1
SRR14919241	Marinobacterium_jannaschii	1
SRR14919236	Ferroplasma_acidiphilum	2
SRR14919243	Mycoplasma_conjunctivae	16
SRR14919244	Tepidimicrobium_xylanilyticum	4
SRR14919237	Desulfovibrio_desulfuricans	29
SRR14919243	Clostridium_metallolevans	1
SRR14919243	Campylobacter_sputorum	4
SRR14919243	Leptospira_idonii	2
SRR14919245	Niabella_hirudinis	1
SRR14919244	Acetitomaculum_ruminis	13
SRR14919243	Rhodonellum_psychrophilum	1
SRR14919242	Pelomonas_puraquae	1
SRR14919242	Sphingobacterium_shayense	1
SRR14919236	Lactobacillus_johnsonii	3
SRR14919235	Flavisolibacter_ginsengiterrae	1
SRR14919236	Streptococcus_dentasini	1
SRR14919235	Strombomonas_acuminata	1
SRR14919242	Methanothermus_sociabilis	1
SRR14919239	Xylella_fastidiosa	134
SRR14919237	Acholeplasma_equifetale	1
SRR14919236	Staphylococcus_lentus	1
SRR14919245	Bacteroides_uniformis	13513
SRR14919244	Entomoplasma_ellychniae	1
SRR14919237	Agromyces_italicus	2
SRR14919236	Ruminococcus_flavefaciens	308
SRR14919245	Carboxydocella_ferrireducens	1
SRR14919242	Allobaculum_stercoricanis	6
SRR14919240	Thermodesulfobacterium_hydrogeniphilum	1
SRR14919239	Pseudendoclonium_akinetum	1
SRR14919239	Rhodothermus_marinus	3
SRR14919244	Caloranaerobacter_azorensis	1
SRR14919242	Actinomadura_catellatispora	3
SRR14919236	Pseudoalteromonas_antarctica	1
SRR14919242	Ochromonas_danica	8
SRR14919238	Mucispirillum_schaedleri	1
SRR14919235	Bacillus_algicola	264
SRR14919246	Acidithiobacillus_thiooxidans	1
SRR14919242	Desulfovibrio_piger	1
SRR14919241	Desulfatiferula_olefinivorans	1
SRR14919241	Erwinia_tracheiphila	1
SRR14919244	Balneola_alkaliphila	1
SRR14919240	Oceanirhabdus_sediminicola	4
SRR14919238	Lactobacillus_mucosae	2
SRR14919236	Brachyspira_corvi	2
SRR14919238	Acidicapsa_borealis	1
SRR14919240	Streptococcus_minor	1
SRR14919235	Eubacterium_pyruvativorans	5
SRR14919242	Haloplanus_aerogenes	1
SRR14919245	Nocardia_abscessus	2
SRR14919245	Prevotella_bryantii	54
SRR14919244	Enterococcus_columbae	1
SRR14919243	Bacteroides_cellulosolvens	7
SRR14919241	Microbulbifer_chitinilyticus	1
SRR14919244	Lactobacillus_crispatus	1
SRR14919241	Bacteroides_paurosaccharolyticus	74
SRR14919235	Odoribacter_splanchnicus	3
SRR14919236	Carnobacterium_jeotgali	1
SRR14919236	Chlamydomonas_applanata	1
SRR14919244	Marinomonas_communis	1
SRR14919243	Treponema_phagedenis	47
SRR14919245	Micrococcus_indicus	1
SRR14919244	Corynebacterium_diphtheriae	3
SRR14919243	Acetomicrobium_faecale	1
SRR14919235	Dorea_longicatena	29
SRR14919242	Gelria_glutamica	3
SRR14919241	Macellibacteroides_fermentans	1
SRR14919236	Pelagibius_litoralis	1
SRR14919244	Burkholderia_terricola	2
SRR14919241	Lactobacillus_rogosae	2
SRR14919236	Actinobacillus_succinogenes	4
SRR14919245	Veillonella_rogosae	1
SRR14919244	Lysinibacillus_xylanilyticus	1
SRR14919240	Lactobacillus_iners	1
SRR14919239	Haemophilus_parainfluenzae	1
SRR14919238	Bacteroides_paurosaccharolyticus	22
SRR14919235	Porifericola_rhodea	1
SRR14919242	Alicyclobacillus_contaminans	1
SRR14919239	Thermobacillus_composti	2
SRR14919237	Prevotella_shahii	1
SRR14919237	Bacillus_hunanensis	1
SRR14919235	Woodsholea_maritima	1
SRR14919235	Mesorhizobium_albiziae	1
SRR14919236	Parvularcula_lutaonensis	3
SRR14919243	Lactobacillus_acidipiscis	3
SRR14919243	Novispirillum_itersonii	88
SRR14919239	Chryseobacterium_ureilyticum	1
SRR14919236	Cellulosilyticum_ruminicola	7
SRR14919243	Actinobacillus_scotiae	66
SRR14919235	Treponema_amylovorum	11
SRR14919245	Sporanaerobacter_acetigenes	1
SRR14919241	Thermogladius_shockii	134
SRR14919235	Geminocystis_papuanica	5
SRR14919241	Lysinibacillus_fusiformis	1
SRR14919241	Methylohalomonas_lacus	2
SRR14919240	Clostridium_lavalense	7
SRR14919240	Ruminococcus_gnavus	101
SRR14919239	Caloramator_indicus	1
SRR14919235	Lacinutrix_copepodicola	3
SRR14919235	Sporanaerobacter_acetigenes	1
SRR14919242	Polaribacter_franzmannii	1
SRR14919240	Bacillus_coagulans	3
SRR14919244	Anoxybacillus_toebii	1
SRR14919240	Bacillus_horikoshii	6
SRR14919240	Eubacterium_cellulosolvens	69
SRR14919241	Planktothricoides_raciborskii	1
SRR14919239	Thalassomonas_sediminis	1
SRR14919237	Neisseria_canis	13
SRR14919245	Jonesia_denitrificans	2
SRR14919239	Moorella_glycerini	1
SRR14919246	Roseburia_cecicola	2
SRR14919246	Agrobacterium_vitis	96
SRR14919236	Leuconostoc_gelidum	2
SRR14919245	Moryella_indoligenes	1
SRR14919244	Monomorphina_pyrum	2
SRR14919240	Prevotella_loescheii	9
SRR14919236	Dethiosulfatibacter_aminovorans	1
SRR14919244	Legionella_anisa	3
SRR14919240	Aggregatibacter_actinomycetemcomitans	3
SRR14919235	Coprococcus_eutactus	14
SRR14919243	Arthrobacter_sulfonivorans	3
SRR14919237	Anaerotruncus_colihominis	1304
SRR14919235	Prosthecochloris_vibrioformis	1
SRR14919246	Heliophilum_fasciatum	1
SRR14919240	Clostridium_acidurici	1
SRR14919238	Angiopteris_evecta	1
SRR14919246	Xanthobacter_viscosus	1
SRR14919245	Desulfococcus_multivorans	1
SRR14919243	Solobacterium_moorei	11
SRR14919239	Bifidobacterium_longum	200
SRR14919237	Clostridium_oceanicum	1
SRR14919241	Nocardia_seriolae	1
SRR14919245	Corynebacterium_glutamicum	4
SRR14919242	Bryopsis_hypnoides	74
SRR14919236	Anabaena_sphaerica	1
SRR14919246	Butyrivibrio_proteoclasticus	1
SRR14919241	Clostridium_pascui	1
SRR14919245	Methanohalophilus_mahii	3
SRR14919244	Actinomyces_europaeus	1
SRR14919243	Kordiimonas_gwangyangensis	1
SRR14919243	Roseburia_intestinalis	21
SRR14919238	Orientia_tsutsugamushi	1
SRR14919238	Virgibacillus_marismortui	10
SRR14919245	Elstera_litoralis	1
SRR14919244	Peptoclostridium_difficile	158
SRR14919240	Thioalkalivibrio_nitratireducens	1
SRR14919240	Acinetobacter_junii	6
SRR14919238	Alistipes_putredinis	3642
SRR14919244	Coraliomargarita_akajimensis	2
SRR14919242	Vibrio_harveyi	55
SRR14919241	Gemella_asaccharolytica	123
SRR14919246	Segetibacter_koreensis	2
SRR14919237	Sphingomonas_kaistensis	139
SRR14919235	Eggerthella_lenta	593
SRR14919242	Pseudomonas_mendocina	3
SRR14919235	Streptomyces_mutomycini	3
SRR14919245	Clostridium_algoriphilum	1
SRR14919243	Butyrivibrio_crossotus	62
SRR14919236	Clostridium_novyi	1
SRR14919240	Tabrizicola_aquatica	1
SRR14919238	Pasteuria_penetrans	1
SRR14919235	Alkalibacter_saccharofermentans	3
SRR14919245	Lactobacillus_satsumensis	1
SRR14919238	Prevotella_loescheii	3
SRR14919236	Lactobacillus_vaginalis	1
SRR14919243	Salinicoccus_albus	1
SRR14919241	Clostridium_frigoris	1
SRR14919239	Desulfomicrobium_baculatum	2
SRR14919236	Marinilabilia_salmonicolor	1
SRR14919243	Rubrivivax_benzoatilyticus	1
SRR14919236	Arthrobacter_stackebrandtii	1
SRR14919245	Streptomyces_phaeochromogenes	170
SRR14919242	Nocardioides_plantarum	1
SRR14919237	Catonella_morbi	4
SRR14919235	Legionella_fallonii	1
SRR14919244	Enterococcus_mundtii	4
SRR14919242	Cytophaga_hutchinsonii	6
SRR14919241	Bacteroides_xylanolyticus	159
SRR14919240	Fusicatenibacter_saccharivorans	474
SRR14919238	Halococcus_salifodinae	1
SRR14919238	Methanobrevibacter_arboriphilus	14
SRR14919235	Aureispira_maritima	40
SRR14919246	Acetivibrio_cellulolyticus	57
SRR14919236	Proteus_mirabilis	17
SRR14919242	Tumebacillus_flagellatus	2
SRR14919239	Pseudomonas_putida	2
SRR14919235	Chryseobacterium_greenlandense	15
SRR14919236	Lactobacillus_helveticus	3
SRR14919246	Thalassolituus_marinus	1
SRR14919241	Lachnobacterium_bovis	62
SRR14919246	Streptomyces_emeiensis	1
SRR14919236	Cytophaga_aurantiaca	1
SRR14919245	Heliobacterium_gestii	1
SRR14919244	Microbulbifer_chitinilyticus	1
SRR14919236	Anabaena_oumiana	1
SRR14919236	Methanolobus_vulcani	1
SRR14919235	Lactobacillus_oris	1
SRR14919243	Streptococcus_constellatus	1
SRR14919236	Chrysodidymus_synuroideus	183
SRR14919243	Bacteroides_stercorirosoris	18
SRR14919236	Methylomonas_fodinarum	7
SRR14919240	Meniscus_glaucopis	2
SRR14919237	Agarivorans_albus	2
SRR14919235	Salimesophilobacter_vulgaris	1
SRR14919241	Desmonostoc_muscorum	1
SRR14919241	Chryseobacterium_ureilyticum	1
SRR14919238	Ureaplasma_gallorale	1
SRR14919244	Mogibacterium_timidum	1
SRR14919243	Alistipes_massiliensis	11651
SRR14919242	Leptospirillum_ferrooxidans	2
SRR14919236	Methanoculleus_palmolei	2
SRR14919241	Eubacterium_rangiferina	4
SRR14919237	Syntrophococcus_sucromutans	11
SRR14919236	Haladaptatus_litoreus	2
SRR14919236	Nitrosococcus_oceani	2
SRR14919235	Holospora_obtusa	1
SRR14919242	Clostridium_litorale	3
SRR14919238	Nesterenkonia_terrae	1
SRR14919246	Sorangium_cellulosum	3
SRR14919245	Anaerococcus_murdochii	1
SRR14919243	Mobiluncus_mulieris	1
SRR14919242	Thermoanaerobacter_italicus	1
SRR14919239	Clostridium_frigoris	9
SRR14919243	Pasteurella_multocida	43
SRR14919235	Photobacterium_halotolerans	1
SRR14919242	Gemmata_obscuriglobus	2
SRR14919242	Eutreptia_viridis	187
SRR14919240	Solitalea_koreensis	1
SRR14919238	Rummeliibacillus_pycnus	4
SRR14919235	Streptomyces_melanogenes	1
SRR14919235	Streptococcus_cristatus	1
SRR14919235	Clostridium_ramosum	458
SRR14919243	Proteiniclasticum_ruminis	27
SRR14919242	Jeotgalibacillus_marinus	1
SRR14919240	Dasania_marina	1
SRR14919238	Leuconostoc_mesenteroides	2
SRR14919235	Derxia_lacustris	1
SRR14919236	Epulopiscium_fishelsoni	2
SRR14919246	Cellulosilyticum_ruminicola	755
SRR14919241	Clostridium_boliviensis	2
SRR14919235	Brassicibacter_mesophilus	1
SRR14919244	Cytophaga_xylanolytica	12
SRR14919244	Eubacterium_ramulus	65
SRR14919238	Clostridium_chartatabidum	1
SRR14919238	Pelotomaculum_schinkii	1
SRR14919238	Blautia_hansenii	48
SRR14919236	Paenibacillus_terrae	1
SRR14919238	Desulfococcus_niacini	3
SRR14919241	Clostridium_asparagiforme	20
SRR14919243	Anabaena_torulosa	1
SRR14919244	Agrobacterium_tumefaciens	1
SRR14919243	Thiothrix_nivea	1
SRR14919237	Clostridium_clariflavum	56
SRR14919240	Lactobacillus_siliginis	1
SRR14919240	Adhaeribacter_terreus	43
SRR14919243	Youngiibacter_multivorans	2
SRR14919236	Granulosicoccus_coccoides	2
SRR14919240	Eubacterium_xylanophilum	3127
SRR14919245	Bacillus_methylotrophicus	1
SRR14919240	Bacteroides_rodentium	130
SRR14919239	Desmonostoc_muscorum	3
SRR14919244	Prevotella_amnii	2
SRR14919237	Desulfobulbus_alkaliphilus	1
SRR14919246	Parapedobacter_luteus	2
SRR14919238	Desulfotomaculum_luciae	2
SRR14919238	Oscillochloris_trichoides	7
SRR14919235	Peptoniphilus_harei	1
SRR14919242	Lactobacillus_kunkeei	183
SRR14919240	Tepidibacter_mesophilus	1
SRR14919238	Thermogladius_cellulolyticus	1
SRR14919238	Clostridium_aldrichii	3
SRR14919242	Thermobrachium_celere	11
SRR14919240	Borrelia_hermsii	1
SRR14919237	Alteromonas_macleodii	1
SRR14919245	Caldicellulosiruptor_lactoaceticus	1
SRR14919243	Oscillospira_guilliermondii	4430
SRR14919237	Microcystis_aeruginosa	153
SRR14919246	Bacillus_stratosphericus	1
SRR14919245	Selenomonas_bovis	1
SRR14919240	Ilyobacter_psychrophilus	1
SRR14919236	Thermosyntropha_tengcongensis	1
SRR14919241	Idiomarina_xiamenensis	1
SRR14919241	Thermoanaerobacterium_thermosulfurigenes	2
SRR14919238	Ruminococcus_albus	129
SRR14919241	Dolichospermum_flos-aquae	2
SRR14919237	Brevibacillus_laterosporus	1
SRR14919242	Enterococcus_eurekensis	12
SRR14919242	Clostridium_cylindrosporum	98
SRR14919235	Caldicellulosiruptor_saccharolyticus	3
SRR14919241	Prevotella_maculosa	14
SRR14919240	Brevundimonas_diminuta	3
SRR14919245	Treponema_lecithinolyticum	46
SRR14919244	Gallibacterium_anatis	1
SRR14919242	Desulfovibrio_ferrophilus	14
SRR14919240	Lactobacillus_perolens	1
SRR14919243	Bacteroides_heparinolyticus	14
SRR14919236	Petrotoga_mobilis	2
SRR14919244	Planctomyces_brasiliensis	2
SRR14919237	Alicyclobacillus_pomorum	1
SRR14919240	Selenomonas_sputigena	1
SRR14919240	Roseburia_hominis	538
SRR14919245	Methanolobus_tindarius	29
SRR14919235	Methylobacter_capsulatus	1
SRR14919236	Anaerofilum_agile	4
SRR14919242	Pedobacter_agri	1
SRR14919239	Gemella_asaccharolytica	158
SRR14919235	Blautia_coccoides	4
SRR14919244	Methylobacterium_aquaticum	1
SRR14919239	Prevotella_ruminicola	8
SRR14919241	Enterococcus_aquimarinus	3
SRR14919240	Subdoligranulum_variabile	38
SRR14919239	Clostridium_carnis	1
SRR14919235	Pseudomonas_aeruginosa	5
SRR14919244	Anaeroplasma_varium	6
SRR14919242	Enterococcus_canis	1
SRR14919240	Dysgonomonas_capnocytophagoides	11
SRR14919239	Fibrobacter_intestinalis	1
SRR14919243	Enterococcus_cecorum	82
SRR14919236	Lysobacter_arseniciresistens	1
SRR14919245	Cobetia_marina	7
SRR14919239	Sulfitobacter_mediterraneus	3
SRR14919238	Clostridium_aestuarii	2
SRR14919237	Sinorhizobium_americanum	4
SRR14919235	Calochaete_cimrmanii	31
SRR14919240	Lactobacillus_ghanensis	1
SRR14919235	Burkholderia_cepacia	2
SRR14919236	Clostridium_metallolevans	1
SRR14919239	Phytophthora_infestans	45
SRR14919237	Flexibacter_flexilis	3
SRR14919245	Anaerostipes_hadrus	2083
SRR14919240	Fusobacterium_nucleatum	5
SRR14919235	Sphingobacterium_shayense	1
SRR14919244	Sulfurihydrogenibium_kristjanssonii	1
SRR14919243	Algoriphagus_lutimaris	4
SRR14919242	Erwinia_aphidicola	1
SRR14919239	Thermoanaerobaculum_aquaticum	1
SRR14919236	Caldicellulosiruptor_bescii	1
SRR14919236	Burkholderia_vietnamiensis	2
SRR14919240	Bacteroides_gallinarum	6
SRR14919236	Streptococcus_pyogenes	1
SRR14919235	Methanothermus_sociabilis	1
SRR14919245	Oscillibacter_valericigenes	1156
SRR14919242	Blattabacterium_punctulatus	5
SRR14919242	Mucilaginibacter_oryzae	2
SRR14919238	Catabacter_hongkongensis	9
SRR14919237	Uruburuella_suis	1
SRR14919245	Bifidobacterium_choerinum	2
SRR14919245	Chryseobacterium_ureilyticum	1
SRR14919244	Fusibacter_paucivorans	3
SRR14919245	Microbulbifer_chitinilyticus	1
SRR14919245	Lactobacillus_ruminis	2
SRR14919240	Actinobaculum_schaalii	1
SRR14919235	Oscillibacter_valericigenes	47
SRR14919235	Allobaculum_stercoricanis	8
SRR14919238	Papillibacter_cinnamivorans	234
SRR14919237	Salimesophilobacter_vulgaris	2
SRR14919236	Enterorhabdus_caecimuris	1
SRR14919242	Desulfuromusa_bakii	1
SRR14919240	Kocuria_carniphila	1
SRR14919239	Chlorobium_ferrooxidans	2
SRR14919238	Pricia_antarctica	1
SRR14919237	Adlercreutzia_equolifaciens	2
SRR14919243	Collinsella_tanakaei	5
SRR14919241	Clostridium_tetani	1
SRR14919240	Clostridium_aldenense	13
SRR14919239	Brevibacterium_ammoniilyticum	1
SRR14919244	Scardovia_inopinata	1
SRR14919242	Tissierella_creatinini	3
SRR14919237	Dendrosporobacter_quercicolus	1
SRR14919236	Desulfovibrio_desulfuricans	69
SRR14919235	Thiohalospira_halophila	5
SRR14919237	Rickettsia_limoniae	1
SRR14919246	Roseburia_faecis	64
SRR14919245	Algoriphagus_olei	1
SRR14919244	Lactobacillus_kimchiensis	1
SRR14919242	Salinibacter_iranicus	1
SRR14919244	Bacteroides_acidifaciens	1262
SRR14919243	Deinococcus_ficus	1
SRR14919240	Lachnospira_pectinoschiza	601
SRR14919245	Spirochaeta_asiatica	1
SRR14919238	Acetitomaculum_ruminis	111
SRR14919239	Sphingobacterium_multivorum	1
SRR14919237	Legionella_maceachernii	1
SRR14919235	Corynebacterium_doosanense	1
SRR14919245	Bacteroides_finegoldii	137
SRR14919244	Cenarchaeum_symbiosum	172
SRR14919240	Prevotella_bivia	5
SRR14919238	Mycoplasma_suis	2
SRR14919239	Eubacterium_rangiferina	251
SRR14919237	Glaciecola_polaris	1
SRR14919243	Caloranaerobacter_azorensis	2
SRR14919241	Actinomadura_catellatispora	4
SRR14919239	Gemella_cuniculi	2
SRR14919238	Prevotella_brevis	1
SRR14919244	Eubacterium_uniforme	6
SRR14919244	Ruminococcus_bromii	5291
SRR14919238	Coprococcus_comes	3
SRR14919238	Lactobacillus_kalixensis	3
SRR14919246	Salinicoccus_marinus	1
SRR14919245	Lactobacillus_faeni	2
SRR14919244	Odoribacter_denticanis	5
SRR14919239	Ornithobacterium_rhinotracheale	3
SRR14919243	Atopobium_vaginae	24
SRR14919244	Pseudomonas_plecoglossicida	1
SRR14919236	Lactobacillus_acidipiscis	4
SRR14919240	Lactobacillus_sakei	2
SRR14919245	Acholeplasma_laidlawii	2
SRR14919239	Clostridium_boliviensis	4
SRR14919235	Hespellia_porcina	35
SRR14919242	Hydrotalea_sandarakina	2
SRR14919243	Syntrophomonas_palmitatica	4
SRR14919240	Xenorhabdus_stockiae	1
SRR14919239	Entomoplasma_somnilux	1
SRR14919245	Clostridium_piliforme	2
SRR14919244	Selaginella_uncinata	1
SRR14919240	Desulfovibrio_profundus	1
SRR14919237	Streptococcus_australis	2
SRR14919242	Nitrospira_marina	1
SRR14919244	Caloramator_quimbayensis	1
SRR14919244	Pseudomonas_alcaligenes	28
SRR14919243	Corynebacterium_diphtheriae	11
SRR14919240	Bulleidia_extructa	1
SRR14919239	Clostridium_phytofermentans	24
SRR14919237	Streptococcus_canis	1
SRR14919235	Clostridium_hylemonae	2555
SRR14919245	Corynebacterium_renale	1
SRR14919243	Bradyrhizobium_jicamae	1
SRR14919237	Pontibacter_salisaro	2
SRR14919245	Desulfobacter_hydrogenophilus	1
SRR14919245	Clostridium_hungatei	6
SRR14919239	Thermogladius_cellulolyticus	2
SRR14919241	Bacteroides_vulgatus	148803
SRR14919243	Eubacterium_cylindroides	6
SRR14919242	Halanaerobacter_chitinivorans	1
SRR14919235	Peptoniphilus_tyrrelliae	45
SRR14919246	Pseudobutyrivibrio_xylanivorans	4
SRR14919242	Haloglycomyces_albus	3
SRR14919238	Armatimonas_rosea	10
SRR14919238	Desulfococcus_multivorans	2
SRR14919245	Methanobrevibacter_smithii	123
SRR14919244	Sporanaerobacter_acetigenes	1
SRR14919242	Lutispora_thermophila	195
SRR14919242	Methanosphaera_cuniculi	3
SRR14919236	Anaeroglobus_geminatus	1
SRR14919245	Clostridium_putrefaciens	4
SRR14919241	Eubacterium_ruminantium	4
SRR14919235	Bacteroides_intestinalis	4
SRR14919244	Clostridium_spiroforme	7
SRR14919243	Prevotella_melaninogenica	95
SRR14919242	Actinomyces_suimastitidis	1
SRR14919240	Dialister_micraerophilus	14
SRR14919237	Natranaerobius_thermophilus	1
SRR14919236	Staphylococcus_felis	1
SRR14919242	Peptoniphilus_lacrimalis	79
SRR14919238	Virgibacillus_halodenitrificans	1
SRR14919236	Bacillus_coagulans	2
SRR14919236	Psychrobacter_celer	1
SRR14919236	Escherichia/Shigella_vulneris	1
SRR14919243	Edaphobacter_aggregans	1
SRR14919245	Cylindrospermopsis_raciborskii	1
SRR14919239	Stomatobaculum_longum	4
SRR14919236	Corynebacterium_durum	6
SRR14919240	Clostridium_maritimum	1
SRR14919235	Terriglobus_saanensis	1
SRR14919240	Psychrobacter_maritimus	5
SRR14919237	Citreicella_thiooxidans	1
SRR14919241	Marinoscillum_furvescens	1
SRR14919241	Leuconostoc_fallax	32
SRR14919240	Salimesophilobacter_vulgaris	1
SRR14919235	Paenibacillus_azoreducens	1
SRR14919246	Mycoplasma_mobile	1
SRR14919238	Oceanobacillus_caeni	2
SRR14919237	Pedobacter_terrae	1
SRR14919246	Streptomyces_noboritoensis	1
SRR14919244	Bacteroides_fluxus	27
SRR14919242	Metallosphaera_sedula	4
SRR14919235	Corynebacterium_glutamicum	2
SRR14919236	Ureibacillus_composti	1
SRR14919245	Blautia_schinkii	69
SRR14919236	Holdemania_filiformis	99
SRR14919236	Clostridium_elmenteitii	1
SRR14919246	Caldicellulosiruptor_bescii	1
SRR14919238	Bryopsis_hypnoides	62
SRR14919245	Halobacterium_salinarum	18
SRR14919244	Clostridium_propionicum	1
SRR14919243	Parasutterella_excrementihominis	221
SRR14919237	Clostridium_pascui	1
SRR14919243	Alistipes_indistinctus	503
SRR14919237	Roseburia_intestinalis	23
SRR14919239	Salimesophilobacter_vulgaris	2
SRR14919243	Gallionella_ferruginea	1
SRR14919238	Fusobacterium_nucleatum	2
SRR14919238	Acetatifactor_muris	25
SRR14919245	Emticicia_oligotrophica	2
SRR14919235	Brachyspira_muris	1
SRR14919244	Thermus_yunnanensis	1
SRR14919241	Facklamia_ignava	1
SRR14919241	Clostridium_saccharolyticum	7
SRR14919240	Desulfovibrio_vulgaris	45
SRR14919246	Rhodopirellula_baltica	1
SRR14919246	Myroides_marinus	1
SRR14919246	Desulfovibrio_desulfuricans	30
SRR14919239	Pseudomonas_corrugata	1
SRR14919239	Dolichospermum_circinale	4
SRR14919237	Propionibacterium_propionicum	1
SRR14919236	Blautia_faecis	374
SRR14919236	Streptococcus_mitis	7
SRR14919246	Caldicellulosiruptor_saccharolyticus	1
SRR14919237	Butyrivibrio_crossotus	319
SRR14919246	Roseomonas_cervicalis	1
SRR14919243	Actinobacillus_pleuropneumoniae	20
SRR14919235	Vulcanisaeta_distributa	1
SRR14919236	Klebsiella_pneumoniae	68
SRR14919244	Pasteurella_pneumotropica	1
SRR14919240	Parabacteroides_merdae	3143
SRR14919239	Salinicoccus_albus	1
SRR14919237	Tannerella_forsythia	3
SRR14919243	Deinococcus_aquaticus	1
SRR14919239	Ruminococcus_lactaris	593
SRR14919237	Beijerinckia_doebereinerae	1
SRR14919245	Ruminococcus_gauvreauii	1
SRR14919236	Anabaena_variabilis	1
SRR14919236	Cytophaga_hutchinsonii	6
SRR14919236	Acetivibrio_cellulolyticus	11
SRR14919236	Lactobacillus_malefermentans	2
SRR14919244	Slackia_equolifaciens	2
SRR14919242	Methanosphaerula_palustris	40
SRR14919239	Fontibacter_ferrireducens	1
SRR14919243	Roseibacterium_elongatum	1
SRR14919240	Sphingobacterium_anhuiense	1
SRR14919236	Clostridium_sufflavum	1
SRR14919236	Proteiniclasticum_ruminis	1
SRR14919243	Brasilonema_tolantongensis	1
SRR14919246	Pseudomonas_filiscindens	2
SRR14919245	Clostridium_glycyrrhizinilyticum	90
SRR14919237	Alistipes_shahii	154
SRR14919242	Bacteroides_stercorirosoris	7
SRR14919241	Thiomargarita_namibiensis	297
SRR14919244	Geothrix_fermentans	1
SRR14919242	Blautia_stercoris	398
SRR14919241	Leptospirillum_ferrooxidans	1
SRR14919245	Paenibacillus_cookii	3
SRR14919242	Vulcanibacillus_modesticaldus	5
SRR14919241	Mycoplasma_hyorhinis	74
SRR14919239	Heterosigma_akashiwo	1
SRR14919236	Syntrophococcus_sucromutans	29
SRR14919238	Bacteroides_coprosuis	1
SRR14919237	Agrobacterium_tumefaciens	3
SRR14919237	Alistipes_massiliensis	51
SRR14919240	Porphyromonas_endodontalis	6
SRR14919245	Actinobacillus_succinogenes	2
SRR14919241	Algoriphagus_chungangensis	1
SRR14919243	Caldicellulosiruptor_obsidiansis	1
SRR14919239	Anaerococcus_murdochii	2
SRR14919235	Actinobacillus_succinogenes	1
SRR14919243	Sphingobacterium_wenxiniae	5
SRR14919238	Clostridium_cochlearium	3
SRR14919238	Burkholderia_terricola	1
SRR14919238	Acidilobus_sulfurireducens	12
SRR14919245	Cellulosilyticum_ruminicola	2
SRR14919238	Leptospira_licerasiae	1
SRR14919240	Rheinheimera_soli	1
SRR14919239	Parasporobacterium_paucivorans	315
SRR14919238	Pantoea_agglomerans	3
SRR14919236	Brooklawnia_cerclae	1
SRR14919246	Syntrophomonas_wolfei	14
SRR14919235	Cellulosilyticum_ruminicola	5
SRR14919236	Clostridium_botulinum	4
SRR14919237	Filifactor_alocis	3
SRR14919244	Clostridium_thermosuccinogenes	11
SRR14919242	Desulfatiferula_olefinivorans	1
SRR14919239	Komagataeibacter_kakiaceti	1
SRR14919238	Tepidibacter_mesophilus	2
SRR14919238	Cytophaga_xylanolytica	3
SRR14919237	Bacteroides_massiliensis	2600
SRR14919241	Corallococcus_coralloides	1
SRR14919237	Actinobacillus_scotiae	51
SRR14919241	Chryseobacterium_aquaticum	1
SRR14919241	Komvophoron_kgarii	1
SRR14919244	Hydrogenoanaerobacterium_saccharovorans	10
SRR14919240	Aminobacter_ciceronei	1
SRR14919245	Orenia_marismortui	1
SRR14919237	Cohnella_laeviribosi	8
SRR14919239	Eubacterium_ruminantium	48
SRR14919238	Algivirga_pacifica	1
SRR14919245	Stella_vacuolata	1
SRR14919245	Treponema_brennaborense	1
SRR14919243	Clostridium_glycolicum	3
SRR14919243	Leuconostoc_pseudomesenteroides	2
SRR14919239	Thermosipho_affectus	1
SRR14919239	Pseudorhodobacter_ferrugineus	1
SRR14919238	Thermohalobacter_berrensis	1
SRR14919242	Salimesophilobacter_vulgaris	2
SRR14919235	Desulfovibrio_ferrophilus	15
SRR14919238	Cesiribacter_roseus	1
SRR14919242	Macellibacteroides_fermentans	28
SRR14919239	Mycoplasma_hyorhinis	88
SRR14919238	Xenorhabdus_stockiae	1
SRR14919245	Streptococcus_mutans	1
SRR14919241	Cytophaga_fermentans	10
SRR14919240	Lactobacillus_panis	2
SRR14919244	Clostridium_cellobioparum	5
SRR14919246	Ruegeria_mobilis	51
SRR14919242	Mycobacterium_chesapeaki	14
SRR14919241	Bacteroides_ovatus	26994
SRR14919240	Paenisporosarcina_quisquiliarum	2
SRR14919239	Vibrio_casei	1
SRR14919241	Clostridium_limosum	35
SRR14919245	Mycoplasma_zalophi	1
SRR14919243	Lactobacillus_murinus	2
SRR14919240	Hyphomonas_polymorpha	2
SRR14919239	Bacteroides_vulgatus	10987
SRR14919243	Bacillus_endophyticus	3
SRR14919241	Prosthecobacter_debontii	1
SRR14919238	Halomonas_salina	1
SRR14919235	Arcobacter_cryaerophilus	1
SRR14919246	Marinoscillum_pacificum	1
SRR14919240	Borrelia_garinii	1
SRR14919239	Peptostreptococcus_canis	2
SRR14919235	Xanthomonas_gardneri	1
SRR14919241	Thioploca_ingrica	1
SRR14919236	Tenacibaculum_ovolyticum	1
SRR14919246	Leuconostoc_carnosum	2
SRR14919240	Tepidibacter_formicigenes	1
SRR14919240	Serratia_marcescens	6
SRR14919237	Bacteroides_fragilis	36
SRR14919246	Brassicibacter_mesophilus	2
SRR14919243	Agarivorans_gilvus	2
SRR14919235	Coprothermobacter_proteolyticus	1
SRR14919239	Pseudomonas_mosselii	1
SRR14919237	Dorea_formicigenerans	15
SRR14919242	Sporolactobacillus_dextrus	3
SRR14919242	Bacteroides_heparinolyticus	13
SRR14919241	Roseburia_faecis	12118
SRR14919235	Haemophilus_haemolyticus	2
SRR14919237	Bacteroides_salanitronis	16
SRR14919236	Bifidobacterium_thermacidophilum	1
SRR14919238	Bifidobacterium_choerinum	6
SRR14919237	Bacteroides_dorei	9111
SRR14919245	Parapedobacter_koreensis	1
SRR14919245	Clostridium_innocuum	25
SRR14919236	Prosthecochloris_vibrioformis	1
SRR14919236	Actinomadura_meridiana	1
SRR14919235	Perexilibacter_aurantiacus	1
SRR14919243	Pediococcus_acidilactici	23
SRR14919239	Methanolobus_tindarius	39
SRR14919237	Brevibacillus_levickii	1
SRR14919237	Legionella_nagasakiensis	1
SRR14919235	Desulfitibacter_alkalitolerans	1
SRR14919241	Clostridium_symbiosum	406
SRR14919240	Streptococcus_intermedius	57
SRR14919239	Singulisphaera_rosea	1
SRR14919236	Brevibacillus_centrosporus	1
SRR14919243	Bacteroides_eggerthii	73
SRR14919242	Caedibacter_caryophilus	26
SRR14919242	Clostridium_acetireducens	44
SRR14919240	Anaplasma_bovis	1
SRR14919235	Acholeplasma_oculi	1
SRR14919236	Veillonella_criceti	1
SRR14919238	Lactobacillus_malefermentans	2
SRR14919245	Lactococcus_lactis	94
SRR14919243	Clostridium_gasigenes	16
SRR14919235	Clostridium_xylanovorans	21
SRR14919245	Oscillatoria_miniata	49
SRR14919242	Chryseobacterium_luteum	1
SRR14919246	Fusobacterium_simiae	1
SRR14919244	Oscillibacter_valericigenes	663
SRR14919241	Blattabacterium_punctulatus	2
SRR14919239	Tepidanaerobacter_acetatoxydans	4
SRR14919242	Clostridium_colinum	287
SRR14919240	Pleurocapsa_minor	3
SRR14919242	Halolamina_pelagica	1
SRR14919238	Clostridium_tepidiprofundi	1
SRR14919236	Weissella_cibaria	6
SRR14919237	Papillibacter_cinnamivorans	1464
SRR14919246	Pigmentiphaga_daeguensis	1
SRR14919235	Burkholderia_phymatum	1
SRR14919239	Idiomarina_aestuarii	1
SRR14919236	Adlercreutzia_equolifaciens	1
SRR14919243	Thermoanaerobacter_thermocopriae	40
SRR14919241	Dasania_marina	1
SRR14919238	Mesostigma_viride	1
SRR14919246	Clostridium_thermocellum	15
SRR14919241	Thermocrinis_ruber	1
SRR14919238	Haloarcula_vallismortis	1
SRR14919244	Nostoc_ellipsosporum	1
SRR14919244	Treponema_denticola	48
SRR14919240	Streptococcus_anginosus	8
SRR14919239	Sphaerochaeta_coccoides	1
SRR14919235	Desulfovibrio_desulfuricans	48
SRR14919246	Syntrophococcus_sucromutans	11
SRR14919236	Tissierella_creatinini	7
SRR14919241	Corynebacterium_kroppenstedtii	3
SRR14919241	Shewanella_sediminis	2
SRR14919240	Alishewanella_agri	2
SRR14919246	Streptomyces_phaeochromogenes	119
SRR14919244	Photobacterium_halotolerans	1
SRR14919236	Bacteroides_oleiciplenus	118
SRR14919243	Thermincola_ferriacetica	1
SRR14919238	Treponema_primitia	1
SRR14919246	Rhizobium_gallicum	1
SRR14919243	Enterobacter_ludwigii	2
SRR14919241	Bacteroides_faecis	3
SRR14919235	Peptococcus_niger	1
SRR14919239	Herbaspirillum_seropedicae	1
SRR14919239	Bacteroides_finegoldii	123
SRR14919243	Nitrosomonas_europaea	1
SRR14919239	Litoribacter_ruber	1
SRR14919236	Acidithiobacillus_caldus	1
SRR14919245	Bacteroides_coprophilus	7606
SRR14919242	Caloranaerobacter_azorensis	2
SRR14919241	Lysobacter_enzymogenes	35
SRR14919240	Bacteroides_stercoris	311
SRR14919238	Phocaeicola_abscessus	2
SRR14919235	Clostridium_islandicum	1
SRR14919241	Thiomonas_bhubaneswarensis	1
SRR14919240	Actinomadura_catellatispora	2
SRR14919242	Avibacterium_gallinarum	7
SRR14919239	Serratia_symbiotica	2
SRR14919236	Dietzia_maris	4
SRR14919245	Lactobacillus_animata	1
SRR14919242	Flavobacterium_banpakuense	2
SRR14919235	Vibrio_mimicus	4
SRR14919245	Bacillus_pumilus	65
SRR14919244	Bigelowiella_natans	1
SRR14919243	Pseudomonas_plecoglossicida	1
SRR14919238	Odoribacter_denticanis	2
SRR14919238	Paenibacillus_zanthoxyli	1
SRR14919242	Helicobacter_fennelliae	11
SRR14919236	Ohtaekwangia_kribbensis	2
SRR14919246	Methanothermus_sociabilis	1
SRR14919241	Bifidobacterium_bifidum	189
SRR14919245	Salimesophilobacter_vulgaris	1
SRR14919241	Erwinia_chrysanthemi	3
SRR14919242	Alicyclobacillus_ferrooxydans	2
SRR14919241	Bacillus_tequilensis	2
SRR14919238	Altererythrobacter_indicus	39
SRR14919237	Parabacteroides_distasonis	128
SRR14919241	Sphingomonas_bosoensis	1
SRR14919236	Hydrotalea_sandarakina	1
SRR14919236	Prevotella_melaninogenica	159
SRR14919245	Rarobacter_incanus	1
SRR14919242	Corynebacterium_diphtheriae	13
SRR14919241	Caldithrix_abyssi	1
SRR14919240	Blautia_schinkii	183
SRR14919239	Rhodospirillum_rubrum	1
SRR14919243	Desulfomicrobium_apsheronum	1
SRR14919242	Haemophilus_ducreyi	1
SRR14919242	Robinsoniella_peoriensis	36
SRR14919235	Ureaplasma_cati	1
SRR14919243	Blautia_producta	45
SRR14919242	Heliorestis_daurensis	1
SRR14919239	Corynebacterium_renale	1
SRR14919239	Shewanella_sediminis	1
SRR14919236	Bulleidia_extructa	1
SRR14919246	Bacillus_solisalsi	1
SRR14919243	Vibrio_harveyi	38
SRR14919237	Desulfonema_limicola	1
SRR14919245	Roseibacillus_ponti	1
SRR14919242	Oscillospira_guilliermondii	10336
SRR14919237	Clostridium_cellobioparum	3
SRR14919237	Porphyromonas_levii	6
SRR14919238	Psychrobacter_maritimus	1
SRR14919235	Thalassomonas_agarivorans	1
SRR14919246	Porphyromonas_bennonis	7
SRR14919244	Butyricimonas_virosa	739
SRR14919242	Ralstonia_pickettii	1
SRR14919241	Mycoplasma_buccale	111
SRR14919240	Fibrisoma_limi	1
SRR14919239	Bifidobacterium_breve	57
SRR14919245	Clostridium_baratii	1
SRR14919236	Collinsella_stercoris	1
SRR14919245	Ignisphaera_aggregans	1
SRR14919244	Bdellovibrio_bacteriovorus	1
SRR14919241	Lactobacillus_malefermentans	2
SRR14919240	Eubacterium_saphenum	30
SRR14919236	Natranaerobius_thermophilus	1
SRR14919235	Brevibacillus_parabrevis	19
SRR14919245	Selenomonas_infelix	1
SRR14919243	Dialister_invisus	443
SRR14919245	Tissierella_praeacuta	1
SRR14919245	Eubacterium_aggregans	7
SRR14919241	Microcystis_panniformis	61
SRR14919240	Lactobacillus_malefermentans	1
SRR14919240	Streptococcus_pneumoniae	14
SRR14919238	Clostridium_spiroforme	49
SRR14919235	Treponema_lecithinolyticum	56
SRR14919245	Leptospirillum_ferriphilum	1
SRR14919239	Erwinia_chrysanthemi	6
SRR14919237	Edaphobacter_aggregans	1
SRR14919236	Leptothrix_discophora	7
SRR14919239	Bacillus_tequilensis	1
SRR14919244	Prevotella_enoeca	1
SRR14919246	Megasphaera_cerevisiae	1
SRR14919245	Selenomonas_ruminantium	51
SRR14919243	Bacteroides_caccae	101
SRR14919237	Pelobacter_massiliensis	2
SRR14919235	Alkalibacterium_indicireducens	1
SRR14919241	Elusimicrobium_minutum	1
SRR14919236	Actinomyces_bovis	1
SRR14919242	Eubacterium_desmolans	645
SRR14919239	Lactobacillus_malefermentans	2
SRR14919239	Acidaminococcus_fermentans	4
SRR14919237	Leuconostoc_fallax	29
SRR14919246	Dysgonomonas_gadei	7
SRR14919239	Bacillus_clarkii	1
SRR14919239	Cytophaga_fermentans	2
SRR14919236	Filomicrobium_insigne	2
SRR14919242	Thermoanaerobacterium_xylanolyticum	102
SRR14919238	Streptococcus_downei	1
SRR14919237	Dehalobacterium_formicoaceticum	1
SRR14919246	Mycoplasma_genitalium	1
SRR14919236	Lactobacillus_intermedius	1
SRR14919236	Laribacter_hongkongensis	5
SRR14919243	Cyanoptyche_gloeocystis	24
SRR14919239	Euglena_viridis	1
SRR14919238	Bacillus_schlegelii	52
SRR14919235	Acetanaerobacterium_elongatum	6
SRR14919246	Thermodesulfobacterium_commune	1
SRR14919238	Pseudomonas_lundensis	1
SRR14919237	Alistipes_indistinctus	3
SRR14919244	Alkalibaculum_bacchi	6
SRR14919242	Mycoplasma_testudinis	1
SRR14919240	Staphylococcus_pasteuri	1
SRR14919236	Paenibacillus_contaminans	1
SRR14919240	Buchnera_aphidicola	406
SRR14919239	Eubacterium_yurii	1
SRR14919239	Sediminitomix_flava	1
SRR14919238	Bacillus_pseudofirmus	1
SRR14919236	Myxococcus_stipitatus	17
SRR14919235	Lactobacillus_ultunensis	1
SRR14919241	Bifidobacterium_dentium	4
SRR14919239	Actinomyces_lingnae	1
SRR14919238	Fusibacter_paucivorans	3
SRR14919238	Eubacterium_saphenum	15
SRR14919235	Clostridium_glycyrrhizinilyticum	985
SRR14919236	Proteiniborus_ethanoligenes	2
SRR14919245	Lactobacillus_jensenii	22
SRR14919240	Clostridium_saccharolyticum	10
SRR14919238	Winogradskyella_epiphytica	49
SRR14919236	Brachyspira_hyodysenteriae	1
SRR14919246	Bifidobacterium_boum	1
SRR14919245	Bythopirellula_goksoyri	1
SRR14919245	Desulfovibrio_desulfuricans	35
SRR14919240	Clostridium_filamentosum	1
SRR14919235	Chlorobium_limicola	1
SRR14919237	Cryptanaerobacter_phenolicus	1
SRR14919246	Xanthomonas_translucens	6
SRR14919237	Runella_slithyformis	1
SRR14919242	Filifactor_villosus	1
SRR14919236	Delftia_acidovorans	1
SRR14919241	Parabacteroides_chartae	2
SRR14919241	Methylobacterium_oryzae	1
SRR14919242	Megasphaera_elsdenii	6
SRR14919235	Lutibacter_aestuarii	1
SRR14919242	Acinetobacter_baumannii	152
SRR14919240	Streptococcus_salivarius	73
SRR14919246	Eubacterium_hallii	773
SRR14919244	Mycoplasma_putrefaciens	1
SRR14919245	Abiotrophia_defectiva	1
SRR14919245	Bacteroides_barnesiae	100
SRR14919242	Thermoactinomyces_albus	1
SRR14919246	Acidithiobacillus_cuprithermicus	1
SRR14919235	Grimontia_hollisae	1
SRR14919242	Sphingobium_yanoikuyae	3
SRR14919239	Microcystis_viridis	1
SRR14919237	Terriglobus_roseus	1
SRR14919241	Parabacteroides_johnsonii	5
SRR14919236	Streptococcus_peroris	3
SRR14919245	Algicola_sagamiensis	4
SRR14919245	Treponema_socranskii	4
SRR14919244	Mannheimia_glucosida	1
SRR14919240	Stella_vacuolata	1
SRR14919240	Shewanella_colwelliana	1
SRR14919245	Haemophilus_parasuis	164
SRR14919241	Treponema_azotonutricium	12
SRR14919240	Neisseria_canis	24
SRR14919244	Eubacterium_contortum	17
SRR14919235	Bacillus_aeolius	1
SRR14919246	Sphingobacterium_psychroaquaticum	1
SRR14919242	Chlamydia_muridarum	1
SRR14919238	Dendrosporobacter_quercicolus	2
SRR14919246	Allobaculum_stercoricanis	5
SRR14919242	Sedimentibacter_hydroxybenzoicus	55
SRR14919241	Ruegeria_mobilis	75
SRR14919239	Salimicrobium_halophilum	1
SRR14919246	Megasphaera_hominis	44
SRR14919245	Nitrosococcus_halophilus	1
SRR14919235	Bacillus_cereus	377
SRR14919246	Ruminococcus_callidus	47
SRR14919245	Edwardsiella_tarda	1
SRR14919243	Gracilaria_tenuistipitata	5
SRR14919237	Symbiobacterium_thermophilum	5
SRR14919244	Lactobacillus_plantarum	9
SRR14919240	Halonotius_pteroides	2
SRR14919235	Acidithiobacillus_thiooxidans	1
SRR14919240	Staphylococcus_hominis	1
SRR14919238	Clostridium_phytofermentans	18
SRR14919236	Symbiobacterium_thermophilum	1
SRR14919240	Alcaligenes_faecalis	3
SRR14919239	Sedimentibacter_hydroxybenzoicus	28
SRR14919242	Jonquetella_anthropi	1
SRR14919244	Cellulosilyticum_ruminicola	3
SRR14919240	Kushneria_indalinina	21
SRR14919239	Enterobacter_cloacae	2
SRR14919245	Enterococcus_italicus	1
SRR14919244	Lactobacillus_malefermentans	1
SRR14919240	Vampirovibrio_chlorellavorus	2
SRR14919243	Acinetobacter_johnsonii	1
SRR14919241	Mycoplasma_indiense	1
SRR14919237	Nocardioides_lentus	1
SRR14919236	Pseudochlorella_pringsheimii	13
SRR14919243	Clostridium_cellulolyticum	5
SRR14919243	Lactobacillus_malefermentans	2
SRR14919238	Rhodanobacter_lindaniclasticus	1
SRR14919242	Herbaspirillum_huttiense	1
SRR14919235	Olivibacter_ginsengisoli	32
SRR14919235	Pseudochlorella_pringsheimii	9
SRR14919235	Macrococcus_brunensis	1
SRR14919242	Lactobacillus_malefermentans	4
SRR14919240	Sphingomonas_panni	1
SRR14919239	Tumebacillus_flagellatus	1
SRR14919239	Methanobrevibacter_wolinii	5
SRR14919236	Pasteurella_bettyae	1
SRR14919240	Megamonas_hypermegale	2
SRR14919243	Pedobacter_lentus	1
SRR14919240	Vibrio_mediterranei	3
SRR14919239	Mycoplasma_bovoculi	1
SRR14919239	Veillonella_caviae	1
SRR14919242	Ruminococcus_torques	573
SRR14919240	Prevotella_shahii	6
SRR14919246	Cobetia_marina	8
SRR14919241	Carboxydocella_manganica	1
SRR14919239	Selenomonas_flueggei	1
SRR14919246	Cymbella_subturgidula	1
SRR14919239	Vampirovibrio_chlorellavorus	2
SRR14919239	Brassicibacter_mesophilus	2
SRR14919237	Paracoccus_chinensis	1
SRR14919242	Blastopirellula_cremea	2
SRR14919242	Chloroflexus_aggregans	3
SRR14919238	Vampirovibrio_chlorellavorus	1
SRR14919237	Clostridium_glycolicum	2
SRR14919238	Limibacter_armeniacum	1
SRR14919242	Acetohalobium_arabaticum	1
SRR14919238	Actinosynnema_mirum	1
SRR14919246	Desulfonema_ishimotonii	2
SRR14919241	Eubacterium_eligens	919
SRR14919240	Catonella_morbi	2
SRR14919239	Defluviitalea_saccharophila	10
SRR14919238	Halonotius_pteroides	2
SRR14919243	Eubacterium_ventriosum	191
SRR14919242	Paenibacillus_tianmuensis	1
SRR14919239	Methanothermobacter_tenebrarum	1
SRR14919235	Coprobacter_fastidiosus	57
SRR14919238	Alcaligenes_faecalis	2
SRR14919235	Anaerococcus_prevotii	1
SRR14919246	Thermosyntropha_lipolytica	1
SRR14919243	Eubacterium_thermomarinus	8
SRR14919242	Halobaculum_magnesiiphilum	7
SRR14919243	Parvimonas_micra	1
SRR14919242	Lactococcus_garvieae	1
SRR14919237	Bacteroides_ovatus	68
SRR14919235	Clostridium_acetireducens	3
SRR14919236	Streptomyces_platensis	1
SRR14919243	Actinomyces_viscosus	1
SRR14919242	Clostridium_nexile	38
SRR14919241	Sporobacterium_olearium	1
SRR14919238	Geobacillus_anatolicus	1
SRR14919237	Blautia_faecis	2535
SRR14919239	Agrococcus_jenensis	1
SRR14919238	Kushneria_indalinina	18
SRR14919237	Aggregatibacter_actinomycetemcomitans	1
SRR14919236	Eubacterium_acidaminophilum	2
SRR14919236	Pyrobaculum_arsenaticum	2
SRR14919240	Smithella_propionica	1
SRR14919240	Pedobacter_sandarakinus	1
SRR14919246	Kocuria_marina	1
SRR14919244	Caloramator_australicus	4
SRR14919241	Bacteroides_heparinolyticus	45
SRR14919242	Bacillus_sporothermodurans	2
SRR14919240	Paenibacillus_pabuli	113
SRR14919239	Agarivorans_gilvus	1
SRR14919243	Thermoanaerobacter_sulfurophilus	1
SRR14919239	Cryptanaerobacter_phenolicus	2
SRR14919245	Campylobacter_fetus	1
SRR14919242	Aquicella_siphonis	1
SRR14919242	Ophioglossum_engelmannii	1
SRR14919242	Bacteroides_xylanisolvens	3328
SRR14919239	Desulfococcus_oleovorans	1
SRR14919238	Staphylococcus_pasteuri	2
SRR14919238	Cryptanaerobacter_phenolicus	2
SRR14919245	Neisseria_animalis	48
SRR14919243	Lactobacillus_amylolyticus	1
SRR14919239	Sphaerisporangium_krabiense	1
SRR14919244	Arthrobacter_stackebrandtii	1
SRR14919235	Proteocatella_sphenisci	5
SRR14919246	Blautia_wexlerae	5
SRR14919245	Syntrophomonas_cellicola	2
SRR14919239	Bifidobacterium_dentium	5
SRR14919237	Eubacterium_xylanophilum	14
SRR14919244	Xylella_fastidiosa	80
SRR14919242	Holospora_curviuscula	3
SRR14919235	Tetragenococcus_halophilus	2
SRR14919245	Marinococcus_halophilus	1
SRR14919242	Agromyces_italicus	5
SRR14919240	Sporobacter_termitidis	1623
SRR14919240	Bacillus_pumilus	62
SRR14919238	Mycoplasma_bovigenitalium	1
SRR14919244	Pseudomonas_fluorescens	9
SRR14919243	Leuconostoc_gasicomitatum	3
SRR14919245	Alistipes_onderdonkii	1
SRR14919243	Nitrobacter_hamburgensis	1
SRR14919240	Blattabacterium_punctulatus	4
SRR14919245	Bacillus_aryabhattai	1
SRR14919238	Neoptilota_densa	1
SRR14919235	Enterococcus_faecium	12
SRR14919245	Nitrospira_calida	1
SRR14919244	Leuconostoc_citreum	1
SRR14919240	Asaccharobacter_celatus	1
SRR14919238	Rhodovulum_adriaticum	1
SRR14919238	Halothiobacillus_hydrothermalis	1
SRR14919236	Papillibacter_cinnamivorans	48
SRR14919245	Pedobacter_agri	1
SRR14919243	Zymophilus_paucivorans	9
SRR14919239	Streptococcus_thermophilus	19
SRR14919245	Bacteroides_xylanolyticus	2248
SRR14919241	Bacteroides_stercorirosoris	9
SRR14919240	Pseudochlorella_pringsheimii	16
SRR14919237	Campylobacter_curvus	1
SRR14919246	Fucus_vesiculosus	7
SRR14919235	Clostridium_caenicola	3
SRR14919242	Bacillus_thermocloaceae	150
SRR14919241	Bifidobacterium_minimum	1
SRR14919241	Bifidobacterium_bombi	12
SRR14919238	Propionibacterium_propionicum	5
SRR14919236	Enterorhabdus_mucosicola	1
SRR14919245	Syntrophococcus_sucromutans	6
SRR14919245	Dysgonomonas_mossii	6
SRR14919243	Clostridium_fusiformis	6
SRR14919243	Pedobacter_luteus	1
SRR14919241	Pseudoramibacter_alactolyticus	1
SRR14919240	Rothia_dentocariosa	1
SRR14919240	Desulfotomaculum_arcticum	58
SRR14919239	Symbiobacterium_thermophilum	6
SRR14919238	Alkaliphilus_halophilus	1
SRR14919240	Leptospirillum_ferrooxidans	2
SRR14919235	Euglena_cantabrica	1
SRR14919240	Histophilus_somni	1
SRR14919238	Symbiobacterium_thermophilum	1
SRR14919235	Syntrophococcus_sucromutans	27
SRR14919238	Desulfobacterium_corrodens	1
SRR14919246	Helicobacter_macacae	2
SRR14919239	Allobaculum_stercoricanis	15
SRR14919237	Sphingobacterium_multivorum	3
SRR14919240	Agarivorans_albus	12
SRR14919240	Pseudoflavonifractor_capillosus	46
SRR14919239	Pseudochlorella_pringsheimii	8
SRR14919238	Enterococcus_aquimarinus	5
SRR14919246	Lactobacillus_malefermentans	1
SRR14919243	Moorella_humiferrea	3
SRR14919242	Eubacterium_fissicatena	1
SRR14919242	Vampirovibrio_chlorellavorus	2
SRR14919245	Mitsuokella_multacida	1
SRR14919241	Caloranaerobacter_azorensis	1
SRR14919238	Pseudochlorella_pringsheimii	15
SRR14919245	Lactobacillus_malefermentans	1
SRR14919245	Bifidobacterium_gallicum	1
SRR14919245	Microbacterium_arthrosphaerae	1
SRR14919238	Desulforhopalus_singaporensis	1
SRR14919238	Coprobacillus_cateniformis	4
SRR14919235	Niabella_ginsengisoli	1
SRR14919237	Pseudochlorella_pringsheimii	7
SRR14919237	Campylobacter_rectus	16
SRR14919235	Lysobacter_enzymogenes	33
SRR14919242	Dysgonomonas_oryzarvi	1
SRR14919242	Thalassiosira_pseudonana	60
SRR14919240	Parasporobacterium_paucivorans	1193
SRR14919236	Mycoplasma_spermatophilum	1
SRR14919236	Paenibacillus_hordei	242
SRR14919244	Lachnospira_pectinoschiza	10
SRR14919242	Paucisalibacillus_globulus	2
SRR14919235	Ruminococcus_gnavus	60122
SRR14919245	Pasteurella_dagmatis	1
SRR14919243	Anaerovibrio_lipolyticus	1
SRR14919243	Treponema_zuelzerae	3
SRR14919242	Prevotella_nanceiensis	2
SRR14919246	Clostridium_bartlettii	114
SRR14919243	Dialister_pneumosintes	18
SRR14919235	Bacillus_horikoshii	5
SRR14919243	Hydrocoleum_lyngbyaceum	1
SRR14919239	Planktolyngbya_limnetica	1
SRR14919235	Weissella_ghanensis	1
SRR14919240	Massilia_timonae	1
SRR14919235	Clostridium_thermoalcaliphilum	1
SRR14919241	Deinococcus_proteolyticus	2
SRR14919240	Eubostrichus_dianeae	1
SRR14919246	Mucilaginibacter_soli	1
SRR14919237	Magnetospirillum_gryphiswaldense	1
SRR14919246	Tepidimicrobium_xylanilyticum	1
SRR14919243	Vulcanibacillus_modesticaldus	4
SRR14919244	Lactobacillus_antri	1
SRR14919240	Oxalophagus_oxalicus	3
SRR14919245	Xylanibacter_oryzae	3
SRR14919239	Microcystis_panniformis	54
SRR14919235	Staphylococcus_sciuri	1
SRR14919245	Oceanrickettsia_ariakensis	1
SRR14919245	Clostridium_asparagiforme	2
SRR14919239	Nordella_oligomobilis	1
SRR14919243	Ruminococcus_albus	2093
SRR14919242	Natronincola_ferrireducens	2
SRR14919242	Actinomyces_howellii	1
SRR14919241	Oscillospira_guilliermondii	5
SRR14919238	Lysinibacillus_fusiformis	2
SRR14919235	Geotoga_subterranea	1
SRR14919241	Clostridium_citroniae	47
SRR14919236	Desemzia_incerta	1
SRR14919236	Clostridium_polysaccharolyticum	23
SRR14919243	Desulfatiferula_olefinivorans	1
SRR14919239	Halobaculum_gomorrense	2
SRR14919243	Staphylococcus_massiliensis	1
SRR14919235	Acinetobacter_junii	3
SRR14919245	Myroides_pelagicus	1
SRR14919244	Pylaiella_littoralis	2
SRR14919241	Clostridium_indolis	91
SRR14919238	Anaerobranca_gottschalkii	1
SRR14919237	Mycoplasma_buccale	67
SRR14919243	Legionella_jordanis	1
SRR14919243	Christensenella_minuta	11
SRR14919241	Pedobacter_ruber	1
SRR14919242	Slackia_piriformis	9
SRR14919245	Spirochaeta_aurantia	2
SRR14919238	Olivibacter_sitiensis	1
SRR14919237	Fervidicoccus_fontis	2
SRR14919235	Leptospirillum_ferriphilum	1
SRR14919238	Eubostrichus_dianeae	2
SRR14919243	Aureibacter_tunicatorum	2
SRR14919241	Halopelagius_inordinatus	2
SRR14919239	Clostridium_straminisolvens	45
SRR14919237	Pterocladiella_capillacea	1
SRR14919245	Actinomyces_massiliensis	2
SRR14919243	Macellibacteroides_fermentans	20
SRR14919237	Mycoplasma_glycophilum	1
SRR14919238	Oxalophagus_oxalicus	4
SRR14919240	Streptococcus_sanguinis	136
SRR14919245	Lysinibacillus_odysseyi	2
SRR14919244	Simplicispira_psychrophila	13
SRR14919239	Lactobacillus_hominis	12
SRR14919236	Mycoplasma_hyopneumoniae	10
SRR14919239	Bacteroides_caccae	743
SRR14919238	Eubacterium_nodatum	2
SRR14919237	Sulfitobacter_mediterraneus	1
SRR14919246	Desulfovibrio_ferrophilus	8
SRR14919241	Mycoplasma_suis	3
SRR14919244	Caldicellulosiruptor_bescii	6
SRR14919243	Myroides_odoratimimus	1
SRR14919242	Symbiobacterium_thermophilum	1
SRR14919244	Pseudomonas_putida	4
SRR14919244	Azospirillum_brasilense	1
SRR14919236	Acidithiobacillus_cuprithermicus	1
SRR14919235	Gramella_aestuarii	1
SRR14919237	Tindallia_magadiensis	1
SRR14919243	Porphyromonas_gingivalis	1
SRR14919239	Parabacteroides_chartae	6
SRR14919236	Enterococcus_viikkiensis	1
SRR14919243	Oscillibacter_valericigenes	837
SRR14919246	Papillibacter_cinnamivorans	148
SRR14919244	Subdoligranulum_variabile	117
SRR14919246	Thalassomonas_agarivorans	1
SRR14919242	Pseudochlorella_pringsheimii	13
SRR14919235	Pontibacillus_chungwhensis	2
SRR14919245	Adlercreutzia_equolifaciens	1
SRR14919235	Bacillus_humi	6
SRR14919236	Halomicroarcula_pellucida	6
SRR14919241	Pseudochlorella_pringsheimii	8
SRR14919241	Paenibacillus_camelliae	2
SRR14919245	Ochrobactrum_grignonense	4
SRR14919243	Bradyrhizobium_japonicum	139
SRR14919240	Burkholderia_andropogonis	1
SRR14919244	Caloramator_viterbiensis	4
SRR14919244	Desulfovibrio_desulfuricans	47
SRR14919239	Lactobacillus_jensenii	22
SRR14919237	Fusicatenibacter_saccharivorans	158
SRR14919243	Francisella_noatunensis	49
SRR14919240	Rhodopseudomonas_palustris	49
SRR14919236	Bacteroides_pyogenes	18
SRR14919236	Idiomarina_salinarum	1
SRR14919239	Peptoniphilus_lacrimalis	70
SRR14919238	Paenibacillus_pabuli	78
SRR14919237	Melioribacter_roseus	1
SRR14919246	Chryseobacterium_koreense	1
SRR14919240	Desulfonatronum_alkalitolerans	1
SRR14919244	Salinisphaera_shabanensis	1
SRR14919244	Treponema_maltophilum	3
SRR14919236	Vibrio_mimicus	2
SRR14919240	Fusobacterium_perfoetens	1
SRR14919238	Mobiluncus_mulieris	2
SRR14919245	Chlamydia_pecorum	2
SRR14919238	Haemophilus_sputorum	1
SRR14919244	Eubacterium_siraeum	2920
SRR14919243	Vampirovibrio_chlorellavorus	1
SRR14919239	Trichormus_azollae	1
SRR14919238	Marinoscillum_furvescens	1
SRR14919238	Ectothiorhodospira_marina	1
SRR14919236	Gracilaria_tenuistipitata	7
SRR14919241	Halobacterium_noricense	3
SRR14919245	Clostridium_peptidivorans	1
SRR14919242	Lactobacillus_nagelii	1
SRR14919246	Enterobacter_hormaechei	10
SRR14919245	Azospirillum_lipoferum	1
SRR14919245	Marinobacterium_jannaschii	2
SRR14919241	Parabacteroides_gordonii	351
SRR14919240	Eubacterium_oxidoreducens	86
SRR14919239	Eubacterium_ramulus	276
SRR14919236	Sphingobium_yanoikuyae	1
SRR14919244	Brevundimonas_intermedia	1
SRR14919243	Clostridium_pasteurianum	8
SRR14919238	Chitinophaga_cymbidii	1
SRR14919240	Brevibacterium_linens	8
SRR14919244	Vibrio_harveyi	45
SRR14919241	Isochromatium_buderi	1
SRR14919243	Methylosarcina_quisquiliarum	2
SRR14919243	Tepidibacter_thalassicus	1
SRR14919241	Coprococcus_comes	31
SRR14919241	Polaromonas_vacuolata	21
SRR14919237	Holospora_acuminata	1
SRR14919239	Natrinema_versiforme	1
SRR14919237	Clostridium_ganghwense	1
SRR14919235	Aeromonas_hydrophila	2
SRR14919241	Corynebacterium_diphtheriae	4
SRR14919238	Caedibacter_taeniospiralis	21
SRR14919244	Cryptanaerobacter_phenolicus	1
SRR14919243	Clostridium_herbivorans	3
SRR14919243	Pseudanabaena_mucicola	5
SRR14919240	Nonomuraea_coxensis	1
SRR14919237	Clostridium_phytofermentans	7
SRR14919243	Cryptanaerobacter_phenolicus	1
SRR14919243	Anaerococcus_senegalensis	69
SRR14919236	Bacteroides_coprocola	75
SRR14919245	Thiomargarita_namibiensis	292
SRR14919243	Myroides_phaeus	1
SRR14919240	Bacteroides_chinchillae	10
SRR14919236	Azospirillum_amazonense	2
SRR14919239	Eubacterium_pyruvativorans	5
SRR14919235	Acholeplasma_axanthum	1
SRR14919246	Odoribacter_laneus	26
SRR14919238	Clostridium_asparagiforme	28
SRR14919245	Prevotella_timonensis	2
SRR14919242	Sporanaerobacter_acetigenes	1
SRR14919240	Janthinobacterium_lividum	1
SRR14919242	Bacillus_amyloliquefaciens	1
SRR14919236	Eubacterium_thermomarinus	2
SRR14919236	Prevotella_maculosa	26
SRR14919244	Treponema_amylovorum	11
SRR14919235	Caldisericum_exile	2
SRR14919245	Chryseobacterium_shigense	1
SRR14919237	Alloprevotella_tannerae	1
SRR14919236	Clostridium_methoxybenzovorans	49
SRR14919243	Bifidobacterium_angulatum	1
SRR14919238	Methanocorpusculum_sinense	1
SRR14919238	Clostridium_grantii	2
SRR14919236	Mycoplasma_penetrans	1
SRR14919244	Calypogeia_muelleriana	1
SRR14919241	Blautia_wexlerae	23
SRR14919240	Bacillus_vietnamensis	1
SRR14919240	Crenothrix_polyspora	1
SRR14919235	Brachyspira_aalborgi	1
SRR14919242	Bifidobacterium_reuteri	2
SRR14919241	Armatimonas_rosea	12
SRR14919239	Sporobacterium_olearium	4
SRR14919238	Bacillus_beijingensis	3
SRR14919236	Clostridium_aciditolerans	1
SRR14919242	Spiroplasma_taiwanense	3
SRR14919237	Phormidium_tenue	1
SRR14919242	Luteolibacter_algae	2
SRR14919240	Anabaena_cylindrica	6
SRR14919239	Anaeroplasma_varium	4
SRR14919238	Acidaminobacter_hydrogenoformans	17
SRR14919237	Thermoanaerobacterium_xylanolyticum	56
SRR14919236	Thermoanaerobacter_thermohydrosulfuricus	1
SRR14919245	Symbiobacterium_thermophilum	1
SRR14919244	Coprococcus_eutactus	2
SRR14919243	Rubidibacter_lacunae	1
SRR14919239	Lactobacillus_versmoldensis	1
SRR14919235	Bacteroides_xylanisolvens	4
SRR14919241	Bifidobacterium_longum	29
SRR14919246	Microbacterium_xinjiangensis	1
SRR14919244	Eubacterium_cellulosolvens	8
SRR14919241	Shewanella_baltica	1
SRR14919240	Burkholderia_tropica	14
SRR14919240	Anaerostipes_butyraticus	43
SRR14919239	Clostridium_paradoxum	5
SRR14919236	Thermosyntropha_lipolytica	1
SRR14919244	Roseovarius_lutimaris	1
SRR14919240	Methanobacterium_beijingense	1
SRR14919236	Pediococcus_ethanolidurans	2
SRR14919239	Prevotella_nigrescens	1
SRR14919237	Shewanella_algidipiscicola	1
SRR14919244	Nitrosococcus_mobilis	1
SRR14919235	Erwinia_billingiae	1
SRR14919244	Pseudochlorella_pringsheimii	17
SRR14919243	Streptomyces_albogriseolus	1
SRR14919240	Desulfovibrio_cavernae	1
SRR14919238	Clostridium_nexile	46
SRR14919240	Orientia_tsutsugamushi	1
SRR14919244	Chryseobacterium_joostei	1
SRR14919243	Pseudochlorella_pringsheimii	10
SRR14919239	Paenibacillus_azoreducens	2
SRR14919243	Clostridium_histolyticum	2
SRR14919237	Desulfuromusa_bakii	1
SRR14919236	Leuconostoc_gasicomitatum	2
SRR14919244	Prevotella_corporis	7
SRR14919241	Beijerinckia_indica	2
SRR14919237	Dysgonomonas_capnocytophagoides	4
SRR14919236	Propionispora_hippei	1
SRR14919245	Gemmiger_formicilis	1195
SRR14919239	Sinobacter_flavus	1
SRR14919245	Methanobrevibacter_acididurans	1
SRR14919245	Treponema_medium	2
SRR14919245	Desulfovibrio_bastinii	73
SRR14919243	Bradyrhizobium_elkanii	95
SRR14919239	Scardovia_inopinata	1
SRR14919244	Hassallia_byssoidea	1
SRR14919242	Salmonella_enterica	2
SRR14919237	Dialister_micraerophilus	2
SRR14919243	Arthrobacter_stackebrandtii	1
SRR14919236	Vibrio_rotiferianus	1
SRR14919241	Akkermansia_muciniphila	23
SRR14919238	Bacteroides_xylanolyticus	723
SRR14919237	Spirochaeta_smaragdinae	1
SRR14919244	Tepidibacter_formicigenes	1
SRR14919243	Desulfovibrio_mexicanus	1
SRR14919242	Porphyromonas_macacae	2
SRR14919242	Aliifodinibius_sediminis	2
SRR14919237	Eubacterium_sulci	10
SRR14919245	Vampirovibrio_chlorellavorus	2
SRR14919245	Phaseolus_vulgaris	1
SRR14919237	Salinisphaera_shabanensis	1
SRR14919242	Glaciecola_polaris	1
SRR14919235	Moryella_indoligenes	5
SRR14919246	Collinsella_aerofaciens	176
SRR14919246	Clostridium_acidisoli	14
SRR14919243	Pelotomaculum_thermopropionicum	2
SRR14919242	Sulfolobus_vallisabyssus	1
SRR14919238	Burkholderia_tropica	10
SRR14919245	Aerosakkonema_funiforme	1
SRR14919239	Mycobacterium_chesapeaki	13
SRR14919238	Agromyces_italicus	1
SRR14919236	Acetanaerobacterium_elongatum	5
SRR14919242	Sphingobacterium_bambusae	1
SRR14919239	Ruminococcus_bromii	2785
SRR14919246	Clostridium_acetireducens	10
SRR14919245	Bacillus_algicola	263
SRR14919239	Anaerovorax_odorimutans	12
SRR14919235	Papillibacter_cinnamivorans	55
SRR14919243	Haloplanus_natans	2
SRR14919242	Succiniclasticum_ruminis	1
SRR14919239	Halobacterium_noricense	3
SRR14919246	Mycoplasma_amphoriforme	2
SRR14919246	Reclinomonas_americana	43
SRR14919236	Treponema_vincentii	1
SRR14919235	Cohnella_cellulosilytica	1
SRR14919235	Listeria_grayi	2
SRR14919240	Bacteroides_stercorirosoris	13
SRR14919237	Clostridium_oroticum	10
SRR14919236	Pseudomonas_moorei	1
SRR14919237	Lachnospira_pectinoschiza	57
SRR14919245	Methanolobus_vulcani	2
SRR14919242	Streptomyces_fimbriatus	2
SRR14919245	Methanobrevibacter_gottschalkii	6
SRR14919235	Halostagnicola_kamekurae	1
SRR14919237	Clostridium_fusiformis	22
SRR14919246	Clostridium_disporicum	12
SRR14919245	Aneurinibacillus_migulanus	1
SRR14919235	Brasilonema_octagenarum	1
SRR14919245	Dorea_longicatena	683
SRR14919244	Borrelia_recurrentis	1
SRR14919243	Bacteroides_denticanum	1
SRR14919243	Actinobacillus_succinogenes	1
SRR14919237	Caloramator_fervidus	25
SRR14919240	Thauera_butanivorans	1
SRR14919237	Fusobacterium_varium	2
SRR14919235	Clostridium_sartagoforme	2
SRR14919244	Oceanirhabdus_sediminicola	4
SRR14919241	Lewinella_agarilytica	13
SRR14919238	Carnobacterium_maltaromaticum	1
SRR14919243	Cellulosilyticum_ruminicola	2
SRR14919240	Treponema_bryantii	1
SRR14919237	Rubrobacter_bracarensis	4
SRR14919236	Anaerococcus_senegalensis	104
SRR14919244	Euzebyella_saccharophila	1
SRR14919240	Vibrio_casei	1
SRR14919237	Lactobacillus_parabuchneri	57
SRR14919243	Clostridium_populeti	4
SRR14919238	Planktothrix_agardhii	2
SRR14919236	Methanobrevibacter_woesei	1
SRR14919242	Calditerricola_yamamurae	2
SRR14919242	Nonomuraea_roseoviolacea	1
SRR14919238	Bacteroides_chinchillae	8
SRR14919238	Propionibacterium_acnes	1
SRR14919238	Tetragenococcus_solitarius	1
SRR14919241	Bacillus_coagulans	2
SRR14919244	Bacteroides_uniformis	5272
SRR14919241	Chloroflexus_aurantiacus	2
SRR14919239	Dendrosporobacter_quercicolus	1
SRR14919243	Desulfitispora_alkaliphila	6
SRR14919240	Lachnobacterium_bovis	309
SRR14919245	Monomorphina_pyrum	1
SRR14919245	Flexibacter_litoralis	1
SRR14919240	Rhodospira_trueperi	1
SRR14919240	Filifactor_alocis	13
SRR14919235	Nitrosopumilus_maritimus	1
SRR14919235	Lactobacillus_panis	2
SRR14919241	Desulfomicrobium_apsheronum	1
SRR14919236	Acidithiobacillus_thiooxidans	2
SRR14919244	Haloarchaeobius_iranensis	1
SRR14919235	Taylorella_equigenitalis	43
SRR14919238	Olsenella_profusa	1
SRR14919238	Caldicellulosiruptor_lactoaceticus	4
SRR14919239	Bacillus_cohnii	1
SRR14919242	Bacillus_clausii	1
SRR14919238	Defluviitalea_saccharophila	16
SRR14919245	Clostridium_termitidis	7
SRR14919240	Oscillospira_guilliermondii	1834
SRR14919245	Desulfobacula_phenolica	1
SRR14919243	Enterococcus_columbae	4
SRR14919243	Bryopsis_hypnoides	37
SRR14919246	Porphyra_purpurea	1
SRR14919239	Actinomyces_suimastitidis	1
SRR14919239	Ruminococcus_albus	3454
SRR14919237	Eubacterium_ventriosum	152
SRR14919246	Pseudochlorella_pringsheimii	4
SRR14919237	Prevotella_veroralis	2
SRR14919235	Prevotella_buccae	2
SRR14919245	Eubacterium_acidaminophilum	1
SRR14919242	Xanthomonas_axonopodis	7
SRR14919241	Blattabacterium_relictus	37
SRR14919245	Pseudochlorella_pringsheimii	6
SRR14919240	Treponema_medium	2
SRR14919239	Paucimonas_lemoignei	1
SRR14919239	Desulfovibrio_ferrophilus	17
SRR14919238	Streptococcus_sanguinis	89
SRR14919239	Pilibacter_termitis	1
SRR14919235	Eubacterium_acidaminophilum	1
SRR14919236	Glycomyces_endophyticus	1
SRR14919243	Geobacillus_stearothermophilus	1
SRR14919240	Clostridium_algoriphilum	4
SRR14919238	Snowella_litoralis	1
SRR14919238	Lactobacillus_pasteurii	1
SRR14919237	Azotobacter_chroococcum	1
SRR14919237	Christensenella_minuta	10
SRR14919245	Eggerthella_lenta	2
SRR14919240	Bacteroides_heparinolyticus	36
SRR14919237	Lactobacillus_suebicus	1
SRR14919237	Subdoligranulum_variabile	87
SRR14919240	Helicobacter_heilmannii	6
SRR14919239	Treponema_putidum	3
SRR14919239	Thalassomonas_agarivorans	1
SRR14919238	Clostridium_straminisolvens	29
SRR14919236	Streptomyces_lavendulae	1
SRR14919246	Clostridium_novyi	1
SRR14919242	Clostridium_vincentii	1
SRR14919242	Acetoanaerobium_noterae	7
SRR14919240	Thermogladius_shockii	139
SRR14919238	Cellulomonas_flavigena	1
SRR14919243	Desulfotomaculum_hydrothermale	4
SRR14919241	Sulfurimonas_autotrophica	1
SRR14919238	Porphyromonas_uenonis	1
SRR14919236	Methanocalculus_pumilus	24
SRR14919239	Paenibacillus_camelliae	3
SRR14919243	Leptospira_borgpetersenii	1
SRR14919242	Bacillus_mojavensis	3
SRR14919242	Clostridium_ruminantium	236
SRR14919241	Borrelia_japonica	1
SRR14919240	Alteromonas_genovensis	1
SRR14919242	Fluviimonas_pallidilutea	7
SRR14919240	Bacteroides_dorei	50409
SRR14919243	Lactobacillus_amylophilus	3
SRR14919241	Phytophthora_infestans	27
SRR14919239	Akkermansia_muciniphila	10454
SRR14919245	Lactobacillus_paracasei	3
SRR14919244	Calochaete_cimrmanii	32
SRR14919235	Bacillus_hemicentroti	1
SRR14919246	Proteus_mirabilis	7
SRR14919244	Burkholderia_cepacia	1
SRR14919240	Ammoniphilus_oxalaticus	1
SRR14919236	Eubacterium_dolichum	28
SRR14919246	Flexibacter_flexilis	6
SRR14919242	Pseudoclavibacter_soli	1
SRR14919244	Vallitalea_guaymasensis	6
SRR14919242	Oscillibacter_valericigenes	3426
SRR14919241	Pseudomonas_borbori	1
SRR14919245	Vibrio_splendidus	1
SRR14919245	Papillibacter_cinnamivorans	124
SRR14919244	Streptococcus_intermedius	29
SRR14919241	Psychrobacter_glacincola	1
SRR14919236	Bisgaardia_hudsonensis	1
SRR14919246	Flectobacillus_speluncae	1
SRR14919242	Bacillus_aerius	1
SRR14919238	Clostridium_peptidivorans	1
SRR14919236	Clostridium_oceanicum	3
SRR14919244	Adlercreutzia_equolifaciens	29
SRR14919244	Mesoplasma_photuris	3
SRR14919242	Dethiosulfatibacter_aminovorans	3
SRR14919236	Lactobacillus_oris	1
SRR14919244	Hyphomonas_jannaschiana	1
SRR14919242	Methanococcus_maripaludis	1
SRR14919243	Treponema_calligyrum	1
SRR14919243	Desulfovibrio_desulfuricans	49
SRR14919240	Glycomyces_mongolensis	1
SRR14919239	Halomonas_subglaciescola	1
SRR14919239	Geothrix_fermentans	1
SRR14919246	Caminicella_sporogenes	1
SRR14919243	Lactobacillus_brevis	1
SRR14919242	Clostridium_tetani	8
SRR14919238	Pelosinus_fermentans	1
SRR14919243	Actinomyces_europaeus	1
SRR14919242	Desulfosporosinus_burensis	2
SRR14919244	Leptonema_illini	1
SRR14919244	Syntrophococcus_sucromutans	12
SRR14919240	Bergeyella_zoohelcum	1
SRR14919246	Sphingobacterium_multivorum	2
SRR14919242	Lactobacillus_guizhouensis	1
SRR14919239	Mycobacterium_aichiense	1
SRR14919246	Melghirimyces_thermohalophilus	1
SRR14919246	Mycoplasma_orale	2
SRR14919243	Neisseria_subflava	1
SRR14919243	Gallibacterium_anatis	1
SRR14919236	Sphingobacterium_multivorum	3
SRR14919244	Exiguobacterium_profundum	1
SRR14919244	Cecembia_lonarensis	1
SRR14919242	Streptomyces_macrosporeus	1
SRR14919241	Pseudomonas_mendocina	1
SRR14919235	Barnesiella_viscericola	4
SRR14919243	Aestuariibacter_halophilus	1
SRR14919243	Aeromonas_veronii	34
SRR14919240	Caloranaerobacter_azorensis	8
SRR14919238	Prevotella_ruminicola	13
SRR14919238	Thiomargarita_namibiensis	304
SRR14919235	Pseudobutyrivibrio_xylanivorans	2
SRR14919244	Haloferax_alexandrinus	2
SRR14919240	Methylomicrobium_kenyense	1
SRR14919239	Nitrospira_moscoviensis	1
SRR14919237	Clostridium_aestuarii	4
SRR14919245	Desulfurispira_natronophila	1
SRR14919242	Vagococcus_penaei	1
SRR14919242	Brackiella_oedipodis	2
SRR14919242	Vibrio_parahaemolyticus	5
SRR14919240	Streptococcus_henryi	2
SRR14919235	Streptomyces_phaeochromogenes	160
SRR14919240	Pelotomaculum_schinkii	1
SRR14919244	Odoribacter_splanchnicus	187
SRR14919243	Clostridium_celerecrescens	2
SRR14919239	Mucilaginibacter_rigui	1
SRR14919245	Parabacteroides_johnsonii	56
SRR14919243	Clostridium_scindens	7
SRR14919244	Streptomyces_melanogenes	2
SRR14919238	Nocardia_cyriacigeorgica	2
SRR14919236	Bifidobacterium_angulatum	1
SRR14919240	Corynebacterium_diphtheriae	8
SRR14919238	Blautia_faecis	6269
SRR14919245	Methanobacterium_beijingense	1
SRR14919244	Methanobrevibacter_arboriphilus	14
SRR14919236	Clostridium_phytofermentans	5
SRR14919242	Clostridium_isatidis	2
SRR14919237	Pseudanabaena_mucicola	3
SRR14919236	Ignavibacterium_album	1
SRR14919235	Smegmaraptor_porcuscaenosi	1
SRR14919235	Idiomarina_donghaiensis	2
SRR14919245	Rudaea_cellulosilytica	1
SRR14919242	Lactobacillus_kefiranofaciens	1
SRR14919239	Bilophila_wadsworthia	224
SRR14919236	Clostridium_limosum	71
SRR14919246	Pontibacter_salisaro	2
SRR14919242	Eremococcus_coleocola	1
SRR14919242	Paenibacillus_edaphicus	2
SRR14919238	Corallococcus_coralloides	1
SRR14919243	Mogibacterium_timidum	4
SRR14919239	Arthrobacter_cumminsii	1
SRR14919239	Corynebacterium_kroppenstedtii	1
SRR14919237	Streptococcus_salivarius	1
SRR14919243	Neisseria_canis	21
SRR14919242	Euglena_viridis	2
SRR14919235	Haladaptatus_litoreus	1
SRR14919239	Haloferax_mucosum	1
SRR14919236	Sorangium_cellulosum	5
SRR14919235	Serratia_marcescens	8
SRR14919235	Paenibacillus_assamensis	4
SRR14919244	Colwellia_polaris	2
SRR14919242	Pasteurella_multocida	63
SRR14919242	Desulfovibrio_paquesii	1
SRR14919238	Bacillus_cereus	438
SRR14919244	Halomonas_salifodinae	2
SRR14919241	Bifidobacterium_saguini	2
SRR14919239	Planococcus_rifietoensis	1
SRR14919236	Pedomicrobium_manganicum	1
SRR14919245	Staphylococcus_felis	1
SRR14919243	Parapedobacter_composti	1
SRR14919242	Desulfotomaculum_ruminis	1
SRR14919245	Oxobacter_pfennigii	12
SRR14919243	Ponticoccus_litoralis	1
SRR14919243	Rhodobacter_megalophilus	1
SRR14919238	Treponema_azotonutricium	17
SRR14919237	Persicirhabdus_sediminis	1
SRR14919237	Paenisporosarcina_quisquiliarum	1
SRR14919246	Anaerofilum_agile	3
SRR14919244	Thermoanaerobacterium_saccharolyticum	27
SRR14919237	Desulfococcus_niacini	1
SRR14919235	Clostridium_sulfidigenes	21
SRR14919242	Roseburia_inulinivorans	257
SRR14919240	Acholeplasma_oculi	1
SRR14919246	Clostridium_cylindrosporum	44
SRR14919244	Treponema_zioleckii	2
SRR14919243	Microbulbifer_yueqingensis	2
SRR14919245	Bacillus_humi	9
SRR14919245	Atopobium_parvulum	2
SRR14919240	Oceanospirillum_beijerinckii	1
SRR14919235	Bifidobacterium_longum	5
SRR14919246	Microbacterium_arborescens	1
SRR14919245	Wolbachia_pipientis	2
SRR14919240	Lactobacillus_rhamnosus	3
SRR14919236	Aeriscardovia_aeriphila	1
SRR14919243	Nocardiopsis_rosea	1
SRR14919243	Caldicellulosiruptor_bescii	1
SRR14919239	Bryopsis_hypnoides	48
SRR14919239	Robinsoniella_peoriensis	51
SRR14919235	Finegoldia_magna	2
SRR14919236	Halomicrobium_zhouii	1
SRR14919245	Enterococcus_faecalis	2
SRR14919242	Bacillus_altitudinis	1
SRR14919237	Clostridium_colinum	2
SRR14919245	Parapedobacter_luteus	4
SRR14919244	Pediococcus_pentosaceus	3
SRR14919243	Mahella_australiensis	11
SRR14919240	Prevotella_bryantii	82
SRR14919245	Terrimonas_aquatica	2
SRR14919244	Oscillatoria_amoena	1
SRR14919241	Lactobacillus_kunkeei	145
SRR14919236	Anoxybacillus_voinovskiensis	1
SRR14919245	Flavonifractor_plautii	405
SRR14919241	Thermobrachium_celere	1
SRR14919240	Pseudorhodobacter_antarcticus	1
SRR14919242	Lactobacillus_apodemi	8
SRR14919246	Aerococcus_urinaehominis	1
SRR14919242	Segetibacter_koreensis	1
SRR14919242	Gordonibacter_pamelaeae	28
SRR14919240	Terrahaemophilus_aromaticivorans	3
SRR14919244	Trichococcus_collinsii	141
SRR14919239	Clostridium_acetireducens	9
SRR14919239	Treponema_denticola	55
SRR14919235	Peptoniphilus_gorbachii	1
SRR14919243	Catonella_morbi	104
SRR14919246	Sinorhizobium_americanum	2
SRR14919241	Amorphus_coralli	1
SRR14919239	Desulfovibrio_bastinii	69
SRR14919237	Bradyrhizobium_elkanii	89
SRR14919245	Alistipes_senegalensis	218
SRR14919244	Macellibacteroides_fermentans	4
SRR14919239	Aminobacterium_colombiense	2
SRR14919246	Gracilimonas_mengyeensis	1
SRR14919242	Eubacterium_yurii	1
SRR14919245	Clostridium_purinilyticum	5
SRR14919245	Lactobacillus_helveticus	3
SRR14919245	Pseudonocardia_antarctica	1
SRR14919240	Acetitomaculum_ruminis	472
SRR14919235	Lewinella_persica	1
SRR14919246	Tannerella_forsythia	13
SRR14919242	Runella_defluvii	2
SRR14919240	Haemophilus_parainfluenzae	13
SRR14919240	Pelodictyon_luteolum	1
SRR14919235	Alloprevotella_rava	1
SRR14919244	Prototheca_wickerhamii	8
SRR14919246	Shewanella_frigidimarina	1
SRR14919240	Pseudomonas_pictorum	120
SRR14919239	Staphylococcus_aureus	1
SRR14919235	Acholeplasma_hippikon	1
SRR14919237	Fangia_hongkongensis	2
SRR14919237	Corynebacterium_lubricantis	1
SRR14919243	Granulicatella_balaenopterae	1
SRR14919240	Anaerolinea_thermophila	1
SRR14919244	Prevotella_dentalis	2
SRR14919242	Costertonia_aggregata	1
SRR14919239	Zobellia_galactanivorans	1
SRR14919235	Chamaesiphon_subglobosus	1
SRR14919243	Sphingobium_suberifaciens	1
SRR14919235	Brevundimonas_lenta	1
SRR14919245	Streptococcus_equi	1
SRR14919242	Solitalea_canadensis	4
SRR14919245	Hespellia_porcina	159
SRR14919240	Borrelia_duttonii	1
SRR14919243	Lactobacillus_fermentum	1
SRR14919243	Kinetoplastibacterium_blastocrithidii	14
SRR14919241	Kingella_kingae	1
SRR14919246	Clostridium_phytofermentans	2
SRR14919240	Clostridium_algidixylanolyticum	30
SRR14919244	Lactobacillus_ruminis	3
SRR14919245	Clostridium_sporogenes	5
SRR14919242	Lactobacillus_salivarius	18
SRR14919237	Clostridium_filamentosum	1
SRR14919237	Bacteroides_denticanum	1
SRR14919242	Pseudoalteromonas_haloplanktis	1
SRR14919239	Sitophilus_zeamais	1
SRR14919242	Guggenheimella_bovis	42
SRR14919245	Desulfopila_inferna	1
SRR14919242	Cellulosilyticum_ruminicola	6927
SRR14919240	Burkholderia_terricola	2
SRR14919245	Roseomonas_cervicalis	2
SRR14919243	Caldicellulosiruptor_lactoaceticus	1
SRR14919235	Klebsiella_pneumoniae	40
SRR14919237	Bacteroides_cellulosolvens	4
SRR14919236	Treponema_bryantii	4
SRR14919243	Synechococcus_elongatus	1
SRR14919242	Carbophilus_carboxidus	2
SRR14919235	Rhodobacter_changlensis	1
SRR14919240	Cytophaga_xylanolytica	29
SRR14919238	Pseudomonas_pictorum	100
SRR14919238	Ruminococcus_lactaris	1428
SRR14919245	Mycoplasma_columborale	1
SRR14919243	Cenarchaeum_symbiosum	172
SRR14919236	Aeribacillus_pallidus	1
SRR14919243	Ostreococcus_tauri	1
SRR14919243	Clostridium_perfringens	261
SRR14919237	Lactobacillus_pontis	1
SRR14919245	Shewanella_algae	1
SRR14919238	Phaeobacter_gallaeciensis	1
SRR14919237	Bacillus_coagulans	1
SRR14919238	Eubacterium_tarantellae	1
SRR14919236	Pseudoxanthomonas_kalamensis	1
SRR14919235	Mycoplasma_felis	34
SRR14919243	Dasania_marina	1
SRR14919242	Merismopedia_tenuissima	2
SRR14919246	Cohnella_laeviribosi	1
SRR14919245	Plasticicumulans_lactativorans	1
SRR14919239	Alicyclobacillus_herbarius	1
SRR14919246	Clostridium_thiosulfatireducens	2
SRR14919243	Ureaplasma_urealyticum	1
SRR14919243	Paraprevotella_clara	6
SRR14919237	Shuttleworthia_satelles	79
SRR14919236	Kushneria_aurantia	1
SRR14919246	Turicibacter_sanguinis	41
SRR14919241	Halioglobus_japonicus	1
SRR14919240	Thermobacillus_composti	1
SRR14919239	Paracoccus_denitrificans	1
SRR14919244	Euzebya_tangerina	7
SRR14919242	Leuconostoc_fallax	43
SRR14919241	Victivallis_vadensis	2
SRR14919240	Desulfomicrobium_baculatum	3
SRR14919246	Lacinutrix_copepodicola	1
SRR14919240	Propioniciclava_tarda	1
SRR14919237	Defluviitalea_saccharophila	18
SRR14919246	Actinomadura_latina	1
SRR14919245	Haloechinothrix_alba	1
SRR14919242	Geobacillus_thermantarcticus	1
SRR14919235	Prevotella_oris	2
SRR14919245	Neisseria_bacilliformis	1
SRR14919245	Bacteroides_fluxus	59
SRR14919238	Helicobacter_heilmannii	3
SRR14919235	Singulisphaera_acidiphila	1
SRR14919245	Ornithobacterium_rhinotracheale	1
SRR14919244	Bacteroides_intestinalis	44
SRR14919242	Pedobacter_xinjiangensis	1
SRR14919242	Legionella_geestiana	1
SRR14919239	Clostridium_termitidis	15
SRR14919235	Paenibacillus_cookii	6
SRR14919245	Sulfolobus_tengchongensis	1
SRR14919241	Anaplasma_phagocytophilum	1
SRR14919237	Bacteroides_coprosuis	4
SRR14919236	Barnesiella_intestinihominis	350
SRR14919244	Eubacterium_acidaminophilum	4
SRR14919237	Leptospira_idonii	3
SRR14919236	Methylomicrobium_buryatense	2
SRR14919240	Halorhabdus_tiamatea	1
SRR14919238	Shimazuella_kribbensis	1
SRR14919238	Clostridium_pascui	4
SRR14919235	Barnesiella_intestinihominis	87
SRR14919242	Clostridium_psychrophilum	2
SRR14919236	Xanthomonas_axonopodis	5
SRR14919243	Pseudomonas_viridiflava	3
SRR14919240	Haloarcula_marismortui	1
SRR14919240	Thalassomonas_sediminis	1
SRR14919236	Lactobacillus_amylophilus	2
SRR14919235	Buchnera_aphidicola	262
SRR14919246	Alicyclobacillus_pomorum	2
SRR14919243	Methanosarcina_barkeri	2
SRR14919238	Lactobacillus_rhamnosus	2
SRR14919236	Rapidithrix_thailandica	3
SRR14919235	Clostridium_hungatei	1
SRR14919239	Thalassiosira_pseudonana	66
SRR14919241	Oligosphaera_ethanolica	2
SRR14919246	Bacteroides_fragilis	132
SRR14919245	Prevotella_oralis	1
SRR14919245	Syntrophomonas_wolfei	10
SRR14919244	Euglenaria_anabaena	6
SRR14919241	Winogradskyella_echinorum	1
SRR14919237	Streptococcus_intermedius	27
SRR14919235	Bacillus_litoralis	1
SRR14919235	Laceyella_putida	2
SRR14919239	Corynebacterium_glutamicum	2
SRR14919237	Clostridium_straminisolvens	15
SRR14919241	Lutispora_thermophila	3
SRR14919236	Georgiella_confluens	1
SRR14919241	Microcystis_elabens	1
SRR14919236	Ochromonas_danica	9
SRR14919241	Methanolobus_tindarius	33
SRR14919238	Malawimonas_jakobiformis	3
SRR14919235	Methanococcus_maripaludis	1
SRR14919242	Acidaminococcus_intestini	662
SRR14919239	Staphylococcus_vitulinus	1
SRR14919244	Halomonas_cibimaris	1
SRR14919235	Sulfitobacter_mediterraneus	1
SRR14919244	Porphyromonas_catoniae	27
SRR14919238	Peptoclostridium_difficile	782
SRR14919236	Listeria_grayi	6
SRR14919236	Natrialba_aegyptia	1
SRR14919246	Acholeplasma_palmae	4
SRR14919245	Vibrio_harveyi	63
SRR14919244	Stygiolobus_azoricus	2
SRR14919239	Acetohalobium_arabaticum	2
SRR14919238	Stomatobaculum_longum	2
SRR14919235	Corynebacterium_durum	1
SRR14919246	Thermoplasma_volcanium	1
SRR14919246	Streptomyces_mutomycini	2
SRR14919246	Bacteroides_xylanisolvens	493
SRR14919241	Pseudomonas_filiscindens	4
SRR14919239	Leuconostoc_citreum	3
SRR14919245	Enterorhabdus_caecimuris	56
SRR14919241	Oscillibacter_valericigenes	12
SRR14919240	Paraeggerthella_hongkongensis	2
SRR14919239	Perexilibacter_aurantiacus	1
SRR14919235	Clostridium_sporosphaeroides	1994
SRR14919246	Bifidobacterium_cuniculi	1
SRR14919244	Virgibacillus_halodenitrificans	1
SRR14919244	Papillibacter_cinnamivorans	70
SRR14919239	Clostridium_lundense	3
SRR14919235	Streptomyces_macrosporeus	1
SRR14919241	Agrobacterium_vitis	160
SRR14919236	Varibaculum_cambriense	2
SRR14919244	Beijerinckia_derxii	38
SRR14919243	Adlercreutzia_equolifaciens	3
SRR14919240	Salarchaeum_japonicum	1
SRR14919235	Anaerobiospirillum_succiniciproducens	13
SRR14919235	Caldicellulosiruptor_hydrothermalis	1
SRR14919236	Rhodoplanes_cryptolactis	1
SRR14919235	Holdemania_filiformis	127
SRR14919246	Clostridium_ultunense	1
SRR14919242	Hellea_balneolensis	1
SRR14919237	Syntrophothermus_lipocalidus	70
SRR14919244	Flavobacterium_frigoris	1
SRR14919242	Bacillus_endophyticus	1
SRR14919239	Enterococcus_alcedinis	1
SRR14919236	Syntrophothermus_lipocalidus	172
SRR14919243	Syntrophococcus_sucromutans	12
SRR14919244	Mycoplasma_suis	1
SRR14919240	Eubacterium_plexicaudatum	182
SRR14919238	Clostridium_tetani	3
SRR14919235	Syntrophothermus_lipocalidus	78
SRR14919246	Methanosphaerula_palustris	12
SRR14919239	Lentibacillus_halodurans	1
SRR14919244	Paenibacillus_turicensis	2
SRR14919238	Halopelagius_inordinatus	1
SRR14919236	Flavitalea_gansuensis	2
SRR14919238	Moorella_humiferrea	2
SRR14919238	Parabacteroides_johnsonii	23
SRR14919245	Peptococcus_niger	3
SRR14919242	Bacteroides_faecis	1
SRR14919239	Neisseria_subflava	1
SRR14919240	Thermonema_lapsum	1
SRR14919240	Corallina_officinalis	1
SRR14919235	Lactobacillus_johnsonii	4
SRR14919236	Streptacidiphilus_specus	1
SRR14919246	Tunicatimonas_pelagia	1
SRR14919242	Vibrio_alginolyticus	2
SRR14919241	Anaerococcus_murdochii	2
SRR14919241	Bacteroides_finegoldii	1380
SRR14919240	Trachelium_caeruleum	75
SRR14919236	Olivibacter_terrae	1
SRR14919238	Pseudomonas_corrugata	1
SRR14919237	Acetanaerobacterium_elongatum	115
SRR14919240	Clostridium_putrefaciens	2
SRR14919240	Clostridium_symbiosum	186
SRR14919239	Yaniella_fodinae	1
SRR14919236	Acholeplasma_equifetale	2
SRR14919244	Desulfotomaculum_arcticum	38
SRR14919238	Treponema_zuelzerae	2
SRR14919242	Bacteroides_eggerthii	46
SRR14919239	Clostridium_formicaceticum	1
SRR14919238	Pelodictyon_luteolum	1
SRR14919238	Bifidobacterium_mongoliense	1
SRR14919238	Haloferax_alexandrinus	2
SRR14919236	Natronincola_histidinovorans	2
SRR14919240	Odoribacter_denticanis	3
SRR14919240	Virgibacillus_proomii	1
SRR14919244	Porphyromonas_endodontalis	3
SRR14919239	Selenomonas_bovis	1
SRR14919236	Haemophilus_parahaemolyticus	1
SRR14919246	Parapedobacter_soli	2
SRR14919244	Eubacterium_oxidoreducens	28
SRR14919241	Alicyclobacillus_acidocaldarius	1
SRR14919240	Salinicoccus_iranensis	1
SRR14919240	Paenibacillus_durus	1
SRR14919235	Clostridium_sufflavum	2
SRR14919240	Anaerostipes_hadrus	2489
SRR14919235	Clostridium_phytofermentans	3
SRR14919235	Geotoga_petraea	2
SRR14919235	Sporomusa_ovata	26
SRR14919244	Peptoniphilus_tyrrelliae	63
SRR14919243	Orenia_sivashensis	1
SRR14919243	Desulfotomaculum_carboxydivorans	10
SRR14919243	Porphyromonas_cansulci	1
SRR14919240	Waddlia_chondrophila	1
SRR14919236	Hymenobacter_daecheongensis	1
SRR14919235	Chlamydomonas_applanata	1
SRR14919240	Howardella_ureilytica	1
SRR14919239	Bifidobacterium_saguini	2
SRR14919236	Eubacterium_eligens	17
SRR14919244	Parvibacter_caecicola	5
SRR14919239	Cronobacter_sakazakii	1
SRR14919236	Methanosarcina_semesiae	1
SRR14919246	Geobacillus_kaue	1
SRR14919239	Pseudoramibacter_alactolyticus	1
SRR14919238	Barnesiella_intestinihominis	94
SRR14919237	Prevotella_buccalis	2
SRR14919242	Pseudomonas_hibiscicola	1
SRR14919242	Bacteroides_ovatus	14472
SRR14919243	Cryptosporangium_mongoliense	1
SRR14919242	Actinobacillus_porcinus	1
SRR14919238	Photobacterium_profundum	1
SRR14919237	Barnesiella_intestinihominis	976
SRR14919235	Tepidimicrobium_xylanilyticum	1
SRR14919245	Intestinimonas_butyriciproducens	221
SRR14919244	Colwellia_rossensis	1
SRR14919238	Thermobacillus_composti	5
SRR14919238	Trachelium_caeruleum	62
SRR14919237	Syntrophomonas_palmitatica	4
SRR14919236	Clostridium_indolis	167
SRR14919242	Halococcus_thailandensis	1
SRR14919237	Sebaldella_termitidis	1
SRR14919236	Facklamia_tabacinasalis	2
SRR14919242	Novispirillum_itersonii	318
SRR14919240	Gelidium_floridanum	1
SRR14919243	Helicobacter_marmotae	1
SRR14919242	Caldicellulosiruptor_kronotskyensis	2
SRR14919242	Thermogymnomonas_acidicola	315
SRR14919238	Parabacteroides_gordonii	385
SRR14919236	Clostridium_acetobutylicum	1
SRR14919235	Clostridium_psychrophilum	1
SRR14919244	Xanthomonas_gardneri	1
SRR14919241	Bacteroides_graminisolvens	1
SRR14919240	Desulfotomaculum_gibsoniae	1
SRR14919238	Parasporobacterium_paucivorans	436
SRR14919235	Clostridium_botulinum	3
SRR14919236	Bacillus_kribbensis	2
SRR14919244	Desulfotalea_arctica	1
SRR14919239	Paenibacillus_tianmuensis	1
SRR14919236	Prolixibacter_bellariivorans	1
SRR14919244	Burkholderia_oxyphila	1
SRR14919244	Prevotella_paludivivens	8
SRR14919246	Citrobacter_freundii	1
SRR14919242	Blautia_hydrogenotrophica	108
SRR14919240	Eubacterium_angustum	1
SRR14919244	Bacteroides_caccae	118
SRR14919244	Weissella_confusa	4
SRR14919236	Clostridium_cylindrosporum	4
SRR14919240	Syntrophothermus_lipocalidus	127
SRR14919238	Corynebacterium_lipophiloflavum	1
SRR14919244	Methanosaeta_concilii	1
SRR14919243	Clostridium_aminovalericum	2
SRR14919243	Fulvitalea_axinellae	1
SRR14919238	Clostridium_sporosphaeroides	570
SRR14919246	Lactococcus_lactis	84
SRR14919245	Exiguobacterium_taiwanense	1
SRR14919242	Caldicellulosiruptor_bescii	5
SRR14919239	Victivallis_vadensis	3
SRR14919239	Treponema_lecithinolyticum	74
SRR14919235	Desulfobacter_postgatei	1
SRR14919246	Sporolactobacillus_dextrus	2
SRR14919244	Eubacterium_tenue	2
SRR14919243	Ferrovum_myxofaciens	6
SRR14919238	Clostridium_purinilyticum	5
SRR14919237	Clostridium_sporosphaeroides	255
SRR14919246	Anaerobiospirillum_succiniciproducens	11
SRR14919242	Halorubrum_terrestre	39
SRR14919235	Phytophthora_infestans	26
SRR14919236	Clostridium_sporosphaeroides	629
SRR14919246	Streptomyces_achromogenes	1
SRR14919244	Methanohalophilus_mahii	1
SRR14919245	Staphylococcus_warneri	1
SRR14919245	Lysinibacillus_sinduriensis	1
SRR14919241	Clostridium_thermocellum	2
SRR14919240	Sphingobacterium_spiritivorum	1
SRR14919239	Lactobacillus_reuteri	114
SRR14919238	Caloramator_coolhaasii	1
SRR14919244	Carica_papaya	1
SRR14919239	Syntrophothermus_lipocalidus	124
SRR14919236	Eutreptia_viridis	270
SRR14919236	Haloterrigena_salina	1
SRR14919245	Rhodovulum_sulfidophilum	1
SRR14919240	Fusibacter_paucivorans	6
SRR14919238	Syntrophothermus_lipocalidus	113
SRR14919242	Sphaerochaeta_globosa	1
SRR14919242	Lactobacillus_murinus	10
SRR14919240	Gemella_asaccharolytica	146
SRR14919242	Desulfovibrio_desulfuricans	52
SRR14919235	Gelria_glutamica	1
SRR14919242	Thermocrinis_ruber	1
SRR14919238	Trichococcus_collinsii	143
SRR14919236	Rhodobacter_azotoformans	2
SRR14919242	Rhodopirellula_baltica	2
SRR14919239	Alistipes_senegalensis	83
SRR14919238	Azospirillum_largimobile	1
SRR14919244	Eubacterium_aggregans	18
SRR14919241	Lysinibacillus_sphaericus	2
SRR14919240	Succinivibrio_dextrinosolvens	1
SRR14919239	Eubacterium_siraeum	59
SRR14919235	Ferroplasma_acidiphilum	2
SRR14919243	Oxalobacter_vibrioformis	3
SRR14919242	Mycoplasma_conjunctivae	17
SRR14919240	Haemophilus_parahaemolyticus	3
SRR14919236	Dorea_formicigenerans	318
SRR14919241	Paenibacillus_tarimensis	1
SRR14919238	Prevotella_bivia	6
SRR14919236	Grimontia_hollisae	1
SRR14919235	Clostridium_innocuum	83
SRR14919241	Coprothermobacter_proteolyticus	1
SRR14919239	Paenibacillus_abekawaensis	1
SRR14919238	Natronincola_histidinovorans	4
SRR14919237	Anaerostipes_butyraticus	28
SRR14919246	Thiohalospira_halophila	5
SRR14919239	Mesoplasma_chauliocola	1
SRR14919239	Blautia_faecis	656
SRR14919236	Corynebacterium_lubricantis	1
SRR14919241	Bacteroides_zoogleoformans	13
SRR14919244	Leuconostoc_gelidum	2
SRR14919237	Desulfotomaculum_arcticum	23
SRR14919236	Gallibacterium_group	2
SRR14919241	Barnesiella_intestinihominis	134
SRR14919244	Salinivibrio_costicola	6
SRR14919242	Clostridium_gasigenes	45
SRR14919238	Haemophilus_parahaemolyticus	1
SRR14919235	Sarcina_maxima	1
SRR14919240	Barnesiella_intestinihominis	215
SRR14919236	Kurthia_gibsonii	1
SRR14919245	Brachyspira_muridarum	1
SRR14919244	Enterobacter_aerogenes	1
SRR14919235	Oscillatoria_miniata	57
SRR14919237	Pseudoflavonifractor_capillosus	32
SRR14919235	Acetobacter_persici	1
SRR14919245	Oceanospirillum_beijerinckii	1
SRR14919245	Clostridium_phytofermentans	13
SRR14919242	Bacillus_aurantiacus	2
SRR14919239	Leptospira_meyeri	1
SRR14919238	Pseudomonas_monteilii	1
SRR14919242	Sphingobacterium_psychroaquaticum	1
SRR14919235	Methanoculleus_palmolei	1
SRR14919245	Desulfosalsimonas_propionicica	1
SRR14919244	Thiohalophilus_thiocyanatoxydans	1
SRR14919240	Eubacterium_rangiferina	89
SRR14919238	Chryseomicrobium_imtechense	2
SRR14919245	Mycoplasma_cricetuli	1
SRR14919239	Clostridium_sporogenes	5
SRR14919239	Pedobacter_bauzanensis	1
SRR14919239	Barnesiella_intestinihominis	1676
SRR14919237	Bulleidia_extructa	1
SRR14919245	Tepidanaerobacter_acetatoxydans	4
SRR14919243	Desulfonauticus_submarinus	1
SRR14919241	Cellulosilyticum_ruminicola	1
SRR14919239	Aliifodinibius_sediminis	1
SRR14919235	Mycoplasma_iowae	1
SRR14919246	Bacteroides_massiliensis	38
SRR14919243	Brevibacillus_brevis	1
SRR14919242	Burkholderia_glathei	5
SRR14919240	Corynebacterium_kroppenstedtii	5
SRR14919246	Anaplasma_bovis	1
SRR14919242	Mycoplasma_buccale	153
SRR14919239	Nevskia_soli	1
SRR14919243	Natranaerobius_thermophilus	1
SRR14919240	Clostridium_boliviensis	3
SRR14919236	Streptomyces_phaeochromogenes	262
SRR14919244	Nitrospina_gracilis	1
SRR14919241	Clostridium_sporosphaeroides	56
SRR14919239	Longilinea_arvoryzae	2
SRR14919239	Mycoplasma_columborale	1
SRR14919235	Criblamydia_sequanensis	1
SRR14919246	Anaerorhabdus_furcosa	4
SRR14919244	Providencia_heimbachae	1
SRR14919240	Clostridium_sporosphaeroides	286
SRR14919246	Prevotella_copri	3
SRR14919240	Clostridium_spiroforme	12
SRR14919239	Mycobacterium_parafortuitum	1
SRR14919238	Prolixibacter_bellariivorans	1
SRR14919245	Desulfurobacterium_atlanticum	1
SRR14919241	Pediococcus_parvulus	233
SRR14919237	Prolixibacter_bellariivorans	1
SRR14919236	Clostridium_clariflavum	33
SRR14919243	Cyclobacterium_marinum	1
SRR14919243	Caldanaerobacter_proteolyticus	1
SRR14919238	Thalassomonas_sediminis	1
SRR14919243	Clostridium_thermosuccinogenes	3
SRR14919243	Aureispira_maritima	35
SRR14919242	Clostridium_stercorarium	5
SRR14919242	Thalassomonas_ganghwensis	4
SRR14919242	Syntrophothermus_lipocalidus	153
SRR14919239	Methanobrevibacter_smithii	92
SRR14919242	Rhodobacter_capsulatus	1
SRR14919246	Methanocella_conradii	104
SRR14919243	Eubacterium_contortum	5
SRR14919241	Syntrophothermus_lipocalidus	99
SRR14919240	Clostridium_hiranonis	2
SRR14919236	Defluviitalea_saccharophila	29
SRR14919239	Subtercola_boreus	1
SRR14919235	Thermoanaerobacter_thermohydrosulfuricus	1
SRR14919239	Clostridium_sporosphaeroides	498
SRR14919238	Leuconostoc_fallax	37
SRR14919240	Lactobacillus_faeni	1
SRR14919239	Tetragenococcus_osmophilus	2
SRR14919244	Brevibacillus_parabrevis	12
SRR14919243	Acidovorax_defluvii	1
SRR14919236	Halospina_denitrificans	1
SRR14919244	Bacillus_solfatarensis	3
SRR14919235	Methylomicrobium_buryatense	1
SRR14919238	Indibacter_alkaliphilus	1
SRR14919240	Actinobaculum_suis	1
SRR14919240	Eubacterium_brachy	21
SRR14919238	Rhodospirillum_rubrum	1
SRR14919244	Haemophilus_haemolyticus	3
SRR14919240	Butyrivibrio_fibrisolvens	638
SRR14919236	Psychrobacter_pulmonis	3
SRR14919246	Bacteroides_salanitronis	35
SRR14919239	Prevotella_corporis	4
SRR14919246	Pseudomonas_teessidea	1
SRR14919235	Propionibacterium_jensenii	1
SRR14919244	Cloacibacillus_evryensis	3
SRR14919239	Bacteroides_xylanisolvens	230
SRR14919236	Hymenobacter_rigui	1
SRR14919241	Helicobacter_cinaedi	1
SRR14919240	Clostridium_bowmanii	1
SRR14919239	Calditerricola_yamamurae	4
SRR14919239	Nonomuraea_roseoviolacea	2
SRR14919245	Vulcanibacillus_modesticaldus	2
SRR14919239	Facklamia_ignava	4
SRR14919239	Flavonifractor_plautii	594
SRR14919241	Streptococcus_macedonicus	5
SRR14919246	Neisseria_animalis	32
SRR14919238	Bifidobacterium_breve	1
SRR14919236	Sphingomonas_kaistensis	337
SRR14919238	Nocardiopsis_lucentensis	1
SRR14919238	Chloroflexus_aurantiacus	2
SRR14919243	Clostridium_ramosum	1
SRR14919243	Desulfovibrio_halophilus	101
SRR14919244	Clostridium_xylanovorans	2
SRR14919235	Methanolobus_tindarius	31
SRR14919243	Bifidobacterium_biavatii	1
SRR14919240	Natronorubrum_thiooxidans	3
SRR14919238	Brevibacillus_reuszeri	1
SRR14919245	Zoogloea_ramigera	1
SRR14919245	Xylella_fastidiosa	112
SRR14919244	Tissierella_praeacuta	1
SRR14919237	Caldicellulosiruptor_lactoaceticus	3
SRR14919244	Trichormus_azollae	1
SRR14919243	Thiomicrospira_frisia	1
SRR14919238	Eubacterium_angustum	1
SRR14919235	Prevotella_pleuritidis	1
SRR14919236	Blautia_stercoris	92
SRR14919236	Clostridium_frigidicarnis	25
SRR14919235	Lactobacillus_vaginalis	1
SRR14919244	Achromobacter_xylosoxidans	2
SRR14919238	Porphyromonas_catoniae	7
SRR14919237	Proteus_vulgaris	1
SRR14919246	Bacillus_sporothermodurans	1
SRR14919246	Flavobacterium_columnare	1
SRR14919235	Leptothrix_discophora	4
SRR14919236	Lactobacillus_casei	2
SRR14919240	Desulfosporosinus_orientis	1
SRR14919243	Cryomorpha_ignava	1
SRR14919242	Anaerosinus_glycerini	1
SRR14919240	Oscillibacter_valericigenes	2036
SRR14919243	Papillibacter_cinnamivorans	446
SRR14919243	Barnesiella_intestinihominis	1763
SRR14919238	Prototheca_wickerhamii	5
SRR14919242	Adlercreutzia_equolifaciens	6
SRR14919239	Bacillus_horti	1
SRR14919245	Actinobacillus_rossii	1
SRR14919242	Barnesiella_intestinihominis	1993
SRR14919241	Pseudorhodobacter_antarcticus	1
SRR14919241	Eubacterium_desmolans	389
SRR14919240	Komagataeibacter_kakiaceti	1
SRR14919238	Blattabacterium_relictus	54
SRR14919244	Blautia_hansenii	1
SRR14919244	Enterococcus_faecium	4
SRR14919239	Microcystis_flos-aquae	1
SRR14919237	Legionella_anisa	1
SRR14919246	Runella_zeae	1
SRR14919245	Listeria_monocytogenes	4
SRR14919237	Clostridium_algoriphilum	4
SRR14919242	Syntrophococcus_sucromutans	42
SRR14919245	Bacteroides_oleiciplenus	48
SRR14919235	Granulicatella_elegans	1
SRR14919237	Pseudomonas_lundensis	1
SRR14919236	Methanosphaerula_palustris	42
SRR14919243	Burkholderia_caledonica	1
SRR14919246	Edwardsiella_tarda	2
SRR14919246	Blautia_luti	182
SRR14919241	Agrococcus_jejuensis	1
SRR14919243	Dehalobacterium_formicoaceticum	9
SRR14919242	Bacteroides_plebeius	23
SRR14919241	Alkaliflexus_imshenetskii	3
SRR14919237	Eubacterium_oxidoreducens	30
SRR14919235	Myxococcus_stipitatus	16
SRR14919244	Bacillus_thuringiensis	151
SRR14919242	Oscillatoria_acuminata	1
SRR14919239	Olleya_marilimosa	1
SRR14919238	Streptococcus_gordonii	1
SRR14919246	Anaerobranca_horikoshii	1
SRR14919246	Ferroplasma_acidarmanus	1
SRR14919245	Bacillus_aerius	1
SRR14919241	Propionigenium_modestum	1
SRR14919236	Vitreoscilla_stercoraria	1
SRR14919243	Streptococcus_equinus	2
SRR14919240	Clostridium_aerotolerans	2
SRR14919235	Bacteroides_finegoldii	45
SRR14919235	Anaerococcus_murdochii	1
SRR14919242	Conchiformibius_steedae	1
SRR14919236	Neisseria_flavescens	1
SRR14919244	Prevotella_denticola	1
SRR14919240	Chondrus_crispus	2
SRR14919235	Intestinimonas_butyriciproducens	50
SRR14919243	Clostridium_sporosphaeroides	607
SRR14919240	Caldisericum_exile	2
SRR14919237	Bifidobacterium_mongoliense	1
SRR14919246	Campylobacter_rectus	23
SRR14919241	Methylomonas_scandinavica	76
SRR14919235	Halarchaeum_rubridurum	1
SRR14919246	Clostridium_hathewayi	17
SRR14919245	Paenibacillus_hordei	152
SRR14919242	Clostridium_sporosphaeroides	650
SRR14919244	Abiotrophia_defectiva	1
SRR14919244	Bacteroides_barnesiae	52
SRR14919243	Halothermothrix_orenii	14
SRR14919244	Syntrophothermus_lipocalidus	98
SRR14919237	Luteolibacter_algae	2
SRR14919235	Anabaena_cylindrica	6
SRR14919235	Algicola_sagamiensis	2
SRR14919235	Treponema_socranskii	3
SRR14919243	Syntrophothermus_lipocalidus	91
SRR14919242	Methanobacterium_aarhusense	1
SRR14919246	Defluviitalea_saccharophila	11
SRR14919235	Haemophilus_parasuis	176
SRR14919237	Salinimicrobium_marinum	1
SRR14919237	Ureaplasma_urealyticum	5
SRR14919244	Olivibacter_ginsengisoli	33
SRR14919242	Deferribacter_thermophilus	1
SRR14919235	Blautia_hydrogenotrophica	43
SRR14919246	Dysgonomonas_hofstadii	23
SRR14919237	Desulfotomaculum_luciae	2
SRR14919243	Desulfotomaculum_peckii	9
SRR14919241	Cryptosporangium_japonicum	1
SRR14919237	Bacteroides_sartorii	10
SRR14919238	Bacteroides_ovatus	101
SRR14919245	Ruminococcus_callidus	356
SRR14919243	Alkalibacillus_haloalkaliphilus	1
SRR14919243	Clostridium_nexile	12
SRR14919242	Arthrospira_platensis	1
SRR14919236	Helicobacter_macacae	1
SRR14919241	Clostridium_amygdalinum	1
SRR14919241	Halobaculum_gomorrense	1
SRR14919245	Zavarzinia_compransoris	2
SRR14919242	Porphyromonas_bennonis	8
SRR14919240	Clostridium_kluyveri	4
SRR14919235	Codium_fragile	9
SRR14919242	Telmatobacter_bradus	1
SRR14919235	Lactobacillus_diolivorans	1
SRR14919244	Natronincola_histidinovorans	1
SRR14919243	Slackia_piriformis	3
SRR14919241	Arthrobacter_agilis	1
SRR14919240	Flavobacterium_hercynium	1
SRR14919236	Acetobacterium_woodii	1
SRR14919236	Beijerinckia_indica	2
SRR14919240	Eubacterium_ruminantium	96
SRR14919237	Listeria_grayi	2
SRR14919245	Rickettsia_limoniae	1
SRR14919243	Natronincola_histidinovorans	1
SRR14919243	Bacillus_drentensis	1
SRR14919241	Enterococcus_eurekensis	8
SRR14919239	Roseburia_faecis	1532
SRR14919246	Lactobacillus_algidus	2
SRR14919246	Clostridium_straminisolvens	1407
SRR14919245	Haemophilus_parahaemolyticus	1
SRR14919240	Syntrophomonas_cellicola	1
SRR14919246	Vibrio_harveyi	35
SRR14919243	Bacteroides_salyersiae	28
SRR14919239	Hassallia_byssoidea	1
SRR14919237	Salmonella_enterica	1
SRR14919238	Mycoplasma_gallisepticum	1
SRR14919236	Clostridium_straminisolvens	8
SRR14919245	Yimella_lutea	1
SRR14919236	Pseudomonas_libanensis	1
SRR14919243	Bacillus_alcaliinulinus	1
SRR14919242	Staphylococcus_simulans	1
SRR14919244	Clostridium_sordellii	2
SRR14919239	Pediococcus_parvulus	275
SRR14919246	Neisseria_canis	14
SRR14919241	Thermus_scotoductus	1
SRR14919241	Thermodesulfobacterium_hydrogeniphilum	2
SRR14919245	Laribacter_hongkongensis	2
SRR14919238	Gemella_asaccharolytica	143
SRR14919236	Halanaerobium_praevalens	1
SRR14919245	Clostridium_xylanolyticum	6
SRR14919246	Barnesiella_intestinihominis	5479
SRR14919243	Agromyces_italicus	2
SRR14919236	Sporolactobacillus_dextrus	4
SRR14919239	Leptospirillum_ferriphilum	2
SRR14919235	Lactobacillus_gallinarum	1
SRR14919236	Amphibacillus_cookii	1
SRR14919245	Barnesiella_intestinihominis	11964
SRR14919243	Clostridium_fimetarium	20
SRR14919245	Desulfatiferula_olefinivorans	2
SRR14919244	Lactobacillus_ultunensis	1
SRR14919243	Borrelia_burgdorferi	1
SRR14919241	Methanoculleus_bourgensis	125
SRR14919237	Thiocystis_gelatinosa	1
SRR14919237	Limibacter_armeniacum	1
SRR14919237	Halomonas_halocynthiae	1
SRR14919235	Paenibacillus_larvae	1
SRR14919244	Barnesiella_intestinihominis	6697
SRR14919245	Gemella_cuniculi	2
SRR14919244	Halobacterium_salinarum	14
SRR14919242	Proteiniborus_ethanoligenes	4
SRR14919237	Burkholderia_andropogonis	1
SRR14919239	Staphylococcus_warneri	5
SRR14919243	Alistipes_shahii	4770
SRR14919240	Clostridium_citroniae	15
SRR14919241	Desulfovibrio_desulfuricans	46
SRR14919239	Tetragenococcus_halophilus	3
SRR14919237	Fusobacterium_nucleatum	3
SRR14919246	Eubacterium_xylanophilum	57
SRR14919245	Streptococcus_canis	1
SRR14919244	Emticicia_oligotrophica	4
SRR14919241	Lactobacillus_jensenii	13
SRR14919237	Prevotella_amnii	1
SRR14919246	Xanthobacter_flavus	1
SRR14919238	Clostridium_bowmanii	1
SRR14919246	Campylobacter_curvus	1
SRR14919245	Macellibacteroides_fermentans	7
SRR14919244	Prolixibacter_bellariivorans	2
SRR14919238	Thermocrinis_ruber	1
SRR14919245	Idiomarina_salinarum	3
SRR14919245	Bacteroides_pyogenes	15
SRR14919244	Sphingobacterium_multivorum	1
SRR14919243	Prolixibacter_bellariivorans	1
SRR14919240	Catenibacterium_mitsuokai	5
SRR14919239	Zymobacter_palmae	1
SRR14919237	Nanoarchaeum_equitans	1
SRR14919242	Prolixibacter_bellariivorans	2
SRR14919240	Alvinella_pompejana	3
SRR14919240	Clostridium_baratii	2
SRR14919239	Dethiosulfatibacter_aminovorans	2
SRR14919239	Bacillus_thermolactis	1
SRR14919241	Citrobacter_sedlakii	1
SRR14919245	Hespellia_stercorisuis	2
SRR14919240	Mycoplasma_citelli	1
SRR14919240	Selenomonas_infelix	3
SRR14919245	Clostridium_sporosphaeroides	180
SRR14919244	Rhodopseudomonas_palustris	18
SRR14919236	Mycoplasma_wenyonii	3
SRR14919246	Gracilimonas_tropica	1
SRR14919242	Coxiella_burnetii	1
SRR14919241	Volucribacter_psittacicida	3
SRR14919244	Psychrobacter_celer	1
SRR14919244	Clostridium_sporosphaeroides	558
SRR14919241	Prevotella_copri	48
SRR14919238	Eubacterium_rangiferina	152
SRR14919246	Catonella_morbi	3
SRR14919245	Mycoplasma_canis	1
SRR14919240	Methanobrevibacter_wolinii	4
SRR14919242	Anaerosporobacter_mobilis	45
SRR14919242	Sedimentibacter_saalensis	10
SRR14919241	Pseudomonas_stutzeri	13
SRR14919239	Selenihalanaerobacter_shriftii	1
SRR14919238	Salinivibrio_costicola	23
SRR14919246	Syntrophothermus_lipocalidus	65
SRR14919245	Clostridium_tunisiense	3
SRR14919243	Alistipes_finegoldii	2728
SRR14919245	Syntrophothermus_lipocalidus	77
SRR14919242	Algimonas_ampicilliniresistens	1
SRR14919241	Ureaplasma_cati	1
SRR14919244	Clostridium_phytofermentans	5
SRR14919240	Phacus_orbicularis	1
SRR14919238	Clostridium_boliviensis	3
SRR14919235	Acholeplasma_laidlawii	1
SRR14919235	Thioploca_ingrica	3
SRR14919240	Salinicoccus_roseus	2
SRR14919238	Blautia_schinkii	485
SRR14919237	Dialister_invisus	9
SRR14919236	Bacteroides_acidifaciens	1665
SRR14919240	Moorella_mulderi	1
SRR14919243	Acinetobacter_parvus	1
SRR14919244	Aeromonas_hydrophila	7
SRR14919241	Desulfosporomusa_polytropa	1
SRR14919236	Streptococcus_australis	4
SRR14919238	Sutterella_stercoricanis	1
SRR14919243	Pseudomonas_alcaligenes	53
SRR14919241	Anaerostipes_caccae	3
SRR14919241	Mangroviflexus_xiamenensis	1
SRR14919240	Cellulosilyticum_ruminicola	5
SRR14919238	Alkalibacter_saccharofermentans	12
SRR14919244	Ruminococcus_albus	33
SRR14919239	Paenibacillus_barengoltzii	1
SRR14919242	Leadbetterella_byssophila	2
SRR14919240	Pseudoramibacter_alactolyticus	2
SRR14919237	Sphingomicrobium_astaxanthinifaciens	1
SRR14919246	Acetatifactor_muris	10
SRR14919242	Natranaerobius_thermophilus	1
SRR14919246	Dyadobacter_fermentans	2
SRR14919244	Prevotella_albensis	21
SRR14919243	Snowella_litoralis	1
SRR14919245	Natronincola_histidinovorans	1
SRR14919238	Mycoplasma_buccale	121
SRR14919236	Sphingobacterium_composti	2
SRR14919236	Thermolithobacter_carboxydivorans	1
SRR14919245	Chlamydia_trachomatis	2
SRR14919244	Streptococcus_mitis	1
SRR14919243	Thermolithobacter_carboxydivorans	1
SRR14919237	Kocuria_rosea	1
SRR14919245	Veillonella_dispar	32
SRR14919241	Methanosphaera_cuniculi	2
SRR14919244	Mitsuokella_multacida	1
SRR14919238	Providencia_heimbachae	1
SRR14919244	Thiohalobacter_thiocyanaticus	1
SRR14919238	Hymenobacter_norwichensis	1
SRR14919243	Adhaeribacter_aerophilus	4
SRR14919241	Dysgonomonas_oryzarvi	1
SRR14919235	Blautia_glucerasea	2455
SRR14919246	Cetobacterium_somerae	1
SRR14919237	Clostridium_cellulolyticum	5
SRR14919237	Cyclobacterium_marinum	1
SRR14919245	Anaerococcus_vaginalis	2
SRR14919239	Enterococcus_eurekensis	8
SRR14919244	Euglena_gracilis	1
SRR14919236	Lactobacillus_versmoldensis	1
SRR14919235	Defluviitalea_saccharophila	31
SRR14919245	Hydrogenoanaerobacterium_saccharovorans	28
SRR14919244	Chromohalobacter_canadensis	1
SRR14919235	Pseudoalteromonas_tunicata	1
SRR14919243	Microcystis_wesenbergii	1
SRR14919235	Eubacterium_cylindroides	1224
SRR14919242	Erwinia_mallotivora	3
SRR14919243	Desulfotomaculum_reducens	2
SRR14919242	Negativicoccus_succinicivorans	1
SRR14919239	Lactobacillus_salivarius	26
SRR14919238	Sulfurospirillum_arcachonense	1
SRR14919236	Tepidimicrobium_xylanilyticum	1
SRR14919246	Strombomonas_acuminata	1
SRR14919242	Streptomyces_praecox	1
SRR14919242	Chloroidium_saccharophilum	2
SRR14919245	Pseudomonas_putida	7
SRR14919242	Caldicellulosiruptor_lactoaceticus	1
SRR14919240	Mycoplasma_arginini	1
SRR14919237	Pectinatus_brassicae	1
SRR14919239	Oscillatoria_amoena	1
SRR14919236	Pseudomonas_borbori	1
SRR14919238	Mycoplasma_pneumoniae	1
SRR14919240	Ochrobactrum_grignonense	2
SRR14919237	Lactobacillus_agilis	1
SRR14919235	Bacteroides_coprocola	4
SRR14919239	Clostridium_cocleatum	261
SRR14919239	Mesoplasma_photuris	2
SRR14919237	Aquisalimonas_asiatica	1
SRR14919245	Marinoscillum_pacificum	2
SRR14919241	Lactobacillus_oris	1
SRR14919238	Methanosarcina_lacustris	1
SRR14919240	Streptococcus_thermophilus	456
SRR14919239	Singulisphaera_acidiphila	1
SRR14919239	Thermoproteus_uzoniensis	1
SRR14919244	Prevotella_timonensis	2
SRR14919245	Propionispora_hippei	2
SRR14919240	Lachnoanaerobaculum_saburreum	1
SRR14919244	Caldisphaera_lagunensis	1
SRR14919238	Prevotella_oris	238
SRR14919246	Clostridium_psychrophilum	3
SRR14919245	Prolixibacter_bellariivorans	1
SRR14919246	Actinobacillus_muris	1
SRR14919246	Polynucleobacter_cosmopolitanus	1
SRR14919239	Mucilaginibacter_oryzae	1
SRR14919235	Microcoleus_paludosus	2
SRR14919242	Clostridium_polysaccharolyticum	49
SRR14919241	Caedibacter_caryophilus	23
SRR14919240	Adhaeribacter_aerolatus	2
SRR14919244	Methanobacterium_flexile	2
SRR14919236	Desulfofaba_hansenii	4
SRR14919245	Halomonas_xinjiangensis	1
SRR14919246	Clostridium_sporosphaeroides	417
SRR14919244	Desulfovibrio_putealis	1
SRR14919242	Clostridium_aminobutyricum	23
SRR14919245	Methylomonas_koyamae	1
SRR14919240	Trachelomonas_volvocina	1
SRR14919239	Methanococcus_maripaludis	2
SRR14919239	Wautersiella_falsenii	2
SRR14919237	Lactobacillus_amylolyticus	2
SRR14919246	Proteocatella_sphenisci	2
SRR14919235	Rickettsia_prowazekii	1
SRR14919240	Microaerobacter_geothermalis	1
SRR14919238	Lactobacillus_hominis	6
SRR14919245	Enterorhabdus_mucosicola	1
SRR14919238	Clostridium_paradoxum	4
SRR14919246	Geminocystis_papuanica	1
SRR14919246	Lactobacillus_amylovorus	1
SRR14919242	Geomicrobium_halophilum	1
SRR14919241	Bacillus_cereus	386
SRR14919239	Desulfotomaculum_halophilum	4
SRR14919246	Cesiribacter_roseus	1
SRR14919241	Syntrophococcus_sucromutans	3
SRR14919238	Arthrobacter_citreus	1
SRR14919240	Rhodothermus_marinus	5
SRR14919239	Listeria_monocytogenes	4
SRR14919235	Anaerosporobacter_mobilis	18
SRR14919245	Acinetobacter_bouvetii	1
SRR14919244	Actinomyces_ruminicola	1
SRR14919239	Nitrosomonas_ureae	1
SRR14919239	Mycoplasma_cavipharyngis	1
SRR14919239	Haloquadratum_walsbyi	1
SRR14919239	Streptomyces_macrosporeus	1
SRR14919237	Rivularia_atra	1
SRR14919240	Actinobacillus_succinogenes	4
SRR14919239	Microaerobacter_geothermalis	1
SRR14919236	Dactylosporangium_vinaceum	1
SRR14919241	Streptococcus_uberis	14
SRR14919238	Microaerobacter_geothermalis	1
SRR14919238	Rickettsia_asiatica	1
SRR14919238	Bacillus_thuringiensis	218
SRR14919244	Grammonema_striatula	1
SRR14919244	Bacteroides_helcogenes	35
SRR14919241	Flammeovirga_kamogawensis	1
SRR14919237	Microaerobacter_geothermalis	1
SRR14919236	Halorientalis_regularis	1
SRR14919236	Leptospira_wolffii	2
SRR14919246	Caloramator_fervidus	1
SRR14919236	Auritidibacter_ignavus	1
SRR14919242	Azospirillum_melinis	1
SRR14919238	Prevotella_enoeca	1
SRR14919238	Acetanaerobacterium_elongatum	70
SRR14919236	Fulvivirga_kasyanovii	1
SRR14919244	Eubacterium_plexicaudatum	10
SRR14919241	Porphyromonas_macacae	1
SRR14919236	Bacillus_megaterium	5
SRR14919236	Leptotrichia_trevisanii	1
SRR14919244	Bacteroides_coprophilus	1318
SRR14919236	Bifidobacterium_mongoliense	1
SRR14919246	Flectobacillus_lacus	1
SRR14919243	Fusicatenibacter_saccharivorans	183
SRR14919235	Calothrix_parietina	1
SRR14919243	Marinoscillum_luteum	1
SRR14919243	Paenibacillus_polymyxa	2
SRR14919242	Bacillus_coagulans	1
SRR14919245	Clostridium_acidisoli	30
SRR14919242	Clostridium_bartlettii	301
SRR14919239	Prevotella_micans	3
SRR14919235	Ohtaekwangia_kribbensis	2
SRR14919239	Pseudomonas_stutzeri	21
SRR14919238	Rhodothermus_marinus	1
SRR14919235	Serratia_proteamaculans	1
SRR14919239	Methanosphaera_cuniculi	1
SRR14919236	Acholeplasma_brassicae	2
SRR14919236	Caloramator_quimbayensis	1
SRR14919246	Lactobacillus_versmoldensis	1
SRR14919245	Defluviitalea_saccharophila	32
SRR14919242	Thalassomonas_actiniarum	102
SRR14919239	Treponema_zioleckii	1
SRR14919238	Eubacterium_ruminantium	26
SRR14919239	Nostoc_edaphicum	1
SRR14919238	Corynebacterium_cystitidis	1
SRR14919243	Balneola_alkaliphila	1
SRR14919244	Bryopsis_hypnoides	49
SRR14919240	Gemella_cuniculi	3
SRR14919239	Brenneria_rubrifaciens	1
SRR14919238	Halomicrobium_katesii	2
SRR14919242	Elstera_litoralis	1
SRR14919240	Polaromonas_vacuolata	29
SRR14919242	Actinomyces_odontolyticus	3
SRR14919242	Eubacterium_acidaminophilum	3
SRR14919238	Mycoplasma_phocicerebrale	1
SRR14919235	Lewinella_cohaerens	1
SRR14919235	Prevotella_bryantii	49
SRR14919244	Capnocytophaga_sputigena	1
SRR14919244	Fusobacterium_necrophorum	1
SRR14919240	Listeria_innocua	1
SRR14919238	Clostridium_xylanolyticum	6
SRR14919238	Bacillus_solfatarensis	10
SRR14919237	Streptomyces_phaeochromogenes	122
SRR14919246	Bacillus_pichinotyi	1
SRR14919246	Prevotella_veroralis	2
SRR14919242	Treponema_phagedenis	70
SRR14919240	Dysgonomonas_mossii	12
SRR14919239	Clostridium_nexile	54
SRR14919237	Clostridium_putrefaciens	2
SRR14919237	Psychrobacter_maritimus	4
SRR14919240	Euglena_deses	1
SRR14919240	Lewinella_agarilytica	20
SRR14919236	Porphyromonas_bennonis	4
SRR14919240	Geobacter_bemidjiensis	1
SRR14919239	Euglenaria_anabaena	2
SRR14919238	Geotoga_petraea	3
SRR14919238	Prevotella_falsenii	1
SRR14919238	Sporomusa_ovata	36
SRR14919236	Bacillus_firmus	74
SRR14919245	Clostridium_straminisolvens	37
SRR14919239	Slackia_piriformis	2
SRR14919238	Gaetbulibacter_marinus	1
SRR14919246	Coprobacter_fastidiosus	140
SRR14919242	Spiribacter_salinus	2
SRR14919241	Virgibacillus_pantothenticus	1
SRR14919238	Lactobacillus_gastricus	1
SRR14919237	Streptomyces_coelicolor	1
SRR14919235	Veillonella_rogosae	1
SRR14919245	Lactobacillus_aviarius	2
SRR14919240	Leptospira_idonii	4
SRR14919235	Clostridium_straminisolvens	7
SRR14919240	Virgibacillus_pantothenticus	3
SRR14919237	Bacteroides_salyersiae	264
SRR14919236	Halobaculum_magnesiiphilum	8
SRR14919245	Mycoplasma_hyopneumoniae	4
SRR14919238	Acidithiobacillus_thiooxidans	1
SRR14919236	Clostridium_intestinale	33
SRR14919243	Bacteroides_uniformis	125
SRR14919240	Sedimentibacter_hongkongensis	86
SRR14919235	Clostridium_methoxybenzovorans	33
SRR14919241	Erysipelothrix_muris	1
SRR14919238	Leuconostoc_lactis	1
SRR14919238	Clostridium_cellulovorans	2
SRR14919241	Brochothrix_campestris	1
SRR14919244	Selenomonas_ruminantium	49
SRR14919240	Caldicellulosiruptor_bescii	3
SRR14919236	Pelobacter_massiliensis	4
SRR14919242	Rhizobium_leguminosarum	2
SRR14919238	Bacillus_pumilus	62
SRR14919235	Holospora_undulata	4
SRR14919246	Desulfoluna_spongiiphila	1
SRR14919239	Agromyces_italicus	3
SRR14919236	Agrobacterium_vitis	235
SRR14919244	Moryella_indoligenes	2
SRR14919242	Microaerobacter_geothermalis	1
SRR14919242	Hymenobacter_xinjiangensis	1
SRR14919237	Clostridium_fimetarium	114
SRR14919246	Porphyromonas_somerae	1
SRR14919243	Acetobacter_estunensis	21
SRR14919242	Papillibacter_cinnamivorans	1074
SRR14919242	Xenorhabdus_griffiniae	1
SRR14919242	Cyanoptyche_gloeocystis	52
SRR14919239	Caedibacter_caryophilus	24
SRR14919246	Hydrogenophaga_pseudoflava	1
SRR14919246	Dialister_micraerophilus	39
SRR14919245	Weissella_fabaria	3
SRR14919242	Pontibacter_ramchanderi	1
SRR14919238	Aliivibrio_logei	1
SRR14919242	Enterococcus_columbae	3
SRR14919235	Campylobacter_mucosalis	2
SRR14919242	Solobacterium_moorei	6
SRR14919240	Desulfovibrio_desulfuricans	109
SRR14919238	Trachelomonas_volvocina	1
SRR14919244	Euglena_mutabilis	16
SRR14919242	Meniscus_glaucopis	2
SRR14919240	Bifidobacterium_dentium	1
SRR14919238	Caldicellulosiruptor_kristjanssonii	2
SRR14919244	Roseomonas_terrae	1
SRR14919243	Nitrosococcus_mobilis	1
SRR14919243	Marinomonas_vaga	1
SRR14919235	Lactobacillus_jensenii	14
SRR14919236	Blautia_producta	67
SRR14919246	Clostridium_oroticum	6
SRR14919240	Algoriphagus_ratkowskyi	1
SRR14919243	Sphingobacterium_multivorum	3
SRR14919239	Ruegeria_mobilis	100
SRR14919245	Xanthomonas_translucens	5
SRR14919240	Sneathiella_chinensis	1
SRR14919245	Porphyromonas_levii	3
SRR14919237	Alistipes_putredinis	996
SRR14919243	Acetivibrio_ethanolgignens	18
SRR14919242	Enterococcus_durans	1
SRR14919244	Nocardia_asiatica	1
SRR14919241	Acinetobacter_baumannii	93
SRR14919241	Treponema_bryantii	1
SRR14919244	Desulfotomaculum_putei	2
SRR14919246	Bifidobacterium_mongoliense	2
SRR14919243	Dysgonomonas_capnocytophagoides	16
SRR14919242	Mycoplasma_meleagridis	1
SRR14919235	Roseibacterium_elongatum	3
SRR14919245	Lysinibacillus_sphaericus	3
SRR14919246	Lactobacillus_guizhouensis	1
SRR14919237	Prevotella_loescheii	4
SRR14919240	Clostridium_frigoris	10
SRR14919238	Pigmentiphaga_daeguensis	1
SRR14919237	Clostridium_algidixylanolyticum	5
SRR14919241	Avibacterium_gallinarum	4
SRR14919238	Pseudomonas_filiscindens	1
SRR14919243	Dinophysis_acuminata	1
SRR14919242	Thermolithobacter_carboxydivorans	1
SRR14919239	Winogradskyella_lutea	1
SRR14919241	Pandoraea_apista	1
SRR14919238	Clostridium_thermocellum	42
SRR14919244	Heliophilum_fasciatum	1
SRR14919243	Enterococcus_mundtii	1
SRR14919241	Helicobacter_fennelliae	6
SRR14919239	Clostridium_tunisiense	12
SRR14919235	Anaerostipes_hadrus	17683
SRR14919244	Clostridium_sartagoforme	3
SRR14919243	Clostridium_phytofermentans	7
SRR14919243	Bacteroides_paurosaccharolyticus	51
SRR14919235	Clostridium_oceanicum	7
SRR14919246	Prevotella_bergensis	2
SRR14919236	Phacus_orbicularis	1
SRR14919235	Euglena_geniculata	2
SRR14919235	Clostridium_thiosulfatireducens	2
SRR14919242	Caloramator_uzoniensis	2
SRR14919246	Pseudomonas_aeruginosa	3
SRR14919246	Bacillus_schlegelii	2
SRR14919243	Lactobacillus_plantarum	7
SRR14919239	Sediminicola_luteus	1
SRR14919239	Streptococcus_uberis	6
SRR14919244	Vibrio_gallicus	1
SRR14919241	Dietzia_maris	1
SRR14919245	Prevotella_buccae	15
SRR14919238	Paenibacillus_tarimensis	2
SRR14919240	Desmonostoc_muscorum	3
SRR14919237	Ureaplasma_gallorale	1
SRR14919244	Pyrobaculum_aerophilum	64
SRR14919236	Desulfotomaculum_reducens	2
SRR14919242	Acinetobacter_johnsonii	1
SRR14919239	Desulfovibrio_simplex	144
SRR14919235	Nitrosococcus_oceani	2
SRR14919243	Bacillus_hwajinpoensis	1
SRR14919243	Chlorobium_limicola	1
SRR14919241	Clostridium_litorale	1
SRR14919235	Halobaculum_gomorrense	2
SRR14919245	Sorangium_cellulosum	1
SRR14919241	Bryobacter_aggregatus	1
SRR14919240	Bacillus_litoralis	2
SRR14919238	Clostridium_frigoris	21
SRR14919245	Marinomonas_rhizomae	2
SRR14919244	Taylorella_equigenitalis	51
SRR14919239	Hymenopellis_incognita	2
SRR14919243	Clostridium_papyrosolvens	4
SRR14919242	Dechloromonas_hortensis	1
SRR14919235	Anaerovirgula_multivorans	1
SRR14919242	Verrucomicrobium_spinosum	1
SRR14919240	Microcystis_panniformis	59
SRR14919237	Planktothrix_agardhii	1
SRR14919242	Clostridium_subterminale	15
SRR14919239	Clostridium_lavalense	1
SRR14919236	Caldicellulosiruptor_saccharolyticus	4
SRR14919243	Caloramator_mitchellensis	33
SRR14919235	Lactobacillus_versmoldensis	2
SRR14919240	Aeromonas_salmonicida	1
SRR14919239	Anaerococcus_vaginalis	1
SRR14919239	Clostridium_psychrophilum	1
SRR14919239	Desulfotomaculum_geothermicum	1
SRR14919238	Anaplasma_ovis	1
SRR14919245	Desulfonema_ishimotonii	1
SRR14919244	Nostocoida_limicola	1
SRR14919244	Acidobacterium_capsulatum	1
SRR14919243	Megamonas_funiformis	12
SRR14919239	Pelotomaculum_terephthalicicum	2
SRR14919244	Microaerobacter_geothermalis	1
SRR14919239	Clostridium_acidurici	1
SRR14919246	Blautia_hydrogenotrophica	35
SRR14919239	Beijerinckia_derxii	31
SRR14919238	Desmonostoc_muscorum	1
SRR14919236	Rubrobacter_xylanophilus	2
SRR14919245	Eubacterium_dolichum	3
SRR14919242	Paenibacillus_chinjuensis	95
SRR14919240	Salinicoccus_salitudinis	1
SRR14919236	Ureibacillus_suwonensis	1
SRR14919246	Promicromonospora_endophytica	1
SRR14919242	Picochlorum_eukaryotum	1
SRR14919242	Kocuria_carniphila	1
SRR14919242	Mogibacterium_timidum	31
SRR14919239	Clostridium_litorale	1
SRR14919239	Acidaminococcus_intestini	213
SRR14919238	Simplicispira_psychrophila	9
SRR14919242	Algoriphagus_olei	1
SRR14919243	Caloramator_australicus	11
SRR14919240	Pseudospirillum_japonicum	1
SRR14919243	Clostridium_tetani	2
SRR14919236	Desulfurobacterium_pacificum	1
SRR14919244	Arthrobacter_globiformis	1
SRR14919244	Prevotella_aurantiaca	1
SRR14919243	Cohnella_thermotolerans	2
SRR14919241	Desulfovibrio_bastinii	66
SRR14919238	Woodsholea_maritima	2
SRR14919244	Butyrivibrio_fibrisolvens	186
SRR14919243	Campylobacter_lanienae	1
SRR14919243	Lishizhenia_caseinilytica	1
SRR14919239	Desulfovibrio_frigidus	1
SRR14919235	Pediococcus_acidilactici	19
SRR14919244	Bythopirellula_goksoyri	1
SRR14919242	Geobacillus_stearothermophilus	1
SRR14919236	Microbacterium_takaoensis	2
SRR14919235	Actinomyces_funkei	1
SRR14919244	Neisseria_subflava	1
SRR14919241	Thioprofundum_lithotrophicum	1
SRR14919239	Dialister_propionicifaciens	2
SRR14919245	Nocardioides_lentus	3
SRR14919239	Clostridium_stercorarium	5
SRR14919243	Methanosaeta_pelagica	2
SRR14919242	Thermotalea_metallivorans	63
SRR14919240	Rhodovarius_lipocyclicus	1
SRR14919240	Parabacteroides_chartae	4
SRR14919244	Pasteurella_bettyae	1
SRR14919241	Clostridium_vincentii	1
SRR14919240	Eubacterium_pyruvativorans	5
SRR14919239	Hespellia_stercorisuis	8
SRR14919236	Desulfococcus_niacini	4
SRR14919246	Mycoplasma_haemofelis	2
SRR14919242	Desulfotomaculum_hydrothermale	1
SRR14919239	Leuconostoc_gelidum	1
SRR14919240	Anabaena_torulosa	1
SRR14919246	Pleurocapsa_concharum	1
SRR14919242	Clostridium_magnum	2
SRR14919237	Eubacterium_plexicaudatum	252
SRR14919246	Streptococcus_equi	2
SRR14919242	Natronoanaerobium_aggerbacterium	1
SRR14919242	Thermoanaerobacter_kivui	22
SRR14919246	Acidithiobacillus_ferrooxidans	4
SRR14919244	Catellatospora_citrea	1
SRR14919242	Reclinomonas_americana	74
SRR14919242	Enterococcus_cecorum	126
SRR14919236	Bacillus_djibelorensis	1
SRR14919244	Enterococcus_faecalis	3
SRR14919238	Massilia_timonae	1
SRR14919235	Paenibacillus_durus	1
SRR14919244	Haemophilus_parainfluenzae	1
SRR14919240	Parvularcula_lutaonensis	2
SRR14919244	Parapedobacter_luteus	2
SRR14919240	Glycomyces_arizonensis	1
SRR14919237	Opitutus_terrae	1
SRR14919236	Flexibacter_flexilis	3
SRR14919246	Macellibacteroides_fermentans	4
SRR14919242	Methanobrevibacter_oralis	1
SRR14919240	Bifidobacterium_minimum	1
SRR14919240	Paenibacillus_alvei	1
SRR14919239	Marinobacterium_jannaschii	2
SRR14919239	Avibacterium_gallinarum	11
SRR14919238	Actinomyces_ruminicola	1
SRR14919235	Cytinus_ruber	1
SRR14919243	Moraxella_caprae	2
SRR14919242	Clostridium_disporicum	30
SRR14919236	Parvimonas_micra	5
SRR14919236	Codium_fragile	17
SRR14919235	Armatimonas_rosea	10
SRR14919242	Mitsuokella_jalaludinii	2
SRR14919239	Helicobacter_fennelliae	12
SRR14919237	Lactobacillus_nodensis	1
SRR14919236	Caldicellulosiruptor_lactoaceticus	1
SRR14919243	Veillonella_denticariosi	1
SRR14919238	Bifidobacterium_bifidum	1
SRR14919238	Listeria_grayi	1
SRR14919242	Actinomyces_europaeus	2
SRR14919239	Colwellia_rossensis	2
SRR14919238	Bacteroides_helcogenes	21
SRR14919246	Actinobacillus_pleuropneumoniae	20
SRR14919242	Collinsella_tanakaei	9
SRR14919240	Gemmiger_formicilis	803
SRR14919236	Halomonas_anticariensis	1
SRR14919239	Nitrospina_gracilis	1
SRR14919245	Melghirimyces_thermohalophilus	1
SRR14919242	Gallibacterium_anatis	1
SRR14919240	Eggerthella_sinensis	1
SRR14919243	Clostridium_methylpentosum	252
SRR14919235	Actinomyces_odontolyticus	4
SRR14919240	Pseudomonas_mendocina	1
SRR14919244	Nitrosopumilus_maritimus	1
SRR14919236	Clostridium_bartlettii	278
SRR14919237	Prevotella_ruminicola	2
SRR14919236	Dehalococcoides_mccartyi	1
SRR14919243	Mycoplasma_mobile	2
SRR14919235	Lactobacillus_oeni	1
SRR14919244	Bacillus_subtilis	11
SRR14919244	Coprococcus_catus	85
SRR14919245	Lactobacillus_versmoldensis	3
SRR14919244	Defluviitalea_saccharophila	29
SRR14919240	Escherichia/Shigella_coli	6
SRR14919246	Streptococcus_salivarius	2
SRR14919243	Eubacterium_uniforme	7
SRR14919242	Cohnella_fontinalis	1
SRR14919241	Mucilaginibacter_kameinonensis	1
SRR14919241	Acholeplasma_oculi	1
SRR14919236	Bacillus_amyloliquefaciens	1
SRR14919243	Clostridium_tetanomorphum	2
SRR14919239	Adhaeribacter_terreus	36
SRR14919238	Aristoptilon_mooreanum	1
SRR14919238	Acidovorax_defluvii	1
SRR14919237	Clostridium_bolteae	1
SRR14919246	Bacteroides_fluxus	34
SRR14919241	Aminobacter_aminovorans	1
SRR14919241	Pseudobutyrivibrio_xylanivorans	28
SRR14919238	Microcystis_panniformis	61
SRR14919236	Caloramator_mitchellensis	2
SRR14919241	Cronobacter_zurichensis	1
SRR14919245	Microaerobacter_geothermalis	2
SRR14919241	Eubacterium_acidaminophilum	1
SRR14919239	Bacteroides_rodentium	417
SRR14919245	Vibrio_natriegens	3
SRR14919240	Mycoplasma_hyorhinis	99
SRR14919239	Sinorickettsia_chlamys	1
SRR14919235	Clostridium_amylolyticum	6
SRR14919235	Nitrosomonas_oligotropha	1
SRR14919246	Bacillus_boroniphilus	1
SRR14919245	Vibrio_penaeicida	2
SRR14919240	Sporobacterium_olearium	3
SRR14919235	Pricia_antarctica	1
SRR14919242	Thioalkalivibrio_nitratireducens	1
SRR14919241	Marinilabilia_salmonicolor	4
SRR14919238	Discoplastis_spathirhyncha	1
SRR14919238	Eggerthella_sinensis	8
SRR14919238	Bilophila_wadsworthia	63
SRR14919235	Staphylococcus_succinus	1
SRR14919236	Pontibacter_salisaro	1
SRR14919244	Clostridium_hungatei	8
SRR14919244	Clostridium_sulfidigenes	10
SRR14919236	Bacillus_litoralis	2
SRR14919236	Thermovenabulum_ferriorganovorum	1
SRR14919240	Bacteroides_vulgatus	16538
SRR14919238	Corynebacterium_kroppenstedtii	4
SRR14919238	Eubacterium_cellulosolvens	49
SRR14919239	Bacillus_algicola	311
SRR14919244	Schwartzia_succinivorans	1
SRR14919240	Lactobacillus_helveticus	5
SRR14919246	Clostridium_cellulosi	23
SRR14919239	Ochrobactrum_ciceri	1
SRR14919242	Aureibacter_tunicatorum	1
SRR14919241	Pasteurella_multocida	38
SRR14919237	Streptomyces_albogriseolus	1
SRR14919244	Treponema_primitia	2
SRR14919243	Desulfotignum_toluenicum	3
SRR14919241	Bifidobacterium_pullorum	2
SRR14919241	Grimontia_hollisae	2
SRR14919239	Thermoanaerobacterium_thermosulfurigenes	1
SRR14919239	Selenomonas_sputigena	5
SRR14919237	Tepidimicrobium_xylanilyticum	1
SRR14919235	Brochothrix_campestris	1
SRR14919244	Lysinibacillus_odysseyi	1
SRR14919243	Ruminococcus_gnavus	14
SRR14919236	Bosea_thiooxidans	1
SRR14919236	Tenacibaculum_aestuarii	1
SRR14919235	Coprococcus_comes	3767
SRR14919242	Kitasatospora_niigatensis	1
SRR14919243	Weissella_ghanensis	1
SRR14919241	Papillibacter_cinnamivorans	13
SRR14919235	Bacteroides_thetaiotaomicron	6
SRR14919240	Adlercreutzia_equolifaciens	3
SRR14919237	Acetobacter_estunensis	26
SRR14919244	Streptococcus_mutans	1
SRR14919243	Pseudomonas_fluorescens	6
SRR14919238	Methylobacterium_oryzae	1
SRR14919238	Parabacteroides_chartae	6
SRR14919243	Clostridium_piliforme	20
SRR14919240	Nevskia_soli	2
SRR14919239	Acinetobacter_baumannii	121
SRR14919240	Corynebacterium_urealyticum	1
SRR14919238	Lysinibacillus_sphaericus	3
SRR14919235	Blattabacterium_clevelandi	1
SRR14919237	Methanobacterium_kanagiense	1
SRR14919246	Mycobacterium_kuopiense	1
SRR14919240	Syntrophococcus_sucromutans	28
SRR14919240	Paenibacillus_camelliae	3
SRR14919237	Emticicia_ginsengisoli	1
SRR14919244	Natrialba_wudunaoensis	1
SRR14919240	Selenihalanaerobacter_shriftii	1
SRR14919238	Meniscus_glaucopis	2
SRR14919246	Nitrolancea_hollandica	2
SRR14919242	Sphingobacterium_multivorum	4
SRR14919242	Mahella_australiensis	7
SRR14919240	Lactobacillus_kunkeei	192
SRR14919239	Haloglycomyces_albus	2
SRR14919245	Acetonema_longum	3
SRR14919243	Geotoga_subterranea	1
SRR14919239	Natronoanaerobium_aggerbacterium	1
SRR14919240	Thermobrachium_celere	7
SRR14919235	Alteromonas_macleodii	1
SRR14919242	Bulleidia_extructa	1
SRR14919236	Actinomadura_cremea	1
SRR14919243	Acinetobacter_junii	1
SRR14919241	Pseudobutyrivibrio_ruminis	4
SRR14919240	Anaerovorax_odorimutans	4
SRR14919245	Bifidobacterium_mongoliense	5
SRR14919240	Halobacterium_noricense	2
SRR14919242	Sphingobacterium_spiritivorum	2
SRR14919238	Desulfotomaculum_putei	5
SRR14919237	Treponema_bryantii	3
SRR14919245	Enterobacter_hormaechei	15
SRR14919242	Desemzia_incerta	2
SRR14919242	Gemella_morbillorum	1
SRR14919240	Bacillus_humi	13
SRR14919239	Nicoletella_semolina	2
SRR14919235	Bifidobacterium_mongoliense	2
SRR14919236	Mycoplasma_meleagridis	2
SRR14919246	Idiomarina_xiamenensis	1
SRR14919246	Ruminofilibacter_xylanolyticum	5
SRR14919242	Olleya_marilimosa	3
SRR14919240	Haloferax_alexandrinus	1
SRR14919240	Clostridium_lactatifermentans	412
SRR14919245	Alkaliflexus_imshenetskii	3
SRR14919242	Cyanidium_caldarium	4
SRR14919238	Xenorhabdus_indica	1
SRR14919238	Sinobacterium_caligoides	1
SRR14919237	Stomatobaculum_longum	2
SRR14919236	Tannerella_forsythia	20
SRR14919246	Barnesiella_viscericola	20
SRR14919235	Campylobacter_troglodytis	1
SRR14919245	Brevundimonas_diminuta	2
SRR14919242	Helicobacter_pylori	305
SRR14919239	Blautia_wexlerae	120
SRR14919238	Oceanirhabdus_sediminicola	8
SRR14919238	Staphylococcus_aureus	3
SRR14919238	Legionella_fallonii	1
SRR14919240	Pedobacter_cryoconitis	1
SRR14919242	Succinivibrio_dextrinosolvens	3
SRR14919238	Aureispira_maritima	50
SRR14919237	Mariniflexile_fucanivorans	1
SRR14919239	Eggerthella_lenta	2
SRR14919236	Clostridium_papyrosolvens	5
SRR14919245	Methylomonas_scandinavica	66
SRR14919246	Thiocapsa_roseopersicina	1
SRR14919246	Anaerosporobacter_mobilis	2
SRR14919246	Solanum_lycopersicum	2
SRR14919243	Leuconostoc_fallax	39
SRR14919236	Caloramator_uzoniensis	1
SRR14919235	Verrucomicrobium_spinosum	2
SRR14919242	Sphingobacterium_mizutaii	84
SRR14919236	Petrimonas_sulfuriphila	3
SRR14919243	Bacteroides_ovatus	11164
SRR14919241	Eubacterium_infirmum	1
SRR14919240	Prevotella_marshii	1
SRR14919237	Stenotrophomonas_acidaminiphila	1
SRR14919240	Deinococcus_geothermalis	1
SRR14919239	Acetanaerobacterium_elongatum	101
SRR14919237	Bifidobacterium_gallicum	2
SRR14919236	Xanthomonas_campestris	1
SRR14919244	Paenibacillus_assamensis	3
SRR14919240	Phascolarctobacterium_faecium	13
SRR14919235	Azospirillum_amazonense	2
SRR14919239	Clavibacter_michiganensis	1
SRR14919237	Desulfitispora_alkaliphila	1
SRR14919244	Jonesia_quinghaiensis	1
SRR14919239	Clostridium_pascui	3
SRR14919236	Arthrobacter_agilis	1
SRR14919246	Murdochiella_asaccharolytica	1
SRR14919244	Paenibacillus_cookii	5
SRR14919240	Pontibacillus_marinus	1
SRR14919241	Burkholderia_sabiae	1
SRR14919238	Bacillus_drentensis	1
SRR14919238	Pyrobaculum_aerophilum	57
SRR14919245	Bacteroides_gallinarum	5
SRR14919244	Planktothrix_rubescens	4
SRR14919243	Fibrobacter_intestinalis	1
SRR14919245	Bifidobacterium_bohemicum	2
SRR14919244	Desulfomicrobium_baculatum	1
SRR14919242	Microcystis_smithii	1
SRR14919241	Sinorhizobium_americanum	2
SRR14919246	Leadbetterella_byssophila	2
SRR14919244	Roseomonas_cervicalis	1
SRR14919244	Streptococcus_dentapri	1
SRR14919244	Clostridium_straminisolvens	57
SRR14919241	Nostoc_punctiforme	1
SRR14919239	Blautia_hydrogenotrophica	138
SRR14919240	Salinibacter_iranicus	1
SRR14919246	Thalassospira_lucentensis	2
SRR14919241	Bifidobacterium_reuteri	3
SRR14919240	Streptococcus_lactarius	1
SRR14919238	Sporobacterium_olearium	3
SRR14919238	Clostridium_ramosum	13
SRR14919246	Ochromonas_danica	5
SRR14919240	Legionella_pneumophila	1
SRR14919237	Ruminococcus_lactaris	123
SRR14919242	Catabacter_hongkongensis	5
SRR14919242	Cenarchaeum_symbiosum	245
SRR14919240	Enterorhabdus_caecimuris	2
SRR14919237	Butyrivibrio_fibrisolvens	105
SRR14919236	Lishizhenia_caseinilytica	1
SRR14919245	Sphingobacterium_faecium	2
SRR14919240	Actinomyces_hongkongensis	1
SRR14919240	Desulfatibacillum_alkenivorans	1
SRR14919239	Clostridium_maritimum	1
SRR14919245	Acetobacter_aceti	1
SRR14919244	Desulfotomaculum_gibsoniae	20
SRR14919239	Eubacterium_infirmum	1
SRR14919237	Bacteroides_thetaiotaomicron	71
SRR14919245	Parasutterella_excrementihominis	75
SRR14919242	Eubacterium_rectale	27512
SRR14919238	Streptomyces_phaeochromogenes	190
SRR14919236	Bacteroides_thetaiotaomicron	191
SRR14919246	Clostridium_islandicum	1
SRR14919239	Dorea_longicatena	3176
SRR14919235	Thermotalea_metallivorans	18
SRR14919242	Lysinibacillus_sinduriensis	1
SRR14919239	Desulfotomaculum_intricatum	8
SRR14919238	Mycoplasma_hyorhinis	77
SRR14919237	Xenorhabdus_stockiae	1
SRR14919242	Dysgonomonas_wimpennyi	2
SRR14919240	Cytophaga_fermentans	9
SRR14919246	Fluoribacter_dumoffii	1
SRR14919243	Alkalitalea_saponilacus	1
SRR14919237	Natronorubrum_thiooxidans	1
SRR14919236	Bacteroides_coprosuis	9
SRR14919245	Azovibrio_restrictus	1
SRR14919240	Desulfurispirillum_alkaliphilum	1
SRR14919236	Sebaldella_termitidis	1
SRR14919246	Desulfovibrio_intestinalis	1
SRR14919241	Tuberibacillus_calidus	1
SRR14919239	Acidithiobacillus_thiooxidans	3
SRR14919238	Halomicrobium_mukohataei	1
SRR14919238	Clostridium_butyricum	1
SRR14919245	Methanoculleus_bourgensis	117
SRR14919243	Butyricimonas_virosa	3
SRR14919242	Nitrosomonas_marina	1
SRR14919242	Caminicella_sporogenes	1
SRR14919239	Clostridium_tetani	3
SRR14919238	Bacteroides_vulgatus	3390
SRR14919235	Desulfovibrio_bastinii	48
SRR14919246	Anaerovirgula_multivorans	1
SRR14919242	Lactobacillus_kalixensis	1
SRR14919241	Alistipes_senegalensis	5
SRR14919241	Sedimentibacter_hongkongensis	71
SRR14919242	Francisella_noatunensis	78
SRR14919238	Dialister_propionicifaciens	1
SRR14919237	Mycoplasma_feliminutum	2
SRR14919236	Rhodoblastus_sphagnicola	1
SRR14919240	Akkermansia_muciniphila	139
SRR14919236	Spirochaeta_smaragdinae	2
SRR14919236	Bacteroides_fragilis	32795
SRR14919235	Allobacillus_halotolerans	1
SRR14919244	Syntrophomonas_wolfei	11
SRR14919243	Bacteroides_faecis	1
SRR14919244	Prevotella_maculosa	27
SRR14919241	Lactobacillus_parakefiri	1
SRR14919240	Lutispora_thermophila	65
SRR14919239	Clostridium_aldenense	15
SRR14919240	Paenibacillus_terrigena	3
SRR14919239	Bacillus_thermocloaceae	213
SRR14919245	Collinsella_aerofaciens	148
SRR14919239	Enterococcus_canintestini	1
SRR14919241	Deferrisoma_camini	1
SRR14919244	Clostridium_innocuum	8
SRR14919242	Stenoxybacter_acetivorans	1
SRR14919244	Catenibacterium_mitsuokai	1
SRR14919243	Methanosaeta_concilii	1
SRR14919240	Bacteroides_pectinophilus	12
SRR14919235	Bradyrhizobium_japonicum	154
SRR14919245	Gallibacterium_group	1
SRR14919240	Rikenella_microfusus	2
SRR14919236	Caloramator_viterbiensis	9
SRR14919246	Oceaniserpentilla_haliotis	1
SRR14919238	Alkaliflexus_imshenetskii	1
SRR14919238	Cytophaga_fermentans	4
SRR14919235	Mucilaginibacter_paludis	1
SRR14919236	Reclinomonas_americana	98
SRR14919246	Coenonia_anatina	1
SRR14919242	Treponema_succinifaciens	1
SRR14919237	Paenibacillus_alginolyticus	1
SRR14919236	Helicobacter_mastomyrinus	2
SRR14919244	Phascolarctobacterium_succinatutens	19
SRR14919244	Oscillatoria_miniata	58
SRR14919242	Clostridium_phytofermentans	15
SRR14919239	Liberibacter_crescens	1
SRR14919240	Metallosphaera_sedula	1
SRR14919238	Pseudoscillatoria_coralii	2
SRR14919238	Haloarcula_sinaiiensis	2
SRR14919236	Clostridium_disporicum	10
SRR14919246	Prevotella_stercorea	2
SRR14919241	Clostridium_sporogenes	3
SRR14919244	Roseburia_hominis	38
SRR14919241	Bacillus_endophyticus	1
SRR14919246	Sedimentibacter_saalensis	1
SRR14919242	Clostridium_herbivorans	10
SRR14919237	Clostridium_celerecrescens	5
SRR14919243	Granulicella_tundricola	1
SRR14919239	Blautia_coccoides	3
SRR14919244	Fusobacterium_naviforme	1
SRR14919238	Ochrobactrum_intermedium	1
SRR14919244	Bacillus_cereus	386
SRR14919240	Dialister_invisus	1272
SRR14919237	Anabaena_cycadae	1
SRR14919236	Clostridium_tetanomorphum	5
SRR14919236	Aggregatibacter_actinomycetemcomitans	8
SRR14919244	Olivibacter_soli	1
SRR14919237	Halomonas_campisalis	1
SRR14919236	Peptoniphilus_indolicus	2
SRR14919235	Anaerovibrio_lipolyticus	2
SRR14919242	Paracoccus_aminophilus	1
SRR14919236	Streptococcus_oligofermentans	3
SRR14919241	Bacteroides_thetaiotaomicron	635
SRR14919240	Shewanella_sediminis	1
SRR14919239	Cronobacter_zurichensis	1
SRR14919241	Mycoplasma_columborale	1
SRR14919246	Idiomarina_donghaiensis	2
SRR14919240	Enterobacter_cloacae	1
SRR14919240	Bacteroides_thetaiotaomicron	369
SRR14919236	Mycobacterium_parafortuitum	4
SRR14919238	Rikenella_microfusus	1
SRR14919236	Alloprevotella_tannerae	3
SRR14919241	Bacteroides_eggerthii	18
SRR14919240	Spirochaeta_isovalerica	1
SRR14919236	Cellulomonas_hominis	1
SRR14919235	Mycoplasma_agassizii	1
SRR14919243	Defluviitalea_saccharophila	22
SRR14919235	Desulforhopalus_vacuolatus	2
SRR14919245	Bacteroides_caccae	105
SRR14919241	Burkholderia_vietnamiensis	3
SRR14919240	Planomicrobium_glaciei	1
SRR14919243	Dethiobacter_alkaliphilus	8
SRR14919242	Turicibacter_sanguinis	92
SRR14919246	Thermogymnomonas_acidicola	153
SRR14919240	Sporomusa_malonica	1
SRR14919244	Prevotella_baroniae	1
SRR14919240	Selenomonas_flueggei	1
SRR14919239	Bacteroides_thetaiotaomicron	72
SRR14919237	Acholeplasma_oculi	1
SRR14919245	Parabacteroides_merdae	4376
SRR14919238	Centipeda_periodontii	3
SRR14919236	Prevotella_marshii	2
SRR14919246	Oceanimonas_doudoroffii	1
SRR14919245	Bacteroides_graminisolvens	3
SRR14919245	Tranquillimonas_alkanivorans	1
SRR14919242	Aerococcus_viridans	3
SRR14919240	Erwinia_chrysanthemi	10
SRR14919240	Eubacterium_acidaminophilum	1
SRR14919238	Bacteroides_thetaiotaomicron	4
SRR14919237	Sphingomonas_faeni	1
SRR14919241	Natronococcus_roseus	2
SRR14919240	Pelotomaculum_terephthalicicum	1
SRR14919240	Bacillus_tequilensis	1
SRR14919238	Treponema_pedis	1
SRR14919235	Clostridium_termitidis	2
SRR14919244	Treponema_vincentii	1
SRR14919243	Sulfobacillus_acidophilus	9
SRR14919243	Dolichospermum_circinale	2
SRR14919241	Bifidobacterium_thermacidophilum	5
SRR14919235	Mycoplasma_cricetuli	1
SRR14919243	Parvibacter_caecicola	2
SRR14919238	Cronobacter_sakazakii	3
SRR14919235	Gallibacterium_salpingitidis	4
SRR14919246	Capreolia_implexa	1
SRR14919243	Oleispira_lenta	1
SRR14919237	Streptococcus_sanguinis	45
SRR14919236	Paenibacillus_motobuensis	1
SRR14919246	Eutreptia_viridis	121
SRR14919243	Oscillatoria_corallinae	1
SRR14919238	Pseudoramibacter_alactolyticus	2
SRR14919242	Nocardioides_ganghwensis	1
SRR14919237	Microbulbifer_yueqingensis	4
SRR14919239	Hyphomonas_polymorpha	1
SRR14919237	Aeromonas_veronii	36
SRR14919241	Flavonifractor_plautii	396
SRR14919246	Actinomyces_odontolyticus	3
SRR14919243	Thermocrinis_ruber	1
SRR14919241	Acetivibrio_cellulolyticus	1
SRR14919240	Trichococcus_collinsii	200
SRR14919241	Enterobacter_ludwigii	2
SRR14919242	Actinomyces_hominis	1
SRR14919242	Saccharofermentans_acetigenes	7
SRR14919241	Actinomyces_naeslundii	1
SRR14919239	Hespellia_porcina	132
SRR14919235	Clostridium_baratii	1
SRR14919241	Methanosaeta_harundinacea	1
SRR14919238	Methanoculleus_bourgensis	123
SRR14919235	Methanocalculus_pumilus	14
SRR14919236	Phocaeicola_abscessus	5
SRR14919239	Dechloromonas_aromatica	1
SRR14919241	Ruminococcus_torques	3121
SRR14919239	Thermanaeromonas_toyohensis	1
SRR14919239	Thalassomonas_actiniarum	97
SRR14919238	Paenibacillus_camelliae	4
SRR14919237	Parasporobacterium_paucivorans	23
SRR14919243	Lactobacillus_animata	1
SRR14919241	Clostridium_ruminantium	5
SRR14919246	Nitrospira_marina	1
SRR14919240	Pseudoalteromonas_rubra	1
SRR14919240	Clostridium_glycyrrhizinilyticum	54
SRR14919237	Grimontia_hollisae	1
SRR14919241	Weissella_koreensis	1
SRR14919239	Larkinella_bovis	1
SRR14919239	Bacillus_firmus	52
SRR14919240	Papillibacter_cinnamivorans	263
SRR14919238	Erwinia_chrysanthemi	4
SRR14919245	Cytinus_ruber	1
SRR14919245	Methanocella_conradii	163
SRR14919244	Lactobacillus_paracasei	1
SRR14919243	Glycomyces_harbinensis	1
SRR14919242	Brevibacterium_halotolerans	1
SRR14919238	Bacillus_tequilensis	1
SRR14919245	Clostridium_cadaveris	1
SRR14919240	Prototheca_wickerhamii	11
SRR14919241	Veillonella_parvula	5
SRR14919240	Oxobacter_pfennigii	17
SRR14919246	Hydrocarboniphaga_effusa	1
SRR14919243	Moorella_thermoacetica	2
SRR14919243	Vallitalea_guaymasensis	18
SRR14919237	Codium_fragile	10
SRR14919243	Helcococcus_sueciensis	4
SRR14919243	Lactobacillus_panis	1
SRR14919237	Desulfotomaculum_halophilum	2
SRR14919239	Listeria_grayi	3
SRR14919238	Anaerovorax_odorimutans	4
SRR14919237	Catenibacterium_mitsuokai	170
SRR14919236	Methanobacterium_kanagiense	1
SRR14919246	Desulfurobacterium_pacificum	1
SRR14919238	Halobacterium_noricense	3
SRR14919241	Clostridium_estertheticum	10
SRR14919241	Fructobacillus_ficulneus	1
SRR14919236	Anoxybacillus_flavithermus	3
SRR14919235	Bacillus_clausii	1
SRR14919238	Natrialba_wudunaoensis	1
SRR14919236	Dyadobacter_koreensis	1
SRR14919238	Lactobacillus_reuteri	100
SRR14919241	Bacteroides_massiliensis	42
SRR14919239	Lawsonia_intracellularis	1
SRR14919246	Anaerostipes_butyraticus	6
SRR14919245	Fibrisoma_limi	1
SRR14919245	Bacteroides_zoogleoformans	6
SRR14919243	Alkalibaculum_bacchi	36
SRR14919240	Streptococcus_gordonii	8
SRR14919239	Halococcus_hamelinensis	1
SRR14919236	Anaerostipes_caccae	2
SRR14919241	Sphaerochaeta_globosa	1
SRR14919241	Lactobacillus_murinus	1
SRR14919237	Haloarcula_aidinensis	1
SRR14919242	Selenomonas_lacticifex	32
SRR14919237	Bifidobacterium_breve	2
SRR14919237	Eubacterium_saphenum	26
SRR14919243	Sulfurivirga_caldicuralii	2
SRR14919238	Methylomonas_scandinavica	73
SRR14919244	Bifidobacterium_mongoliense	1
SRR14919242	Mycoplasma_corogypsi	1
SRR14919239	Anaerosporobacter_mobilis	41
SRR14919238	Lysinibacillus_massiliensis	1
SRR14919243	Lactobacillus_paracollinoides	1
SRR14919240	Weissella_soli	1
SRR14919240	Pedobacter_lentus	2
SRR14919235	Sphingobacterium_mizutaii	64
SRR14919246	Mannheimia_ruminalis	1
SRR14919243	Tissierella_praeacuta	1
SRR14919243	Eubacterium_aggregans	2
SRR14919245	Anoxybacillus_tepidamans	1
SRR14919243	Mycoplasma_buccale	86
SRR14919243	Bacteroides_thetaiotaomicron	145
SRR14919242	Thiomicrospira_frisia	1
SRR14919240	Roseomonas_ludipueritiae	1
SRR14919239	Methanobrevibacter_ruminantium	1
SRR14919235	Dorea_formicigenerans	435
SRR14919243	Pseudorhodobacter_antarcticus	1
SRR14919242	Bacteroides_thetaiotaomicron	64
SRR14919238	Listeria_weihenstephanensis	1
SRR14919241	Sporomusa_ovata	31
SRR14919241	Vibrio_parahaemolyticus	2
SRR14919236	Asterionella_ralfsii	1
SRR14919240	Blautia_glucerasea	175
SRR14919239	Brevundimonas_diminuta	2
SRR14919236	Arcicella_rigui	158
SRR14919238	Bifidobacterium_bohemicum	1
SRR14919241	Prevotella_oris	2
SRR14919240	Corallococcus_macrosporus	1
SRR14919239	Leadbetterella_byssophila	3
SRR14919244	Algicola_sagamiensis	2
SRR14919240	Arcobacter_marinus	1
SRR14919239	Prevotella_oralis	1
SRR14919244	Treponema_socranskii	3
SRR14919241	Clostridium_gasigenes	13
SRR14919237	Erwinia_mallotivora	1
SRR14919236	Borrelia_sinica	1
SRR14919246	Mycoplasma_felis	31
SRR14919242	Jeongeupia_naejangsanensis	1
SRR14919244	Haemophilus_parasuis	178
SRR14919239	Leuconostoc_fallax	51
SRR14919243	Paraeggerthella_hongkongensis	1
SRR14919242	Methylomicrobium_buryatense	1
SRR14919242	Melosira_varians	1
SRR14919241	Bacteroides_salanitronis	24
SRR14919239	Bifidobacterium_reuteri	1
SRR14919236	Pseudomonas_lundensis	4
SRR14919236	Euzebyella_saccharophila	1
SRR14919246	Cryptoglena_pigra	1
SRR14919244	Anaerococcus_lactolyticus	2
SRR14919241	Alicyclobacillus_mali	1
SRR14919239	Bacteroides_ovatus	31
SRR14919235	Hydrogenoanaerobacterium_saccharovorans	9
SRR14919241	Finegoldia_magna	2
SRR14919236	Agromyces_ulmi	1
SRR14919244	Riemerella_anatipestifer	1
SRR14919235	Parasutterella_excrementihominis	17327
SRR14919246	Bacteroides_sartorii	15
SRR14919238	Spiroplasma_platyhelix	1
SRR14919235	Streptomyces_bottropensis	1
SRR14919244	Desulfosalsimonas_propionicica	2
SRR14919240	Rhodovulum_sulfidophilum	1
SRR14919236	Gallibacterium_salpingitidis	1
SRR14919236	Megasphaera_hominis	1
SRR14919243	Pseudoflavonifractor_capillosus	39
SRR14919236	Simkania_negevensis	7
SRR14919239	Bacteroides_gallinarum	3
SRR14919245	Serpens_flexibilis	1
SRR14919243	Clostridium_straminisolvens	47
SRR14919239	Megasphaera_elsdenii	2
SRR14919235	Petrobacter_succinatimandens	1
SRR14919244	Skermania_piniformis	1
SRR14919236	Azotobacter_chroococcum	7
SRR14919238	Enterobacter_cloacae	1
SRR14919246	Clostridium_hylemonae	43
SRR14919245	Clostridium_neopropionicum	1
SRR14919235	Paenibacillus_hordei	138
SRR14919246	Mycoplasma_flocculare	1
SRR14919241	Sulfitobacter_mediterraneus	2
SRR14919237	Acholeplasma_parvum	1
SRR14919244	Natronorubrum_aibiense	2
SRR14919236	Shewanella_aquimarina	1
SRR14919246	Xylella_fastidiosa	61
SRR14919245	Anaerorhabdus_furcosa	1
SRR14919240	Anaerococcus_hydrogenalis	16
SRR14919246	Blautia_stercoris	65
SRR14919240	Lysobacter_antibioticus	1
SRR14919240	Spongiispira_norvegica	1
SRR14919239	Hymenobacter_aerophilus	1
SRR14919240	Porphyromonas_catoniae	37
SRR14919237	Haemophilus_influenzae	1
SRR14919235	Desulfurobacterium_atlanticum	2
SRR14919242	Caldanaerobacter_proteolyticus	1
SRR14919238	Facklamia_miroungae	2
SRR14919235	Acrocarpospora_macrocephala	1
SRR14919245	Staphylococcus_caprae	1
SRR14919242	Clostridium_thermosuccinogenes	32
SRR14919239	Desulfovibrio_longreachensis	1
SRR14919237	Staphylococcus_epidermidis	2
SRR14919242	Thermoplasma_volcanium	2
SRR14919238	Akkermansia_muciniphila	78
SRR14919246	Lysobacter_enzymogenes	34
SRR14919242	Eubacterium_contortum	24
SRR14919239	Natronococcus_roseus	3
SRR14919238	Tenacibaculum_maritimum	1
SRR14919238	Desulfotomaculum_intricatum	14
SRR14919241	Coenonia_anatina	3
SRR14919240	Actinobacillus_indolicus	2
SRR14919245	Rhodobacter_azotoformans	2
SRR14919240	Bacteroides_oleiciplenus	27
SRR14919235	Clostridium_histolyticum	8
SRR14919239	Dictyoglomus_turgidum	1
SRR14919237	Arthrobacter_castelli	1
SRR14919237	Clostridium_glycyrrhizinilyticum	24
SRR14919243	Treponema_stenostrepta	5
SRR14919241	Nitriliruptor_alkaliphilus	1
SRR14919238	Paenibacillus_terrigena	2
SRR14919237	Halonotius_pteroides	1
SRR14919236	Dysgonomonas_wimpennyi	9
SRR14919246	Neorickettsia_sennetsu	1
SRR14919246	Virgibacillus_albus	1
SRR14919244	Ruminococcus_callidus	908
SRR14919239	Clostridium_polysaccharolyticum	54
SRR14919235	Stenoxybacter_acetivorans	2
SRR14919241	Legionella_birminghamensis	1
SRR14919237	Alcaligenes_faecalis	1
SRR14919245	Garciella_nitratireducens	2
SRR14919244	Herbaspirillum_seropedicae	1
SRR14919244	Bacillus_simplex	1
SRR14919243	Hyphomonas_jannaschiana	1
SRR14919235	Cohnella_soli	2
SRR14919244	Clostridium_limosum	35
SRR14919243	Acidilobus_sulfurireducens	10
SRR14919241	Sphingobacterium_multivorum	3
SRR14919245	Pseudomonas_teessidea	4
SRR14919237	Kushneria_indalinina	15
SRR14919236	Caminicella_sporogenes	1
SRR14919235	Alistipes_senegalensis	11
SRR14919236	Marinomonas_ushuaiensis	1
SRR14919242	Paenibacillus_zanthoxyli	1
SRR14919239	Clostridium_subterminale	19
SRR14919244	Flavihumibacter_petaseus	1
SRR14919239	Desulfosporosinus_lacus	2
SRR14919238	Alishewanella_agri	1
SRR14919238	Tepidimicrobium_xylanilyticum	2
SRR14919243	Rhodanobacter_panaciterrae	1
SRR14919235	Vulcanibacillus_modesticaldus	2
SRR14919235	Caldicellulosiruptor_obsidiansis	1
SRR14919236	Halopenitus_malekzadehii	1
SRR14919243	Serratia_marcescens	4
SRR14919245	Bacteroides_thetaiotaomicron	961
SRR14919243	Altererythrobacter_indicus	29
SRR14919242	Parabacteroides_distasonis	6976
SRR14919239	Ruminococcus_torques	2093
SRR14919246	Paraprevotella_xylaniphila	1
SRR14919244	Bacteroides_thetaiotaomicron	1011
SRR14919239	Sedimentibacter_saalensis	6
SRR14919238	Euzebya_tangerina	1
SRR14919242	Syntrophomonas_zehnderi	1
SRR14919239	Phascolarctobacterium_succinatutens	5
SRR14919244	Cymbella_subturgidula	2
SRR14919242	Lachnoanaerobaculum_saburreum	1
SRR14919240	Salinivibrio_costicola	18
SRR14919246	Lactobacillus_johnsonii	3
SRR14919244	Tistrella_mobilis	1
SRR14919239	Bacteroides_stercoris	5781
SRR14919236	Limibacter_armeniacum	1
SRR14919243	Ralstonia_solanacearum	7
SRR14919241	Anaerosinus_glycerini	9
SRR14919240	Gallibacterium_salpingitidis	5
SRR14919239	Veillonella_criceti	1
SRR14919244	Sedimentibacter_hydroxybenzoicus	12
SRR14919241	Clostridium_phytofermentans	7
SRR14919240	Euglena_geniculata	2
SRR14919242	Lactobacillus_fermentum	3
SRR14919241	Acholeplasma_palmae	3
SRR14919240	Methanobrevibacter_smithii	2
SRR14919240	Eubacterium_desmolans	727
SRR14919239	Lactococcus_garvieae	1
SRR14919245	Pediococcus_claussenii	1
SRR14919244	Bacillus_aryabhattai	2
SRR14919238	Symbiobacterium_toebii	1
SRR14919235	Thiobacillus_prosperus	2
SRR14919245	Clostridium_colinum	16
SRR14919238	Porphyromonas_endodontalis	4
SRR14919235	Clostridium_sporogenes	3
SRR14919240	Tetragenococcus_osmophilus	2
SRR14919239	Gallibacterium_salpingitidis	1
SRR14919236	Campylobacter_curvus	1
SRR14919241	Mangrovibacter_plantisponsor	1
SRR14919240	Treponema_lecithinolyticum	61
SRR14919236	Dethiobacter_alkaliphilus	1
SRR14919238	Weissella_confusa	1
SRR14919238	Gallibacterium_salpingitidis	5
SRR14919244	Clostridium_nexile	36
SRR14919240	Spirochaeta_africana	1
SRR14919235	Dysgonomonas_mossii	3
SRR14919241	Clostridium_lactatifermentans	17
SRR14919238	Bacillus_thermolactis	1
SRR14919246	Mycoplasma_iowae	1
SRR14919245	Veillonella_rodentium	2
SRR14919243	Pseudoalteromonas_arctica	1
SRR14919243	Sporotalea_propionica	1
SRR14919242	Synechococcus_elongatus	2
SRR14919236	Odoribacter_splanchnicus	14
SRR14919245	Filifactor_villosus	3
SRR14919244	Slackia_piriformis	35
SRR14919242	Lactobacillus_harbinensis	1
SRR14919236	Sulfobacillus_acidophilus	12
SRR14919242	Croceibacter_atlanticus	1
SRR14919238	Planktothrix_rubescens	5
SRR14919245	Gelidium_crinale	1
SRR14919244	Acidaminococcus_fermentans	74
SRR14919237	Pediococcus_stilesii	1
SRR14919236	Petrobacter_succinatimandens	1
SRR14919242	Clostridium_perfringens	436
SRR14919239	Thermoanaerobacter_kivui	2
SRR14919243	Elizabethkingia_anophelis	1
SRR14919240	Laribacter_hongkongensis	8
SRR14919239	Nocardia_amamiensis	1
SRR14919235	Sphingomonas_phyllosphaerae	1
SRR14919240	Holospora_curviuscula	6
SRR14919236	Pseudofulvimonas_gallinarii	1
SRR14919245	Veillonella_atypica	2
SRR14919242	Caloramator_indicus	2
SRR14919242	Parapedobacter_composti	1
SRR14919239	Gaetbulibacter_saemankumensis	1
SRR14919239	Megamonas_hypermegale	7
SRR14919238	Cupriavidus_basilensis	1
SRR14919237	Parvularcula_lutaonensis	1
SRR14919236	Campylobacter_rectus	35
SRR14919236	Haemophilus_haemoglobinophilus	4
SRR14919245	Clostridium_hathewayi	591
SRR14919243	Massilia_suwonensis	1
SRR14919243	Leuconostoc_lactis	1
SRR14919244	Roseimicrobium_gellanilyticum	1
SRR14919243	Alloprevotella_rava	1309
SRR14919241	Chromohalobacter_canadensis	1
SRR14919241	Flavobacterium_columnare	2
SRR14919239	Nostocoida_limicola	1
SRR14919239	Actinomyces_odontolyticus	7
SRR14919243	Carnobacterium_viridans	1
SRR14919243	Abiotrophia_defectiva	2
SRR14919243	Porphyromonas_asaccharolytica	1
SRR14919243	Bacteroides_barnesiae	115
SRR14919235	Thermus_thermophilus	1
SRR14919236	Thermogymnomonas_acidicola	409
SRR14919246	Brachyspira_innocens	1
SRR14919237	Halomonas_maura	3
SRR14919236	Salisaeta_longa	1
SRR14919236	Turicibacter_sanguinis	82
SRR14919240	Holospora_undulata	2
SRR14919245	Campylobacter_showae	1
SRR14919245	Lacinutrix_copepodicola	4
SRR14919241	Roseburia_inulinivorans	800
SRR14919243	Polaribacter_franzmannii	1
SRR14919239	Parabacteroides_merdae	969
SRR14919243	Oceanicoccus_sagamiensis	2
SRR14919243	Winogradskyella_epiphytica	55
SRR14919240	Gemella_haemolysans	1
SRR14919237	Helicobacter_heilmannii	2
SRR14919239	Acetoanaerobium_noterae	2
SRR14919235	Mycoplasma_collis	1
SRR14919244	Escherichia/Shigella_coli	14
SRR14919242	Lactobacillus_halophilus	1
SRR14919243	Achromatium_oxaliferum	2
SRR14919242	Lactobacillus_oris	1
SRR14919241	Parapedobacter_soli	1
SRR14919239	Peptococcus_niger	5
SRR14919243	Fucus_vesiculosus	11
SRR14919235	Xylanibacter_oryzae	1
SRR14919246	Lactobacillus_agilis	1
SRR14919242	Pseudomonas_viridiflava	4
SRR14919239	Clostridium_ruminantium	8
SRR14919243	Pediococcus_pentosaceus	1
SRR14919241	Staphylococcus_warneri	11
SRR14919239	Stephanopyxis_nipponica	1
SRR14919246	Lactobacillus_cacaonum	1
SRR14919237	Clostridium_aminovalericum	3
SRR14919246	Chloroidium_saccharophilum	2
SRR14919241	Arthrospira_platensis	1
SRR14919235	Flavonifractor_plautii	211
SRR14919235	Klebsiella_oxytoca	1
SRR14919241	Acidithiobacillus_cuprithermicus	1
SRR14919238	Carboxydothermus_siderophilus	1
SRR14919237	Desulfovibrio_piezophilus	1
SRR14919244	Lactobacillus_gallinarum	1
SRR14919246	Paenibacillus_chinjuensis	52
SRR14919243	Pylaiella_littoralis	4
SRR14919246	Gelria_glutamica	1
SRR14919238	Thermanaeromonas_toyohensis	2
SRR14919237	Enterococcus_durans	1
SRR14919246	Sporohalobacter_lortetii	1
SRR14919242	Methanomicrobium_mobile	1
SRR14919241	Porphyromonas_gulae	1
SRR14919238	Photorhabdus_temperata	1
SRR14919246	Bacteroides_thetaiotaomicron	194
SRR14919239	Streptomyces_phaeochromogenes	176
SRR14919235	Thiobacillus_plumbophilus	1
SRR14919245	Desulfofaba_hansenii	2
SRR14919240	Streptococcus_sobrinus	1
SRR14919239	Lactobacillus_farciminis	1
SRR14919237	Eubostrichus_dianeae	2
SRR14919243	Clostridium_sordellii	1
SRR14919237	Glycomyces_harbinensis	7
SRR14919246	Clostridium_algoriphilum	2
SRR14919238	Flectobacillus_speluncae	1
SRR14919245	Hymenobacter_elongatus	1
SRR14919242	Gallibacterium_salpingitidis	2
SRR14919237	Helcococcus_sueciensis	1
SRR14919246	Thermotalea_metallivorans	9
SRR14919243	Mycoplasma_phocidae	1
SRR14919238	Actinotalea_ferrariae	1
SRR14919236	Paenalcaligenes_hominis	1
SRR14919236	Oceaniserpentilla_haliotis	1
SRR14919246	Clostridium_aminobutyricum	6
SRR14919241	Mycoplasma_felis	50
SRR14919240	Enterobacter_aerogenes	1
SRR14919245	Thioploca_ingrica	1
SRR14919242	Sedimentibacter_hongkongensis	102
SRR14919235	Bacillus_akibai	2
SRR14919245	Volucribacter_psittacicida	5
SRR14919238	Thioalkalibacter_halophilus	1
SRR14919236	Thermosinus_carboxydivorans	1
SRR14919243	Tumebacillus_flagellatus	3
SRR14919239	Vibrio_parahaemolyticus	2
SRR14919237	Lactobacillus_helveticus	2
SRR14919242	Oceanobacillus_oncorhynchi	1
SRR14919246	Roseiflexus_castenholzii	1
SRR14919244	Methanobrevibacter_wolinii	1
SRR14919241	Hyphomicrobium_vulgare	1
SRR14919240	Bacillus_thuringiensis	221
SRR14919246	Gardnerella_vaginalis	1
SRR14919245	Ruminococcus_albus	31
SRR14919243	Buchnera_aphidicola	257
SRR14919236	Selenomonas_lacticifex	1
SRR14919238	Sarcina_maxima	5
SRR14919235	Hydrogenimonas_thermophila	1
SRR14919235	Macellibacteroides_fermentans	3
SRR14919240	Natrinema_versiforme	1
SRR14919235	Bacteroides_pyogenes	7
SRR14919235	Idiomarina_salinarum	1
SRR14919241	Streptococcus_iniae	2
SRR14919237	Paenibacillus_pabuli	53
SRR14919236	Porphyrobacter_tepidarius	1
SRR14919243	Desulfotalea_psychrophila	223
SRR14919242	Pseudoscardovia_suis	3
SRR14919239	Rudanella_lutea	1
SRR14919237	Anaerococcus_lactolyticus	1
SRR14919235	Clostridium_akagii	2
SRR14919246	Methanoculleus_palmolei	1
SRR14919240	Anaerobacillus_arseniciselenatis	3
SRR14919239	Mycoplasma_buccale	123
SRR14919246	Pelotomaculum_thermopropionicum	4
SRR14919243	Lactobacillus_animalis	1
SRR14919240	Methanobrevibacter_gottschalkii	2
SRR14919242	Pseudomonas_thermotolerans	1
SRR14919240	Bacillus_hunanensis	3
SRR14919239	Paenibacillus_edaphicus	2
SRR14919236	Pseudoalteromonas_arctica	1
SRR14919238	Lentimonas_marisflavi	1
SRR14919245	Aliifodinibius_roseus	4
SRR14919240	Providencia_heimbachae	3
SRR14919236	Gracilimonas_tropica	1
SRR14919235	Streptococcus_suis	6
SRR14919240	Lactobacillus_delbrueckii	3
SRR14919236	Blautia_glucerasea	805
SRR14919235	Vagococcus_carniphilus	1
SRR14919244	Pleurocapsa_minor	1
SRR14919243	Jeotgalibacillus_marinus	1
SRR14919244	Bacillus_licheniformis	7
SRR14919242	Defluviitalea_saccharophila	56
SRR14919243	Actinomyces_coleocanis	1
SRR14919239	Desulfovibrio_vulgaris	3
SRR14919238	Desulfovibrio_idahonensis	1
SRR14919236	Shuttleworthia_satelles	8
SRR14919246	Criblamydia_sequanensis	1
SRR14919244	Clostridium_irregulare	2
SRR14919241	Methylomicrobium_buryatense	1
SRR14919241	Clostridium_saccharogumia	4
SRR14919241	Phascolarctobacterium_faecium	4
SRR14919246	Pseudomonas_putida	3
SRR14919241	Pseudomonas_hibiscicola	1
SRR14919245	Sporobacter_termitidis	353
SRR14919239	Zoogloea_ramigera	1
SRR14919235	Bacillus_alcalophilus	1
SRR14919240	Bacillus_solfatarensis	16
SRR14919243	Oenococcus_oeni	1
SRR14919245	Mucilaginibacter_litoreus	1
SRR14919239	Roseburia_inulinivorans	253
SRR14919237	Eubacterium_brachy	37
SRR14919243	Acidaminobacter_hydrogenoformans	69
SRR14919241	Eubacterium_xylanophilum	4
SRR14919242	Clostridium_straminisolvens	165
SRR14919235	Fulvivirga_kasyanovii	1
SRR14919238	Lactobacillus_iners	1
SRR14919240	Belliella_pelovolcani	1
SRR14919237	Lactobacillus_rhamnosus	3
SRR14919235	Rapidithrix_thailandica	1
SRR14919242	Gluconobacter_frateurii	1
SRR14919236	Alkanibacter_difficilis	1
SRR14919235	Clostridium_neopropionicum	1
SRR14919244	Alkalibacter_saccharofermentans	3
SRR14919240	Actinomyces_funkei	3
SRR14919238	Paenibacillus_gansuensis	1
SRR14919243	Prevotella_paludivivens	2
SRR14919239	Holospora_obtusa	1
SRR14919238	Natronorubrum_aibiense	1
SRR14919238	Garciella_nitratireducens	6
SRR14919238	Codium_fragile	15
SRR14919238	Ruminococcus_gnavus	145
SRR14919246	Treponema_zuelzerae	1
SRR14919243	Mitsuokella_multacida	8
SRR14919243	Treponema_amylovorum	13
SRR14919238	Bacillus_horikoshii	3
SRR14919239	Gordonibacter_pamelaeae	67
SRR14919244	Streptococcus_thermophilus	6
SRR14919240	Clostridium_tyrobutyricum	2
SRR14919239	Paenibacillus_chinjuensis	181
SRR14919245	Staphylococcus_hominis	1
SRR14919241	Rhizosolenia_setigera	1
SRR14919239	Mucilaginibacter_kameinonensis	1
SRR14919245	Yaniella_fodinae	2
SRR14919244	Desulfonatronovibrio_hydrogenovorans	3
SRR14919236	Halarsenatibacter_silvermanii	1
SRR14919245	Gallibacterium_salpingitidis	1
SRR14919238	Alicyclobacillus_pomorum	3
SRR14919237	Desulfotomaculum_intricatum	4
SRR14919238	Shewanella_algae	1
SRR14919236	Thermoplasma_volcanium	2
SRR14919241	Campylobacter_gracilis	54
SRR14919237	Anaeroplasma_bactoclasticum	1
SRR14919236	Methylobacter_capsulatus	2
SRR14919246	Desulfotomaculum_halophilum	1
SRR14919243	Coprococcus_eutactus	362
SRR14919245	Methanobacterium_kanagiense	1
SRR14919241	Negativicoccus_succinicivorans	2
SRR14919238	Singularimonas_variicoloris	1
SRR14919242	Enterococcus_aquimarinus	2
SRR14919240	Providencia_vermicola	1
SRR14919238	Aerococcus_urinaehominis	1
SRR14919242	Kinetoplastibacterium_blastocrithidii	27
SRR14919237	Treponema_stenostrepta	4
SRR14919244	Eubacterium_eligens	864
SRR14919241	Mucilaginibacter_frigoritolerans	1
SRR14919235	Microcystis_flos-aquae	1
SRR14919238	Sinorhizobium_americanum	4
SRR14919237	Mycoplasma_pneumoniae	1
SRR14919242	Maricurvus_nonylphenolicus	4
SRR14919241	Listeria_monocytogenes	1
SRR14919240	Sphingobacterium_multivorum	3
SRR14919239	Thermotalea_metallivorans	34
SRR14919245	Prevotella_buccalis	2
SRR14919243	Carnimonas_nigrificans	1
SRR14919243	Coprobacillus_cateniformis	3
SRR14919244	Bifidobacterium_animalis	2
SRR14919244	Prevotella_shahii	22
SRR14919239	Dolichospermum_lemmermannii	1
SRR14919237	Brochothrix_thermosphacta	1
SRR14919238	Acinetobacter_junii	2
SRR14919244	Clostridium_indolis	22
SRR14919243	Prevotella_timonensis	2
SRR14919242	Runella_zeae	4
SRR14919241	Mycoplasma_conjunctivae	22
SRR14919239	Catabacter_hongkongensis	8
SRR14919235	Chlamydia_ibidis	1
SRR14919240	Halorhodospira_halochloris	1
SRR14919236	Sphingopyxis_marina	1
SRR14919235	Propionispora_hippei	1
SRR14919246	Alistipes_putredinis	14821
SRR14919235	Gemmiger_formicilis	2
SRR14919240	Rickettsia_limoniae	2
SRR14919235	Alicyclobacillus_tolerans	1
SRR14919238	Chondrus_crispus	1
SRR14919236	Burkholderia_endofungorum	1
SRR14919235	Actinobacillus_pleuropneumoniae	14
SRR14919242	Blautia_luti	692
SRR14919236	Nocardioides_ginsengagri	1
SRR14919239	Allobacillus_halotolerans	1
SRR14919245	Thioalkalispira_microaerophila	1
SRR14919237	Helicobacter_pylori	130
SRR14919246	Prevotella_loescheii	9
SRR14919236	Lactobacillus_farraginis	1
SRR14919245	Bacteroides_acidifaciens	892
SRR14919240	Kroppenstedtia_guangzhouensis	1
SRR14919241	Clostridium_tunisiense	1
SRR14919240	Clostridium_phytofermentans	27
SRR14919235	Olsenella_profusa	2
SRR14919237	Ralstonia_solanacearum	1
SRR14919237	Burkholderia_tropica	6
SRR14919243	Thermoanaerobacterium_saccharolyticum	19
SRR14919237	Chryseobacterium_daeguense	1
SRR14919237	Prosthecobacter_vanneervenii	1
SRR14919236	Paenibacillus_turicensis	1
SRR14919246	Stenoxybacter_acetivorans	1
SRR14919245	Dethiosulfatibacter_aminovorans	1
SRR14919244	Aeromonas_media	1
SRR14919237	Anaerobacillus_arseniciselenatis	2
SRR14919237	Lactobacillus_hominis	5
SRR14919236	Euglena_geniculata	3
SRR14919239	Amycolatopsis_plumensis	1
SRR14919239	Brevibacterium_linens	8
SRR14919237	Clostridium_paradoxum	4
SRR14919244	Bacteroides_pectinophilus	5
SRR14919241	Tropheryma_whipplei	1
SRR14919240	Bacillus_safensis	1
SRR14919239	Pediococcus_claussenii	1
SRR14919239	Lactobacillus_kalixensis	1
SRR14919237	Prevotella_nigrescens	2
SRR14919242	Lactobacillus_crispatus	2
SRR14919236	Sporomusa_termitida	2
SRR14919245	Bryopsis_hypnoides	46
SRR14919240	Tolumonas_auensis	1
SRR14919236	Clostridium_oroticum	87
SRR14919244	Cytophaga_aurantiaca	1
SRR14919242	Lactobacillus_brevis	3
SRR14919244	Methanolobus_vulcani	2
SRR14919242	Clostridium_jejuense	4
SRR14919238	Saccharibacillus_kuerlensis	1
SRR14919242	Dysgonomonas_hofstadii	25
SRR14919240	Caldicellulosiruptor_lactoaceticus	4
SRR14919235	Paenibacillus_fujiensis	1
SRR14919235	Methanotorris_formicicus	1
SRR14919244	Pseudorhodobacter_antarcticus	2
SRR14919241	Actinobacillus_porcinus	2
SRR14919235	Deinococcus_pimensis	2
SRR14919237	Thermobacillus_composti	1
SRR14919242	Dyadobacter_fermentans	1
SRR14919236	Treponema_putidum	1
SRR14919243	Borrelia_recurrentis	2
SRR14919242	Centroceras_clavulatum	1
SRR14919240	Mycoplasma_hyopneumoniae	8
SRR14919246	Sphingobacterium_mizutaii	59
SRR14919245	Caloramator_quimbayensis	1
SRR14919237	Escherichia/Shigella_coli	11
SRR14919235	Mangroviflexus_xiamenensis	1
SRR14919236	Caloramator_fervidus	5
SRR14919245	Lactobacillus_tucceti	1
SRR14919238	Solitalea_koreensis	1
SRR14919240	Porphyromonas_macacae	1
SRR14919238	Pseudobutyrivibrio_xylanivorans	51
SRR14919242	Treponema_maltophilum	2
SRR14919240	Tetragenococcus_halophilus	4
SRR14919241	Gelria_glutamica	2
SRR14919244	Eubacterium_cylindroides	3
SRR14919242	Marinobacter_litoralis	1
SRR14919237	Rickettsia_amblyommii	1
SRR14919237	Caldivirga_maquilingensis	1
SRR14919240	Enterococcus_viikkiensis	2
SRR14919242	Clostridium_populeti	18
SRR14919239	Treponema_succinifaciens	2
SRR14919237	Thalassomonas_sediminis	2
SRR14919244	Clostridium_acidisoli	27
SRR14919241	Anaerococcus_vaginalis	1
SRR14919238	Clostridium_saccharoperbutylacetonicum	1
SRR14919243	Proteus_mirabilis	15
SRR14919246	Clostridium_putrefaciens	1
SRR14919241	Psychromonas_macrocephali	1
SRR14919237	Eubacterium_rectale	395
SRR14919236	Bacteroides_intestinalis	67
SRR14919246	Campylobacter_helveticus	1
SRR14919244	Prevotella_bivia	3
SRR14919244	Histophilus_somni	2
SRR14919236	Holospora_undulata	1
SRR14919235	Leuconostoc_pseudomesenteroides	1
SRR14919242	Sphingomonas_roseiflava	1
SRR14919242	Clostridium_caminithermale	1
SRR14919242	Bacillus_algicola	357
SRR14919243	Peptoniphilus_lacrimalis	36
SRR14919241	Vibrio_campbellii	2
SRR14919238	Thermoanaerobacterium_thermosulfurigenes	1
SRR14919235	Halospina_denitrificans	1
SRR14919245	Leptotrichia_hofstadii	1
SRR14919240	Dialister_succinatiphilus	23
SRR14919244	Agarivorans_albus	4
SRR14919237	Achromatium_oxaliferum	1
SRR14919246	Methylobacterium_zatmanii	1
SRR14919243	Nonomuraea_coxensis	1
SRR14919243	Methanohalophilus_mahii	1
SRR14919241	Anaerotruncus_colihominis	28
SRR14919246	Fibrisoma_limi	1
SRR14919243	Legionella_anisa	5
SRR14919242	Marinoscillum_furvescens	1
SRR14919237	Paracraurococcus_ruber	1
SRR14919237	Desulfonatronobacter_acidivorans	1
SRR14919235	Staphylococcus_warneri	1
SRR14919243	Meniscus_glaucopis	1
SRR14919245	Pseudahrensia_aquimaris	1
SRR14919242	Dorea_longicatena	2475
SRR14919246	Lactobacillus_manihotivorans	1
SRR14919246	Dialister_propionicifaciens	12
SRR14919236	Prevotella_veroralis	1
SRR14919246	Clostridium_elmenteitii	1
SRR14919238	Lactobacillus_senioris	4
SRR14919235	Sphingomonas_kaistensis	202
SRR14919236	Dialister_propionicifaciens	141
SRR14919243	Saccharofermentans_acetigenes	14
SRR14919241	Thermoanaerobacterium_xylanolyticum	66
SRR14919239	Prevotella_maculosa	13
SRR14919237	Sulfurihydrogenibium_azorense	1
SRR14919246	Oleispira_lenta	2
SRR14919235	Streptomyces_chattanoogensis	330
SRR14919242	Treponema_bryantii	3
SRR14919241	Hespellia_stercorisuis	2
SRR14919240	Desulfovibrio_putealis	2
SRR14919242	Bacteroides_uniformis	184
SRR14919237	Collinsella_intestinalis	4
SRR14919243	Roseibacillus_persicicus	1
SRR14919236	Paraprevotella_xylaniphila	3
SRR14919241	Listeria_fleischmannii	2
SRR14919237	Amycolatopsis_coloradensis	1
SRR14919243	Caedibacter_taeniospiralis	15
SRR14919236	Enterococcus_raffinosus	1
SRR14919245	Thiohalospira_halophila	7
SRR14919240	Caldicellulosiruptor_saccharolyticus	4
SRR14919242	Burkholderia_seminalis	1
SRR14919238	Flavobacterium_anhuiense	1
SRR14919235	Wolbachia_pipientis	1
SRR14919236	Desulfotalea_psychrophila	454
SRR14919238	Lactobacillus_hayakitensis	1
SRR14919236	Clostridium_aminobutyricum	2
SRR14919246	Paracoccus_versutus	6
SRR14919245	Porphyromonas_somerae	3
SRR14919243	Calochaete_cimrmanii	29
SRR14919241	Salinivibrio_siamensis	1
SRR14919240	Actinomyces_ruminicola	6
SRR14919238	Rhodopseudomonas_palustris	36
SRR14919237	Arthrobacter_pascens	1
SRR14919235	Eubacterium_dolichum	20
SRR14919245	Flexibacter_flexilis	2
SRR14919245	Actinokineospora_enzanensis	1
SRR14919235	Volucribacter_psittacicida	7
SRR14919241	Enterococcus_columbae	2
SRR14919240	Ruminococcus_flavefaciens	282
SRR14919239	Tepidimicrobium_xylanilyticum	2
SRR14919244	Roseibacterium_elongatum	1
SRR14919243	Pseudendoclonium_akinetum	2
SRR14919236	Vulcanibacillus_modesticaldus	9
SRR14919236	Bacillus_selenatarsenatis	1
SRR14919240	Bacteroides_helcogenes	73
SRR14919246	Lactobacillus_gasseri	1
SRR14919246	Bifidobacterium_longum	23
SRR14919242	Treponema_calligyrum	1
SRR14919236	Streptomyces_olivoverticillatus	1
SRR14919240	Chrysodidymus_synuroideus	145
SRR14919242	Persicobacter_diffluens	1
SRR14919243	Petrotoga_mobilis	2
SRR14919242	Eggerthella_lenta	1
SRR14919240	Streptococcus_canis	1
SRR14919236	Rummeliibacillus_pycnus	1
SRR14919240	Thalassiosira_eccentrica	1
SRR14919246	Clostridium_caenicola	6
SRR14919240	Clostridium_vincentii	1
SRR14919245	Orientia_tsutsugamushi	1
SRR14919243	Clostridium_novyi	1
SRR14919242	Blautia_coccoides	1
SRR14919237	Lactobacillus_animalis	1
SRR14919243	Deinococcus_reticulitermitis	1
SRR14919240	Terribacillus_halophilus	1
SRR14919238	Dietzia_maris	1
SRR14919245	Facklamia_ignava	1
SRR14919242	Jonesia_denitrificans	2
SRR14919242	Lactobacillus_versmoldensis	1
SRR14919245	Enterobacter_mori	1
SRR14919235	Ammonifex_degensii	1
SRR14919236	Peptoniphilus_tyrrelliae	107
SRR14919242	Acholeplasma_oculi	1
SRR14919239	Prevotella_baroniae	4
SRR14919238	Bacillus_licheniformis	8
SRR14919235	Clostridium_clariflavum	21
SRR14919237	Spirochaeta_halophila	1
SRR14919240	Yaniella_fodinae	3
SRR14919242	Clostridium_chartatabidum	4
SRR14919241	Desulfoluna_spongiiphila	1
SRR14919240	Methylomicrobium_buryatense	1
SRR14919239	Porphyromonas_crevioricanis	1
SRR14919239	Lachnobacterium_bovis	284
SRR14919238	Lactobacillus_sakei	1
SRR14919238	Bacteroides_massiliensis	1827
SRR14919245	Desulfonispora_thiosulfatigenes	1
SRR14919237	Mycoplasma_hyopharyngis	1
SRR14919235	Pseudokineococcus_lusitanus	1
SRR14919244	Geotoga_petraea	1
SRR14919244	Sporomusa_ovata	32
SRR14919243	Clostridium_algidixylanolyticum	25
SRR14919242	Bacillus_firmus	57
SRR14919240	Thalassomonas_haliotis	1
SRR14919237	Blautia_hansenii	11
SRR14919244	Corallococcus_macrosporus	1
SRR14919241	Cesiribacter_roseus	2
SRR14919241	Dialister_micraerophilus	8
SRR14919236	Desulfotomaculum_luciae	1
SRR14919242	Strombomonas_acuminata	1
SRR14919242	Clostridium_scindens	23
SRR14919242	Clostridium_lactatifermentans	60
SRR14919241	Sinorickettsia_chlamys	2
SRR14919239	Nocardia_acidivorans	1
SRR14919239	Mycoplasma_gallopavonis	1
SRR14919239	Sporobacter_termitidis	1517
SRR14919238	Myxococcus_fulvus	1
SRR14919239	Arcicella_rigui	110
SRR14919240	Clostridium_amygdalinum	4
SRR14919237	Indibacter_alkaliphilus	1
SRR14919244	Zavarzinia_compransoris	2
SRR14919244	Prevotella_oris	3
SRR14919241	Clostridium_straminisolvens	1
SRR14919235	Lysinibacillus_cresolivorans	32
SRR14919242	Oscillochloris_trichoides	8
SRR14919244	Succinivibrio_dextrinosolvens	1
SRR14919243	Prevotella_amnii	1
SRR14919240	Enterococcus_eurekensis	13
SRR14919244	Clostridium_tetani	1
SRR14919243	Mycobacterium_chesapeaki	9
SRR14919241	Lactobacillus_aviarius	1
SRR14919237	Nitrosomonas_marina	1
SRR14919236	Chloroidium_saccharophilum	2
SRR14919236	Bifidobacterium_stellenboschense	1
SRR14919239	Lactobacillus_rogosae	1
SRR14919245	Pedobacter_daechungensis	1
SRR14919240	Eubacterium_biforme	1
SRR14919246	Staphylococcus_sciuri	2
SRR14919245	Roseimicrobium_gellanilyticum	1
SRR14919241	Vibrio_superstes	1
SRR14919246	Lactobacillus_composti	1
SRR14919245	Treponema_primitia	1
SRR14919244	Porphyromonas_asaccharolytica	133
SRR14919239	Treponema_refringens	1
SRR14919236	Actinomyces_funkei	5
SRR14919241	Acetatifactor_muris	12
SRR14919235	Providencia_alcalifaciens	1
SRR14919240	Aeromonas_veronii	41
SRR14919237	Streptomyces_chattanoogensis	243
SRR14919236	Clostridium_lituseburense	1
SRR14919245	Prevotella_brevis	1
SRR14919242	Desulfoglaeba_alkanexedens	1
SRR14919239	Desulfosporosinus_meridiei	1
SRR14919236	Weissella_koreensis	1
SRR14919245	Rubrobacter_xylanophilus	1
SRR14919245	Coprococcus_comes	120
SRR14919240	Arcicella_aquatica	1
SRR14919237	Gemella_asaccharolytica	87
SRR14919236	Streptomyces_chattanoogensis	526
SRR14919242	Virgibacillus_marismortui	13
SRR14919239	Thermogladius_shockii	111
SRR14919236	Planktothrix_agardhii	2
SRR14919241	Lepocinclis_spirogyroides	1
SRR14919238	Clostridium_lavalense	1
SRR14919245	Actinobacillus_porcitonsillarum	1
SRR14919239	Staphylococcus_hominis	2
SRR14919236	Veillonella_parvula	20
SRR14919236	Simonsiella_muelleri	2
SRR14919236	Haemophilus_haemolyticus	25
SRR14919235	Oxobacter_pfennigii	21
SRR14919238	Bacteroides_salanitronis	10
SRR14919243	Pusillimonas_ginsengisoli	3
SRR14919243	Rhodospira_trueperi	1
SRR14919236	Bacillus_panaciterrae	1
SRR14919242	Chitinophaga_sancti	1
SRR14919239	Prevotella_copri	4
SRR14919236	Anaeroplasma_bactoclasticum	2
SRR14919246	Parapedobacter_koreensis	1
SRR14919245	Desulfotomaculum_halophilum	1
SRR14919239	Mycoplasma_conjunctivae	16
SRR14919245	Luteolibacter_algae	1
SRR14919244	Methanobacterium_kanagiense	1
SRR14919244	Pediococcus_acidilactici	33
SRR14919243	Anabaena_cylindrica	4
SRR14919235	Campylobacter_gracilis	1
SRR14919238	Bacteroides_rodentium	25
SRR14919238	Pelotomaculum_terephthalicicum	2
SRR14919235	Desulfotomaculum_halophilum	2
SRR14919242	Geminocystis_papuanica	5
SRR14919238	Youngiibacter_fragilis	8
SRR14919242	Heliobacterium_gestii	1
SRR14919240	Mucilaginibacter_oryzae	2
SRR14919238	Clostridium_acidurici	2
SRR14919240	Clostridium_lundense	3
SRR14919240	Clostridium_metallolevans	5
SRR14919236	Clostridium_xylanovorans	16
SRR14919244	Eubacterium_pyruvativorans	1
SRR14919242	Lactobacillus_parabuchneri	106
SRR14919238	Dolichospermum_lemmermannii	1
SRR14919237	Chlorobium_ferrooxidans	1
SRR14919237	Carnimonas_nigrificans	1
SRR14919236	Pirellula_staleyi	1
SRR14919237	Thioalkalibacter_halophilus	1
SRR14919245	Armatimonas_rosea	10
SRR14919245	Clostridium_cellulosi	35
SRR14919236	Uruburuella_suis	1
SRR14919245	Clostridium_estertheticum	97
SRR14919242	Bifidobacterium_mongoliense	3
SRR14919240	Pasteurella_multocida	71
SRR14919245	Ferroplasma_acidarmanus	2
SRR14919240	Desulfotomaculum_putei	4
SRR14919243	Methylocaldum_gracile	1
SRR14919243	Ruminococcus_gauvreauii	1
SRR14919245	Salmonella_enterica	1
SRR14919244	Borrelia_garinii	2
SRR14919237	Thermothrix_thiopara	1
SRR14919237	Eubacterium_rangiferina	80
SRR14919242	Methanosaeta_pelagica	2
SRR14919241	Methanoculleus_marisnigri	1
SRR14919238	Microbacterium_paraoxydans	1
SRR14919243	Anaerofilum_agile	1
SRR14919237	Methanocalculus_halotolerans	1
SRR14919245	Roseburia_faecis	488
SRR14919237	Bacteroides_oleiciplenus	13
SRR14919235	Desulfococcus_niacini	2
SRR14919236	Desulfatiferula_olefinivorans	1
SRR14919245	Mycoplasma_haemofelis	5
SRR14919245	Tannerella_forsythia	15
SRR14919236	Brenneria_populi	2
SRR14919243	Sedimentibacter_hongkongensis	66
SRR14919235	Clostridium_tunisiense	4
SRR14919240	Mycoplasma_bovis	1
SRR14919239	Sphingobacterium_mizutaii	87
SRR14919236	Lactobacillus_concavus	1
SRR14919245	Pleurocapsa_concharum	1
SRR14919236	Fangia_hongkongensis	2
SRR14919244	Leuconostoc_fallax	31
SRR14919242	Leuconostoc_mesenteroides	3
SRR14919240	Vagococcus_salmoninarum	2
SRR14919239	Clostridium_josui	1
SRR14919244	Gallionella_capsiferriformans	1
SRR14919243	Enterococcus_faecalis	12
SRR14919241	Prevotella_marshii	1
SRR14919245	Pseudokineococcus_lusitanus	1
SRR14919243	Parapedobacter_luteus	2
SRR14919241	Solitalea_canadensis	1
SRR14919239	Paenibacillus_zanthoxyli	1
SRR14919235	Chitinophaga_oryziterrae	1
SRR14919246	Xenorhabdus_poinarii	1
SRR14919246	Ohtaekwangia_kribbensis	4
SRR14919242	Pseudomonas_alcaligenes	64
SRR14919237	Saccharibacillus_kuerlensis	2
SRR14919236	Macellibacteroides_fermentans	7
SRR14919245	Anaerobiospirillum_succiniciproducens	14
SRR14919239	Telmatospirillum_siberiense	1
SRR14919237	Virgibacillus_halophilus	1
SRR14919244	Legionella_gresilensis	1
SRR14919242	Brachyspira_muris	1
SRR14919242	Prevotella_oralis	1
SRR14919240	Lactobacillus_apodemi	2
SRR14919236	Dysgonomonas_hofstadii	50
SRR14919236	Clostridium_cochlearium	1
SRR14919242	Desulfotomaculum_peckii	74
SRR14919237	Lysinibacillus_cresolivorans	29
SRR14919235	Clostridium_leptum	7098
SRR14919236	Arcanobacterium_haemolyticum	1
SRR14919241	Brenneria_nigrifluens	1
SRR14919240	Streptomyces_chattanoogensis	421
SRR14919236	Lysinibacillus_cresolivorans	63
SRR14919239	Mogibacterium_diversum	2
SRR14919241	Actinomyces_europaeus	3
SRR14919238	Bogoriella_caseilytica	2
SRR14919246	Chryseobacterium_rigui	1
SRR14919242	Fibrella_aestuarina	1
SRR14919240	Porphyromonas_levii	6
SRR14919239	Streptococcus_ictaluri	1
SRR14919241	Guggenheimella_bovis	1
SRR14919240	Methanosphaera_cuniculi	1
SRR14919244	Trachelomonas_similis	1
SRR14919241	Gallibacterium_anatis	1
SRR14919236	Aquitalea_magnusonii	1
SRR14919243	Methylomonas_fodinarum	2
SRR14919237	Amphibacillus_jilinensis	1
SRR14919236	Marinobacter_litoralis	2
SRR14919235	Alicyclobacillus_acidoterrestris	1
SRR14919239	Streptomyces_chattanoogensis	319
SRR14919244	Pyrolobus_fumarii	2
SRR14919237	Pseudomonas_pictorum	63
SRR14919244	Mycoplasma_wenyonii	1
SRR14919242	Bacillus_alcaliinulinus	2
SRR14919238	Streptomyces_chattanoogensis	406
SRR14919236	Leptolyngbya_frigida	1
SRR14919240	Ornithobacterium_rhinotracheale	2
SRR14919240	Leptotrichia_wadei	4
SRR14919238	Veillonella_ratti	1
SRR14919236	Prevotella_ruminicola	8
SRR14919242	Grimontia_hollisae	1
SRR14919245	Halorubrum_xinjiangense	1
SRR14919243	Halomonas_subglaciescola	1
SRR14919242	Phascolarctobacterium_faecium	8
SRR14919236	Brevibacillus_parabrevis	27
SRR14919235	Reichenbachiella_agariperforans	1
SRR14919246	Trichodesmium_erythraeum	1
SRR14919245	Desulfovibrio_giganteus	1
SRR14919241	Streptococcus_pneumoniae	1
SRR14919239	Solitalea_canadensis	1
SRR14919246	Desulfotomaculum_intricatum	2
SRR14919244	Algoriphagus_shivajiensis	1
SRR14919240	Pseudomonas_geniculata	1
SRR14919246	Anaeroplasma_bactoclasticum	1
SRR14919236	Desulfotomaculum_intricatum	3
SRR14919242	Paraprevotella_clara	14
SRR14919242	Hespellia_porcina	85
SRR14919241	Paenibacillus_ehimensis	1
SRR14919238	Rhodococcus_erythropolis	1
SRR14919238	Adhaeribacter_terreus	22
SRR14919236	Mycoplasma_synoviae	1
SRR14919238	Lactobacillus_panis	2
SRR14919244	Anaerococcus_hydrogenalis	19
SRR14919240	Victivallis_vadensis	12
SRR14919239	Halomonas_boliviensis	1
SRR14919238	Sediminibacterium_salmoneum	1
SRR14919243	Halobacterium_salinarum	9
SRR14919242	Terrahaemophilus_aromaticivorans	1
SRR14919242	Lactobacillus_ruminis	4
SRR14919241	Bacillus_schlegelii	2
SRR14919239	Clostridium_limosum	56
SRR14919246	Haloferax_mediterranei	1
SRR14919239	Meniscus_glaucopis	2
SRR14919239	Guggenheimella_bovis	4
SRR14919245	Bacillus_boroniphilus	1
SRR14919244	Vibrio_fortis	2
SRR14919242	Calderihabitans_maritimus	1
SRR14919235	Desulfovibrio_halophilus	87
SRR14919236	Fusobacterium_nucleatum	6
SRR14919243	Emticicia_oligotrophica	3
SRR14919235	Dialister_propionicifaciens	96
SRR14919244	Blautia_schinkii	66
SRR14919237	Laribacter_hongkongensis	2
SRR14919237	Bilophila_wadsworthia	2
SRR14919235	Isosphaera_pallida	1
SRR14919238	Serratia_marcescens	6
SRR14919236	Thermanaeromonas_toyohensis	1
SRR14919235	Bacillus_aquimaris	2
SRR14919244	Rhizobium_galegae	1
SRR14919237	Corynebacterium_kroppenstedtii	7
SRR14919236	Phacus_granum	1
SRR14919244	Filifactor_alocis	1
SRR14919238	Olivibacter_terrae	1
SRR14919245	Bacteroides_fragilis	4186
SRR14919245	Mycobacterium_acapulcensis	1
SRR14919240	Caedibacter_caryophilus	20
SRR14919241	Cenarchaeum_symbiosum	180
SRR14919239	Halothiobacillus_neapolitanus	1
SRR14919235	Hespellia_stercorisuis	5
SRR14919238	Treponema_bryantii	1
SRR14919244	Microcystis_aeruginosa	239
SRR14919240	Facklamia_ignava	4
SRR14919238	Erythrobacter_nanhaisediminis	1
SRR14919242	Zavarzinella_formosa	6
SRR14919239	Prevotella_buccae	7
SRR14919242	Microcystis_viridis	1
SRR14919237	Acetivibrio_ethanolgignens	72
SRR14919241	Runella_limosa	1
SRR14919236	Acholeplasma_palmae	3
SRR14919236	Burkholderia_seminalis	2
SRR14919241	Streptococcus_salivarius	23
SRR14919241	Halorubrum_terrestre	42
SRR14919239	Conchiformibius_steedae	1
SRR14919236	Idiomarina_loihiensis	1
SRR14919242	Chryseomicrobium_imtechense	1
SRR14919242	Serratia_symbiotica	3
SRR14919241	Euzebya_tangerina	9
SRR14919240	Lysinibacillus_cresolivorans	46
SRR14919245	Pseudobutyrivibrio_ruminis	4
SRR14919237	Bacillus_humi	4
SRR14919243	Fontibacter_ferrireducens	2
SRR14919238	Bifidobacterium_magnum	1
SRR14919238	Clostridium_lundense	1
SRR14919236	Haloarcula_vallismortis	1
SRR14919242	Clostridium_piliforme	48
SRR14919240	Haloarcula_sinaiiensis	4
SRR14919244	Clostridium_sphenoides	1
SRR14919240	Halomonas_maura	13
SRR14919244	Bacteroides_ovatus	5163
SRR14919239	Anaerococcus_obesiensis	1
SRR14919235	Leuconostoc_mesenteroides	3
SRR14919235	Sporacetigenium_mesophilum	1
SRR14919242	Treponema_azotonutricium	21
SRR14919240	Lactobacillus_acidipiscis	4
SRR14919239	Lysinibacillus_cresolivorans	41
SRR14919244	Prevotella_histicola	1
SRR14919242	Streptomyces_chattanoogensis	439
SRR14919239	Thermoanaerobacterium_thermosaccharolyticum	1
SRR14919239	Falklandiella_harveyi	1
SRR14919237	Marivirga_tractuosa	2
SRR14919236	Alistipes_shahii	7
SRR14919235	Clostridium_chartatabidum	1
SRR14919238	Brevibacillus_panacihumi	1
SRR14919238	Lysinibacillus_cresolivorans	34
SRR14919246	Phytophthora_infestans	31
SRR14919241	Streptomyces_chattanoogensis	292
SRR14919235	Leptotrichia_trevisanii	1
SRR14919244	Bacteroides_dorei	445
SRR14919246	Thermus_oshimai	1
SRR14919245	Shewanella_gaetbuli	1
SRR14919240	Pyrobaculum_aerophilum	79
SRR14919239	Magnetococcus_marinus	1
SRR14919238	Clostridium_aldenense	12
SRR14919237	Corallococcus_macrosporus	1
SRR14919244	Roseburia_intestinalis	15
SRR14919241	Agrobacterium_tumefaciens	2
SRR14919239	Codium_fragile	18
SRR14919238	Bacillus_akibai	1
SRR14919235	Haloferax_elongans	1
SRR14919242	Halochromatium_glycolicum	1
SRR14919240	Cupriavidus_pauculus	1
SRR14919243	Sphingomonas_phyllosphaerae	1
SRR14919238	Actinomyces_graevenitzii	1
SRR14919240	Youngiibacter_multivorans	2
SRR14919240	Nocardioides_lentus	4
SRR14919243	Robinsoniella_peoriensis	7
SRR14919242	Exilispira_thermophila	1
SRR14919238	Haloplasma_contractile	1
SRR14919240	Defluviitalea_saccharophila	38
SRR14919245	Ruminofilibacter_xylanolyticum	4
SRR14919239	Weissella_fabaria	2
SRR14919238	Clostridium_amygdalinum	1
SRR14919235	Oscillochloris_trichoides	8
SRR14919243	Pseudoroseobacter_euryhalinus	1
SRR14919243	Acholeplasma_vituli	1
SRR14919237	Pelodictyon_luteolum	1
SRR14919237	Clostridium_methylpentosum	360
SRR14919236	Stomatobaculum_longum	3
SRR14919238	Euglena_mutabilis	14
SRR14919237	Eubacterium_ruminantium	414
SRR14919243	Treponema_brennaborense	1
SRR14919240	Planctomyces_maris	1
SRR14919238	Enterococcus_eurekensis	10
SRR14919236	Olivibacter_ginsengisoli	37
SRR14919237	Staphylococcus_aureus	1
SRR14919244	Campylobacter_sputorum	4
SRR14919242	Halobellus_rarus	1
SRR14919239	Desulfovibrio_ferrireducens	1
SRR14919238	Micromonospora_chokoriensis	1
SRR14919245	Acetitomaculum_ruminis	24
SRR14919244	Lactobacillus_delbrueckii	2
SRR14919238	Mycoplasma_canis	1
SRR14919236	Parapedobacter_soli	1
SRR14919245	Pseudorhodobacter_antarcticus	1
SRR14919239	Acinetobacter_ursingii	2
SRR14919242	Weissella_soli	1
SRR14919236	Strombomonas_acuminata	1
SRR14919235	Sinorickettsia_chlamys	1
SRR14919245	Mesostigma_viride	1
SRR14919245	Thermodesulforhabdus_norvegica	2
SRR14919244	Aminobacterium_colombiense	3
SRR14919239	Desulforhopalus_vacuolatus	1
SRR14919236	Solanum_lycopersicum	2
SRR14919235	Virgibacillus_marismortui	10
SRR14919242	Rhabdothermus_arcticus	1
SRR14919246	Hydrogenoanaerobacterium_saccharovorans	44
SRR14919239	Marininema_mesophilum	5
SRR14919241	Planctomyces_brasiliensis	1
SRR14919236	Pusillimonas_ginsengisoli	1
SRR14919245	Clostridium_saccharogumia	3
SRR14919244	Marinoscillum_pacificum	4
SRR14919238	Streptomyces_aureofaciens	1
SRR14919238	Cupriavidus_pauculus	1
SRR14919237	Anaerococcus_hydrogenalis	1
SRR14919236	Thermoanaerobacterium_xylanolyticum	94
SRR14919245	Coprobacter_fastidiosus	202
SRR14919242	Brevibacillus_brevis	3
SRR14919237	Trachelium_caeruleum	37
SRR14919235	Lactobacillus_aviarius	1
SRR14919245	Ruegeria_mobilis	90
SRR14919243	Campylobacter_ureolyticus	4
SRR14919242	Peptococcus_niger	414
SRR14919240	Pseudoalteromonas_haloplanktis	1
SRR14919236	Hippea_maritima	1
SRR14919246	Thermanaeromonas_toyohensis	3
SRR14919236	Pseudomonas_corrugata	1
SRR14919244	Bacillus_megaterium	2
SRR14919235	Clostridium_intestinale	14
SRR14919242	Actinomyces_lingnae	1
SRR14919246	Oenococcus_oeni	1
SRR14919244	Bacteroides_faecis	3
SRR14919242	Neosiphonia_harveyi	1
SRR14919242	Pedomicrobium_ferrugineum	1
SRR14919244	Acetomicrobium_faecale	1
SRR14919236	Ruminococcus_lactaris	126
SRR14919245	Burkholderia_terricola	1
SRR14919245	Acetivibrio_cellulolyticus	144
SRR14919243	Desulfotalea_arctica	1
SRR14919236	Selenomonas_bovis	1
SRR14919236	Lactobacillus_fuchuensis	1
SRR14919242	Bifidobacterium_choerinum	15
SRR14919240	Roseburia_faecis	838
SRR14919238	Clostridium_estertheticum	175
SRR14919245	Proteocatella_sphenisci	1
SRR14919241	Cyanoptyche_gloeocystis	34
SRR14919240	Staphylococcus_saprophyticus	2
SRR14919238	Clostridium_maritimum	33
SRR14919237	Staphylothermus_hellenicus	1
SRR14919244	Clostridium_tyrobutyricum	1
SRR14919244	Actinobacillus_scotiae	82
SRR14919243	Anaeroglobus_geminatus	1
SRR14919242	Fulvitalea_axinellae	1
SRR14919242	Methanocella_arvoryzae	1
SRR14919242	Lysinibacillus_cresolivorans	38
SRR14919240	Streptococcus_ovis	2
SRR14919238	Eubacterium_xylanophilum	3
SRR14919245	Clostridium_aminophilum	1
SRR14919238	Victivallis_vadensis	2
SRR14919236	Geminocystis_papuanica	6
SRR14919242	Ferrovum_myxofaciens	11
SRR14919241	Lysinibacillus_cresolivorans	32
SRR14919244	Thermosinus_carboxydivorans	1
SRR14919241	Clostridium_celatum	1
SRR14919240	Natrialba_wudunaoensis	1
SRR14919237	Dolichospermum_lemmermannii	2
SRR14919244	Saccharofermentans_acetigenes	2
SRR14919242	Bacteroides_cellulosolvens	11
SRR14919239	Legionella_geestiana	1
SRR14919236	Thioalkalibacter_halophilus	1
SRR14919246	Desulfovibrio_aminophilus	1
SRR14919236	Haloferax_berberensis	1
SRR14919243	Prevotella_bryantii	61
SRR14919239	Bulleidia_extructa	2
SRR14919239	Staphylococcus_saprophyticus	2
SRR14919238	Ilyobacter_psychrophilus	1
SRR14919236	Methanobacterium_flexile	1
SRR14919238	Bacillus_subtilis	8
SRR14919244	Streptomyces_chattanoogensis	309
SRR14919241	Bifidobacterium_mongoliense	2
SRR14919237	Rhodococcus_zopfii	1
SRR14919245	Desulfofustis_glycolicus	2
SRR14919238	Haemophilus_parainfluenzae	2
SRR14919246	Eubacterium_saphenum	6
SRR14919243	Streptomyces_chattanoogensis	290
SRR14919240	Clostridium_akagii	6
SRR14919246	Natrialba_magadii	1
SRR14919235	Bacteriovorax_marinus	1
SRR14919243	Syntrophomonas_wolfei	12
SRR14919243	Bacteroides_coprophilus	15
SRR14919240	Avibacterium_gallinarum	8
SRR14919239	Vibrio_natriegens	1
SRR14919246	Lyngbya_aestuarii	1
SRR14919242	Thermodesulfobacterium_hydrogeniphilum	1
SRR14919240	Lactobacillus_pobuzihii	1
SRR14919243	Lutibacter_aestuarii	1
SRR14919239	Orientia_tsutsugamushi	1
SRR14919237	Veillonella_magna	1
SRR14919239	Vibrio_penaeicida	1
SRR14919239	Enterococcus_aquimarinus	2
SRR14919240	Helicobacter_fennelliae	7
SRR14919239	Virgibacillus_proomii	1
SRR14919245	Desulfotomaculum_carboxydivorans	3
SRR14919242	Methanosaeta_concilii	2
SRR14919239	Halorubrum_terrestre	46
SRR14919246	Chitinophaga_eiseniae	1
SRR14919246	Bacteroides_caccae	3884
SRR14919237	Vulcanibacillus_modesticaldus	4
SRR14919246	Methanolobus_tindarius	24
SRR14919244	Agrobacterium_vitis	131
SRR14919243	Thalassiosira_pseudonana	39
SRR14919242	Arthrobacter_sulfonivorans	4
SRR14919241	Eubacterium_tenue	3
SRR14919240	Salsuginibacillus_halophilus	1
SRR14919236	Algoriphagus_olei	1
SRR14919244	Butyrivibrio_crossotus	296
SRR14919238	Methanosphaera_cuniculi	1
SRR14919236	Bacillus_funiculus	1
SRR14919244	Anaerovibrio_lipolyticus	2
SRR14919237	Prevotella_marshii	1
SRR14919236	Saccharibacillus_kuerlensis	2
SRR14919237	Lactobacillus_reuteri	70
SRR14919246	Eubacterium_yurii	2
SRR14919244	Bacillus_pumilus	67
SRR14919246	Dehalobacterium_formicoaceticum	1
SRR14919244	Corynebacterium_glutamicum	5
SRR14919244	Alteribacillus_persepolensis	1
SRR14919243	Weissella_cibaria	2
SRR14919239	Howardella_ureilytica	19
SRR14919242	Malawimonas_jakobiformis	8
SRR14919240	Prevotella_intermedia	1
SRR14919243	Cytophaga_hutchinsonii	3
SRR14919241	Bacillus_aurantiacus	1
SRR14919240	Lactobacillus_murinus	1
SRR14919240	Prevotella_melaninogenica	151
SRR14919236	Prevotella_stercorea	2
SRR14919242	Kordiimonas_gwangyangensis	2
SRR14919240	Clostridium_straminisolvens	47
SRR14919246	Desulfovibrio_brasiliensis	1
SRR14919244	Mycoplasma_cricetuli	1
SRR14919236	Psychrobacter_maritimus	8
SRR14919243	Peptoclostridium_difficile	87
SRR14919238	Aminobacterium_mobile	1
SRR14919240	Klebsiella_oxytoca	2
SRR14919237	Rothia_mucilaginosa	2
SRR14919236	Yeosuana_aromativorans	1
SRR14919235	Adhaeribacter_aerophilus	1
SRR14919245	Mycoplasma_testudineum	1
SRR14919242	Paracoccus_carotinifaciens	1
SRR14919242	Blautia_producta	30
SRR14919246	Paenibacillus_prosopidis	1
SRR14919246	Granulicatella_elegans	10
SRR14919241	Burkholderia_glathei	5
SRR14919239	Adhaeribacter_aquaticus	1
SRR14919244	Perexilibacter_aurantiacus	1
SRR14919243	Tissierella_creatinini	1
SRR14919235	Lactobacillus_satsumensis	2
SRR14919246	Staphylococcus_succinus	1
SRR14919238	Vibrio_mediterranei	2
SRR14919236	Porphyromonas_gulae	1
SRR14919236	Enterococcus_hirae	4
SRR14919244	Alistipes_massiliensis	142
SRR14919246	Haladaptatus_litoreus	3
SRR14919244	Gelidium_latifolium	1
SRR14919240	Bacteroides_eggerthii	110
SRR14919238	Grimontia_hollisae	2
SRR14919245	Desulfotomaculum_intricatum	1
SRR14919243	Clostridium_lactatifermentans	119
SRR14919243	Selenomonas_ruminantium	74
SRR14919235	Pelobacter_massiliensis	1
SRR14919240	Clostridium_gasigenes	29
SRR14919240	Pediococcus_parvulus	269
SRR14919238	Aminobacter_ciceronei	1
SRR14919235	Natronobacterium_gregoryi	1
SRR14919242	Clostridium_islandicum	16
SRR14919245	Lysinibacillus_cresolivorans	25
SRR14919243	Anaerostipes_hadrus	801
SRR14919242	Halopelagius_inordinatus	2
SRR14919238	Mycoplasma_coccoides	1
SRR14919235	Anaeroplasma_bactoclasticum	1
SRR14919239	Bacillus_aurantiacus	1
SRR14919244	Lysinibacillus_cresolivorans	24
SRR14919239	Rhodothalassium_salexigens	1
SRR14919239	Eubacterium_eligens	500
SRR14919237	Centipeda_periodontii	1
SRR14919239	Lishizhenia_tianjinensis	2
SRR14919238	Caedibacter_caryophilus	25
SRR14919245	Odoribacter_denticanis	4
SRR14919245	Cytophaga_xylanolytica	20
SRR14919244	Massilia_timonae	1
SRR14919243	Lysinibacillus_cresolivorans	35
SRR14919245	Rhodoblastus_sphagnicola	1
SRR14919242	Oligella_urethralis	4
SRR14919237	Mycoplasma_hyopneumoniae	2
SRR14919242	Streptococcus_constellatus	1
SRR14919239	Pelotomaculum_schinkii	2
SRR14919235	Pedobacter_boryungensis	3
SRR14919242	Caloramator_australicus	19
SRR14919237	Trachelomonas_volvocina	2
SRR14919245	Vibrio_ichthyoenteri	1
SRR14919244	Dialister_succinatiphilus	1
SRR14919242	Parvibacter_caecicola	4
SRR14919237	Cronobacter_sakazakii	1
SRR14919245	Porphyromonas_asaccharolytica	126
SRR14919241	Anaerosphaera_aminiphila	1
SRR14919238	Streptomyces_albofaciens	2
SRR14919235	Aerosphaera_taetra	1
SRR14919242	Nitrolancea_hollandica	1
SRR14919241	Mycoplasma_haemocanis	1
SRR14919237	Pseudoramibacter_alactolyticus	1
SRR14919245	Anaerotruncus_colihominis	465
SRR14919240	Diphasiastrum_digitatum	1
SRR14919239	Burkholderia_glathei	5
SRR14919245	Acidilobus_saccharovorans	1
SRR14919245	Psychrobacter_immobilis	1
SRR14919244	Porphyromonas_gingivalis	1
SRR14919240	Sporosarcina_pasteurii	1
SRR14919238	Hyphomonas_polymorpha	1
SRR14919246	Streptomyces_chattanoogensis	245
SRR14919241	Methylosinus_sporium	1
SRR14919240	Winogradskyella_eximia	1
SRR14919238	Buchnera_aphidicola	370
SRR14919244	Xanthomonas_translucens	3
SRR14919240	Helicobacter_cinaedi	2
SRR14919237	Niabella_aurantiaca	1
SRR14919245	Streptomyces_chattanoogensis	318
SRR14919239	Kinetoplastibacterium_blastocrithidii	20
SRR14919236	Fontibacter_ferrireducens	1
SRR14919236	Cohnella_thailandensis	1
SRR14919238	Coprococcus_catus	377
SRR14919240	Enterobacter_ludwigii	1
SRR14919236	Streptococcus_iniae	1
SRR14919246	Ochrobactrum_grignonense	4
SRR14919244	Legionella_lytica	1
SRR14919244	Bradyrhizobium_japonicum	152
SRR14919245	Caloramator_viterbiensis	1
SRR14919240	Acinetobacter_baumannii	133
SRR14919245	Olsenella_uli	32
SRR14919244	Mycoplasma_buccale	102
SRR14919238	Pediococcus_parvulus	292
SRR14919237	Acetobacterium_fimetarium	1
SRR14919238	Microcystis_aeruginosa	268
SRR14919236	Parasporobacterium_paucivorans	28
SRR14919242	Idiomarina_xiamenensis	1
SRR14919242	Lactobacillus_animata	2
SRR14919243	Methanoculleus_receptaculi	1
SRR14919245	Syntrophus_buswellii	1
SRR14919242	Eubacterium_ramulus	207
SRR14919241	Aerococcus_urinaeequi	1
SRR14919240	Streptococcus_suis	183
SRR14919239	Clostridium_symbiosum	130
SRR14919241	Blautia_glucerasea	146
SRR14919240	Pseudomonas_syringae	1
SRR14919236	Aggregatibacter_segnis	15
SRR14919244	Methanocella_conradii	166
SRR14919246	Parabacteroides_distasonis	110
SRR14919243	Thermocrinis_minervae	1
SRR14919236	Rhodobacter_sphaeroides	1
SRR14919235	Pseudobutyrivibrio_ruminis	2
SRR14919235	Clostridiisalibacter_paucivorans	2
SRR14919235	Acholeplasma_morum	1
SRR14919241	Lactobacillus_perolens	1
SRR14919240	Intestinimonas_butyriciproducens	131
SRR14919236	Arthrobacter_castelli	1
SRR14919242	Parabacteroides_gordonii	484
SRR14919240	Pediococcus_cellicola	1
SRR14919236	Thiothrix_fructosivorans	1
SRR14919245	Methanoregula_formicica	1
SRR14919244	Clostridium_pasteurianum	1
SRR14919243	Enterococcus_faecium	4
SRR14919238	Clostridium_sphenoides	1
SRR14919236	Rhodospirillum_rubrum	2
SRR14919237	Methanobrevibacter_gottschalkii	2
SRR14919237	Bifidobacterium_bifidum	1
SRR14919246	Prevotella_pleuritidis	1
SRR14919244	Pseudomonas_teessidea	3
SRR14919242	Erwinia_billingiae	1
SRR14919242	Lactobacillus_plantarum	7
SRR14919238	Helicobacter_cinaedi	1
SRR14919236	Pseudomonas_aeruginosa	4
SRR14919245	Clostridium_nexile	47
SRR14919245	Campylobacter_curvus	4
SRR14919242	Eubacterium_brachy	39
SRR14919237	Runella_zeae	1
SRR14919246	Porifericola_rhodea	1
SRR14919244	Ruminococcus_flavefaciens	228
SRR14919242	Mycobacterium_parafortuitum	1
SRR14919238	Flexithrix_dorotheae	1
SRR14919237	Lactobacillus_delbrueckii	1
SRR14919241	Bacteroides_plebeius	32
SRR14919236	Bifidobacterium_breve	1
SRR14919244	Algoriphagus_lutimaris	3
SRR14919244	Alistipes_indistinctus	314
SRR14919241	Clostridium_cylindrosporum	2
SRR14919240	Ruegeria_mobilis	117
SRR14919242	Ignisphaera_aggregans	1
SRR14919241	Bacteroides_gallinarum	4
SRR14919240	Planktothrix_rubescens	3
SRR14919237	Streptococcus_pyogenes	1
SRR14919244	Sedimentibacter_hongkongensis	76
SRR14919244	Treponema_lecithinolyticum	59
SRR14919242	Eubacterium_aggregans	1
SRR14919242	Tissierella_praeacuta	4
SRR14919243	Streptococcus_porci	1
SRR14919238	Clostridium_saccharogumia	13
SRR14919235	Clostridium_algidicarnis	1
SRR14919245	Campylobacter_rectus	23
SRR14919238	Bacteroides_stercoris	40
SRR14919244	Paenibacillus_hordei	145
SRR14919242	Fibrobacter_succinogenes	1
SRR14919246	Klebsiella_pneumoniae	33
SRR14919237	Macellibacteroides_fermentans	2
SRR14919241	Parabacteroides_merdae	31
SRR14919236	Planctomyces_maris	1
SRR14919240	Rhodobacter_azotoformans	2
SRR14919238	Campylobacter_sputorum	6
SRR14919242	Anaeroplasma_varium	3
SRR14919239	Acetitomaculum_ruminis	115
SRR14919244	Staphylococcus_saprophyticus	1
SRR14919239	Clostridium_hiranonis	3
SRR14919246	Bacteroides_finegoldii	114
SRR14919246	Lysinibacillus_cresolivorans	16
SRR14919244	Thermonema_lapsum	1
SRR14919235	Burkholderia_vietnamiensis	1
SRR14919238	Treponema_porcinum	1
SRR14919241	Eubacterium_nodatum	2
SRR14919239	Acetobacter_lovaniensis	1
SRR14919239	Bacteroides_plebeius	560
SRR14919235	Bifidobacterium_choerinum	4
SRR14919244	Actinobacillus_delphinicola	1
SRR14919240	Lactobacillus_rapi	1
SRR14919240	Actinobacillus_capsulatus	2
SRR14919240	Dolosicoccus_paucivorans	1
SRR14919239	Bacteroides_graminisolvens	2
SRR14919236	Pseudomonas_monteilii	1
SRR14919236	Vibrio_coralliilyticus	1
SRR14919246	Fusicatenibacter_saccharivorans	74
SRR14919235	Bacillus_pseudofirmus	1
SRR14919244	Kitasatospora_phosalacinea	1
SRR14919238	Desulfotomaculum_gibsoniae	2
SRR14919236	Bacteroides_sartorii	37
SRR14919246	Halonotius_pteroides	3
SRR14919243	Desulfosalsimonas_propionicica	2
SRR14919241	Anaerostipes_butyraticus	1
SRR14919236	Olleya_marilimosa	1
SRR14919239	Caldicoprobacter_guelmensis	4
SRR14919235	Helicobacter_macacae	1
SRR14919245	Bacillus_firmus	56
SRR14919240	Desulfuromusa_bakii	1
SRR14919239	Cyanoptyche_gloeocystis	39
SRR14919243	Hydrotalea_sandarakina	2
SRR14919239	Actinomadura_verrucosospora	1
SRR14919239	Clostridium_indolis	57
SRR14919243	Leptotrichia_buccalis	1
SRR14919242	Parvimonas_micra	4
SRR14919241	Aureibacter_tunicatorum	3
SRR14919239	Sulfurihydrogenibium_yellowstonense	1
SRR14919235	Thermanaeromonas_toyohensis	1
SRR14919235	Snodgrassella_alvi	10
SRR14919236	Staphylococcus_pasteuri	1
SRR14919246	Kushneria_indalinina	14
SRR14919243	Phascolarctobacterium_faecium	4
SRR14919242	Scardovia_inopinata	1
SRR14919242	Mycoplasma_citelli	1
SRR14919244	Clostridium_histolyticum	4
SRR14919245	Clostridium_hylemonae	215
SRR14919244	Clostridium_hathewayi	116
SRR14919238	Desulfoluna_spongiiphila	1
SRR14919245	Fervidicoccus_fontis	1
SRR14919244	Bradyrhizobium_jicamae	2
SRR14919243	Azorhizobium_doebereinerae	1
SRR14919239	Streptococcus_oligofermentans	1
SRR14919242	Abiotrophia_defectiva	2
SRR14919242	Bacteroides_barnesiae	61
SRR14919239	Burkholderia_terricola	1
SRR14919238	Roseburia_hominis	574
SRR14919246	Eubostrichus_dianeae	1
SRR14919238	Deferrisoma_camini	1
SRR14919236	Erysipelothrix_rhusiopathiae	1
SRR14919242	Pseudomonas_fluorescens	10
SRR14919246	Oxalophagus_oxalicus	2
SRR14919246	Virgibacillus_marismortui	6
SRR14919245	Olavius_algarvensis	2
SRR14919243	Aliifodinibius_sediminis	2
SRR14919236	Prauserella_halophila	1
SRR14919236	Photorhabdus_luminescens	3
SRR14919245	Blautia_wexlerae	36
SRR14919242	Ruminococcus_bromii	4837
SRR14919238	Acinetobacter_baumannii	121
SRR14919238	Actinobacillus_scotiae	87
SRR14919237	Anaeroglobus_geminatus	1
SRR14919241	Clostridium_thermosuccinogenes	1
SRR14919236	Methanocella_arvoryzae	2
SRR14919246	Acidovorax_defluvii	1
SRR14919245	Clostridium_hveragerdense	1
SRR14919245	Clostridium_bolteae	2
SRR14919241	Euglena_geniculata	1
SRR14919239	Streptococcus_orisratti	1
SRR14919238	Thermoactinomyces_albus	1
SRR14919235	Amphibacillus_cookii	1
SRR14919245	Mycobacterium_kuopiense	1
SRR14919245	Clostridium_spiroforme	11
SRR14919244	Campylobacter_hyointestinalis	1
SRR14919241	Eubacterium_contortum	20
SRR14919236	Dolichospermum_lemmermannii	1
SRR14919242	Borrelia_burgdorferi	2
SRR14919240	Haloferax_sulfurifontis	1
SRR14919242	Syntrophomonas_palmitatica	4
SRR14919245	Alkaliphilus_peptidifermentans	1
SRR14919244	Desulfovibrio_legallii	1
SRR14919243	Vibrio_casei	1
SRR14919240	Bacillus_thermocloaceae	25
SRR14919238	Avibacterium_gallinarum	6
SRR14919243	Ruminococcus_callidus	440
SRR14919238	Lactobacillus_pobuzihii	5
SRR14919236	Alkaliphilus_halophilus	2
SRR14919245	Terriglobus_saanensis	1
SRR14919241	Deinococcus_cellulosilyticus	1
SRR14919240	Symbiobacterium_toebii	1
SRR14919240	Bifidobacterium_mongoliense	1
SRR14919239	Prosthecobacter_debontii	1
SRR14919236	Formosa_spongicola	1
SRR14919244	Streptomyces_toxytricini	1
SRR14919241	Mitsuokella_jalaludinii	1
SRR14919238	Helicobacter_fennelliae	5
SRR14919245	Arcanobacterium_phocae	1
SRR14919237	Intestinimonas_butyriciproducens	134
SRR14919237	Clostridium_bowmanii	2
SRR14919246	Ureibacillus_composti	1
SRR14919245	Clostridium_polysaccharolyticum	20
SRR14919242	Arcicella_rigui	123
SRR14919236	Clostridium_akagii	2
SRR14919246	Holdemania_filiformis	15
SRR14919244	Idiomarina_salinarum	1
SRR14919244	Bacteroides_pyogenes	7
SRR14919240	Eubacterium_fissicatena	1
SRR14919246	Paenibacillus_pabuli	47
SRR14919244	Pantoea_ananatis	1
SRR14919244	Methanobrevibacter_smithii	233
SRR14919239	Bacteroides_zoogleoformans	11
SRR14919245	Slackia_piriformis	1
SRR14919235	Euglena_cuneata	1
SRR14919246	Halorubrum_lacusprofundi	1
SRR14919241	Coriobacterium_glomerans	1
SRR14919238	Roseburia_intestinalis	162
SRR14919237	Blautia_luti	1771
SRR14919236	Clostridium_sartagoforme	1
SRR14919244	Chrysodidymus_synuroideus	99
SRR14919235	Brevundimonas_diminuta	1
SRR14919237	Alicyclobacillus_ferrooxydans	1
SRR14919243	Halalkalicoccus_tibetensis	1
SRR14919241	Desulfovibrio_vulgaris	1
SRR14919244	Thioalkalivibrio_versutus	1
SRR14919240	Mycoplasma_spermatophilum	2
SRR14919238	Pseudoalteromonas_luteoviolacea	1
SRR14919238	Acholeplasma_cavigenitalium	1
SRR14919235	Limibacter_armeniacum	3
SRR14919238	Butyrivibrio_crossotus	309
SRR14919240	Pseudomonas_stutzeri	29
SRR14919237	Pilimelia_terevasa	1
SRR14919237	Telmatospirillum_siberiense	1
SRR14919242	Alistipes_finegoldii	515
SRR14919235	Ureibacillus_thermophilus	1
SRR14919237	Microcystis_panniformis	35
SRR14919245	Staphylococcus_saprophyticus	1
SRR14919242	Chloroflexus_aurantiacus	1
SRR14919236	Methanobrevibacter_arboriphilus	13
SRR14919246	Leuconostoc_mesenteroides	8
SRR14919237	Nocardioides_plantarum	1
SRR14919245	Gardnerella_vaginalis	2
SRR14919237	Cytophaga_hutchinsonii	1
SRR14919235	Desulfurococcus_fermentans	1
SRR14919243	Brassicibacter_mesophilus	1
SRR14919242	Acinetobacter_parvus	2
SRR14919239	Dolosigranulum_pigrum	1
SRR14919243	Brenneria_salicis	1
SRR14919246	Clostridium_chartatabidum	1
SRR14919239	Hymenobacter_soli	1
SRR14919237	Gemella_bergeri	2
SRR14919236	Taylorella_equigenitalis	87
SRR14919246	Clostridium_sufflavum	12
SRR14919236	Moraxella_caprae	1
SRR14919240	Erysipelothrix_rhusiopathiae	2
SRR14919236	Desulfosporosinus_hippei	1
SRR14919238	Psychromonas_macrocephali	2
SRR14919236	Klebsiella_oxytoca	2
SRR14919240	Sphingomonas_ursincola	1
SRR14919236	Acetatifactor_muris	29
SRR14919244	Pseudoroseobacter_euryhalinus	1
SRR14919242	Methanosarcina_mazei	1
SRR14919245	Brevibacterium_marinum	1
SRR14919244	Granulosicoccus_coccoides	3
SRR14919242	Thermus_yunnanensis	1
SRR14919242	Blattabacterium_relictus	64
SRR14919242	Nonomuraea_bangladeshensis	1
SRR14919241	Streptococcus_equinus	9
SRR14919237	Tissierella_creatinini	3
SRR14919237	Dialister_succinatiphilus	1
SRR14919244	Desulfovermiculus_halophilus	1
SRR14919246	Oscillochloris_trichoides	1
SRR14919240	Euglena_longa	1
SRR14919238	Alistipes_massiliensis	116
SRR14919238	Anaerotruncus_colihominis	101
SRR14919246	Pseudorhodobacter_antarcticus	1
SRR14919238	Megamonas_hypermegale	3
SRR14919236	Beijerinckia_doebereinerae	2
SRR14919244	Anaeroplasma_bactoclasticum	1
SRR14919243	Lysinibacillus_odysseyi	2
SRR14919238	Erysipelothrix_rhusiopathiae	2
SRR14919239	Chryseobacterium_treverense	9
SRR14919238	Anabaena_cylindrica	6
SRR14919235	Acetivibrio_cellulolyticus	280
SRR14919244	Proteinimicrobium_ihbtica	1
SRR14919241	Methanosphaerula_palustris	37
SRR14919237	Erysipelothrix_rhusiopathiae	2
SRR14919246	Legionella_fallonii	2
SRR14919243	Desulfotomaculum_halophilum	2
SRR14919241	Flavobacterium_yonginense	1
SRR14919236	Clostridium_islandicum	2
SRR14919242	Methanobacterium_kanagiense	1
SRR14919242	Alistipes_onderdonkii	2
SRR14919246	Methanocalculus_pumilus	10
SRR14919246	Aureispira_maritima	31
SRR14919242	Azospirillum_brasilense	1
SRR14919246	Clostridium_botulinum	1
SRR14919237	Parabacteroides_chartae	1
SRR14919239	Cytophaga_xylanolytica	14
SRR14919239	Odoribacter_denticanis	4
SRR14919237	Myroides_odoratus	1
SRR14919242	Alkalitalea_saponilacus	1
SRR14919243	Fluviimonas_pallidilutea	1
SRR14919241	Polynucleobacter_cosmopolitanus	1
SRR14919237	Thermosipho_geolei	1
SRR14919242	Ancalomicrobium_adetum	1
SRR14919239	Clostridium_citroniae	11
SRR14919236	Lactobacillus_agilis	1
SRR14919236	Thiohalophilus_thiocyanatoxydans	1
SRR14919241	Francisella_noatunensis	56
SRR14919244	Clostridium_glycolicum	37
SRR14919242	Psychrobacter_glacincola	1
SRR14919235	Spirochaeta_smaragdinae	2
SRR14919237	Clostridium_kluyveri	1
SRR14919246	Ruminococcus_albus	15
SRR14919240	Algoriphagus_chungangensis	1
SRR14919240	Heliobacterium_sulfidophilum	1
SRR14919244	Propionispora_hippei	2
SRR14919243	Anabaena_cycadae	1
SRR14919242	Sphingobacterium_wenxiniae	1
SRR14919244	Clostridium_metallolevans	3
SRR14919243	Plesiomonas_shigelloides	1
SRR14919238	Desulfosporosinus_orientis	1
SRR14919237	Acidilobus_sulfurireducens	5
SRR14919245	Chondromyces_crocatus	1
SRR14919244	Collinsella_aerofaciens	189
SRR14919242	Mitsuokella_multacida	4
SRR14919246	Salinicoccus_salitudinis	1
SRR14919239	Atopostipes_suicloacalis	1
SRR14919239	Mitsuokella_jalaludinii	2
SRR14919244	Enterobacter_hormaechei	15
SRR14919238	Komagataeibacter_kakiaceti	1
SRR14919237	Yimella_lutea	1
SRR14919246	Oceanobacillus_oncorhynchi	1
SRR14919236	Idiomarina_xiamenensis	1
SRR14919237	Ruminococcus_flavefaciens	1481
SRR14919243	Allobaculum_stercoricanis	5
SRR14919239	Haloarcula_marismortui	1
SRR14919235	Desulfofaba_hansenii	2
SRR14919242	Clostridium_sordellii	2
SRR14919236	Streptococcus_suis	9
SRR14919245	Barnesiella_viscericola	27
SRR14919243	Lewinella_antarctica	1
SRR14919240	Ammonifex_degensii	1
SRR14919239	Blastococcus_saxobsidens	1
SRR14919237	Lewinella_marina	1
SRR14919237	Blautia_glucerasea	166
SRR14919245	Saccharofermentans_acetigenes	1
SRR14919244	Methylomonas_koyamae	1
SRR14919242	Acholeplasma_modicum	2
SRR14919239	Lactobacillus_casei	1
SRR14919239	Tonsilliphilus_suis	1
SRR14919237	Chrysodidymus_synuroideus	63
SRR14919235	Mitsuaria_chitosanitabida	1
SRR14919235	Lactobacillus_perolens	4
SRR14919242	Fodinibacter_luteus	1
SRR14919238	Pontibacter_saemangeumensis	1
SRR14919236	Kushneria_marisflavi	2
SRR14919246	Opitutus_terrae	1
SRR14919245	Saccharibacillus_kuerlensis	1
SRR14919240	Bacteroides_clarus	4
SRR14919239	Olavius_ilvae	1
SRR14919235	Saccharibacillus_kuerlensis	1
SRR14919245	Odoribacter_splanchnicus	751
SRR14919242	Mycoplasma_gallisepticum	1
SRR14919241	Clostridium_herbivorans	6
SRR14919245	Clostridium_oroticum	33
SRR14919236	Leucobacter_celer	1
SRR14919236	Methanothermobacter_tenebrarum	1
SRR14919242	Clostridium_josui	4
SRR14919238	Ethanoligenens_harbinense	3
SRR14919238	Desulfovibrio_salexigens	1
SRR14919239	Bifidobacterium_bombi	2
SRR14919238	Eubacterium_brachy	40
SRR14919244	Deinococcus_pimensis	2
SRR14919240	Streptococcus_uberis	75
SRR14919245	Pandoraea_sputorum	1
SRR14919242	Erysipelothrix_rhusiopathiae	1
SRR14919238	Alistipes_indistinctus	7
SRR14919238	Algoriphagus_lutimaris	5
SRR14919246	Dysgonomonas_capnocytophagoides	15
SRR14919240	Methylobacterium_jeotgali	1
SRR14919239	Geobacillus_stearothermophilus	1
SRR14919236	Brassicibacter_mesophilus	2
SRR14919235	Bacteroides_gallinarum	1
SRR14919246	Flexistipes_sinusarabici	1
SRR14919245	Idiomarina_donghaiensis	2
SRR14919245	Caloramator_fervidus	7
SRR14919244	Lactobacillus_acidipiscis	1
SRR14919243	Halomonas_maura	9
SRR14919242	Salisaeta_longa	1
SRR14919241	Erysipelothrix_rhusiopathiae	1
SRR14919239	Fusibacter_paucivorans	8
SRR14919246	Lactobacillus_jensenii	17
SRR14919235	Prevotella_salivae	1
SRR14919242	Lysinibacillus_fusiformis	3
SRR14919238	Vulcanibacillus_modesticaldus	3
SRR14919238	Rheinheimera_soli	2
SRR14919242	Flavobacterium_hydatis	1
SRR14919237	Sporobacterium_olearium	2
SRR14919242	Marinoscillum_luteum	1
SRR14919240	Natronorubrum_aibiense	4
SRR14919239	Desulfotomaculum_hydrothermale	12
SRR14919246	Peptoniphilus_asaccharolyticus	3
SRR14919242	Mogibacterium_neglectum	18
SRR14919236	Paenibacillus_assamensis	6
SRR14919244	Youngiibacter_multivorans	2
SRR14919242	Enterococcus_mundtii	6
SRR14919245	Aquabacterium_parvum	1
SRR14919239	Rhodococcus_nanhaiensis	1
SRR14919236	Lactobacillus_hominis	9
SRR14919244	Tetragenococcus_halophilus	1
SRR14919241	Caldicellulosiruptor_kronotskyensis	1
SRR14919238	Clostridium_thiosulfatireducens	3
SRR14919244	Desulfotomaculum_intricatum	3
SRR14919239	Erysipelothrix_rhusiopathiae	1
SRR14919243	Desulfotomaculum_ruminis	2
SRR14919240	Myroides_odoratimimus	1
SRR14919238	Pseudomonas_stutzeri	16
SRR14919240	Blautia_wexlerae	54
SRR14919239	Aureibacter_tunicatorum	4
SRR14919235	Fibrobacter_intestinalis	1
SRR14919235	Moritella_abyssi	1
SRR14919242	Lysobacter_enzymogenes	78
SRR14919237	Ornithobacterium_rhinotracheale	1
SRR14919236	Clostridium_sulfidigenes	4
SRR14919246	Hymenobacter_flocculans	1
SRR14919238	Streptococcus_uberis	1
SRR14919240	Clostridium_colinum	5
SRR14919238	Porphyromonas_canoris	1
SRR14919243	Dialister_propionicifaciens	3
SRR14919238	Caldicoprobacter_guelmensis	6
SRR14919240	Lactobacillus_senioris	1
SRR14919239	Virgibacillus_marismortui	11
SRR14919242	Eggerthia_catenaformis	1
SRR14919238	Actinomadura_verrucosospora	1
SRR14919245	Prevotella_veroralis	4
SRR14919241	Treponema_phagedenis	46
SRR14919238	Tistrella_mobilis	1
SRR14919235	Desulfotignum_toluenicum	1
SRR14919246	Paraeggerthella_hongkongensis	2
SRR14919245	Planctomyces_brasiliensis	2
SRR14919242	Hymenobacter_glaciei	1
SRR14919242	Treponema_denticola	70
SRR14919246	Sphingobacterium_spiritivorum	1
SRR14919243	Paenibacillus_azoreducens	1
SRR14919236	Rickettsia_amblyommii	3
SRR14919244	Clostridium_lactatifermentans	26
SRR14919240	Leuconostoc_gasicomitatum	6
SRR14919237	Paenibacillus_camelliae	4
SRR14919240	Halomicroarcula_pellucida	1
SRR14919245	Peptoniphilus_gorbachii	2
SRR14919240	Bacteroides_acidifaciens	607
SRR14919238	Ptilophora_leliaertii	1
SRR14919241	Paenibacillus_purispatii	1
SRR14919244	Treponema_medium	3
SRR14919240	Veillonella_atypica	1
SRR14919237	Clostridium_metallolevans	1
SRR14919242	Bacteroides_xylanolyticus	372
SRR14919241	Flavobacterium_banpakuense	1
SRR14919236	Sporosarcina_globispora	1
SRR14919246	Halobaculum_gomorrense	1
SRR14919246	Succinivibrio_dextrinosolvens	1
SRR14919242	Paenibacillus_alginolyticus	1
SRR14919241	Bacillus_mycoides	1
SRR14919237	Serratia_symbiotica	1
SRR14919245	Spirosoma_escalantus	1
SRR14919236	Paenibacillus_soli	1
SRR14919246	Lactobacillus_helveticus	2
SRR14919245	Olsenella_profusa	29
SRR14919237	Microbacterium_barkeri	1
SRR14919237	Anaerovorax_odorimutans	2
SRR14919241	Rhizobium_etli	1
SRR14919237	Halobacterium_noricense	4
SRR14919246	Porphyromonas_asaccharolytica	3
SRR14919244	Enterococcus_gallinarum	1
SRR14919244	Mycoplasma_amphoriforme	2
SRR14919237	Altererythrobacter_indicus	26
SRR14919236	Parabacteroides_distasonis	205
SRR14919243	Moryella_indoligenes	2
SRR14919240	Gracilaria_tenuistipitata	6
SRR14919239	Pseudomonas_borbori	1
SRR14919239	Clostridium_spiroforme	13
SRR14919237	Euglena_geniculata	2
SRR14919236	Allobaculum_stercoricanis	12
SRR14919246	Burkholderia_tropica	7
SRR14919244	Eubacterium_dolichum	2
SRR14919240	Negativicoccus_succinicivorans	1
SRR14919242	Prevotella_buccae	7
SRR14919238	Edaphobacter_aggregans	1
SRR14919237	Haloterrigena_hispanica	1
SRR14919243	Chloroflexus_aggregans	3
SRR14919242	Mucilaginibacter_gynuensis	2
SRR14919237	Clostridium_sticklandii	1
SRR14919235	Limnoraphis_hieronymusii	1
SRR14919246	Bryopsis_hypnoides	33
SRR14919241	Solobacterium_moorei	7
SRR14919245	Lactobacillus_kimchiensis	2
SRR14919240	Haemophilus_ducreyi	3
SRR14919237	Clostridium_cocleatum	141
SRR14919243	Kushneria_avicenniae	1
SRR14919241	Lachnospira_pectinoschiza	30
SRR14919240	Halogranum_amylolyticum	1
SRR14919240	Clostridium_leptum	123
SRR14919245	Anaerococcus_prevotii	3
SRR14919239	Volucribacter_psittacicida	9
SRR14919246	Filomicrobium_insigne	2
SRR14919242	Clostridium_cellulolyticum	24
SRR14919244	Erysipelothrix_rhusiopathiae	1
SRR14919242	Haloarcula_hispanica	1
SRR14919242	Bacillus_litoralis	1
SRR14919238	Methanobrevibacter_wolinii	3
SRR14919235	Porphyromonas_levii	2
SRR14919244	Proteiniclasticum_ruminis	2
SRR14919241	Rhodobacter_apigmentum	1
SRR14919235	Peptoniphilus_indolicus	1
SRR14919236	Actinomyces_neuii	1
SRR14919236	Alistipes_putredinis	269
SRR14919243	Lactobacillus_salivarius	17
SRR14919241	Sphingomonas_phyllosphaerae	1
SRR14919239	Leuconostoc_mesenteroides	6
SRR14919243	Clostridium_baratii	1
SRR14919236	Bacteroides_chinchillae	8
SRR14919237	Fucus_vesiculosus	6
SRR14919246	Myxococcus_stipitatus	10
SRR14919239	Clostridium_chartatabidum	1
SRR14919238	Kriegella_aquimaris	1
SRR14919240	Bacillus_licheniformis	6
SRR14919244	Mycoplasma_vulturii	1
SRR14919242	Methanosarcina_lacustris	1
SRR14919242	Clostridium_asparagiforme	15
SRR14919236	Prevotella_loescheii	31
SRR14919236	Salinicoccus_halodurans	1
SRR14919241	Actinobacillus_pleuropneumoniae	28
SRR14919245	Agrobacterium_tumefaciens	4
SRR14919240	Microchaete_violacea	1
SRR14919240	Eubacterium_thermomarinus	1
SRR14919239	Mangroviflexus_xiamenensis	2
SRR14919238	Acidaminococcus_fermentans	1
SRR14919237	Granulosicoccus_coccoides	1
SRR14919242	Weissella_fabaria	2
SRR14919239	Solobacterium_moorei	7
SRR14919235	Flexibacter_roseolus	1
SRR14919238	Brevibacterium_linens	9
SRR14919235	Parabacteroides_merdae	2
SRR14919236	Clostridium_paradoxum	3
SRR14919235	Anaerobranca_gottschalkii	1
SRR14919241	Desulfovibrio_marrakechensis	2
SRR14919240	Streptococcus_agalactiae	1
SRR14919239	Oscillochloris_trichoides	1
SRR14919237	Desulfovibrio_africanus	1
SRR14919244	Metabacterium_polyspora	1
SRR14919241	Euglena_mutabilis	10
SRR14919239	Treponema_azotonutricium	17
SRR14919235	Streptomyces_myxogenes	1
SRR14919236	Prevotella_nigrescens	1
SRR14919245	Lachnoanaerobaculum_saburreum	1
SRR14919240	Deinococcus_apachensis	1
SRR14919239	Coenonia_anatina	1
SRR14919243	Sphingobium_yanoikuyae	1
SRR14919239	Polaromonas_vacuolata	18
SRR14919236	Bacillus_schlegelii	4
SRR14919235	Geovibrio_thiophilus	1
SRR14919236	Streptococcus_sanguinis	94
SRR14919244	Meniscus_glaucopis	2
SRR14919244	Anaerostipes_caccae	4
SRR14919239	Lewinella_agarilytica	13
SRR14919237	Winogradskyella_epiphytica	35
SRR14919236	Lactobacillus_pasteurii	1
SRR14919235	Brachyspira_hyodysenteriae	1
SRR14919245	Bacteroides_intestinalis	64
SRR14919244	Marinobacterium_georgiense	1
SRR14919243	Pedobacter_xinjiangensis	2
SRR14919239	Bacillus_megaterium	4
SRR14919236	Thermosipho_melanesiensis	1
SRR14919235	Azotobacter_chroococcum	8
SRR14919245	Clostridium_caenicola	11
SRR14919239	Bifidobacterium_tsurumiense	2
SRR14919237	Streptosporangium_pseudovulgare	1
SRR14919240	Bacillus_aquimaris	7
SRR14919235	Pedobacter_kwangyangensis	1
SRR14919240	Altererythrobacter_marinus	1
SRR14919239	Desulfovibrio_marrakechensis	1
SRR14919238	Lepocinclis_spirogyroides	1
SRR14919243	Desulfovibrio_ferrophilus	16
SRR14919240	Clostridium_litorale	1
SRR14919238	Calothrix_parietina	1
SRR14919246	Deinococcus_geothermalis	1
SRR14919246	Brachybacterium_rhamnosum	1
SRR14919244	Sorangium_cellulosum	1
SRR14919238	Macellibacteroides_fermentans	10
SRR14919242	Bacteroides_galacturonicus	1
SRR14919241	Treponema_maltophilum	1
SRR14919239	Thioploca_ingrica	4
SRR14919237	Clostridium_frigoris	1
SRR14919236	Erwinia_psidii	1
SRR14919235	Dolichospermum_circinale	5
SRR14919240	Filifactor_villosus	3
SRR14919243	Treponema_bryantii	1
SRR14919243	Chryseobacterium_flavum	1
SRR14919240	Clostridium_ruminantium	14
SRR14919243	Clostridium_acidisoli	24
SRR14919241	Subdoligranulum_variabile	25
SRR14919240	Lysobacter_gummosus	2
SRR14919244	Pseudobutyrivibrio_xylanivorans	11
SRR14919243	Thalassomonas_agarivorans	2
SRR14919242	Desulfotomaculum_halophilum	6
SRR14919239	Francisella_noatunensis	62
SRR14919245	Streptomyces_phaeopurpureus	1
SRR14919237	Akkermansia_muciniphila	8
SRR14919239	Desulfovibrio_mexicanus	1
SRR14919239	Malawimonas_jakobiformis	5
SRR14919239	Carboxydocella_manganica	2
SRR14919242	Vallitalea_guaymasensis	53
SRR14919236	Sphingobacterium_shayense	2
SRR14919242	Megamonas_funiformis	113
SRR14919237	Paenibacillus_terrigena	1
SRR14919245	Erwinia_mallotivora	1
SRR14919245	Dolichospermum_lemmermannii	3
SRR14919239	Butyrivibrio_hungatei	1
SRR14919239	Mycoplasma_felis	47
SRR14919236	Clostridium_bifermentans	1
SRR14919239	Weissella_halotolerans	1
SRR14919235	Dolichospermum_lemmermannii	2
SRR14919246	Bifidobacterium_choerinum	3
SRR14919238	Phacus_orbicularis	1
SRR14919239	Clostridium_cavendishii	1
SRR14919245	Streptococcus_hyointestinalis	1
SRR14919244	Phascolarctobacterium_faecium	1235
SRR14919243	Blastopirellula_cremea	3
SRR14919246	Ammoniphilus_oxalivorans	1
SRR14919246	Haloferax_mucosum	2
SRR14919244	Megasphaera_hominis	400
SRR14919242	Clostridium_peptidivorans	1
SRR14919239	Treponema_phagedenis	50
SRR14919238	Lactobacillus_rogosae	1
SRR14919238	Clostridium_glycolicum	17
SRR14919244	Simkania_negevensis	1
SRR14919238	Halococcus_hamelinensis	3
SRR14919237	Desulfovibrio_simplex	2
SRR14919245	Spiribacter_salinus	1
SRR14919238	Pseudoalteromonas_haloplanktis	1
SRR14919235	Spirochaeta_cellobiosiphila	1
SRR14919244	Eubacterium_ventriosum	36
SRR14919240	Caloramator_quimbayensis	2
SRR14919238	Thermogladius_shockii	121
SRR14919235	Shimwellia_blattae	1
SRR14919241	Bacillus_subtilis	6
SRR14919239	Halopelagius_inordinatus	2
SRR14919239	Clostridium_herbivorans	7
SRR14919235	Nocardioides_lentus	1
SRR14919239	Bacillus_qingdaonensis	1
SRR14919245	Mycoplasma_orale	1
SRR14919245	Bacteroides_paurosaccharolyticus	37
SRR14919244	Christensenella_minuta	37
SRR14919236	Spirochaeta_litoralis	2
SRR14919241	Bacteroides_uniformis	25075
SRR14919240	Vibrio_parahaemolyticus	6
SRR14919240	Nicoletella_semolina	7
SRR14919237	Oceanobacillus_profundus	1
SRR14919245	Zhihengliuella_flava	1
SRR14919241	Clostridium_putrefaciens	4
SRR14919236	Ammonifex_degensii	1
SRR14919241	Lactobacillus_fermentum	3
SRR14919240	Anaerococcus_senegalensis	105
SRR14919237	Lactobacillus_acidipiscis	4
SRR14919242	Thiomargarita_namibiensis	391
SRR14919237	Pontibacter_saemangeumensis	1
SRR14919237	Clostridium_acidurici	1
SRR14919246	Telmatospirillum_siberiense	1
SRR14919238	Mycoplasma_glycophilum	1
SRR14919241	Enterococcus_cecorum	76
SRR14919240	Veillonella_magna	1
SRR14919238	Vibrio_azureus	1
SRR14919235	Lysinibacillus_fusiformis	4
SRR14919244	Porphyromonas_somerae	3
SRR14919242	Vibrio_penaeicida	1
SRR14919241	Psychrobacter_jeotgali	1
SRR14919237	Caldicellulosiruptor_saccharolyticus	2
SRR14919236	Bacteroides_clarus	21
SRR14919236	Elusimicrobium_minutum	1
SRR14919235	Flexibacter_flexilis	3
SRR14919245	Thermosyntropha_lipolytica	1
SRR14919241	Halobaculum_magnesiiphilum	1
SRR14919240	Enterococcus_columbae	1
SRR14919241	Streptococcus_phocae	2
SRR14919240	Rhizobium_huautlense	1
SRR14919238	Methanofollis_ethanolicus	1
SRR14919241	Sporobacter_termitidis	3
SRR14919240	Paenibacillus_edaphicus	1
SRR14919237	Tepidanaerobacter_acetatoxydans	3
SRR14919245	Peptoniphilus_tyrrelliae	49
SRR14919242	Thiobacillus_baregensis	1
SRR14919245	Sedimentibacter_hongkongensis	72
SRR14919236	Hydrogenoanaerobacterium_saccharovorans	7
SRR14919245	Clostridium_tetani	2
SRR14919238	Fusobacterium_perfoetens	1
SRR14919235	Peptostreptococcus_canis	1
SRR14919242	Corallococcus_coralloides	3
SRR14919241	Clostridium_perfringens	321
SRR14919244	Corethron_pennatum	1
SRR14919244	Zymophilus_paucivorans	1
SRR14919236	Limnobacter_litoralis	1
SRR14919245	Aglaothamnion_halliae	1
SRR14919237	Pectinatus_cerevisiiphilus	2
SRR14919246	Treponema_primitia	1
SRR14919245	Aquitalea_magnusonii	1
SRR14919244	Prevotella_melaninogenica	124
SRR14919241	Parapedobacter_composti	1
SRR14919237	Actinomyces_funkei	3
SRR14919235	Dolichospermum_flos-aquae	1
SRR14919243	Campylobacter_fetus	1
SRR14919240	Brevibacterium_oceani	1
SRR14919244	Clostridium_fusiformis	13
SRR14919244	Mycoplasma_haemofelis	5
SRR14919246	Pseudomonas_pictorum	47
SRR14919239	Moritella_marina	1
SRR14919239	Parabacteroides_gordonii	383
SRR14919240	Carpothamnion_gunnianum	1
SRR14919246	Clostridium_chauvoei	1
SRR14919244	Lacinutrix_copepodicola	1
SRR14919243	Desulfotomaculum_intricatum	4
SRR14919240	Roseburia_inulinivorans	2206
SRR14919239	Enterococcus_cecorum	110
SRR14919243	Anaeroplasma_bactoclasticum	2
SRR14919245	Clostridium_cellobioparum	6
SRR14919238	Chryseobacterium_treverense	3
SRR14919236	Paenibacillus_azoreducens	2
SRR14919244	Erythrobacter_aquimaris	1
SRR14919242	Heliophilum_fasciatum	1
SRR14919242	Eubacterium_uniforme	24
SRR14919238	Lachnobacterium_bovis	192
SRR14919236	Lysobacter_enzymogenes	67
SRR14919236	Haloarcula_tradensis	1
SRR14919238	Clostridium_ruminantium	893
SRR14919245	Hyphomicrobium_denitrificans	1
SRR14919242	Pediococcus_pentosaceus	3
SRR14919246	Algivirga_pacifica	1
SRR14919243	Prevotella_nanceiensis	1
SRR14919242	Dialister_propionicifaciens	4
SRR14919242	Leuconostoc_citreum	5
SRR14919238	Streptococcus_thermophilus	1
SRR14919246	Tenacibaculum_ovolyticum	1
SRR14919235	Bacteroides_xylanolyticus	45
SRR14919246	Geobacillus_thermodenitrificans	1
SRR14919240	Gordonibacter_pamelaeae	10
SRR14919244	Bulleidia_extructa	114
SRR14919238	Prevotella_bryantii	83
SRR14919236	Bacillus_aquimaris	2
SRR14919242	Pseudomonas_filiscindens	1
SRR14919243	Tetragenococcus_koreensis	1
SRR14919243	Dysgonomonas_mossii	11
SRR14919237	Eggerthella_sinensis	2
SRR14919236	Sphingomonas_bosoensis	1
SRR14919246	Collinsella_intestinalis	1
SRR14919242	Clostridium_thermocellum	170
SRR14919240	Gallibacterium_anatis	2
SRR14919236	Anaerobranca_californiensis	1
SRR14919243	Clostridium_hungatei	14
SRR14919236	Nocardia_soli	1
SRR14919239	Fibrobacter_succinogenes	1
SRR14919246	Bacteroides_coprocola	37
SRR14919239	Treponema_bryantii	1
SRR14919239	Microcystis_elabens	1
SRR14919243	Clostridium_acetireducens	30
SRR14919239	Bacillus_composti	1
SRR14919237	Rhodobacter_azotoformans	1
SRR14919237	Coprobacillus_cateniformis	6
SRR14919235	Prevotella_ruminicola	1
SRR14919246	Lactobacillus_parabuchneri	51
SRR14919240	Mycoplasma_subdolum	1
SRR14919240	Gemella_palaticanis	1
SRR14919242	Tindallia_texcoconensis	1
SRR14919242	Picrophilus_oshimae	1
SRR14919244	Oxalobacter_vibrioformis	1
SRR14919237	Clostridium_lavalense	1
SRR14919245	Acholeplasma_parvum	1
SRR14919241	Treponema_zuelzerae	1
SRR14919242	Tindallia_californiensis	4
SRR14919242	Paenibacillus_tarimensis	1
SRR14919239	Thiothrix_nivea	1
SRR14919237	Adhaeribacter_terreus	15
SRR14919246	Microcoleus_paludosus	1
SRR14919239	Kushneria_aurantia	1
SRR14919241	Runella_defluvii	1
SRR14919240	Bifidobacterium_magnum	1
SRR14919239	Agrobacterium_vitis	176
SRR14919245	Leuconostoc_fallax	37
SRR14919238	Anaerostipes_butyraticus	48
SRR14919237	Pelotomaculum_terephthalicicum	1
SRR14919237	Bacteroides_rodentium	611
SRR14919244	Leptospira_idonii	3
SRR14919243	Streptococcus_mutans	1
SRR14919238	Vibrio_parahaemolyticus	4
SRR14919241	Heliobacterium_gestii	1
SRR14919237	Chloroflexus_aggregans	3
SRR14919240	Phacus_similis	1
SRR14919235	Clostridium_asparagiforme	33
SRR14919236	Bilophila_wadsworthia	1
SRR14919246	Bifidobacterium_actinocoloniiforme	1
SRR14919238	Agrobacterium_tumefaciens	1
SRR14919235	Dehalobacterium_formicoaceticum	1
SRR14919240	Mycobacterium_parafortuitum	2
SRR14919240	Mogibacterium_timidum	22
SRR14919238	Haloglycomyces_albus	2
SRR14919236	Clostridium_leptum	165
SRR14919240	Microchaete_tenera	1
SRR14919236	Lactuca_sativa	1
SRR14919243	Ochromonas_danica	4
SRR14919240	Prevotella_buccalis	2
SRR14919236	Oceanotoga_teriensis	1
SRR14919236	Bacillus_algicola	393
SRR14919245	Methanoculleus_palmolei	1
SRR14919244	Clostridium_cellulosi	22
SRR14919240	Sphingomonas_phyllosphaerae	1
SRR14919241	Synechococcus_elongatus	3
SRR14919238	Bacillus_litoralis	1
SRR14919240	Haloplasma_contractile	1
SRR14919239	Gelria_glutamica	1
SRR14919246	Saccharofermentans_acetigenes	4
SRR14919245	Enterococcus_durans	2
SRR14919237	Streptomyces_hypolithicus	1
SRR14919246	Desulfovibrio_bastinii	60
SRR14919241	Methanosaeta_pelagica	1
SRR14919240	Rubrobacter_xylanophilus	2
SRR14919242	Methanobrevibacter_acididurans	2
SRR14919245	Treponema_berlinense	1
SRR14919244	Marinobacter_oulmenensis	1
SRR14919246	Pelodictyon_luteolum	1
SRR14919245	Arcicella_rigui	105
SRR14919236	Dorea_longicatena	27
SRR14919240	Staphylococcus_equorum	1
SRR14919235	Tannerella_forsythia	5
SRR14919243	Salinimonas_chungwhensis	1
SRR14919243	Simplicispira_psychrophila	8
SRR14919240	Streptococcus_porcinus	3
SRR14919235	Shuttleworthia_satelles	11
SRR14919244	Pleurocapsa_concharum	2
SRR14919236	Desulfovibrio_ferrophilus	15
SRR14919238	Prevotella_shahii	7
SRR14919245	Lactobacillus_pontis	3
SRR14919238	Anaerostipes_hadrus	3071
SRR14919236	Eubacterium_nodatum	1
SRR14919246	Clostridium_clariflavum	32
SRR14919244	Acidithiobacillus_ferrooxidans	2
SRR14919243	Paenibacillus_alvei	1
SRR14919236	Helicobacter_heilmannii	4
SRR14919242	Enterococcus_faecalis	9
SRR14919243	Kroppenstedtia_guangzhouensis	1
SRR14919245	Mesorhizobium_septentrionale	1
SRR14919243	Clostridium_stercorarium	4
SRR14919242	Parapedobacter_luteus	2
SRR14919239	Streptococcus_phocae	2
SRR14919240	Eubacterium_infirmum	1
SRR14919239	Ureibacillus_thermophilus	2
SRR14919236	Thalassomonas_agarivorans	3
SRR14919241	Pseudomonas_viridiflava	1
SRR14919235	Thermophagus_xiamenensis	1
SRR14919236	Lactobacillus_rhamnosus	4
SRR14919238	Thermosipho_ferriphilus	1
SRR14919238	Coriobacterium_glomerans	3
SRR14919245	Brevibacillus_parabrevis	14
SRR14919237	Caldicoprobacter_guelmensis	2
SRR14919243	Thermanaeromonas_toyohensis	1
SRR14919242	Rickettsia_helvetica	1
SRR14919238	Gelidium_floridanum	1
SRR14919238	Azospirillum_irakense	1
SRR14919246	Trachelium_caeruleum	51
SRR14919243	Paenibacillus_cookii	4
SRR14919240	Leptospira_borgpetersenii	1
SRR14919236	Ammoniphilus_oxalaticus	2
SRR14919239	Collinsella_tanakaei	3
SRR14919240	Lactobacillus_amylophilus	1
SRR14919240	Prevotella_jejuni	1
SRR14919246	Chlorobium_limicola	1
SRR14919241	Ardenticatena_maritima	1
SRR14919239	Bifidobacterium_choerinum	15
SRR14919238	Clostridium_ganghwense	2
SRR14919235	Oceanicoccus_sagamiensis	1
SRR14919236	Veillonella_tobetsuensis	5
SRR14919245	Cloacibacillus_evryensis	5
SRR14919243	Melghirimyces_thermohalophilus	1
SRR14919237	Arcicella_aquatica	1
SRR14919244	Pseudanabaena_mucicola	6
SRR14919236	Mobiluncus_mulieris	1
SRR14919243	Mycobacterium_tuberculosis	1
SRR14919241	Streptococcus_intermedius	25
SRR14919235	Staphylococcus_hominis	2
SRR14919242	Eubacterium_siraeum	1195
SRR14919235	Clostridium_peptidivorans	2
SRR14919246	Sphingomonas_kaistensis	167
SRR14919244	Marinobacterium_jannaschii	2
SRR14919240	Mycoplasma_orale	1
SRR14919246	Lactobacillus_larvae	1
SRR14919239	Chloroflexus_aurantiacus	3
SRR14919236	Staphylococcus_aureus	7
SRR14919244	Desulfovibrio_halophilus	114
SRR14919245	Clostridium_xylanovorans	6
SRR14919237	Eubacterium_ramulus	1172
SRR14919244	Bifidobacterium_biavatii	1
SRR14919246	Pseudoflavonifractor_capillosus	22
SRR14919245	Lactobacillus_vaginalis	1
SRR14919244	Dolichospermum_lemmermannii	1
SRR14919244	Aerococcus_urinae	1
SRR14919236	Eggerthella_lenta	62
SRR14919238	Eubacterium_infirmum	2
SRR14919235	Bacteroides_paurosaccharolyticus	4
SRR14919240	Chryseobacterium_soldanellicola	2
SRR14919236	Natronorubrum_sulfidifaciens	1
SRR14919237	Clostridium_novyi	1
SRR14919242	Flavobacterium_frigoris	1
SRR14919244	Prevotella_multiformis	2
SRR14919237	Mycoplasma_hyorhinis	59
SRR14919237	Caedibacter_taeniospiralis	6
SRR14919236	Sphingomonas_alpina	1
SRR14919241	Lactobacillus_ruminis	1
SRR14919245	Clostridium_lactatifermentans	29
SRR14919245	Bacteroides_ovatus	2091
SRR14919239	Blattabacterium_relictus	48
SRR14919237	Blastopirellula_cremea	1
SRR14919240	Oscillatoria_nigro-viridis	1
SRR14919239	Lactobacillus_kunkeei	166
SRR14919244	Bacillus_boroniphilus	1
SRR14919235	Thiomargarita_namibiensis	268
SRR14919239	Thermobrachium_celere	6
SRR14919246	Clostridium_termitidis	20
SRR14919242	Ammonifex_thiophilus	1
SRR14919242	Bifidobacterium_longum	83
SRR14919239	Lactobacillus_fermentum	1
SRR14919238	Eubacterium_pyruvativorans	1
SRR14919238	Clostridium_algoriphilum	10
SRR14919242	Roseomonas_cervicalis	1
SRR14919242	Butyricimonas_virosa	11
SRR14919237	Proteus_mirabilis	10
SRR14919237	Bacteroides_vulgatus	21010
SRR14919246	Bacteroides_cellulosolvens	2
SRR14919246	Bacteroides_oleiciplenus	24
SRR14919238	Eubacterium_ventriosum	22724
SRR14919236	Corynebacterium_kroppenstedtii	8
SRR14919236	Vibrio_splendidus	1
SRR14919245	Soehngenia_saccharolytica	1
SRR14919244	Leuconostoc_carnosum	1
SRR14919241	Bacillus_amyloliquefaciens	1
SRR14919240	Gemella_bergeri	3
SRR14919239	Keratinibaculum_paraultunense	1
SRR14919235	Bacteroides_fragilis	2484
SRR14919235	Scherffelia_dubia	1
SRR14919235	Ruminococcus_lactaris	232
SRR14919240	Cenarchaeum_symbiosum	238
SRR14919239	Geobacter_bemidjiensis	1
SRR14919238	Christensenella_minuta	25
SRR14919235	Citrobacter_freundii	1
SRR14919246	Microbulbifer_gwangyangensis	1
SRR14919246	Bacillus_horikoshii	2
SRR14919238	Agarivorans_albus	3
SRR14919236	Cellulosimicrobium_cellulans	1
SRR14919243	Clostridium_innocuum	8
SRR14919237	Selenomonas_sputigena	1
SRR14919239	Synechococcus_elongatus	1
SRR14919236	Pontibacter_saemangeumensis	2
SRR14919245	Desulfobacterium_autotrophicum	1
SRR14919244	Bradyrhizobium_elkanii	111
SRR14919238	Yaniella_fodinae	1
SRR14919236	Brevibacillus_borstelensis	1
SRR14919245	Epulopiscium_fishelsoni	2
SRR14919245	Telmatospirillum_siberiense	1
SRR14919239	Clostridium_thermosuccinogenes	3
SRR14919239	Acholeplasma_oculi	1
SRR14919241	Planctomyces_maris	1
SRR14919240	Desulfosporosinus_meridiei	1
SRR14919239	Sphingomonas_faeni	1
SRR14919237	Bacillus_thermoamylovorans	2
SRR14919239	Clostridium_perfringens	356
SRR14919237	Anaeroplasma_varium	3
SRR14919237	Cytophaga_fermentans	3
SRR14919237	Prevotella_melaninogenica	77
SRR14919243	Eubacterium_cellulosolvens	15
SRR14919243	Eutreptia_viridis	152
SRR14919238	Vibrio_casei	1
SRR14919245	Criblamydia_sequanensis	1
SRR14919235	Thermosyntropha_lipolytica	2
SRR14919243	Oscillatoria_miniata	49
SRR14919239	Prevotella_brevis	2
SRR14919235	Pediococcus_ethanolidurans	1
SRR14919243	Lactobacillus_kefiri	1
SRR14919241	Paracoccus_versutus	3
SRR14919240	Actinobacillus_porcinus	11
SRR14919235	Sporobacter_termitidis	41
SRR14919242	Streptomyces_albogriseolus	2
SRR14919242	Vibrio_anguillarum	3
SRR14919245	Prevotella_stercorea	1
SRR14919243	Varibaculum_cambriense	1
SRR14919238	Roseburia_inulinivorans	2767
SRR14919237	Bisgaardia_hudsonensis	1
SRR14919236	Thermoanaerobacterium_thermosulfurigenes	3
SRR14919246	Clostridium_oceanicum	1
SRR14919240	Atopobacter_phocae	3
SRR14919239	Pontibacillus_marinus	1
SRR14919246	Desulfuromonas_thiophila	1
SRR14919245	Olivibacter_ginsengisoli	29
SRR14919242	Syntrophomonas_wolfei	16
SRR14919238	Granulicella_rosea	1
SRR14919237	Aquicella_lusitana	1
SRR14919242	Nostoc_ellipsosporum	2
SRR14919242	Prevotella_corporis	4
SRR14919243	Gemmiger_formicilis	543
SRR14919240	Snodgrassella_alvi	15
SRR14919239	Vulcanibacillus_modesticaldus	5
SRR14919237	Clostridium_aldenense	19
SRR14919235	Alkanibacter_difficilis	1
SRR14919239	Pseudomonas_viridiflava	1
SRR14919236	Thalassomonas_sediminis	7
SRR14919242	Lactobacillus_composti	2
SRR14919242	Hassallia_byssoidea	2
SRR14919240	Salmonella_enterica	2
SRR14919245	Cyanidium_caldarium	1
SRR14919245	Bacteroides_faecis	1
SRR14919242	Prevotella_paludivivens	3
SRR14919241	Calothrix_brevissima	2
SRR14919238	Clostridium_fusiformis	12
SRR14919237	Oligosphaera_ethanolica	1
SRR14919242	Desulfotomaculum_intricatum	34
SRR14919245	Helicobacter_pylori	226
SRR14919244	Ruminofilibacter_xylanolyticum	2
SRR14919239	Armatimonas_rosea	13
SRR14919238	Corynebacterium_canis	2
SRR14919238	Gordonibacter_pamelaeae	11
SRR14919235	Cellulomonas_hominis	1
SRR14919246	Selenomonas_bovis	1
SRR14919246	Lysinibacillus_fusiformis	3
SRR14919244	Chondrus_crispus	2
SRR14919237	Paenibacillus_residui	1
SRR14919237	Chryseobacterium_treverense	5
SRR14919246	Halomonas_maura	3
SRR14919244	Anoxybacillus_gonensis	1
SRR14919238	Actinocorallia_longicatena	1
SRR14919239	Desulfatiferula_olefinivorans	2
SRR14919235	Leptotrichia_hofstadii	1
SRR14919237	Ruminococcus_bromii	1688
SRR14919236	Clostridium_acetireducens	4
SRR14919235	Colwellia_polaris	1
SRR14919246	Laribacter_hongkongensis	2
SRR14919241	Streptococcus_ovis	1
SRR14919241	Dialister_propionicifaciens	7
SRR14919242	Euglena_deses	1
SRR14919235	Pseudorhodobacter_antarcticus	2
SRR14919240	Natronococcus_roseus	1
SRR14919235	Kingella_denitrificans	1
SRR14919244	Thermodesulforhabdus_norvegica	2
SRR14919244	Sporomusa_termitida	3
SRR14919238	Dialister_pneumosintes	1
SRR14919235	Pediococcus_siamensis	1
SRR14919242	Clostridium_purinilyticum	9
SRR14919241	Roseburia_hominis	167
SRR14919238	Marininema_mesophilum	3
SRR14919237	Anaerofilum_agile	9
SRR14919245	Clostridium_elmenteitii	1
SRR14919236	Blautia_coccoides	1
SRR14919242	Sinobacterium_caligoides	39
SRR14919239	Macellibacteroides_fermentans	6
SRR14919235	Pedobacter_saltans	1
SRR14919245	Microcystis_smithii	1
SRR14919237	Shewanella_sediminis	1
SRR14919236	Ruminococcus_champanellensis	5
SRR14919244	Acidovorax_delafieldii	1
SRR14919235	Desulfonema_limicola	2
SRR14919243	Oceanirhabdus_sediminicola	1
SRR14919240	Mycoplasma_conjunctivae	17
SRR14919237	Entomoplasma_freundtii	1
SRR14919243	Tunicatimonas_pelagia	1
SRR14919241	Anabaena_oumiana	1
SRR14919238	Polynucleobacter_cosmopolitanus	1
SRR14919245	Mycoplasma_buccale	107
SRR14919235	Pseudomonas_corrugata	3
SRR14919246	Pedobacter_africanus	2
SRR14919236	Lactobacillus_parabuchneri	110
SRR14919240	Microcystis_aeruginosa	305
SRR14919239	Parasegetibacter_luojiensis	1
SRR14919239	Lutispora_thermophila	79
SRR14919246	Blastopirellula_marina	1
SRR14919242	Borrelia_turdi	1
SRR14919243	Xanthomonas_axonopodis	3
SRR14919242	Lamprocystis_purpurea	1
SRR14919244	Thiohalospira_halophila	5
SRR14919244	Leuconostoc_gasicomitatum	2
SRR14919241	Bifidobacterium_gallicum	8
SRR14919240	Clostridium_ghonii	1
SRR14919240	Ruminococcus_torques	1468
SRR14919244	Halomicroarcula_pellucida	1
SRR14919242	Parabacteroides_johnsonii	5
SRR14919238	Soehngenia_saccharolytica	3
SRR14919246	Ruminococcus_gnavus	6
SRR14919239	Pricia_antarctica	1
SRR14919245	Eubacterium_rectale	454
SRR14919240	Slackia_equolifaciens	2
SRR14919237	Erwinia_chrysanthemi	3
SRR14919242	Desulfitispora_alkaliphila	2
SRR14919239	Sutterella_parvirubra	1
SRR14919238	Natronococcus_roseus	1
SRR14919246	Pontibacter_saemangeumensis	1
SRR14919246	Bacteroides_xylanolyticus	170
SRR14919245	Phascolarctobacterium_faecium	1308
SRR14919244	Planctomyces_limnophilus	1
SRR14919241	Salimicrobium_salexigens	1
SRR14919242	Plasticicumulans_lactativorans	1
SRR14919242	Sporomusa_malonica	1
SRR14919240	Clostridium_sphenoides	2
SRR14919240	Oceanobacillus_sojae	1
SRR14919238	Prevotella_marshii	1
SRR14919236	Cronobacter_sakazakii	5
SRR14919240	Aciditerrimonas_ferrireducens	2
SRR14919239	Metallosphaera_sedula	1
SRR14919244	Gracilaria_tenuistipitata	2
SRR14919243	Eubacterium_brachy	41
SRR14919239	Pseudobutyrivibrio_ruminis	11
SRR14919237	Hyphomonas_polymorpha	1
SRR14919239	Parvibaculum_lavamentivorans	1
SRR14919245	Cellvibrio_vulgaris	1
SRR14919242	Phytophthora_infestans	34
SRR14919245	Bacillus_hemicentroti	1
SRR14919243	Chromobacterium_aquaticum	1
SRR14919239	Coprococcus_comes	488
SRR14919237	Bacteroides_acidifaciens	347
SRR14919242	Alkalibaculum_bacchi	22
SRR14919236	Microchaete_tenera	2
SRR14919245	Clostridium_acetobutylicum	1
SRR14919244	Atopobium_vaginae	2
SRR14919241	Paenibacillus_prosopidis	1
SRR14919239	Mycoplasma_mustelae	1
SRR14919241	Klebsiella_oxytoca	2
SRR14919239	Clostridium_tertium	1
SRR14919239	Sutterella_stercoricanis	320
SRR14919237	Pilibacter_termitis	1
SRR14919245	Pontibacillus_litoralis	1
SRR14919236	Hespellia_porcina	21
SRR14919246	Acinetobacter_junii	3
SRR14919242	Enterococcus_casseliflavus	3
SRR14919241	Spiroplasma_lampyridicola	1
SRR14919235	Jeotgalibacillus_marinus	1
SRR14919236	Pedobacter_aquatilis	1
SRR14919235	Fusicatenibacter_saccharivorans	834
SRR14919240	Parasutterella_excrementihominis	1
SRR14919243	Nitrospira_marina	1
SRR14919238	Clostridium_symbiosum	121
SRR14919246	Methylobacter_luteus	1
SRR14919245	Clostridium_cylindrosporum	1
SRR14919242	Hymenobacter_soli	3
SRR14919243	Clostridium_cadaveris	3
SRR14919240	Megasphaera_elsdenii	9
SRR14919236	Anaplasma_bovis	1
SRR14919244	Lactobacillus_buchneri	1
SRR14919240	Campylobacter_sputorum	4
SRR14919239	Grimontia_hollisae	3
SRR14919241	Methanosaeta_concilii	1
SRR14919241	Acetitomaculum_ruminis	74
SRR14919240	Bacillus_mojavensis	1
SRR14919246	Chryseobacterium_greenlandense	6
SRR14919243	Wolbachia_pipientis	2
SRR14919236	Oleiphilus_messinensis	1
SRR14919235	Desulfotomaculum_luciae	1
SRR14919245	Prevotella_copri	39401
SRR14919244	Adhaeribacter_aerophilus	5
SRR14919238	Filifactor_alocis	4
SRR14919246	Photorhabdus_asymbiotica	1
SRR14919243	Algicola_sagamiensis	2
SRR14919240	Ruminococcus_champanellensis	10
SRR14919239	Mycoplasma_gallisepticum	1
SRR14919236	Vibrio_halioticoli	1
SRR14919243	Dietzia_maris	4
SRR14919243	Treponema_socranskii	3
SRR14919242	Ehrlichia_ruminantium	1
SRR14919244	Eubacterium_thermomarinus	2
SRR14919243	Zavarzinia_compransoris	3
SRR14919236	Lactobacillus_reuteri	169
SRR14919246	Sedimentibacter_hongkongensis	70
SRR14919245	Haloferax_alexandrinus	1
SRR14919244	Pyramidobacter_piscolens	1
SRR14919243	Haemophilus_parasuis	155
SRR14919237	Mariprofundus_ferrooxydans	2
SRR14919237	Liberibacter_crescens	1
SRR14919246	Caldicoprobacter_guelmensis	2
SRR14919238	Howardella_ureilytica	3
SRR14919236	Eubacterium_cylindroides	195
SRR14919235	Daucus_carota	1
SRR14919242	Mesoplasma_photuris	6
SRR14919240	Chromohalobacter_beijerinckii	1
SRR14919235	Clostridium_ljungdahlii	1
SRR14919236	Caldicoprobacter_guelmensis	6
SRR14919242	Thermanaeromonas_toyohensis	1
SRR14919245	Bacteroides_sartorii	23
SRR14919241	Desulfosporosinus_burensis	2
SRR14919236	Actinomadura_verrucosospora	1
SRR14919244	Pseudahrensia_aquimaris	1
SRR14919239	Ruminococcus_champanellensis	1259
SRR14919244	Helicobacter_macacae	1
SRR14919235	Bacillus_foraminis	5
SRR14919242	Sufflavibacter_maritimus	2
SRR14919241	Ochrobactrum_grignonense	3
SRR14919238	Ruminococcus_champanellensis	178
SRR14919243	Arthrobacter_creatinolyticus	1
SRR14919240	Caloramator_viterbiensis	5
SRR14919238	Campylobacter_helveticus	1
SRR14919235	Euzebya_tangerina	8
SRR14919242	Clostridium_glycyrrhizinilyticum	41
SRR14919239	Methanosarcina_lacustris	1
SRR14919237	Methanolinea_mesophila	1
SRR14919237	Ruminococcus_champanellensis	562
SRR14919246	Clostridium_sporogenes	3
SRR14919243	Bacteroides_xylanisolvens	2584
SRR14919240	Jonquetella_anthropi	1
SRR14919238	Megasphaera_elsdenii	5
SRR14919238	Pseudanabaena_mucicola	7
SRR14919240	Desulfotomaculum_halophilum	4
SRR14919235	Bacillus_anthracis	4
SRR14919238	Facklamia_ignava	4
SRR14919245	Haladaptatus_litoreus	2
SRR14919238	Mycoplasma_conjunctivae	12
SRR14919235	Sphingobacterium_spiritivorum	1
SRR14919244	Streptococcus_didelphis	3
SRR14919241	Streptococcus_suis	35
SRR14919240	Actinobacillus_scotiae	84
SRR14919239	Mycoplasma_bovigenitalium	1
SRR14919242	Thioalkalibacter_halophilus	1
SRR14919242	Clostridium_celerecrescens	6
SRR14919242	Blautia_glucerasea	218
SRR14919240	Clostridium_frigidicarnis	9
SRR14919236	Brachyspira_muris	2
SRR14919246	Robiginitalea_biformata	1
SRR14919242	Mycoplasma_genitalium	1
SRR14919246	Lactobacillus_sakei	4
SRR14919242	Parvibaculum_lavamentivorans	1
SRR14919236	Chryseobacterium_elymi	1
SRR14919236	Proteus_vulgaris	2
SRR14919239	Bacillus_alkalitolerans	1
SRR14919235	Parabacteroides_johnsonii	1
SRR14919242	Acetobacter_pasteurianus	2
SRR14919236	Pyrococcus_woesei	1
SRR14919235	Planktolyngbya_limnetica	1
SRR14919237	Bifidobacterium_adolescentis	1
SRR14919245	Planomicrobium_glaciei	1
SRR14919236	Halonotius_pteroides	1
SRR14919236	Bifidobacterium_adolescentis	1
SRR14919241	Desulfotomaculum_arcticum	39
SRR14919243	Gramella_aestuarii	1
SRR14919236	Alcaligenes_faecalis	1
SRR14919246	Clostridium_nexile	8
SRR14919243	Blautia_hansenii	5
SRR14919242	Rhodanobacter_thiooxydans	1
SRR14919244	Anaerobranca_horikoshii	1
SRR14919238	Pyrolobus_fumarii	1
SRR14919236	Pseudoramibacter_alactolyticus	2
SRR14919235	Gelidiella_acerosa	1
SRR14919236	Bacteroides_cellulosolvens	9
SRR14919236	Bifidobacterium_longum	4
SRR14919246	Syntrophomonas_palmitatica	2
SRR14919246	Clostridium_bowmanii	1
SRR14919242	Methanocorpusculum_labreanum	1
SRR14919236	Kushneria_indalinina	28
SRR14919245	Nitrosomonas_marina	2
SRR14919243	Psychrobacter_pulmonis	1
SRR14919238	Clostridium_baratii	1
SRR14919238	Alvinella_pompejana	1
SRR14919244	Kouleothrix_aurantiaca	1
SRR14919244	Clostridium_hylemonae	250
SRR14919239	Lactobacillus_crispatus	5
SRR14919236	Eubacterium_rangiferina	11
SRR14919235	Fervidicoccus_fontis	2
SRR14919240	Roseburia_intestinalis	1365
SRR14919235	Dysgonomonas_capnocytophagoides	1
SRR14919243	Anaerorhabdus_furcosa	6
SRR14919242	Clostridium_paraputrificum	3
SRR14919235	Orientia_tsutsugamushi	1
SRR14919246	Flavonifractor_plautii	560
SRR14919245	Lachnospira_pectinoschiza	7
SRR14919244	Lepocinclis_tripteris	1
SRR14919238	Ruminococcus_torques	6342
SRR14919243	Blautia_stercoris	160
SRR14919238	Actinobacillus_porcinus	5
SRR14919244	Staphylococcus_agnetis	1
SRR14919244	Natronorubrum_sulfidifaciens	1
SRR14919235	Parasporobacterium_paucivorans	19
SRR14919235	Bacillus_aerius	1
SRR14919245	Trichococcus_collinsii	155
SRR14919243	Oxobacter_pfennigii	32
SRR14919242	Geodermatophilus_soli	1
SRR14919242	Holospora_undulata	3
SRR14919238	Novispirillum_itersonii	1
SRR14919238	Bradyrhizobium_elkanii	106
SRR14919237	Streptococcus_lutetiensis	1
SRR14919246	Alistipes_senegalensis	249
SRR14919240	Butyrivibrio_crossotus	838
SRR14919239	Natranaerovirga_hydrolytica	14
SRR14919238	Sporomusa_malonica	1
SRR14919246	Agromyces_italicus	1
SRR14919243	Methanocella_conradii	148
SRR14919242	Microbulbifer_yueqingensis	1
SRR14919240	Eubacterium_contortum	18
SRR14919236	Peptococcus_niger	5
SRR14919242	Nephroselmis_olivacea	1
SRR14919240	Fucus_vesiculosus	19
SRR14919244	Dolichospermum_affine	1
SRR14919237	Parasutterella_excrementihominis	249
SRR14919245	Microbacterium_arborescens	2
SRR14919242	Treponema_zioleckii	6
SRR14919235	Salinimicrobium_marinum	1
SRR14919236	Mycoplasma_hyopharyngis	1
SRR14919242	Ruminococcus_champanellensis	123
SRR14919238	Salinicoccus_roseus	1
SRR14919244	Anaerococcus_senegalensis	78
SRR14919243	Paenibacillus_naphthalenovorans	1
SRR14919241	Ruminococcus_champanellensis	1
SRR14919235	Acinetobacter_ursingii	1
SRR14919243	Bacillus_aryabhattai	1
SRR14919236	Halobellus_clavatus	1
SRR14919245	Prototheca_wickerhamii	4
SRR14919244	Methanobrevibacter_woesei	1
SRR14919237	Caloramator_quimbayensis	11
SRR14919243	Thalassomonas_actiniarum	74
SRR14919239	Lysinibacillus_fusiformis	3
SRR14919239	Anaerostipes_caccae	2
SRR14919244	Sutterella_wadsworthensis	63
SRR14919243	Pseudomonas_teessidea	1
SRR14919241	Kinetoplastibacterium_blastocrithidii	24
SRR14919237	Varibaculum_cambriense	1
SRR14919235	Clostridium_colinum	1
SRR14919236	Paenibacillus_tianmuensis	1
SRR14919245	Weissella_hellenica	2
SRR14919242	Deinococcus_radiodurans	1
SRR14919235	Campylobacter_curvus	1
SRR14919236	Atopobacter_phocae	2
SRR14919236	Paenibacillus_pabuli	121
SRR14919235	Haloarcula_aidinensis	1
SRR14919242	Granulicatella_elegans	3
SRR14919235	Bifidobacterium_breve	2
SRR14919235	Glycomyces_mongolensis	1
SRR14919238	Aminobacterium_colombiense	1
SRR14919237	Treponema_denticola	20
SRR14919243	Cellulosimicrobium_cellulans	1
SRR14919239	Burkholderia_vietnamiensis	1
SRR14919237	Ferruginibacter_alkalilentus	2
SRR14919236	Snodgrassella_alvi	26
SRR14919238	Clostridium_putrefaciens	4
SRR14919235	Filifactor_villosus	4
SRR14919236	Lactobacillus_composti	1
SRR14919235	Clostridium_purinilyticum	21
SRR14919243	Mycoplasma_citelli	1
SRR14919240	Alistipes_massiliensis	772
SRR14919235	Lysobacter_gummosus	1
SRR14919244	Halorubrum_xinjiangense	2
SRR14919242	Uruburuella_suis	2
SRR14919235	Peptoniphilus_lacrimalis	54
SRR14919246	Pedobacter_bauzanensis	1
SRR14919240	Aciduliprofundum_boonei	1
SRR14919239	Kyrpidia_tusciae	1
SRR14919236	Xenorhabdus_nematophila	1
SRR14919236	Gemella_asaccharolytica	208
SRR14919236	Chryseobacterium_treverense	9
SRR14919242	Anaerococcus_murdochii	1
SRR14919241	Anoxybacillus_flavithermus	3
SRR14919241	Bifidobacterium_adolescentis	10
SRR14919238	Roseburia_faecis	1567
SRR14919235	Gallionella_capsiferriformans	1
SRR14919243	Lawsonia_intracellularis	2
SRR14919242	Acinetobacter_puyangensis	1
SRR14919239	Dolichospermum_flos-aquae	1
SRR14919237	Bacteroides_stercoris	27
SRR14919235	Veillonella_atypica	3
SRR14919235	Campylobacter_rectus	37
SRR14919246	Mycoplasma_hyopneumoniae	1
SRR14919245	Klebsiella_pneumoniae	57
SRR14919239	Clostridium_glycyrrhizinilyticum	70
SRR14919246	Clostridium_intestinale	5
SRR14919242	Thioploca_ingrica	2
SRR14919244	Dialister_invisus	4
SRR14919243	Mesorhizobium_plurifarium	1
SRR14919242	Actinobacillus_rossii	1
SRR14919235	Mycobacterium_chesapeaki	12
SRR14919242	Halobacterium_salinarum	20
SRR14919241	Desulfobacter_latus	1
SRR14919241	Cytophaga_xylanolytica	34
SRR14919246	Pelobacter_massiliensis	1
SRR14919240	Caldicellulosiruptor_obsidiansis	1
SRR14919238	Clostridium_hiranonis	1
SRR14919236	Neisseria_canis	29
SRR14919242	Brenneria_populi	3
SRR14919242	Euglena_geniculata	2
SRR14919242	Thermoanaerobacterium_saccharolyticum	39
SRR14919241	Phacus_similis	3
SRR14919239	Borrelia_japonica	1
SRR14919235	Pelotomaculum_schinkii	1
SRR14919245	Parascardovia_denticolens	1
SRR14919238	Bacteroides_dorei	82
SRR14919245	Subdoligranulum_variabile	90
SRR14919239	Acetivibrio_cellulolyticus	56
SRR14919237	Leuconostoc_gasicomitatum	1
SRR14919239	Bifidobacterium_adolescentis	23
SRR14919235	Fusobacterium_nucleatum	3
SRR14919242	Emticicia_oligotrophica	5
SRR14919239	Megasphaera_hominis	88
SRR14919239	Simkania_negevensis	5
SRR14919245	Lactobacillus_agilis	1
SRR14919236	Chlorobium_ferrooxidans	1
SRR14919235	Weissella_confusa	2
SRR14919235	Fontibacter_flavus	71
SRR14919245	Campylobacter_mucosalis	2
SRR14919244	Gemella_cuniculi	2
SRR14919244	Ureaplasma_urealyticum	1
SRR14919242	Desulfosalsimonas_propionicica	2
SRR14919239	Bacteroides_xylanolyticus	813
SRR14919246	Clostridium_kluyveri	1
SRR14919242	Alistipes_shahii	3879
SRR14919240	Streptococcus_equinus	24
SRR14919235	Clostridium_viride	22
SRR14919242	Bizionia_gelidisalsuginis	1
SRR14919237	Clostridium_akagii	5
SRR14919238	Parasegetibacter_luojiensis	2
SRR14919236	Prevotella_amnii	5
SRR14919242	Pylaiella_littoralis	2
SRR14919242	Ruminococcus_gauvreauii	4
SRR14919241	Pleurocapsa_minor	2
SRR14919237	Gracilaria_tenuistipitata	2
SRR14919246	Clostridium_peptidivorans	1
SRR14919243	Clostridium_hathewayi	21
SRR14919237	Xanthomonas_axonopodis	1
SRR14919246	Sedimentibacter_hydroxybenzoicus	2
SRR14919241	Eubacterium_oxidoreducens	16
SRR14919241	Abiotrophia_defectiva	1
SRR14919241	Bacteroides_barnesiae	59
SRR14919240	Actinokineospora_cianjurensis	1
SRR14919235	Spirulina_subsalsa	1
SRR14919246	Methylobacterium_radiotolerans	1
SRR14919244	Desulfofaba_hansenii	2
SRR14919238	Psychromonas_ossibalaenae	1
SRR14919245	Clostridium_botulinum	4
SRR14919238	Lachnospira_pectinoschiza	9
SRR14919236	Roseibacterium_elongatum	3
SRR14919242	Kistimonas_scapharcae	1
SRR14919242	Saccharibacillus_kuerlensis	3
SRR14919240	Thiothrix_flexilis	1
SRR14919236	Oxalophagus_oxalicus	1
SRR14919244	Telmatospirillum_siberiense	1
SRR14919240	Leptolyngbya_antarctica	1
SRR14919239	Legionella_pneumophila	1
SRR14919236	Clostridium_boliviensis	9
SRR14919242	Methanolobus_tindarius	46
SRR14919240	Prevotella_copri	1
SRR14919240	Clostridium_thermosuccinogenes	9
SRR14919244	Mycoplasma_synoviae	1
SRR14919243	Granulicatella_adiacens	1
SRR14919243	Oceanobacillus_neutriphilus	1
SRR14919236	Catonella_morbi	2
SRR14919246	Lactobacillus_panis	1
SRR14919244	Ruminococcus_champanellensis	2
SRR14919239	Eubacterium_desmolans	348
SRR14919242	Chryseobacterium_marinum	1
SRR14919242	Helicobacter_trogontum	1
SRR14919239	Clostridium_thermocellum	180
SRR14919245	Porphyromonas_catoniae	36
SRR14919243	Ruminococcus_champanellensis	42
SRR14919245	Ohtaekwangia_kribbensis	3
SRR14919241	Pseudomonas_alcaligenes	63
SRR14919245	Methanomassiliicoccus_luminyensis	1
SRR14919245	Clostridium_sartagoforme	3
SRR14919239	Eubacterium_brachy	76
SRR14919235	Burkholderia_pseudomallei	1
SRR14919244	Lactobacillus_oris	1
SRR14919242	Ruminococcus_callidus	753
SRR14919237	Lactobacillus_dextrinicus	1
SRR14919246	Thiomargarita_namibiensis	191
SRR14919244	Vagococcus_acidifermentans	1
SRR14919236	Phytophthora_infestans	53
SRR14919242	Borrelia_afzelii	1
SRR14919236	Arthrobacter_sulfonivorans	1
SRR14919240	Algoriphagus_lutimaris	1
SRR14919239	Geobacillus_thermoleovorans	2
SRR14919238	Actinobacillus_pleuropneumoniae	34
SRR14919237	Blautia_schinkii	21
SRR14919242	Bacillus_humi	13
SRR14919239	Clostridium_asparagiforme	19
SRR14919246	Serratia_marcescens	9
SRR14919242	Lactobacillus_curvatus	2
SRR14919246	Microcystis_flos-aquae	1
SRR14919243	Pedobacter_daejeonensis	1
SRR14919245	Holdemania_filiformis	40
SRR14919238	Corynebacterium_glutamicum	1
SRR14919237	Eubacterium_thermomarinus	5
SRR14919242	Staphylococcus_epidermidis	6
SRR14919239	Ferruginibacter_alkalilentus	1
SRR14919242	Euglenaria_anabaena	8
SRR14919241	Pseudoscardovia_suis	2
SRR14919236	Bifidobacterium_pseudolongum	7
SRR14919241	Prevotella_falsenii	2
SRR14919238	Clostridium_mayombei	1
SRR14919235	Bifidobacterium_pseudolongum	2
SRR14919245	Haloferula_chungangensis	1
SRR14919236	Haemophilus_sputorum	3
SRR14919239	Holospora_curviuscula	3
SRR14919242	Terasakiella_pusilla	1
SRR14919241	Bifidobacterium_simiae	2
SRR14919237	Peptoclostridium_difficile	52
SRR14919237	Enterococcus_eurekensis	5
SRR14919243	Bifidobacterium_adolescentis	5
SRR14919238	Lactobacillus_kefiranofaciens	1
SRR14919246	Chryseobacterium_treverense	6
SRR14919245	Taylorella_equigenitalis	46
SRR14919242	Bifidobacterium_adolescentis	15
SRR14919235	Acetitomaculum_ruminis	18
SRR14919238	Marinobacterium_lutimaris	1
SRR14919236	Paracoccus_carotinifaciens	1
SRR14919244	Acholeplasma_palmae	6
SRR14919242	Bacteroides_finegoldii	1135
SRR14919236	Bacteroides_xylanisolvens	55
SRR14919246	Rhodothermus_marinus	1
SRR14919237	Leuconostoc_citreum	1
SRR14919242	Burkholderia_unamae	1
SRR14919237	Euglena_longa	1
SRR14919245	Parvibaculum_lavamentivorans	1
SRR14919241	Lewinella_nigricans	1
SRR14919243	Euglena_gracilis	1
SRR14919240	Dialister_propionicifaciens	6
SRR14919239	Haloferax_alexandrinus	1
SRR14919245	Salinivibrio_costicola	25
SRR14919244	Aestuariibacter_salexigens	1
SRR14919242	Beijerinckia_derxii	48
SRR14919235	Caldicoprobacter_guelmensis	8
SRR14919236	Xenorhabdus_innexi	1
SRR14919244	Gardnerella_vaginalis	1
SRR14919244	Coprobacter_fastidiosus	145
SRR14919240	Alcanivorax_dieselolei	1
SRR14919235	Actinomadura_verrucosospora	1
SRR14919244	Streptomyces_aculeolatus	1
SRR14919241	Paenibacillus_apiarius	1
SRR14919238	Dysgonomonas_mossii	5
SRR14919236	Flavobacterium_resistens	1
SRR14919242	Acholeplasma_laidlawii	2
SRR14919235	Mycoplasma_iguanae	1
SRR14919245	Methanosphaerula_palustris	23
SRR14919239	Otariodibacter_oris	1
SRR14919239	Desulfurispora_thermophila	1
SRR14919245	Marivirga_tractuosa	1
SRR14919242	Methanobrevibacter_arboriphilus	14
SRR14919239	Pseudoscardovia_suis	4
SRR14919239	Pedobacter_cryoconitis	2
SRR14919238	Subdoligranulum_variabile	227
SRR14919245	Clostridium_sufflavum	1
SRR14919242	Oceanobacillus_iheyensis	1
SRR14919240	Marmoricola_aurantiacus	1
SRR14919244	Burkholderia_phymatum	1
SRR14919237	Mucilaginibacter_oryzae	1
SRR14919235	Parasutterella_secunda	2
SRR14919246	Pedobacter_boryungensis	2
SRR14919236	Streptococcus_constellatus	2
SRR14919245	Tepidibacter_formicigenes	2
SRR14919240	Bradyrhizobium_jicamae	1
SRR14919240	Bacillus_badius	1
SRR14919235	Eubacterium_tenue	2
SRR14919238	Parapedobacter_koreensis	1
SRR14919237	Bacillus_flexus	1
SRR14919246	Clostridium_algidixylanolyticum	2
SRR14919243	Aliifodinibius_roseus	1
SRR14919239	Caldisericum_exile	1
SRR14919236	Pediococcus_acidilactici	43
SRR14919246	Alloprevotella_rava	2
SRR14919242	Slackia_heliotrinireducens	2
SRR14919242	Treponema_amylovorum	19
SRR14919236	Treponema_zuelzerae	2
SRR14919244	Desulfotomaculum_thermobenzoicum	1
SRR14919244	Proteocatella_sphenisci	3
SRR14919243	Porphyromonas_endodontalis	2
SRR14919242	Orientia_chuto	51
SRR14919241	Palleronia_marisminoris	1
SRR14919237	Megamonas_hypermegale	4
SRR14919236	Pseudorhodobacter_antarcticus	4
SRR14919245	Kocuria_flava	1
SRR14919242	Aequorivita_sublithincola	1
SRR14919245	Runella_limosa	1
SRR14919237	Streptococcus_suis	4
SRR14919246	Erwinia_tracheiphila	1
SRR14919244	Clostridium_aminophilum	1
SRR14919241	Ammonifex_degensii	1
SRR14919239	Clostridium_peptidivorans	1
SRR14919238	Blautia_glucerasea	295
SRR14919245	Halobellus_inordinatus	1
SRR14919241	Clostridium_spiroforme	179
SRR14919235	Paenisporosarcina_quisquiliarum	1
SRR14919240	Odoribacter_splanchnicus	282
SRR14919240	Edaphobacter_aggregans	1
SRR14919240	Variovorax_paradoxus	1
SRR14919245	Flavobacterium_banpakuense	1
SRR14919242	Coprococcus_eutactus	1272
SRR14919238	Xylanibacter_oryzae	1
SRR14919237	Porphyromonas_canoris	3
SRR14919246	Ruminococcus_champanellensis	1
SRR14919246	Clostridium_lactatifermentans	5
SRR14919244	Anaerobiospirillum_succiniciproducens	22
SRR14919241	Bacteroides_clarus	4
SRR14919239	Planomicrobium_glaciei	1
SRR14919245	Ruminococcus_champanellensis	3
SRR14919243	Thermoanaerobacter_kivui	2
SRR14919244	Selenomonas_noxia	1
SRR14919241	Euglena_cuneata	1
SRR14919240	Bifidobacterium_pseudolongum	6
SRR14919241	Parvularcula_lutaonensis	1
SRR14919238	Clostridium_citroniae	29
SRR14919236	Syntrophomonas_palmitatica	7
SRR14919241	Mucilaginibacter_lappiensis	1
SRR14919241	Thiothrix_caldifontis	1
SRR14919235	Cellulosilyticum_lentocellum	2
SRR14919242	Spirosoma_rigui	1
SRR14919241	Thermogymnomonas_acidicola	256
SRR14919242	Bacteroides_coprophilus	17
SRR14919237	Anaerococcus_senegalensis	57
SRR14919240	Alistipes_indistinctus	8
SRR14919239	Pseudomonas_alcaligenes	75
SRR14919245	Alistipes_putredinis	5521
SRR14919244	Lactobacillus_letivazi	1
SRR14919240	Bacteroides_graminisolvens	1
SRR14919239	Caloramator_coolhaasii	1
SRR14919239	Bifidobacterium_pseudolongum	5
SRR14919244	Chondromyces_crocatus	1
SRR14919241	Mitsuokella_multacida	1
SRR14919242	Sporomusa_acidovorans	1
SRR14919238	Bifidobacterium_pseudolongum	1
SRR14919246	Reichenbachiella_faecimaris	1
SRR14919242	Actinomyces_funkei	6
SRR14919241	Fusibacter_paucivorans	1
SRR14919239	Desulfotomaculum_peckii	137
SRR14919236	Prevotella_salivae	1
SRR14919246	Phascolarctobacterium_faecium	1
SRR14919236	Pasteurella_canis	1
SRR14919246	Alkalibacterium_indicireducens	1
SRR14919243	Cetobacterium_somerae	1
SRR14919240	Chlamydomonas_reinhardtii	1
SRR14919239	Trichococcus_collinsii	156
SRR14919245	Prevotella_loescheii	16
SRR14919244	Pectinatus_sottacetonis	1
SRR14919238	Variovorax_paradoxus	1
SRR14919235	Clostridium_cylindrosporum	8
SRR14919238	Holospora_undulata	1
SRR14919246	Mycoplasma_phocidae	1
SRR14919239	Lactobacillus_psittaci	1
SRR14919236	Eubacterium_ruminantium	13
SRR14919246	Dorea_formicigenerans	77
SRR14919245	Nitrosopumilus_maritimus	1
SRR14919243	Gemella_bergeri	5
SRR14919242	Clostridium_aminovalericum	4
SRR14919242	Treponema_brennaborense	2
SRR14919237	Mycoplasma_suis	1
SRR14919235	Saccharofermentans_acetigenes	2
SRR14919236	Legionella_impletisoli	1
SRR14919238	Psychrobacillus_insolitus	1
SRR14919238	Treponema_lecithinolyticum	64
SRR14919236	Burkholderia_tropica	19
SRR14919245	Chryseobacterium_moechotypicola	1
SRR14919238	Desulfomonile_limimaris	2
SRR14919244	Flexibacter_roseolus	1
SRR14919240	Clostridium_bolteae	1
SRR14919239	Cryptobacterium_curtum	1
SRR14919238	Nitrosococcus_halophilus	1
SRR14919246	Weissella_soli	1
SRR14919245	Streptococcus_sobrinus	2
SRR14919245	Acidaminobacter_hydrogenoformans	27
SRR14919243	Wohlfahrtiimonas_chitiniclastica	2
SRR14919235	Mycoplasma_pneumoniae	1
SRR14919239	Prototheca_wickerhamii	5
SRR14919236	Clostridium_cocleatum	10
SRR14919235	Robinsoniella_peoriensis	82
SRR14919235	Clostridium_oroticum	281
SRR14919235	Psychrobacter_maritimus	1
SRR14919245	Desulfonatronovibrio_hydrogenovorans	1
SRR14919245	Caldicoprobacter_guelmensis	3
SRR14919241	Prevotella_shahii	7
SRR14919238	Paenibacillus_kobensis	1
SRR14919235	Methanothermobacter_tenebrarum	2
SRR14919245	Peptoniphilus_timonensis	1
SRR14919243	Methanolobus_vulcani	1
SRR14919235	Methanolinea_tarda	1
SRR14919241	Prevotella_timonensis	1
SRR14919241	Bacillus_aquimaris	1
SRR14919237	Thermonema_rossianum	1
SRR14919236	Imtechium_assamiensis	1
SRR14919245	Enterobacter_aerogenes	1
SRR14919242	Flectobacillus_speluncae	2
SRR14919236	Clostridium_amylolyticum	5
SRR14919242	Clostridium_xylanolyticum	3
SRR14919240	Vibrio_tapetis	1
SRR14919239	Clostridium_propionicum	1
SRR14919238	Geobacillus_stearothermophilus	1
SRR14919237	Desulfobulbus_japonicus	1
SRR14919235	Halomonas_subglaciescola	1
SRR14919235	Caloramator_fervidus	1
SRR14919245	Tabrizicola_aquatica	1
SRR14919245	Myxococcus_stipitatus	19
SRR14919235	Pedobacter_panaciterrae	1
SRR14919244	Treponema_bryantii	1
SRR14919243	Bacillus_hunanensis	2
SRR14919241	Woodsholea_maritima	2
SRR14919239	Corynebacterium_ulcerans	1
SRR14919237	Eubacterium_siraeum	89
SRR14919246	Clostridium_frigoris	8
SRR14919245	Clostridium_sulfidigenes	6
SRR14919243	Singulisphaera_acidiphila	1
SRR14919242	Selenomonas_ruminantium	148
SRR14919244	Anaerococcus_tetradius	1
SRR14919235	Gemella_palaticanis	1
SRR14919236	Anaerococcus_murdochii	2
SRR14919241	Lactobacillus_helveticus	2
SRR14919241	Clostridium_populeti	2
SRR14919240	Rhizobium_leguminosarum	3
SRR14919245	Caloramator_indicus	2
SRR14919245	Peptoniphilus_asaccharolyticus	3
SRR14919241	Streptomyces_aureus	1
SRR14919239	Dysgonomonas_oryzarvi	1
SRR14919235	Burkholderia_terricola	2
SRR14919240	Bacteroides_zoogleoformans	7
SRR14919244	Pseudosphingobacterium_domesticum	1
SRR14919235	Lactobacillus_hominis	12
SRR14919237	Brevibacterium_linens	3
SRR14919235	Clostridium_paradoxum	2
SRR14919244	Desulfotignum_toluenicum	3
SRR14919242	Dolichospermum_lemmermannii	2
SRR14919240	Cyanoptyche_gloeocystis	37
SRR14919237	Caedibacter_caryophilus	19
SRR14919243	Chroococcidiopsis_cubana	1
SRR14919242	Bifidobacterium_pullorum	1
SRR14919242	Leuconostoc_gelidum	1
SRR14919235	Cytophaga_xylanolytica	2
SRR14919236	Sedimentibacter_hydroxybenzoicus	9
SRR14919242	Pelospora_glutarica	1
SRR14919241	Mycoplasma_alkalescens	1
SRR14919245	Streptococcus_intermedius	16
SRR14919241	Brevibacterium_casei	1
SRR14919239	Clostridium_jejuense	2
SRR14919238	Euglena_geniculata	4
SRR14919236	Sphingobacterium_bambusae	1
SRR14919237	Bacillus_pumilus	59
SRR14919244	Shewanella_dokdonensis	1
SRR14919244	Clostridium_thiosulfatireducens	1
SRR14919236	Cerasicoccus_frondis	1
SRR14919243	Methanococcus_maripaludis	2
SRR14919243	Acholeplasma_brassicae	1
SRR14919240	Lysinibacillus_massiliensis	2
SRR14919245	Ferruginibacter_alkalilentus	1
SRR14919242	Acinetobacter_lwoffii	2
SRR14919242	Bifidobacterium_pseudolongum	10
SRR14919240	Clostridium_glycolicum	56
SRR14919246	Clostridium_pascui	1
SRR14919243	Xanthomonas_translucens	5
SRR14919241	Bifidobacterium_pseudolongum	5
SRR14919238	Ureaplasma_urealyticum	2
SRR14919240	Streptomyces_melanogenes	2
SRR14919235	Cobetia_marina	3
SRR14919244	Pedobacter_rhizospharae	1
SRR14919241	Marinobacter_nanhaiticus	1
SRR14919241	Clostridium_leptum	21
SRR14919237	Cellulosilyticum_lentocellum	2
SRR14919245	Rothia_mucilaginosa	1
SRR14919244	Methanomassiliicoccus_luminyensis	1
SRR14919244	Paenibacillus_nanensis	1
SRR14919240	Bacillus_aeolius	1
SRR14919240	Treponema_maltophilum	1
SRR14919238	Leptolyngbya_antarctica	1
SRR14919245	Bacillus_solfatarensis	4
SRR14919235	Blautia_producta	95
SRR14919236	Cellulosilyticum_lentocellum	2
SRR14919236	Sphingobacterium_spiritivorum	3
SRR14919243	Bacillus_litoralis	2
SRR14919239	Clostridium_populeti	14
SRR14919238	Ruegeria_mobilis	81
SRR14919246	Mucilaginibacter_gynuensis	1
SRR14919242	Clostridium_acidisoli	44
SRR14919245	Gaetbulibacter_marinus	1
SRR14919242	Paenibacillus_stellifer	1
SRR14919242	Nitrospina_gracilis	1
SRR14919239	Rhodocytophaga_aerolata	1
SRR14919239	Thiomargarita_namibiensis	313
SRR14919235	Lactobacillus_coleohominis	1
SRR14919244	Porphyromonas_gulae	1
SRR14919240	Proteus_mirabilis	17
SRR14919244	Pontibacter_saemangeumensis	1
SRR14919244	Bacteroides_salyersiae	31
SRR14919239	Desulfonatronovibrio_magnus	1
SRR14919245	Streptococcus_pleomorphus	1
SRR14919240	Pasteurella_aerogenes	1
SRR14919246	Clostridium_cellulolyticum	10
SRR14919243	Telmatospirillum_siberiense	1
SRR14919238	Methanobrevibacter_smithii	102
SRR14919246	Bifidobacterium_adolescentis	10
SRR14919241	Legionella_fallonii	3
SRR14919237	Mucilaginibacter_kameinonensis	1
SRR14919236	Desulfothermus_okinawensis	1
SRR14919238	Natranaerovirga_hydrolytica	18
SRR14919236	Thiothrix_flexilis	4
SRR14919246	Parabacteroides_johnsonii	185
SRR14919241	Aureispira_maritima	36
SRR14919236	Methanolobus_tindarius	75
SRR14919241	Agarivorans_albus	5
SRR14919237	Bifidobacterium_angulatum	1
SRR14919242	Paenibacillus_gansuensis	2
SRR14919242	Calochaete_cimrmanii	59
SRR14919241	Lactobacillus_plantarum	3
SRR14919240	Olavius_algarvensis	1
SRR14919239	Spongiispira_norvegica	1
SRR14919236	Prevotella_pleuritidis	3
SRR14919236	Paracoccus_versutus	8
SRR14919239	Porphyromonas_catoniae	16
SRR14919245	Leptothrix_discophora	1
SRR14919244	Flexibacter_flexilis	3
SRR14919241	Acidovorax_defluvii	2
SRR14919236	Heteroptilon_pappeanum	1
SRR14919239	Cardiobacterium_valvarum	1
SRR14919238	Geobacillus_thermoleovorans	1
SRR14919236	Alteromonas_marina	3
SRR14919246	Campylobacter_gracilis	1
SRR14919246	Ferrithrix_thermotolerans	1
SRR14919246	Petrimonas_sulfuriphila	8
SRR14919237	Prevotella_corporis	3
SRR14919244	Anaerococcus_prevotii	1
SRR14919238	Gemmiger_formicilis	643
SRR14919246	Buchnera_aphidicola	227
SRR14919245	Halobaculum_magnesiiphilum	2
SRR14919245	Paenibacillus_assamensis	4
SRR14919242	Vibrio_litoralis	1
SRR14919242	Alicyclobacillus_pomorum	4
SRR14919245	Azospirillum_amazonense	1
SRR14919238	Actinomyces_funkei	3
SRR14919246	Listeria_monocytogenes	2
SRR14919240	Methylobacter_capsulatus	1
SRR14919238	Actinomadura_viridis	1
SRR14919244	Olivibacter_terrae	1
SRR14919240	Desulfotomaculum_reducens	4
SRR14919242	Aerococcus_urinaehominis	1
SRR14919241	Clostridium_ramosum	61
SRR14919240	Desulfotomaculum_intricatum	8
SRR14919245	Chryseobacterium_treverense	4
SRR14919242	Sinorhizobium_americanum	5
SRR14919238	Pedobacter_ruber	1
SRR14919245	Bacillus_thuringiensis	165
SRR14919241	Bifidobacterium_stellenboschense	17
SRR14919235	Chryseobacterium_treverense	5
SRR14919240	Treponema_refringens	2
SRR14919246	Desemzia_incerta	1
SRR14919236	Bacteroides_finegoldii	562
SRR14919243	Porphyromonas_somerae	7
SRR14919243	Catabacter_hongkongensis	4
SRR14919240	Brackiella_oedipodis	1
SRR14919238	Tepidibacter_formicigenes	1
SRR14919235	Cupriavidus_metallidurans	1
SRR14919235	Acetohalobium_arabaticum	2
SRR14919237	Leptospira_borgpetersenii	1
SRR14919246	Thalassomonas_viridans	1
SRR14919242	Thermolithobacter_ferrireducens	42
SRR14919243	Clostridium_psychrophilum	1
SRR14919242	Clostridium_cellulovorans	3
SRR14919242	Armatimonas_rosea	17
SRR14919241	Cellulosilyticum_lentocellum	1
SRR14919238	Rhizobium_leguminosarum	2
SRR14919240	Cellulosilyticum_lentocellum	1
SRR14919239	Salinivibrio_costicola	17
SRR14919239	Anaplasma_bovis	1
SRR14919235	Odoribacter_denticanis	1
SRR14919241	Clostridium_scindens	68
SRR14919239	Hymenobacter_deserti	1
SRR14919244	Polycladomyces_abyssicola	1
SRR14919244	Halothermothrix_orenii	4
SRR14919239	Lactobacillus_brevis	3
SRR14919236	Selenihalanaerobacter_shriftii	2
SRR14919244	Lactobacillus_gasseri	4
SRR14919241	Caldicellulosiruptor_saccharolyticus	2
SRR14919241	Caloramator_australicus	2
SRR14919240	Pedobacter_saltans	2
SRR14919238	Polaromonas_vacuolata	26
SRR14919235	Methanosphaerula_palustris	25
SRR14919244	Oenococcus_kitaharae	1
SRR14919244	Bifidobacterium_pseudolongum	1
SRR14919238	Streptococcus_intermedius	24
SRR14919238	Cyanoptyche_gloeocystis	34
SRR14919236	Acholeplasma_laidlawii	4
SRR14919240	Clostridium_isatidis	2
SRR14919240	Paenibacillus_typhae	1
SRR14919243	Bifidobacterium_pseudolongum	6
SRR14919246	Desmonostoc_muscorum	1
SRR14919238	Lewinella_agarilytica	15
SRR14919245	Hippea_maritima	1
SRR14919243	Acidaminococcus_intestini	79
SRR14919235	Prevotella_saccharolytica	2
SRR14919244	Clostridium_caenicola	14
SRR14919239	Cellulosilyticum_lentocellum	3
SRR14919236	Bifidobacterium_dentium	1
SRR14919240	Anaerofilum_agile	6
SRR14919246	Clostridium_purinilyticum	3
SRR14919243	Ornithobacterium_rhinotracheale	2
SRR14919236	Algoriphagus_ratkowskyi	1
SRR14919238	Reichenbachiella_agariperforans	1
SRR14919246	Comamonas_zonglianii	1
SRR14919239	Providencia_rettgeri	1
SRR14919242	Nannocystis_pusilla	3
SRR14919236	Pseudonocardia_sediminis	1
SRR14919246	Spirochaeta_smaragdinae	2
SRR14919242	Halobaculum_gomorrense	1
SRR14919243	Porphyromonas_bennonis	4
SRR14919241	Pseudomonas_fluorescens	12
SRR14919238	Brackiella_oedipodis	2
SRR14919236	Streptococcus_henryi	1
SRR14919243	Spiroplasma_culicicola	1
SRR14919236	Bacteroides_cellulosilyticus	94
SRR14919236	Sphingobacterium_wenxiniae	2
SRR14919246	Vibrio_mediterranei	2
SRR14919235	Bacteroides_cellulosilyticus	8
SRR14919244	Mycobacterium_kuopiense	1
SRR14919241	Paraprevotella_clara	13
SRR14919236	Porphyromonas_gingivalis	3
SRR14919244	Acholeplasma_oculi	1
SRR14919239	Clostridium_scindens	48
SRR14919238	Eubacterium_sulci	1
SRR14919235	Luteolibacter_algae	2
SRR14919243	Desulfotomaculum_alcoholivorax	1
SRR14919241	Eubacterium_plexicaudatum	7
SRR14919239	Sufflavibacter_maritimus	1
SRR14919238	Phascolarctobacterium_succinatutens	736
SRR14919236	Bradyrhizobium_japonicum	267
SRR14919237	Bacteroides_clarus	6
SRR14919240	Mitsuokella_jalaludinii	3
SRR14919237	Helicobacter_fennelliae	6
SRR14919243	Treponema_succinifaciens	1
SRR14919240	Mucilaginibacter_lappiensis	1
SRR14919235	Paracoccus_denitrificans	1
SRR14919235	Pseudomonas_chlororaphis	1
SRR14919246	Oceanobacillus_profundus	1
SRR14919235	Acidaminobacter_hydrogenoformans	4
SRR14919244	Clostridium_fimetarium	4
SRR14919245	Desulfotomaculum_arcticum	37
SRR14919240	Bacteroides_intestinalis	26
SRR14919239	Leptotrichia_goodfellowii	1
SRR14919242	Moraxella_caprae	2
SRR14919235	Parvimonas_micra	1
SRR14919245	Altererythrobacter_gangjinensis	1
SRR14919235	Halomonas_zincidurans	1
SRR14919243	Morganella_morganii	1
SRR14919240	Metallosphaera_hakonensis	1
SRR14919237	Kopriimonas_byunsanensis	1
SRR14919235	Thermoanaerobacterium_thermosulfurigenes	1
SRR14919241	Bacillus_drentensis	1
SRR14919242	Coprococcus_comes	533
SRR14919237	Thermogladius_shockii	81
SRR14919235	Fusibacter_paucivorans	4
SRR14919242	Lactobacillus_jensenii	24
SRR14919237	Hassallia_byssoidea	2
SRR14919237	Afipia_broomeae	1
SRR14919237	Thalassospira_xiamenensis	1
SRR14919236	Clostridium_lavalense	3
SRR14919235	Thalassiosira_pseudonana	33
SRR14919236	Anaerovibrio_lipolyticus	3
SRR14919235	Spirochaeta_litoralis	1
SRR14919240	Bacteroides_uniformis	20356
SRR14919239	Acetobacter_pasteurianus	1
SRR14919235	Campylobacter_hyointestinalis	1
SRR14919236	Actinoplanes_ferrugineus	1
SRR14919244	Succinispira_mobilis	1
SRR14919244	Tannerella_forsythia	17
SRR14919235	Clostridium_xylanolyticum	7
SRR14919245	Anoxynatronum_sibiricum	1
SRR14919245	Lactococcus_plantarum	1
SRR14919236	Desulfatibacillum_alkenivorans	1
SRR14919235	Sporolactobacillus_dextrus	2
SRR14919246	Alloprevotella_tannerae	2
SRR14919236	Microcystis_panniformis	70
SRR14919246	Hespellia_stercorisuis	9
SRR14919240	Heliobacterium_gestii	1
SRR14919236	Clostridium_acidurici	2
SRR14919235	Fangia_hongkongensis	2
SRR14919246	Desulfobulbus_mediterraneus	1
SRR14919239	Streptococcus_sobrinus	1
SRR14919239	Lactonifactor_longoviformis	103
SRR14919238	Bacillus_aerius	1
SRR14919244	Caldicoprobacter_guelmensis	2
SRR14919242	Cellulosilyticum_lentocellum	72
SRR14919240	Solitalea_canadensis	1
SRR14919238	Bifidobacterium_stellenboschense	1
SRR14919239	Sporomusa_termitida	1
SRR14919245	Echinicola_vietnamensis	1
SRR14919238	Tetragenococcus_halophilus	2
SRR14919245	Cyanobacterium_stanieri	1
SRR14919244	Spirochaeta_xylanolyticus	1
SRR14919240	Thermanaeromonas_toyohensis	1
SRR14919239	Agrobacterium_rhizogenes	1
SRR14919237	Lactobacillus_amylophilus	3
SRR14919235	Pseudoflavonifractor_capillosus	20
SRR14919246	Bifidobacterium_pseudolongum	2
SRR14919237	Isosphaera_pallida	1
SRR14919235	Clostridium_cellulovorans	1
SRR14919246	Clostridium_tunisiense	3
SRR14919244	Dolichospermum_circinale	1
SRR14919235	Bacillus_mycoides	1
SRR14919245	Bifidobacterium_pseudolongum	1
SRR14919245	Bulleidia_extructa	132
SRR14919241	Paraprevotella_xylaniphila	18
SRR14919239	Enterobacter_aerogenes	1
SRR14919237	Bacillus_aquimaris	1
SRR14919237	Vibrio_aestuarianus	1
SRR14919239	Olsenella_profusa	2
SRR14919241	Atopobium_rimae	1
SRR14919235	Sedimentibacter_hongkongensis	67
SRR14919235	Marinomonas_ostreistagni	1
SRR14919243	Orientia_chuto	9
SRR14919240	Aureibacter_tunicatorum	3
SRR14919243	Tepidanaerobacter_acetatoxydans	1
SRR14919243	Lactobacillus_hayakitensis	2
SRR14919240	Methanosaeta_pelagica	2
SRR14919239	Caloramator_australicus	16
SRR14919245	Oceanistipes_pacificus	1
SRR14919245	Bacteroides_helcogenes	65
SRR14919244	Aglaothamnion_halliae	1
SRR14919246	Fulvivirga_kasyanovii	1
SRR14919243	Rhodopseudomonas_palustris	20
SRR14919242	Lysinibacillus_odysseyi	1
SRR14919240	Sphingobacterium_thalpophilum	3
SRR14919243	Mycoplasma_haemofelis	4
SRR14919240	Volucribacter_psittacicida	9
SRR14919238	Anaerococcus_tetradius	1
SRR14919237	Diphasiastrum_digitatum	1
SRR14919243	Methanomassiliicoccus_luminyensis	1
SRR14919238	Actinomyces_massiliensis	1
SRR14919236	Pseudomonas_pictorum	160
SRR14919245	Clostridium_bifermentans	1
SRR14919236	Desulfocurvus_vexinensis	1
SRR14919245	Methanocalculus_pumilus	9
SRR14919241	Dolichospermum_lemmermannii	1
SRR14919240	Jonesia_denitrificans	1
SRR14919238	Bacteroides_cellulosilyticus	17
SRR14919242	Olivibacter_jilunii	1
SRR14919235	Lactobacillus_pontis	2
SRR14919239	Cylindrospermopsis_raciborskii	1
SRR14919237	Bacteroides_cellulosilyticus	126
SRR14919236	Methylobacterium_oryzae	1
SRR14919236	Parabacteroides_chartae	12
SRR14919241	Enterococcus_faecalis	5
SRR14919238	Solitalea_canadensis	1
SRR14919237	Acinetobacter_baumannii	80
SRR14919237	Lachnobacterium_bovis	510
SRR14919235	Solanum_lycopersicum	1
SRR14919237	Oligella_ureolytica	1
SRR14919246	Leuconostoc_fallax	24
SRR14919238	Shewanella_dokdonensis	1
SRR14919244	Arthrobacter_oxydans	1
SRR14919237	Acholeplasma_brassicae	2
SRR14919245	Alterococcus_agarolyticus	1
SRR14919238	Cyclobacterium_marinum	1
SRR14919246	Nonomuraea_coxensis	2
SRR14919246	Mycoplasma_hyorhinis	50
SRR14919239	Deinococcus_deserti	1
SRR14919244	Clostridium_frigidicarnis	3
SRR14919238	Clostridium_isatidis	4
SRR14919235	Alkaliphilus_halophilus	1
SRR14919238	Ochrobactrum_grignonense	9
SRR14919238	Guggenheimella_bovis	3
SRR14919237	Caloramator_viterbiensis	3
SRR14919240	Peptoniphilus_tyrrelliae	64
SRR14919236	Mucilaginibacter_paludis	3
SRR14919243	Eubacterium_biforme	391
SRR14919242	Fructobacillus_ficulneus	1
SRR14919240	Eubacterium_ventriosum	662
SRR14919239	Parabacteroides_johnsonii	23
SRR14919239	Neisseria_canis	28
SRR14919238	Euglena_viridis	3
SRR14919237	Clostridium_leptum	542
SRR14919237	Bacillus_thermocloaceae	932
SRR14919246	Dolosicoccus_paucivorans	1
SRR14919246	Streptacidiphilus_specus	2
SRR14919246	Bacteroides_vulgatus	516
SRR14919246	Bacillus_algicola	230
SRR14919244	Acetatifactor_muris	8
SRR14919242	Bacteroides_massiliensis	90
SRR14919239	Bacillus_solfatarensis	21
SRR14919236	Weissella_fabaria	3
SRR14919245	Vibrio_campbellii	1
SRR14919240	Lentisphaera_araneosa	1
SRR14919237	Pseudorhodobacter_antarcticus	2
SRR14919245	Bacteroides_coprocola	38
SRR14919243	Enterobacter_hormaechei	16
SRR14919239	Bacillus_litoralis	1
SRR14919237	Chryseobacterium_gleum	1
SRR14919236	Mucilaginibacter_gynuensis	2
SRR14919244	Bacteroides_fragilis	3233
SRR14919242	Prevotella_albensis	1
SRR14919239	Lactobacillus_plantarum	2
SRR14919235	Euglena_mutabilis	12
SRR14919238	Undibacterium_oligocarboniphilum	1
SRR14919235	Acaricomes_phytoseiuli	1
SRR14919245	Natronincola_ferrireducens	1
SRR14919244	Barnesiella_viscericola	17
SRR14919236	Clostridium_cellulolyticum	3
SRR14919242	Planctomyces_maris	2
SRR14919240	Halomonas_aquamarina	1
SRR14919246	Dorea_longicatena	366
SRR14919245	Bacillus_amyloliquefaciens	1
SRR14919239	Paraprevotella_clara	7322
SRR14919237	Natranaerovirga_hydrolytica	6
SRR14919236	Streptomyces_toxytricini	1
SRR14919245	Desulfovibrio_inopinatus	1
SRR14919245	Eubacterium_oxidoreducens	16
SRR14919241	Zavarzinella_formosa	1
SRR14919236	Natronincola_peptidivorans	1
SRR14919236	Adhaeribacter_terreus	42
SRR14919245	Microcoleus_paludosus	1
SRR14919235	Bacillus_mojavensis	2
SRR14919240	Halorubrum_terrestre	50
SRR14919238	Wolbachia_pipientis	2
SRR14919241	Chloroidium_saccharophilum	2
SRR14919238	Dechloromonas_hortensis	1
SRR14919237	Fuchsiella_alkaliacetigena	2
SRR14919240	Erwinia_mallotivora	3
SRR14919236	Bacteroides_rodentium	855
SRR14919236	Pelotomaculum_terephthalicicum	1
SRR14919238	Blautia_wexlerae	180
SRR14919236	Tepidibacter_thalassicus	1
SRR14919245	Cellulosilyticum_lentocellum	2
SRR14919237	Clostridium_lundense	2
SRR14919244	Peptostreptococcus_canis	2
SRR14919238	Lactobacillus_kunkeei	181
SRR14919245	Photobacterium_ganghwense	1
SRR14919244	Cellulosilyticum_lentocellum	1
SRR14919244	Acetobacter_estunensis	20
SRR14919238	Terrimonas_aquatica	2
SRR14919244	Borrelia_turdi	1
SRR14919244	Desulfosporosinus_meridiei	1
SRR14919238	Pseudoxanthomonas_kaohsiungensis	2
SRR14919235	Bilophila_wadsworthia	2
SRR14919237	Mesoplasma_photuris	2
SRR14919240	Haemophilus_haemolyticus	9
SRR14919244	Idiomarina_donghaiensis	1
SRR14919242	Bacteroides_salanitronis	38
SRR14919240	Caloramator_mitchellensis	14
SRR14919244	Emticicia_ginsengisoli	1
SRR14919239	Catonella_morbi	3
SRR14919245	Alishewanella_agri	1
SRR14919242	Treponema_saccharophilum	1
SRR14919240	Bacillus_foraminis	18
SRR14919240	Zymophilus_paucivorans	1
SRR14919245	Riemerella_anatipestifer	1
SRR14919236	Clostridium_psychrophilum	5
SRR14919243	Clostridium_cellulosi	32
SRR14919235	Calditerricola_yamamurae	1
SRR14919245	Actinomyces_ruminicola	1
SRR14919241	Bacteroides_cellulosilyticus	80
SRR14919236	Sporobacterium_olearium	2
SRR14919240	Clostridium_fusiformis	36
SRR14919244	Ureaplasma_canigenitalium	1
SRR14919240	Bacteroides_cellulosilyticus	71
SRR14919238	Kinetoplastibacterium_blastocrithidii	20
SRR14919237	Polycladomyces_abyssicola	1
SRR14919244	Chryseobacterium_treverense	5
SRR14919236	Saccharofermentans_acetigenes	3
SRR14919246	Hymenobacter_antarcticus	1
SRR14919245	Janthinobacterium_lividum	2
SRR14919240	Marinifilum_fragile	1
SRR14919236	Selenomonas_sputigena	3
SRR14919244	Pantoea_agglomerans	2
SRR14919243	Blautia_hydrogenotrophica	44
SRR14919240	Clostridium_xylanovorans	57
SRR14919239	Bacillus_thuringiensis	177
SRR14919246	Rikenella_microfusus	1
SRR14919236	Prevotella_buccae	15
SRR14919244	Cellulomonas_hominis	1
SRR14919236	Lactobacillus_amylolyticus	1
SRR14919238	Aureibacter_tunicatorum	2
SRR14919236	Acidaminococcus_intestini	1
SRR14919236	Pelodictyon_luteolum	1
SRR14919236	Desulfobacter_latus	3
SRR14919243	Thiorhodovibrio_winogradskyi	1
