"Taxon","Prevalence","Mean_Abundance","Max_Abundance","Max_Abundance_Sample","Rank","Detection"
"Bacteroides_vulgatus",12,0.153510378543074,0.496877880030453,"SRR14919241","Species","Detected in all samples"
"Prevotella_copri",11,0.0487528330709805,0.395706560506254,"SRR14919244","Species","Detected in multiple samples"
"Faecalibacterium_prausnitzii",12,0.0447587004530324,0.107687512898158,"SRR14919238","Species","Detected in all samples"
"Bacteroides_dorei",12,0.0385922845883282,0.198864622619179,"SRR14919240","Species","Detected in all samples"
"Bacteroides_stercoris",12,0.0353650490888048,0.337282945852408,"SRR14919246","Species","Detected in all samples"
"Bacteroides_uniformis",12,0.0335930900528612,0.0837295810014826,"SRR14919241","Species","Detected in all samples"
"Eubacterium_rectale",12,0.0331351257574403,0.101985419961978,"SRR14919239","Species","Detected in all samples"
"Ruminococcus_gnavus",12,0.0318012064652665,0.270549270549271,"SRR14919235","Species","Detected in all samples"
"Bacteroides_ovatus",12,0.0247536850459715,0.0901374400619749,"SRR14919241","Species","Detected in all samples"
"Bacteroides_fragilis",12,0.0243960495384624,0.0987533499954832,"SRR14919236","Species","Detected in all samples"
"Ruminococcus_torques",12,0.02266936705971,0.0992655992655993,"SRR14919235","Species","Detected in all samples"
"Alistipes_putredinis",12,0.0216194560522555,0.0739106150823335,"SRR14919246","Species","Detected in all samples"
"Ruminococcus_albus",12,0.0191265388742549,0.177507104636575,"SRR14919237","Species","Detected in all samples"
"Oscillibacter_valericigenes",12,0.0174912312252234,0.103303192004616,"SRR14919238","Species","Detected in all samples"
"Alistipes_massiliensis",12,0.0162032242709257,0.133381437719852,"SRR14919242","Species","Detected in all samples"
"Anaerostipes_hadrus",12,0.0160252729823251,0.0795735795735796,"SRR14919235","Species","Detected in all samples"
"Parabacteroides_distasonis",12,0.014796077525981,0.0991692307692308,"SRR14919243","Species","Detected in all samples"
"Ruminococcus_bromii",12,0.014134495221696,0.0730381404743495,"SRR14919240","Species","Detected in all samples"
"Dialister_invisus",12,0.013659911754739,0.0742599897618116,"SRR14919236","Species","Detected in all samples"
"Eubacterium_ventriosum",12,0.012029353042005,0.0957053871132132,"SRR14919238","Species","Detected in all samples"
"Akkermansia_muciniphila",12,0.0119936370979606,0.0521628054348314,"SRR14919239","Species","Detected in all samples"
"Sporobacter_termitidis",12,0.0117390449893684,0.0632673088019138,"SRR14919238","Species","Detected in all samples"
"Barnesiella_intestinihominis",12,0.011306280054298,0.0499467718704991,"SRR14919245","Species","Detected in all samples"
"Oscillospira_guilliermondii",12,0.0111119324780903,0.0372905204293316,"SRR14919242","Species","Detected in all samples"
"Blautia_luti",12,0.0108375029736395,0.0589455589455589,"SRR14919235","Species","Detected in all samples"
"Bacteroides_intestinalis",12,0.0103633449338205,0.122334161140838,"SRR14919237","Species","Detected in all samples"
"Parasutterella_excrementihominis",11,0.009986368711735,0.077971577971578,"SRR14919235","Species","Detected in multiple samples"
"Eubacterium_hallii",12,0.00778794565407505,0.0266552235156753,"SRR14919239","Species","Detected in all samples"
"Parabacteroides_merdae",12,0.00778320702213869,0.0288192054895625,"SRR14919246","Species","Detected in all samples"
"Bacteroides_plebeius",12,0.00771357494675299,0.0881749685179648,"SRR14919238","Species","Detected in all samples"
"Blautia_faecis",12,0.00751389089946936,0.0264027931619756,"SRR14919238","Species","Detected in all samples"
"Alistipes_finegoldii",12,0.0072598808442875,0.0263905927410909,"SRR14919246","Species","Detected in all samples"
"Alistipes_shahii",12,0.00719885971452499,0.0184664332804724,"SRR14919246","Species","Detected in all samples"
"Roseburia_faecis",12,0.00711700191487352,0.0404640104716238,"SRR14919241","Species","Detected in all samples"
"Bacteroides_acidifaciens",12,0.00598659451209057,0.0254678171205706,"SRR14919241","Species","Detected in all samples"
"Paraprevotella_clara",12,0.00559357605208923,0.0365349207378836,"SRR14919239","Species","Detected in all samples"
"Dorea_longicatena",12,0.0048743391018188,0.015847433524108,"SRR14919239","Species","Detected in all samples"
"Ruminococcus_flavefaciens",12,0.00480889372894771,0.0274388574653487,"SRR14919238","Species","Detected in all samples"
"Clostridium_lactatifermentans",12,0.0045392270005919,0.0414135414135414,"SRR14919235","Species","Detected in all samples"
"Ruminococcus_obeum",12,0.0045019050218614,0.0150390946604727,"SRR14919239","Species","Detected in all samples"
"Eubacterium_siraeum",12,0.0043946449357137,0.018682029766005,"SRR14919245","Species","Detected in all samples"
"Roseburia_inulinivorans",12,0.00439034860308172,0.0135689265604266,"SRR14919244","Species","Detected in all samples"
"Gemmiger_formicilis",12,0.00426974495593878,0.0136664562099756,"SRR14919242","Species","Detected in all samples"
"Bacteroides_xylanolyticus",12,0.00401969732831128,0.0100780661589776,"SRR14919244","Species","Detected in all samples"
"Clostridium_leptum",12,0.00359524974611302,0.0319410319410319,"SRR14919235","Species","Detected in all samples"
"Phascolarctobacterium_faecium",12,0.00348637710226357,0.0266839908855833,"SRR14919237","Species","Detected in all samples"
"Bacteroides_eggerthii",12,0.00318524353458364,0.0241104530190459,"SRR14919239","Species","Detected in all samples"
"Bacteroides_caccae",12,0.00317566079842965,0.0193690593738468,"SRR14919246","Species","Detected in all samples"
"Bacteroides_coprophilus",12,0.00314438361042433,0.031753188469326,"SRR14919245","Species","Detected in all samples"
"Blautia_stercoris",12,0.00284794206748388,0.0102385053719513,"SRR14919238","Species","Detected in all samples"
"Bacteroides_xylanisolvens",12,0.00284543059534649,0.0120068548750789,"SRR14919242","Species","Detected in all samples"
"Clostridium_hylemonae",12,0.0027415724856901,0.0114975114975115,"SRR14919235","Species","Detected in all samples"
"Coprococcus_comes",12,0.00270863607354496,0.016951516951517,"SRR14919235","Species","Detected in all samples"
"Bacteroides_massiliensis",12,0.00268895320143622,0.0166414910776006,"SRR14919237","Species","Detected in all samples"
"Flavonifractor_plautii",12,0.00252777134493301,0.00909615384615385,"SRR14919243","Species","Detected in all samples"
"Cellulosilyticum_ruminicola",12,0.00241319666407318,0.0249914314061514,"SRR14919242","Species","Detected in all samples"
"Clostridium_sporosphaeroides",12,0.00236952844207905,0.00897300897300897,"SRR14919235","Species","Detected in all samples"
"Eubacterium_desmolans",12,0.00231744288214738,0.00634050634050634,"SRR14919235","Species","Detected in all samples"
"Eubacterium_ramulus",12,0.00230567713979492,0.0127755127755128,"SRR14919235","Species","Detected in all samples"
"Clostridium_scindens",12,0.00199702318620161,0.0205425205425205,"SRR14919235","Species","Detected in all samples"
"Coprococcus_eutactus",12,0.00186074571008832,0.0158020864481947,"SRR14919238","Species","Detected in all samples"
"Clostridium_viride",12,0.00181208262809886,0.0166846153846154,"SRR14919243","Species","Detected in all samples"
"Blautia_glucerasea",12,0.00175735514972686,0.011047511047511,"SRR14919235","Species","Detected in all samples"
"Eubacterium_coprostanoligenes",11,0.00174930361426716,0.00737879942890114,"SRR14919238","Species","Detected in multiple samples"
"Bacillus_cereus",12,0.00167109509342802,0.00207573436587812,"SRR14919239","Species","Detected in all samples"
"Fusicatenibacter_saccharivorans",12,0.00166417988553025,0.00581627968682219,"SRR14919238","Species","Detected in all samples"
"Papillibacter_cinnamivorans",12,0.00166389529396374,0.00937043959138739,"SRR14919237","Species","Detected in all samples"
"Eubacterium_eligens",12,0.00165476497496544,0.00502640532698771,"SRR14919245","Species","Detected in all samples"
"Butyrivibrio_crossotus",12,0.00165003428806465,0.00568350568350568,"SRR14919235","Species","Detected in all samples"
"Anaerotruncus_colihominis",12,0.00162946843928501,0.00834634783276582,"SRR14919237","Species","Detected in all samples"
"Clostridium_bartlettii",12,0.00158353418323079,0.00705983256099747,"SRR14919237","Species","Detected in all samples"
"Butyrivibrio_fibrisolvens",12,0.00158156271713063,0.00486444825364202,"SRR14919238","Species","Detected in all samples"
"Parabacteroides_gordonii",12,0.00157386609130473,0.0019725110855123,"SRR14919240","Species","Detected in all samples"
"Alistipes_indistinctus",11,0.00155877813181446,0.00584465735696245,"SRR14919245","Species","Detected in multiple samples"
"Roseburia_hominis",11,0.00142648642004441,0.00669124948231384,"SRR14919239","Species","Detected in multiple samples"
"Streptomyces_chattanoogensis",12,0.00142014511400637,0.00170992726491659,"SRR14919238","Species","Detected in all samples"
"Clostridium_perfringens",12,0.00140839066188133,0.00177634960156878,"SRR14919239","Species","Detected in all samples"
"Bacteroides_cellulosilyticus",12,0.00140294678609501,0.00744796585651607,"SRR14919244","Species","Detected in all samples"
"Bacteroides_rodentium",12,0.00139135072732069,0.00437096875195692,"SRR14919245","Species","Detected in all samples"
"Bacteroides_finegoldii",12,0.00137589548515854,0.00460804872510652,"SRR14919241","Species","Detected in all samples"
"Buchnera_aphidicola",12,0.00134985753325609,0.00179630858585607,"SRR14919239","Species","Detected in all samples"
"Ruminococcus_lactaris",12,0.00134087466734547,0.00601422693177559,"SRR14919238","Species","Detected in all samples"
"Eubacterium_xylanophilum",12,0.00132818139008543,0.0123360843287939,"SRR14919240","Species","Detected in all samples"
"Bacteroides_nordii",12,0.00125984128041718,0.0030618648315132,"SRR14919238","Species","Detected in all samples"
"Roseburia_intestinalis",12,0.00124676471116453,0.00543950099507139,"SRR14919241","Species","Detected in all samples"
"Bacteroides_thetaiotaomicron",12,0.00123380016449699,0.00402883546331608,"SRR14919244","Species","Detected in all samples"
"Thiomargarita_namibiensis",12,0.00123154381344722,0.00156179052048041,"SRR14919239","Species","Detected in all samples"
"Bacillus_algicola",12,0.00119390474351097,0.00155181102833677,"SRR14919239","Species","Detected in all samples"
"Dorea_formicigenerans",12,0.00116004179778699,0.00405167381031979,"SRR14919239","Species","Detected in all samples"
"Desulfotalea_psychrophila",12,0.00113862010843349,0.00141708788439756,"SRR14919239","Species","Detected in all samples"
"Collinsella_aerofaciens",10,0.00113124951287056,0.00252277446227841,"SRR14919238","Species","Detected in multiple samples"
"Butyricimonas_virosa",12,0.0011077951294302,0.00938902456843468,"SRR14919245","Species","Detected in all samples"
"Clostridium_hathewayi",12,0.00107293128225817,0.00400177634960157,"SRR14919239","Species","Detected in all samples"
"Ruminococcus_callidus",12,0.00106663238146676,0.00361838041611375,"SRR14919244","Species","Detected in all samples"
"Microcystis_aeruginosa",12,0.00105527328065455,0.00141209813832574,"SRR14919239","Species","Detected in all samples"
"Pediococcus_parvulus",12,0.00104099479518732,0.00137218016975116,"SRR14919239","Species","Detected in all samples"
"Thermogymnomonas_acidicola",12,0.00103506042176144,0.00132727245510476,"SRR14919239","Species","Detected in all samples"
"Clostridium_methylpentosum",12,0.0010077866805703,0.00369080905565076,"SRR14919242","Species","Detected in all samples"
"Alistipes_senegalensis",12,0.000981376000881366,0.00406538461538462,"SRR14919243","Species","Detected in all samples"
"Parasporobacterium_paucivorans",12,0.000965787712515498,0.00470641145003235,"SRR14919240","Species","Detected in all samples"
"Helicobacter_pylori",12,0.00094793409171724,0.00112038629657099,"SRR14919240","Species","Detected in all samples"
"Ruminococcus_champanellensis",11,0.000943126106381405,0.00628209030442441,"SRR14919239","Species","Detected in multiple samples"
"Sphingomonas_kaistensis",12,0.000930487639439964,0.00117167158479431,"SRR14919240","Species","Detected in all samples"
"Clostridium_symbiosum",12,0.000925199654760667,0.00380619711523984,"SRR14919236","Species","Detected in all samples"
"Eubacterium_ruminantium",12,0.000830505622050209,0.00331923076923077,"SRR14919243","Species","Detected in all samples"
"Odoribacter_splanchnicus",12,0.000822149884014269,0.00313524119648486,"SRR14919245","Species","Detected in all samples"
"Clostridium_glycyrrhizinilyticum",12,0.000815192517879646,0.00443250443250443,"SRR14919235","Species","Detected in all samples"
"Coprobacter_fastidiosus",12,0.000810457723018594,0.00184620604657429,"SRR14919239","Species","Detected in all samples"
"Haemophilus_parasuis",12,0.000798818811698568,0.000997949214364481,"SRR14919239","Species","Detected in all samples"
"Cenarchaeum_symbiosum",12,0.000764855782762388,0.00108776464365728,"SRR14919239","Species","Detected in all samples"
"Coprobacillus_cateniformis",11,0.000764121903412295,0.00894896419078657,"SRR14919241","Species","Detected in multiple samples"
"Lachnobacterium_bovis",12,0.000762994746432041,0.00326429248060626,"SRR14919237","Species","Detected in all samples"
"Bacillus_thuringiensis",12,0.00074139150682859,0.000951549278809961,"SRR14919236","Species","Detected in all samples"
"Acetanaerobacterium_elongatum",11,0.000741216392039903,0.00389284747902949,"SRR14919242","Species","Detected in multiple samples"
"Clostridium_straminisolvens",12,0.000738437366589005,0.00701654648275037,"SRR14919246","Species","Detected in all samples"
"Acetivibrio_ethanolgignens",12,0.00071929351115447,0.00377550377550378,"SRR14919235","Species","Detected in all samples"
"Streptomyces_phaeochromogenes",12,0.000718066436590008,0.000919190165848732,"SRR14919240","Species","Detected in all samples"
"Methanocella_conradii",12,0.000716608636497746,0.000948051753646257,"SRR14919239","Species","Detected in all samples"
"Coprococcus_catus",11,0.00070678877048374,0.00158778960313683,"SRR14919238","Species","Detected in multiple samples"
"Bacillus_thermocloaceae",7,0.000705908698500158,0.00596533449397066,"SRR14919237","Species","Detected in multiple samples"
"Bacteroides_faecichinchillae",12,0.000702421312551187,0.0025674744818085,"SRR14919245","Species","Detected in all samples"
"Bradyrhizobium_japonicum",12,0.000699372167339595,0.000844234744599265,"SRR14919240","Species","Detected in all samples"
"Eutreptia_viridis",12,0.000683267646455207,0.000853246578281631,"SRR14919239","Species","Detected in all samples"
"Paenibacillus_hordei",12,0.000645088609737818,0.000832399678086191,"SRR14919240","Species","Detected in all samples"
"Trichococcus_collinsii",12,0.000641883190531483,0.00078900443420492,"SRR14919240","Species","Detected in all samples"
"Lactobacillus_kunkeei",12,0.000638204605659808,0.000828297847922519,"SRR14919239","Species","Detected in all samples"
"Peptoclostridium_difficile",12,0.000636748273918035,0.00329350522454377,"SRR14919238","Species","Detected in all samples"
"Agrobacterium_vitis",12,0.000635741344945925,0.000878195308640743,"SRR14919239","Species","Detected in all samples"
"Paenibacillus_chinjuensis",6,0.000635437146080442,0.00563890524591003,"SRR14919237","Species","Detected in multiple samples"
"Eubacterium_cylindroides",11,0.000607909532440885,0.00550800550800551,"SRR14919235","Species","Detected in multiple samples"
"Megasphaera_hominis",10,0.000594918581861027,0.00290748134004513,"SRR14919240","Species","Detected in multiple samples"
"Intestinimonas_butyriciproducens",12,0.000587550128228268,0.000972340111819113,"SRR14919244","Species","Detected in all samples"
"Gemella_asaccharolytica",12,0.00055629265554963,0.00078837987934794,"SRR14919239","Species","Detected in all samples"
"Clostridium_estertheticum",12,0.000538226860373167,0.000958031245789902,"SRR14919239","Species","Detected in all samples"
"Acetitomaculum_ruminis",12,0.00053308159462021,0.00186205046472361,"SRR14919240","Species","Detected in all samples"
"Prevotella_melaninogenica",12,0.000527781516241556,0.000713533688270604,"SRR14919239","Species","Detected in all samples"
"Clostridium_ruminantium",12,0.000524325034945304,0.00376099765411457,"SRR14919238","Species","Detected in all samples"
"Oribacterium_sinus",12,0.00052324317954345,0.00249769597563745,"SRR14919241","Species","Detected in all samples"
"Thermogladius_shockii",12,0.000484995005056582,0.000553861813972287,"SRR14919239","Species","Detected in all samples"
"Acinetobacter_baumannii",12,0.000479390217163364,0.000603759274690511,"SRR14919239","Species","Detected in all samples"
"Mycoplasma_buccale",12,0.000471503948565804,0.000613738766834156,"SRR14919239","Species","Detected in all samples"
"Eubacterium_biforme",5,0.000464316999268524,0.0032732734231155,"SRR14919239","Species","Detected in multiple samples"
"Bradyrhizobium_elkanii",12,0.000463872308218512,0.000578810544331399,"SRR14919239","Species","Detected in all samples"
"Desulfovibrio_halophilus",12,0.000463003011400359,0.00054751365625408,"SRR14919238","Species","Detected in all samples"
"Xylella_fastidiosa",12,0.000460274946700187,0.000668625973624202,"SRR14919239","Species","Detected in all samples"
"Methanoculleus_bourgensis",12,0.000456318510036492,0.000558000558000558,"SRR14919235","Species","Detected in all samples"
"Sutterella_stercoricanis",5,0.000453615818032498,0.00284718308389171,"SRR14919245","Species","Detected in multiple samples"
"Clostridium_ramosum",10,0.000445819543648268,0.00206100206100206,"SRR14919235","Species","Detected in multiple samples"
"Arcicella_rigui",12,0.000434992833993444,0.000548872067900464,"SRR14919239","Species","Detected in all samples"
"Bacteroides_salyersiae",12,0.0004325276518129,0.00248489354376756,"SRR14919239","Species","Detected in all samples"
"Syntrophothermus_lipocalidus",12,0.000431778613502546,0.000618728512905978,"SRR14919239","Species","Detected in all samples"
"Subdoligranulum_variabile",12,0.000428306629000707,0.000972442476287364,"SRR14919246","Species","Detected in all samples"
"Blautia_schinkii",12,0.000426306214000797,0.00204264710217868,"SRR14919238","Species","Detected in all samples"
"Alloprevotella_rava",7,0.000424182232819813,0.00503461538461538,"SRR14919243","Species","Detected in multiple samples"
"Chrysodidymus_synuroideus",12,0.000421303777087413,0.000572028214798567,"SRR14919240","Species","Detected in all samples"
"Lactococcus_lactis",12,0.000419872266332003,0.000568083192627543,"SRR14919240","Species","Detected in all samples"
"Lactobacillus_reuteri",12,0.000417129075108849,0.000568831052187754,"SRR14919239","Species","Detected in all samples"
"Alkaliphilus_crotonatoxidans",10,0.00041593017693378,0.00358556995102879,"SRR14919246","Species","Detected in multiple samples"
"Marvinbryantia_formatexigens",12,0.000411600207571538,0.00145722865433778,"SRR14919238","Species","Detected in all samples"
"Eubacterium_rangiferina",12,0.000389611482477561,0.00129521060701723,"SRR14919242","Species","Detected in all samples"
"Eubacterium_plexicaudatum",12,0.000389236849625071,0.00161294451982898,"SRR14919237","Species","Detected in all samples"
"Enterococcus_cecorum",12,0.000386153013759901,0.000548872067900464,"SRR14919239","Species","Detected in all samples"
"Selenomonas_ruminantium",12,0.000386137688129573,0.000844875700862797,"SRR14919237","Species","Detected in all samples"
"Natranaerovirga_pectinivora",12,0.000381313803514823,0.00206098466422591,"SRR14919237","Species","Detected in all samples"
"Pseudomonas_pictorum",12,0.000377219106043231,0.000481797103194917,"SRR14919236","Species","Detected in all samples"
"Clostridium_spiroforme",10,0.000375540175878022,0.00217552088031027,"SRR14919242","Species","Detected in multiple samples"
"Thalassomonas_actiniarum",12,0.000368420669709092,0.000484005368966773,"SRR14919239","Species","Detected in all samples"
"Blautia_hydrogenotrophica",12,0.000362277751718166,0.000968358065420935,"SRR14919241","Species","Detected in all samples"
"Acetivibrio_cellulolyticus",12,0.00036167728244984,0.00126000126000126,"SRR14919235","Species","Detected in all samples"
"Anaerococcus_senegalensis",12,0.000357782530296317,0.000513943845397708,"SRR14919239","Species","Detected in all samples"
"Ruegeria_mobilis",12,0.000357056667273506,0.00049897460718224,"SRR14919239","Species","Detected in all samples"
"Clostridium_sulfidigenes",11,0.000353092744175572,0.00330269592155457,"SRR14919237","Species","Detected in multiple samples"
"Eggerthella_lenta",12,0.000347961502274045,0.00266850266850267,"SRR14919235","Species","Detected in all samples"
"Hespellia_porcina",12,0.000343360365934804,0.00074560919032365,"SRR14919240","Species","Detected in all samples"
"Lachnospira_pectinoschiza",12,0.000341998749747371,0.00237095832478579,"SRR14919240","Species","Detected in all samples"
"Streptococcus_sanguinis",12,0.000339244053025114,0.000536523015259346,"SRR14919240","Species","Detected in all samples"
"Mycoplasma_hyorhinis",12,0.000334292375129198,0.000439097654320372,"SRR14919239","Species","Detected in all samples"
"Catenibacterium_mitsuokai",12,0.000331543701267272,0.00157177001262406,"SRR14919239","Species","Detected in all samples"
"Actinobacillus_scotiae",12,0.000329909079559341,0.000419138670033082,"SRR14919239","Species","Detected in all samples"
"Thermoanaerobacterium_xylanolyticum",12,0.000328223641190143,0.000418172350128608,"SRR14919240","Species","Detected in all samples"
"Clostridium_oroticum",12,0.000327060003366785,0.00126450126450126,"SRR14919235","Species","Detected in all samples"
"Lactobacillus_parabuchneri",12,0.000322458437439935,0.000434107908248549,"SRR14919239","Species","Detected in all samples"
"Anaerosporobacter_mobilis",12,0.000322207742697275,0.00173636618627202,"SRR14919241","Species","Detected in all samples"
"Acidaminococcus_intestini",9,0.000320951890739702,0.00238838279065572,"SRR14919242","Species","Detected in multiple samples"
"Sedimentibacter_hongkongensis",12,0.000320631617803491,0.000409159177889437,"SRR14919239","Species","Detected in all samples"
"Sphingobacterium_mizutaii",12,0.000316757177917826,0.000434107908248549,"SRR14919239","Species","Detected in all samples"
"Peptococcus_niger",12,0.000313931509254954,0.00151538461538462,"SRR14919243","Species","Detected in all samples"
"Fontibacter_flavus",12,0.000311695694314323,0.000384210447530325,"SRR14919239","Species","Detected in all samples"
"Phascolarctobacterium_succinatutens",9,0.000304008267673302,0.00309976962310002,"SRR14919238","Species","Detected in multiple samples"
"Paenibacillus_pabuli",12,0.000299828531400934,0.00044578750532578,"SRR14919240","Species","Detected in all samples"
"Lactonifactor_longoviformis",12,0.000298034528043164,0.00119250119250119,"SRR14919235","Species","Detected in all samples"
"Methylomonas_scandinavica",12,0.000295823218056807,0.000379220701458503,"SRR14919239","Species","Detected in all samples"
"Desulfovibrio_fairfieldensis",12,0.000291566853792795,0.00150291189179034,"SRR14919245","Species","Detected in all samples"
"Clostridium_cocleatum",10,0.000280628215517324,0.00130232372474565,"SRR14919239","Species","Detected in multiple samples"
"Prevotella_bryantii",12,0.000276828612705284,0.000349566411300682,"SRR14919238","Species","Detected in all samples"
"Clostridium_disporicum",12,0.000275917163976379,0.00113970818460768,"SRR14919245","Species","Detected in all samples"
"Bacteroides_barnesiae",12,0.000272114145170085,0.00064741485741817,"SRR14919236","Species","Detected in all samples"
"Desulfovibrio_bastinii",12,0.000271304399189457,0.000344292478955746,"SRR14919239","Species","Detected in all samples"
"Roseburia_cecicola",10,0.000270576774213304,0.00167292203715824,"SRR14919241","Species","Detected in multiple samples"
"Denitrobacterium_detoxificans",10,0.00026942419138703,0.00208415523967785,"SRR14919244","Species","Detected in multiple samples"
"Clostridium_thermocellum",12,0.000262360615935573,0.000898154292928033,"SRR14919239","Species","Detected in all samples"
"Bacillus_pumilus",12,0.000261485738715336,0.000377633835991705,"SRR14919237","Species","Detected in all samples"
"Trachelium_caeruleum",12,0.00026116785620915,0.000389200193602148,"SRR14919239","Species","Detected in all samples"
"Clostridium_indolis",12,0.000258617400409348,0.00106650106650107,"SRR14919235","Species","Detected in all samples"
"Peptoniphilus_tyrrelliae",12,0.000249221078097779,0.000322201812761601,"SRR14919236","Species","Detected in all samples"
"Peptoniphilus_lacrimalis",12,0.00024783413747596,0.000349282225027568,"SRR14919239","Species","Detected in all samples"
"Eubacterium_pyruvativorans",11,0.000244632045725647,0.00279065004224378,"SRR14919237","Species","Detected in multiple samples"
"Reclinomonas_americana",12,0.000244033571000089,0.000324333494668456,"SRR14919239","Species","Detected in all samples"
"Pyrobaculum_aerophilum",12,0.000243696542764218,0.000334312986812101,"SRR14919239","Species","Detected in all samples"
"Oscillatoria_miniata",12,0.000242538092346716,0.000280044566232046,"SRR14919236","Species","Detected in all samples"
"Leptospira_biflexa",12,0.000238345941468715,0.000319546795852993,"SRR14919240","Species","Detected in all samples"
"Pseudomonas_alcaligenes",12,0.000235593527448154,0.00037423095538668,"SRR14919239","Species","Detected in all samples"
"Francisella_noatunensis",12,0.000230828901626673,0.000309364256452989,"SRR14919239","Species","Detected in all samples"
"Clostridium_nexile",12,0.000228022509876864,0.000806472259914488,"SRR14919237","Species","Detected in all samples"
"Thermotalea_metallivorans",12,0.000227625877657314,0.00158734222586344,"SRR14919237","Species","Detected in all samples"
"Blautia_wexlerae",12,0.0002260680129946,0.000758095831736419,"SRR14919238","Species","Detected in all samples"
"Winogradskyella_epiphytica",12,0.000225404906828266,0.000274500274500275,"SRR14919235","Species","Detected in all samples"
"Taylorella_equigenitalis",12,0.00022412580406278,0.000328508193752448,"SRR14919238","Species","Detected in all samples"
"Treponema_lecithinolyticum",12,0.000223247553594876,0.000369241209314858,"SRR14919239","Species","Detected in all samples"
"Bryopsis_hypnoides",12,0.000218432739693342,0.000266979345179038,"SRR14919242","Species","Detected in all samples"
"Coprothermobacter_platensis",12,0.000217887506924745,0.000284415526093877,"SRR14919239","Species","Detected in all samples"
"Microcystis_panniformis",12,0.000215179123472075,0.00026944628787841,"SRR14919239","Species","Detected in all samples"
"Clostridium_citroniae",12,0.000214773813117265,0.00129150129150129,"SRR14919235","Species","Detected in all samples"
"Bacillus_firmus",12,0.000214522492416022,0.000282180115146334,"SRR14919238","Species","Detected in all samples"
"Desulfovibrio_desulfuricans",12,0.000214076795555232,0.000430007416641682,"SRR14919240","Species","Detected in all samples"
"Lutispora_thermophila",12,0.000213446886355012,0.000703526652836656,"SRR14919242","Species","Detected in all samples"
"Streptococcus_thermophilus",12,0.000207854749596605,0.00179893010998722,"SRR14919240","Species","Detected in all samples"
"Treponema_phagedenis",12,0.000207027119080144,0.000252548029223415,"SRR14919242","Species","Detected in all samples"
"Vibrio_harveyi",12,0.000206760983043858,0.000274436033950232,"SRR14919239","Species","Detected in all samples"
"Bacteroides_helcogenes",12,0.000203491002787599,0.000385437682555934,"SRR14919236","Species","Detected in all samples"
"Clostridium_limosum",12,0.000201667544051977,0.000279425780022055,"SRR14919239","Species","Detected in all samples"
"Clostridium_celerecrescens",12,0.00019972162182541,0.00156150156150156,"SRR14919235","Species","Detected in all samples"
"Thalassiosira_pseudonana",12,0.000197508846897542,0.000329323240740279,"SRR14919239","Species","Detected in all samples"
"Treponema_denticola",12,0.000196465193871739,0.000274436033950232,"SRR14919239","Species","Detected in all samples"
"Lysobacter_enzymogenes",12,0.000196073878042131,0.000281410661134662,"SRR14919242","Species","Detected in all samples"
"Pasteurella_multocida",12,0.000195887579801892,0.000280096574142747,"SRR14919240","Species","Detected in all samples"
"Methanobrevibacter_smithii",5,0.000194877860339456,0.000928505106778087,"SRR14919244","Species","Detected in multiple samples"
"Clostridium_clariflavum",12,0.000191066532895667,0.000684615384615385,"SRR14919243","Species","Detected in all samples"
"Turicibacter_sanguinis",12,0.00019023481580983,0.000426062394470657,"SRR14919240","Species","Detected in all samples"
"Desulfitobacterium_hafniense",12,0.000187042124842817,0.000244497557519298,"SRR14919239","Species","Detected in all samples"
"Bifidobacterium_bifidum",5,0.000185758418100019,0.00106430955172725,"SRR14919242","Species","Detected in multiple samples"
"Bilophila_wadsworthia",12,0.000185283748820852,0.00111770312008822,"SRR14919239","Species","Detected in all samples"
"Blattabacterium_relictus",12,0.000185202386768744,0.000239507811447475,"SRR14919239","Species","Detected in all samples"
"Dialister_micraerophilus",10,0.000185154790214869,0.00117000117000117,"SRR14919235","Species","Detected in multiple samples"
"Klebsiella_pneumoniae",12,0.000184189775988225,0.000239507811447475,"SRR14919239","Species","Detected in all samples"
"Neisseria_animalis",12,0.000182792488475676,0.000248486967069159,"SRR14919238","Species","Detected in all samples"
"Eubacterium_oxidoreducens",12,0.000182560682306736,0.00041414892396126,"SRR14919239","Species","Detected in all samples"
"Clostridium_innocuum",12,0.000180789198985092,0.000824509633744142,"SRR14919240","Species","Detected in all samples"
"Halorubrum_terrestre",12,0.000180068697757747,0.000231640393030572,"SRR14919238","Species","Detected in all samples"
"Parabacteroides_johnsonii",12,0.000179746013087771,0.000922573631349551,"SRR14919246","Species","Detected in all samples"
"Anaerostipes_butyraticus",12,0.00017922549518766,0.00085950085950086,"SRR14919235","Species","Detected in all samples"
"Aeromonas_veronii",12,0.000178658321301805,0.000230420645689854,"SRR14919237","Species","Detected in all samples"
"Blautia_producta",12,0.000177621267751793,0.00042958763798397,"SRR14919238","Species","Detected in all samples"
"Clostridium_polysaccharolyticum",12,0.000175035437610044,0.000457622571838854,"SRR14919240","Species","Detected in all samples"
"Aureispira_maritima",12,0.000173862570340753,0.000240898551597459,"SRR14919236","Species","Detected in all samples"
"Calochaete_cimrmanii",12,0.000172366264241245,0.000214559081088363,"SRR14919239","Species","Detected in all samples"
"Robinsoniella_peoriensis",12,0.00017034962238802,0.000400776504477425,"SRR14919245","Species","Detected in all samples"
"Mycoplasma_felis",12,0.000168371465426639,0.000234518065375653,"SRR14919239","Species","Detected in all samples"
"Clostridium_aldenense",12,0.000167371689574005,0.000909392032280406,"SRR14919236","Species","Detected in all samples"
"Holdemania_filiformis",11,0.000167284731258327,0.000571500571500572,"SRR14919235","Species","Detected in multiple samples"
"Hydrogenoanaerobacterium_saccharovorans",12,0.000162739180452273,0.000458194281591053,"SRR14919242","Species","Detected in all samples"
"Sutterella_wadsworthensis",7,0.000159134570469372,0.00120874168726862,"SRR14919238","Species","Detected in multiple samples"
"Gracilibacter_thermotolerans",12,0.000158887656826933,0.000353567240912781,"SRR14919242","Species","Detected in all samples"
"Desulfotomaculum_arcticum",12,0.00015796317358224,0.000228811285919427,"SRR14919240","Species","Detected in all samples"
"Methanolobus_tindarius",12,0.000157426173528431,0.000225842392122617,"SRR14919236","Species","Detected in all samples"
"Bifidobacterium_longum",12,0.000157086689843528,0.000997949214364481,"SRR14919239","Species","Detected in all samples"
"Pseudoflavonifractor_capillosus",12,0.000156463228156508,0.000284415526093877,"SRR14919239","Species","Detected in all samples"
"Leuconostoc_fallax",12,0.000155542444989176,0.000254477049662943,"SRR14919239","Species","Detected in all samples"
"Parabacteroides_chinchillae",12,0.0001547339226666,0.000352314131711283,"SRR14919236","Species","Detected in all samples"
"Sphingobacterium_daejeonense",12,0.000149985899092704,0.000216976219406353,"SRR14919240","Species","Detected in all samples"
"Clostridium_fimetarium",11,0.0001498412852115,0.00072966537801787,"SRR14919237","Species","Detected in multiple samples"
"Bacteroides_coprocola",12,0.000146568339398968,0.000225842392122617,"SRR14919236","Species","Detected in all samples"
"Cyanoptyche_gloeocystis",12,0.000146267117094805,0.000194600096801074,"SRR14919239","Species","Detected in all samples"
"Bacteroides_paurosaccharolyticus",12,0.000144554258275694,0.000301123189496823,"SRR14919236","Species","Detected in all samples"
"Lysinibacillus_cresolivorans",12,0.000142244675584248,0.000204579588944719,"SRR14919239","Species","Detected in all samples"
"Methylobacterium_fujisawaense",12,0.000140756215308071,0.000172677383895518,"SRR14919238","Species","Detected in all samples"
"Clostridium_cellulosi",12,0.000140389492772199,0.000345630968534781,"SRR14919237","Species","Detected in all samples"
"Pseudoalteromonas_ruthenica",12,0.000139721046657536,0.000234518065375653,"SRR14919239","Species","Detected in all samples"
"Bacteroides_salanitronis",12,0.000138922547002459,0.000304134421391791,"SRR14919236","Species","Detected in all samples"
"Sporocytophaga_myxococcoides",12,0.000137982121910072,0.000175500175500175,"SRR14919235","Species","Detected in all samples"
"Desulfotomaculum_peckii",7,0.000135541397388339,0.000683595211839669,"SRR14919239","Species","Detected in multiple samples"
"Beijerinckia_derxii",12,0.000135229701796628,0.000173175791467484,"SRR14919242","Species","Detected in all samples"
"Phytophthora_infestans",12,0.000134652735240037,0.000224538573232008,"SRR14919239","Species","Detected in all samples"
"Altererythrobacter_indicus",12,0.000129687240623989,0.000166414910776006,"SRR14919237","Species","Detected in all samples"
"Rhodopseudomonas_palustris",12,0.000128185558965314,0.00024948730359112,"SRR14919239","Species","Detected in all samples"
"Eubacterium_contortum",12,0.000126536225593924,0.00036000036000036,"SRR14919235","Species","Detected in all samples"
"Bacteroides_oleiciplenus",12,0.000125877760823087,0.000355325363606251,"SRR14919236","Species","Detected in all samples"
"Bacteroides_fluxus",12,0.000125738167691654,0.000246310560043417,"SRR14919245","Species","Detected in all samples"
"Clostridium_acidisoli",12,0.000125687975230146,0.000207000207000207,"SRR14919235","Species","Detected in all samples"
"Olivibacter_ginsengisoli",12,0.00012565184596306,0.000169567962478579,"SRR14919242","Species","Detected in all samples"
"Sporomusa_ovata",12,0.000125015604557526,0.000184620604657429,"SRR14919239","Species","Detected in all samples"
"Novispirillum_itersonii",4,0.000124511462974854,0.00114728961847208,"SRR14919242","Species","Detected in multiple samples"
"Syntrophococcus_sucromutans",12,0.000124241263637036,0.000446434212022558,"SRR14919238","Species","Detected in all samples"
"Eubacterium_brachy",9,0.00012322420744517,0.000379220701458503,"SRR14919239","Species","Detected in multiple samples"
"Enhygromyxa_salina",12,0.000123214065050283,0.00015357282664338,"SRR14919236","Species","Detected in all samples"
"Acidaminobacter_hydrogenoformans",11,0.000122771961923846,0.000352031542026166,"SRR14919237","Species","Detected in multiple samples"
"Streptococcus_intermedius",12,0.000122288081464673,0.000224866263748402,"SRR14919240","Species","Detected in all samples"
"Prevotella_oris",8,0.000121370424351718,0.00100237115529593,"SRR14919238","Species","Detected in multiple samples"
"Acetobacter_estunensis",12,0.000120813390590198,0.000229528319303831,"SRR14919239","Species","Detected in all samples"
"Dialister_succinatiphilus",11,0.000120000700535157,0.000621000621000621,"SRR14919235","Species","Detected in multiple samples"
"Clostridium_clostridioforme",12,0.000118608314834086,0.000436500436500436,"SRR14919235","Species","Detected in all samples"
"Campylobacter_rectus",12,0.000115547816658356,0.000166500166500167,"SRR14919235","Species","Detected in all samples"
"Clostridium_colinum",12,0.00011522079672007,0.001035446919816,"SRR14919242","Species","Detected in all samples"
"Clostridium_fusiformis",12,0.00011513619595625,0.00031050031050031,"SRR14919235","Species","Detected in all samples"
"Solobacterium_moorei",12,0.000115106618737135,0.000613689022481057,"SRR14919245","Species","Detected in all samples"
"Adhaeribacter_terreus",12,0.000114843700647778,0.000179630858585607,"SRR14919239","Species","Detected in all samples"
"Porphyromonas_catoniae",12,0.000112456491827051,0.000223076923076923,"SRR14919243","Species","Detected in all samples"
"Prevotella_denticola",3,0.000111565983895266,0.000985524581257344,"SRR14919238","Species","Detected in multiple samples"
"Butyricicoccus_pullicaecorum",12,0.000111491133525456,0.000642193560025255,"SRR14919242","Species","Detected in all samples"
"Clostridium_botulinum",12,0.000111237190149434,0.000626923076923077,"SRR14919243","Species","Detected in all samples"
"Clostridium_gasigenes",12,0.00011123019399447,0.000199589842872896,"SRR14919239","Species","Detected in all samples"
"Cytophaga_xylanolytica",12,0.000110789635643865,0.000479841255524488,"SRR14919242","Species","Detected in all samples"
"Bacteroides_heparinolyticus",12,0.000107468167423032,0.000269291762664193,"SRR14919246","Species","Detected in all samples"
"Methanosphaerula_palustris",12,0.000106089608971825,0.000149692382154672,"SRR14919239","Species","Detected in all samples"
"Gordonibacter_pamelaeae",9,0.000105878621708341,0.000334312986812101,"SRR14919239","Species","Detected in multiple samples"
"Pediococcus_acidilactici",12,0.000104136011184833,0.000138075775985861,"SRR14919240","Species","Detected in all samples"
"Parabacteroides_goldsteinii",12,0.000103921223813946,0.000284415526093877,"SRR14919239","Species","Detected in all samples"
"Odoribacter_laneus",12,0.000102625277527096,0.000168628986118221,"SRR14919236","Species","Detected in all samples"
"Dysgonomonas_hofstadii",12,0.000101740563126968,0.000153855864669959,"SRR14919240","Species","Detected in all samples"
"Thermoanaerobacterium_saccharolyticum",12,0.000101093703713274,0.000140705330567331,"SRR14919242","Species","Detected in all samples"
"Defluviitalea_saccharophila",11,9.99914587954568e-05,0.000202038423378732,"SRR14919242","Species","Detected in multiple samples"
"Actinobacillus_pleuropneumoniae",12,9.97837913243386e-05,0.00014319587932799,"SRR14919238","Species","Detected in all samples"
"Polaromonas_vacuolata",12,9.84187254127871e-05,0.000121500121500121,"SRR14919235","Species","Detected in all samples"
"Methanococcoides_methylutens",12,9.82364827045134e-05,0.000169651366441962,"SRR14919239","Species","Detected in all samples"
"Caedibacter_caryophilus",12,9.41830299690649e-05,0.000121610896336312,"SRR14919237","Species","Detected in all samples"
"Clostridium_algidixylanolyticum",12,9.33252136363554e-05,0.000198430594389826,"SRR14919242","Species","Detected in all samples"
"Sedimentibacter_hydroxybenzoicus",12,9.24084114890178e-05,0.000198430594389826,"SRR14919242","Species","Detected in all samples"
"Pseudomonas_stutzeri",12,9.16784967867353e-05,0.00013550543527357,"SRR14919236","Species","Detected in all samples"
"Anaerobiospirillum_succiniciproducens",12,9.13876476691255e-05,0.000134723143939205,"SRR14919239","Species","Detected in all samples"
"Streptococcus_suis",12,9.08944878950759e-05,0.000721939057297502,"SRR14919240","Species","Detected in all samples"
"Bacillus_schlegelii",12,8.99171979721976e-05,0.000246153846153846,"SRR14919243","Species","Detected in all samples"
"Vallitalea_guaymasensis",11,8.97773005077831e-05,0.000191214936412014,"SRR14919242","Species","Detected in multiple samples"
"Kinetoplastibacterium_blastocrithidii",12,8.96827947635327e-05,0.000139500139500139,"SRR14919235","Species","Detected in all samples"
"Porphyromonas_asaccharolytica",4,8.9569252533725e-05,0.000530005060950582,"SRR14919244","Species","Detected in multiple samples"
"Neisseria_canis",12,8.85547947962616e-05,0.000139712890011027,"SRR14919239","Species","Detected in all samples"
"Clostridium_glycolicum",10,8.82676929639211e-05,0.000258834825808337,"SRR14919245","Species","Detected in multiple samples"
"Eubacterium_cellulosolvens",12,8.79434079401027e-05,0.000272206529800697,"SRR14919240","Species","Detected in all samples"
"Lactobacillus_salivarius",12,8.77472795686862e-05,0.000129733397867383,"SRR14919239","Species","Detected in all samples"
"Enterorhabdus_caecimuris",7,8.62285552398073e-05,0.000299384764309344,"SRR14919239","Species","Detected in multiple samples"
"Bulleidia_extructa",7,8.60251578824786e-05,0.000551067693656459,"SRR14919245","Species","Detected in multiple samples"
"Pseudobutyrivibrio_xylanivorans",11,8.40325298673743e-05,0.000214793818991985,"SRR14919238","Species","Detected in multiple samples"
"Dialister_propionicifaciens",9,8.36359957908058e-05,0.000432000432000432,"SRR14919235","Species","Detected in multiple samples"
"Eubacterium_saphenum",10,8.35015693407843e-05,0.000299384764309344,"SRR14919239","Species","Detected in multiple samples"
"Anaerorhabdus_furcosa",9,8.31912315158316e-05,0.000725706886687344,"SRR14919236","Species","Detected in multiple samples"
"Caedibacter_taeniospiralis",12,8.28485820584287e-05,0.000103500103500104,"SRR14919235","Species","Detected in all samples"
"Prevotella_maculosa",12,8.26793298571791e-05,0.000118350665130738,"SRR14919240","Species","Detected in all samples"
"Eubacterium_uniforme",12,8.2590461120441e-05,0.000282180115146334,"SRR14919238","Species","Detected in all samples"
"Oxobacter_pfennigii",12,8.20965537026999e-05,0.000217619498707084,"SRR14919237","Species","Detected in all samples"
"Bacteroides_cellulosolvens",10,8.154003262128e-05,0.000798359371491585,"SRR14919239","Species","Detected in multiple samples"
"Barnesiella_viscericola",12,8.06572426774275e-05,0.000146153846153846,"SRR14919243","Species","Detected in all samples"
"Clostridium_termitidis",11,7.64380250534877e-05,0.000570036980247136,"SRR14919242","Species","Detected in multiple samples"
"Salinivibrio_costicola",12,7.54216277186249e-05,0.000104368881374329,"SRR14919245","Species","Detected in all samples"
"Alkalibaculum_bacchi",11,7.40191705029894e-05,0.000183685145593062,"SRR14919236","Species","Detected in multiple samples"
"Christensenella_minuta",10,7.39855283871902e-05,0.00027419500315685,"SRR14919242","Species","Detected in multiple samples"
"Shuttleworthia_satelles",12,7.2965499244297e-05,0.000505645305819401,"SRR14919237","Species","Detected in all samples"
"Lactobacillus_jensenii",12,7.21559358739959e-05,0.000109774413580093,"SRR14919239","Species","Detected in all samples"
"Mycoplasma_conjunctivae",12,7.18992324948157e-05,9.03369568490469e-05,"SRR14919236","Species","Detected in all samples"
"Tannerella_forsythia",12,7.18156123385213e-05,0.000285018490123568,"SRR14919242","Species","Detected in all samples"
"Clostridium_caenicola",11,7.00971735135656e-05,0.000234508884278885,"SRR14919242","Species","Detected in multiple samples"
"Kushneria_indalinina",12,6.95460373386928e-05,0.000101019211689366,"SRR14919242","Species","Detected in all samples"
"Bacillus_solfatarensis",12,6.89943997995155e-05,0.000262423513146778,"SRR14919237","Species","Detected in all samples"
"Blautia_hansenii",12,6.85811728729633e-05,0.000202158888463045,"SRR14919238","Species","Detected in all samples"
"Escherichia/Shigella_coli",12,6.73113562043019e-05,0.000150561594748412,"SRR14919236","Species","Detected in all samples"
"Brevibacillus_parabrevis",12,6.69432253253285e-05,8.55000855000855e-05,"SRR14919235","Species","Detected in all samples"
"Enterobacter_hormaechei",12,6.62435022053913e-05,9.46805321045904e-05,"SRR14919240","Species","Detected in all samples"
"Treponema_azotonutricium",12,6.53373101454175e-05,0.000114426812008793,"SRR14919236","Species","Detected in all samples"
"Clostridium_asparagiforme",11,6.51750094795306e-05,0.000148500148500148,"SRR14919235","Species","Detected in multiple samples"
"Halobacterium_salinarum",12,6.47546112191486e-05,9.48051753646257e-05,"SRR14919239","Species","Detected in all samples"
"Acetatifactor_muris",12,6.24578679595775e-05,0.000119753905723738,"SRR14919239","Species","Detected in all samples"
"Lewinella_agarilytica",12,6.22563950724636e-05,0.000102409175862157,"SRR14919237","Species","Detected in all samples"
"Desulfovibrio_simplex",3,6.12219789223356e-05,0.000718523434342426,"SRR14919239","Species","Detected in multiple samples"
"Clostridium_cylindrosporum",11,6.03199725097204e-05,0.000353567240912781,"SRR14919242","Species","Detected in multiple samples"
"Caloramator_australicus",12,5.92035576944466e-05,0.000320028674569241,"SRR14919237","Species","Detected in all samples"
"Veillonella_dispar",7,5.71049571561452e-05,0.000355325363606251,"SRR14919236","Species","Detected in multiple samples"
"Clostridium_acetireducens",11,5.70399683752805e-05,0.00018561663125016,"SRR14919237","Species","Detected in multiple samples"
"Bacteroides_sartorii",12,5.69266097379124e-05,0.000111415580113825,"SRR14919236","Species","Detected in all samples"
"Desulfovibrio_ferrophilus",12,5.64155756517947e-05,8.48256832209809e-05,"SRR14919239","Species","Detected in all samples"
"Treponema_amylovorum",12,5.62732475223262e-05,8.98154292928033e-05,"SRR14919239","Species","Detected in all samples"
"Anaerococcus_hydrogenalis",12,5.60149769017346e-05,9.01957247226481e-05,"SRR14919242","Species","Detected in all samples"
"Clostridium_populeti",12,5.59595316049157e-05,0.000235852036540219,"SRR14919238","Species","Detected in all samples"
"Proteus_mirabilis",12,5.58905026702364e-05,8.00212266832886e-05,"SRR14919238","Species","Detected in all samples"
"Clostridium_alkalicellulosi",12,5.56079810664585e-05,0.000147920988545143,"SRR14919242","Species","Detected in all samples"
"Snodgrassella_alvi",12,5.55165003610925e-05,7.98359371491585e-05,"SRR14919239","Species","Detected in all samples"
"Bacteroides_stercorirosoris",11,5.54023222370531e-05,0.000114426812008793,"SRR14919236","Species","Detected in multiple samples"
"Euglena_mutabilis",12,5.53593721662037e-05,8.98154292928033e-05,"SRR14919239","Species","Detected in all samples"
"Dysgonomonas_capnocytophagoides",12,5.53096453591433e-05,0.000110192469513417,"SRR14919241","Species","Detected in all samples"
"Clostridium_saccharolyticum",12,5.50009154344658e-05,0.000129482971483634,"SRR14919236","Species","Detected in all samples"
"Methanocalculus_pumilus",12,5.44413843351138e-05,7.98359371491585e-05,"SRR14919239","Species","Detected in all samples"
"Catonella_morbi",11,5.34272981232874e-05,4e-04,"SRR14919243","Species","Detected in multiple samples"
"Codium_fragile",12,5.30830877689751e-05,8.98154292928033e-05,"SRR14919239","Species","Detected in all samples"
"Streptococcus_pleomorphus",6,5.26292134147827e-05,0.000551997835302607,"SRR14919242","Species","Detected in multiple samples"
"Acidilobus_sulfurireducens",12,5.21381726133513e-05,8.48256832209809e-05,"SRR14919239","Species","Detected in all samples"
"Chryseobacterium_greenlandense",12,5.15108631779455e-05,7.8900443420492e-05,"SRR14919240","Species","Detected in all samples"
"Bacteroides_propionicifaciens",12,5.13147193227458e-05,0.000123460507693697,"SRR14919236","Species","Detected in all samples"
"Bacteroides_pyogenes",12,5.05341677071266e-05,8.98154292928033e-05,"SRR14919239","Species","Detected in all samples"
"Clostridium_frigoris",12,5.02531136338858e-05,0.000189707609382999,"SRR14919236","Species","Detected in all samples"
"Myxococcus_stipitatus",12,5.00996038787799e-05,7.93203498444904e-05,"SRR14919245","Species","Detected in all samples"
"Syntrophomonas_wolfei",12,4.97610807775062e-05,7.68068818966179e-05,"SRR14919237","Species","Detected in all samples"
"Catabacter_hongkongensis",11,4.93176584491546e-05,0.000288025807112317,"SRR14919237","Species","Detected in multiple samples"
"Staphylococcus_epidermidis",11,4.90314595767148e-05,0.000210582175482338,"SRR14919238","Species","Detected in multiple samples"
"Natranaerovirga_hydrolytica",12,4.88300164028211e-05,8.65878957337422e-05,"SRR14919242","Species","Detected in all samples"
"Acidaminococcus_fermentans",7,4.87809739530214e-05,0.000294890033912354,"SRR14919244","Species","Detected in multiple samples"
"Paludibacter_propionicigenes",11,4.75660162720394e-05,0.00021942291772638,"SRR14919246","Species","Detected in multiple samples"
"Enterorhabdus_mucosicola",6,4.72383352055694e-05,3e-04,"SRR14919243","Species","Detected in multiple samples"
"Prevotella_shahii",12,4.70525180166532e-05,9.03369568490469e-05,"SRR14919236","Species","Detected in all samples"
"Clostridium_phytofermentans",12,4.70020447066386e-05,0.000119753905723738,"SRR14919239","Species","Detected in all samples"
"Mycobacterium_chesapeaki",12,4.68219036491496e-05,7.04063084052331e-05,"SRR14919237","Species","Detected in all samples"
"Fucus_vesiculosus",12,4.65755198542273e-05,7.49554212494674e-05,"SRR14919240","Species","Detected in all samples"
"Virgibacillus_marismortui",12,4.65575268566785e-05,6.37600073324008e-05,"SRR14919244","Species","Detected in all samples"
"Burkholderia_tropica",12,4.53811363536309e-05,5.72134060043964e-05,"SRR14919236","Species","Detected in all samples"
"Clostridium_xylanovorans",11,4.50319078127896e-05,0.000224866263748402,"SRR14919240","Species","Detected in multiple samples"
"Bifidobacterium_breve",12,4.45523715265854e-05,0.000284415526093877,"SRR14919239","Species","Detected in all samples"
"Bacteroides_clarus",11,4.45493335569723e-05,0.000135490015581352,"SRR14919244","Species","Detected in multiple samples"
"Howardella_ureilytica",8,4.44235746811339e-05,0.000202038423378732,"SRR14919242","Species","Detected in multiple samples"
"Bacillus_humi",12,4.42197711700871e-05,8.36850096237761e-05,"SRR14919244","Species","Detected in all samples"
"Clostridium_aminovalericum",12,4.41944661412059e-05,0.000113714374760463,"SRR14919238","Species","Detected in all samples"
"Armatimonas_rosea",12,4.41653613869873e-05,7.8900443420492e-05,"SRR14919240","Species","Detected in all samples"
"Lactobacillus_ruminis",10,4.37534763827904e-05,0.000428872066465197,"SRR14919246","Species","Detected in multiple samples"
"Prevotella_loescheii",12,4.34408362906459e-05,9.33481887440152e-05,"SRR14919236","Species","Detected in all samples"
"Pseudochlorella_pringsheimii",12,4.29567303404665e-05,6.77450077906759e-05,"SRR14919244","Species","Detected in all samples"
"Methanobrevibacter_arboriphilus",12,4.24902668111349e-05,7.04063084052331e-05,"SRR14919237","Species","Detected in all samples"
"Sulfobacillus_acidophilus",12,4.02110352458788e-05,6.70653769074182e-05,"SRR14919240","Species","Detected in all samples"
"Halomonas_maura",12,4.01460498450185e-05,5.98769528618689e-05,"SRR14919239","Species","Detected in all samples"
"Enterococcus_eurekensis",12,3.94994249019764e-05,5.4000054000054e-05,"SRR14919235","Species","Detected in all samples"
"Clostridium_purinilyticum",11,3.91936613332793e-05,0.000159671874298317,"SRR14919239","Species","Detected in multiple samples"
"Dysgonomonas_mossii",12,3.89207474243274e-05,7.8292029269174e-05,"SRR14919236","Species","Detected in all samples"
"Megamonas_funiformis",4,3.84491109293911e-05,0.00040768467574637,"SRR14919242","Species","Detected in multiple samples"
"Streptococcus_salivarius",11,3.83484925049859e-05,0.000287986618484796,"SRR14919240","Species","Detected in multiple samples"
"Corynebacterium_aurimucosum",12,3.79450870218815e-05,6.98564450055137e-05,"SRR14919239","Species","Detected in all samples"
"Stenotrophomonas_maltophilia",12,3.7903340536373e-05,8.65878957337422e-05,"SRR14919242","Species","Detected in all samples"
"Hespellia_stercorisuis",12,3.7898669104514e-05,9.8625554275615e-05,"SRR14919240","Species","Detected in all samples"
"Clostridium_hungatei",11,3.78046163526834e-05,9.741138270046e-05,"SRR14919242","Species","Detected in multiple samples"
"Pseudomonas_fluorescens",12,3.75122105592133e-05,5.9175332565369e-05,"SRR14919240","Species","Detected in all samples"
"Megasphaera_elsdenii",11,3.73333853000443e-05,0.000207220023830303,"SRR14919244","Species","Detected in multiple samples"
"Caloramator_fervidus",12,3.72290282344699e-05,0.000160014337284621,"SRR14919237","Species","Detected in all samples"
"Caloramator_mitchellensis",11,3.6963144894935e-05,0.000158744475511861,"SRR14919242","Species","Detected in multiple samples"
"Pedobacter_duraquae",5,3.65019621971133e-05,0.000360782898890593,"SRR14919242","Species","Detected in multiple samples"
"Weissella_cibaria",10,3.64577579353955e-05,0.000342743753946063,"SRR14919242","Species","Detected in multiple samples"
"Bacillus_subtilis",12,3.63042725011077e-05,6.98564450055137e-05,"SRR14919239","Species","Detected in all samples"
"Dysgonomonas_gadei",12,3.53024296192174e-05,6.15384615384615e-05,"SRR14919243","Species","Detected in all samples"
"Corynebacterium_diphtheriae",12,3.51880349433851e-05,5.12045879310786e-05,"SRR14919237","Species","Detected in all samples"
"Simplicispira_psychrophila",12,3.49293804066002e-05,5.42718183146513e-05,"SRR14919245","Species","Detected in all samples"
"Alkaliphilus_transvaalensis",8,3.43618052043937e-05,0.000339135924957157,"SRR14919242","Species","Detected in multiple samples"
"Macellibacteroides_fermentans",12,3.41018516753788e-05,0.000101019211689366,"SRR14919242","Species","Detected in all samples"
"Streptococcus_uberis",9,3.40648316851902e-05,0.000295876662826845,"SRR14919240","Species","Detected in multiple samples"
"Clostridium_piliforme",10,3.38828045318295e-05,0.000173175791467484,"SRR14919242","Species","Detected in multiple samples"
"Allisonella_histaminiformans",10,3.38564959031779e-05,0.000259466795734765,"SRR14919239","Species","Detected in multiple samples"
"Clostridium_subterminale",10,3.35895148949301e-05,9.48051753646257e-05,"SRR14919239","Species","Detected in multiple samples"
"Lactobacillus_hominis",11,3.32953590633535e-05,6.31203547363936e-05,"SRR14919240","Species","Detected in multiple samples"
"Clostridium_islandicum",11,3.30247503017048e-05,9.18446156094099e-05,"SRR14919245","Species","Detected in multiple samples"
"Clostridium_thermosuccinogenes",12,3.25673111258655e-05,0.00011545052764499,"SRR14919242","Species","Detected in all samples"
"Antarctobacter_heliothermus",12,3.2148919517918e-05,6.48294984191576e-05,"SRR14919246","Species","Detected in all samples"
"Bacillus_foraminis",12,3.14401605266497e-05,7.10103990784428e-05,"SRR14919240","Species","Detected in all samples"
"Thermolithobacter_ferrireducens",5,3.13791705034182e-05,0.000207692307692308,"SRR14919243","Species","Detected in multiple samples"
"Prevotella_ruminicola",12,3.0770540235588e-05,5.84465735696245e-05,"SRR14919245","Species","Detected in all samples"
"Alkaliphilus_metalliredigens",12,3.0652170354107e-05,0.000230901055289979,"SRR14919242","Species","Detected in all samples"
"Clostridium_cellulolyticum",12,3.04078138332381e-05,8.65878957337422e-05,"SRR14919242","Species","Detected in all samples"
"Allobaculum_stercoricanis",12,3.04060263658626e-05,7.48461910773361e-05,"SRR14919239","Species","Detected in all samples"
"Clostridium_methoxybenzovorans",8,3.02314356785074e-05,0.000148500148500148,"SRR14919235","Species","Detected in multiple samples"
"Bacteroides_chinchillae",11,2.99696101792032e-05,9.97376898756271e-05,"SRR14919246","Species","Detected in multiple samples"
"Phormidium_animale",12,2.96488928768695e-05,4.49077146464016e-05,"SRR14919239","Species","Detected in all samples"
"Enterococcus_faecalis",11,2.95070129465287e-05,8.28454655915166e-05,"SRR14919240","Species","Detected in multiple samples"
"Guggenheimella_bovis",8,2.93815168026486e-05,0.000151528817534049,"SRR14919242","Species","Detected in multiple samples"
"Olsenella_profusa",8,2.93807261258354e-05,0.000155415017872727,"SRR14919244","Species","Detected in multiple samples"
"Clostridium_tunisiense",12,2.91588715413975e-05,7.15979396639951e-05,"SRR14919238","Species","Detected in all samples"
"Prevotella_buccae",11,2.85678986087875e-05,9.16550105403262e-05,"SRR14919244","Species","Detected in multiple samples"
"Bifidobacterium_choerinum",12,2.84154590617965e-05,7.48461910773361e-05,"SRR14919239","Species","Detected in all samples"
"Brevibacterium_linens",12,2.83632629541094e-05,4.05000405000405e-05,"SRR14919235","Species","Detected in all samples"
"Clostridium_bolteae",8,2.78565407614686e-05,0.00018000018000018,"SRR14919235","Species","Detected in multiple samples"
"Alkalibacter_saccharofermentans",10,2.77649197204426e-05,8.29800667448363e-05,"SRR14919242","Species","Detected in multiple samples"
"Helicobacter_fennelliae",11,2.76619035554672e-05,5.98769528618689e-05,"SRR14919239","Species","Detected in multiple samples"
"Desulfotomaculum_intricatum",10,2.74359559460877e-05,0.000122666185622801,"SRR14919242","Species","Detected in multiple samples"
"Ferrovum_myxofaciens",12,2.73435204718217e-05,4.21164350964677e-05,"SRR14919238","Species","Detected in all samples"
"Cellulosilyticum_lentocellum",10,2.72635107137723e-05,0.000259763687201227,"SRR14919242","Species","Detected in multiple samples"
"Cytophaga_fermentans",12,2.70200786558919e-05,4.81797103194917e-05,"SRR14919236","Species","Detected in all samples"
"Megasphaera_micronuciformis",11,2.68943023280279e-05,0.000106853303770586,"SRR14919241","Species","Detected in multiple samples"
"Pseudanabaena_mucicola",12,2.68082385932359e-05,4.48819604440322e-05,"SRR14919246","Species","Detected in all samples"
"Clostridium_herbivorans",12,2.66820988056508e-05,7.58095831736419e-05,"SRR14919238","Species","Detected in all samples"
"Clostridium_sporogenes",12,2.6663552806291e-05,5.12852882233198e-05,"SRR14919240","Species","Detected in all samples"
"Bacteroides_zoogleoformans",10,2.6611757153973e-05,5.48872067900465e-05,"SRR14919239","Species","Detected in multiple samples"
"Lachnoanaerobaculum_umeaense",11,2.6496873903148e-05,9.741138270046e-05,"SRR14919242","Species","Detected in multiple samples"
"Olsenella_uli",4,2.61900704410975e-05,0.000167370019247552,"SRR14919244","Species","Detected in multiple samples"
"Desulfotomaculum_carboxydivorans",11,2.56447321167065e-05,7.57644087670244e-05,"SRR14919242","Species","Detected in multiple samples"
"Mogibacterium_timidum",10,2.5367295128676e-05,0.000111842698656084,"SRR14919242","Species","Detected in multiple samples"
"Avibacterium_gallinarum",11,2.52680899169754e-05,5.48872067900465e-05,"SRR14919239","Species","Detected in multiple samples"
"Volucribacter_psittacicida",12,2.51339873812501e-05,4.49077146464016e-05,"SRR14919239","Species","Detected in all samples"
"Anaerostipes_caccae",10,2.50954085282337e-05,0.000166500166500167,"SRR14919235","Species","Detected in multiple samples"
"Dialister_pneumosintes",7,2.4959020727254e-05,0.000120449275798729,"SRR14919236","Species","Detected in multiple samples"
"Euzebya_tangerina",12,2.49134913869356e-05,4.51684784245235e-05,"SRR14919236","Species","Detected in all samples"
"Bacteroides_pectinophilus",11,2.47807870837786e-05,6.75000675000675e-05,"SRR14919235","Species","Detected in multiple samples"
"Treponema_stenostrepta",12,2.44570420745986e-05,3.18800036662004e-05,"SRR14919244","Species","Detected in all samples"
"Cobetia_marina",12,2.44410528123387e-05,3.98950759502508e-05,"SRR14919246","Species","Detected in all samples"
"Porphyromonas_endodontalis",11,2.42863301064005e-05,0.000116893147139249,"SRR14919245","Species","Detected in multiple samples"
"Thiohalospira_halophila",12,2.42340695373854e-05,4.49077146464016e-05,"SRR14919239","Species","Detected in all samples"
"Enterococcus_faecium",12,2.38375685249987e-05,5.4000054000054e-05,"SRR14919235","Species","Detected in all samples"
"Caloramator_viterbiensis",11,2.38282209583464e-05,5.0509605844683e-05,"SRR14919242","Species","Detected in multiple samples"
"Clostridium_frigidicarnis",10,2.36516393879616e-05,7.52807973742058e-05,"SRR14919236","Species","Detected in multiple samples"
"Bifidobacterium_adolescentis",7,2.33987226223957e-05,0.000114764159651915,"SRR14919239","Species","Detected in multiple samples"
"Eubacterium_dolichum",10,2.33833659069245e-05,9.000009000009e-05,"SRR14919235","Species","Detected in multiple samples"
"Anaerofilum_agile",11,2.30913960250598e-05,5.76051614224635e-05,"SRR14919237","Species","Detected in multiple samples"
"Xanthomonas_translucens",12,2.28987148642494e-05,3.60782898890593e-05,"SRR14919242","Species","Detected in all samples"
"Slackia_isoflavoniconvertens",6,2.2529335226285e-05,0.00011545052764499,"SRR14919242","Species","Detected in multiple samples"
"Paenibacillus_cookii",12,2.24763539509383e-05,4.51684784245235e-05,"SRR14919236","Species","Detected in all samples"
"Prototheca_wickerhamii",12,2.24580534966763e-05,4.33952438812706e-05,"SRR14919240","Species","Detected in all samples"
"Planktothrix_rubescens",12,2.24167486704646e-05,3.96861188779652e-05,"SRR14919242","Species","Detected in all samples"
"Agarivorans_albus",12,2.23257972013454e-05,4.73402660522952e-05,"SRR14919240","Species","Detected in all samples"
"Chryseobacterium_treverense",12,2.21263965392165e-05,4.49077146464016e-05,"SRR14919239","Species","Detected in all samples"
"Ochromonas_danica",12,2.19985607101188e-05,3.36931480771742e-05,"SRR14919238","Species","Detected in all samples"
"Syntrophomonas_palmitatica",12,2.18714231915624e-05,4.5000045000045e-05,"SRR14919235","Species","Detected in all samples"
"Staphylococcus_warneri",8,2.15287938092803e-05,0.000177525997696107,"SRR14919240","Species","Detected in multiple samples"
"Bacillus_licheniformis",12,2.14173143481712e-05,3.36931480771742e-05,"SRR14919238","Species","Detected in all samples"
"Azotobacter_chroococcum",10,2.13930664569618e-05,5.05397221157612e-05,"SRR14919238","Species","Detected in multiple samples"
"Serratia_marcescens",12,2.13218703257803e-05,4.48819604440322e-05,"SRR14919246","Species","Detected in all samples"
"Helicobacter_canis",12,2.13204490447655e-05,3.49282225027568e-05,"SRR14919239","Species","Detected in all samples"
"Parvimonas_micra",12,2.12506310969302e-05,6.48294984191576e-05,"SRR14919246","Species","Detected in all samples"
"Paenibacillus_assamensis",12,2.12045189381067e-05,2.88626319112474e-05,"SRR14919242","Species","Detected in all samples"
"Bacteroides_gallinarum",12,2.1184726885878e-05,7.48032674067203e-05,"SRR14919246","Species","Detected in all samples"
"Oscillochloris_trichoides",12,2.11816163486683e-05,3.6000036000036e-05,"SRR14919235","Species","Detected in all samples"
"Pectobacterium_atrosepticum",12,2.11264651062101e-05,4.48040144396938e-05,"SRR14919237","Species","Detected in all samples"
"Leuconostoc_mesenteroides",12,2.11191098276499e-05,4.33952438812706e-05,"SRR14919240","Species","Detected in all samples"
"Anaerofustis_stercorihominis",11,2.11127841752582e-05,4.17475525497318e-05,"SRR14919245","Species","Detected in multiple samples"
"Clostridium_intestinale",8,2.10431822243515e-05,9.93706525339516e-05,"SRR14919236","Species","Detected in multiple samples"
"Clostridium_aminophilum",8,2.09236390316862e-05,0.000162352304500767,"SRR14919242","Species","Detected in multiple samples"
"Phocaeicola_abscessus",10,2.09133027295252e-05,7.51455945895172e-05,"SRR14919245","Species","Detected in multiple samples"
"Clostridium_xylanolyticum",10,2.08905168612515e-05,3.9450221710246e-05,"SRR14919240","Species","Detected in multiple samples"
"Clostridium_amygdalinum",7,2.06999965892498e-05,0.000153000153000153,"SRR14919235","Species","Detected in multiple samples"
"Lactobacillus_murinus",12,2.06822539867438e-05,3.61347827396188e-05,"SRR14919236","Species","Detected in all samples"
"Clostridium_akagii",10,2.05988613265564e-05,5.48872067900465e-05,"SRR14919239","Species","Detected in multiple samples"
"Desulfotomaculum_acetoxidans",12,2.05873258336308e-05,4.32939478668711e-05,"SRR14919242","Species","Detected in all samples"
"Prevotella_disiens",12,2.058618152949e-05,4.23076923076923e-05,"SRR14919243","Species","Detected in all samples"
"Filifactor_alocis",11,2.05299056583134e-05,5.48872067900465e-05,"SRR14919239","Species","Detected in multiple samples"
"Mycoplasma_hyopneumoniae",12,2.04868307868002e-05,3.99179685745792e-05,"SRR14919239","Species","Detected in all samples"
"Thermobrachium_celere",11,1.99596636785618e-05,3.96861188779652e-05,"SRR14919242","Species","Detected in multiple samples"
"Porphyromonas_levii",12,1.99250386145501e-05,3.8403440948309e-05,"SRR14919237","Species","Detected in all samples"
"Desulfotomaculum_hydrothermale",4,1.99069778766676e-05,0.000160014337284621,"SRR14919237","Species","Detected in multiple samples"
"Enterococcus_mundtii",11,1.9576421564225e-05,6.31203547363936e-05,"SRR14919240","Species","Detected in multiple samples"
"Johnsonella_ignava",12,1.93223450241883e-05,4.48040144396938e-05,"SRR14919237","Species","Detected in all samples"
"Halothermothrix_orenii",9,1.9086181308568e-05,7.21565797781185e-05,"SRR14919242","Species","Detected in multiple samples"
"Actinomyces_odontolyticus",12,1.86769656670515e-05,5.3426651885293e-05,"SRR14919241","Species","Detected in all samples"
"Sinobacterium_caligoides",3,1.84866709166712e-05,0.000140705330567331,"SRR14919242","Species","Detected in multiple samples"
"Sedimentibacter_saalensis",11,1.83691878888615e-05,7.68068818966179e-05,"SRR14919237","Species","Detected in multiple samples"
"Anaerovibrio_lipolyticus",12,1.82824182823218e-05,5.12045879310786e-05,"SRR14919237","Species","Detected in all samples"
"Thermoanaerobacter_thermocopriae",3,1.82636872596525e-05,0.000153846153846154,"SRR14919243","Species","Detected in multiple samples"
"Orientia_chuto",2,1.82178885874656e-05,0.000183999278434202,"SRR14919242","Species","Detected in multiple samples"
"Saccharofermentans_acetigenes",10,1.81765753854914e-05,6.98564450055137e-05,"SRR14919239","Species","Detected in multiple samples"
"Pseudobutyrivibrio_ruminis",9,1.81094371571263e-05,5.48872067900465e-05,"SRR14919239","Species","Detected in multiple samples"
"Bacteroides_coprosuis",11,1.79790005094854e-05,3.67308231711389e-05,"SRR14919241","Species","Detected in multiple samples"
"Clostridium_putrefaciens",12,1.78847437815003e-05,7.21565797781185e-05,"SRR14919242","Species","Detected in all samples"
"Actinomadura_catellatispora",11,1.78844636830956e-05,3.33980420397854e-05,"SRR14919245","Species","Detected in multiple samples"
"Clostridium_aminobutyricum",11,1.78732604228574e-05,8.29800667448363e-05,"SRR14919242","Species","Detected in multiple samples"
"Anabaena_cylindrica",11,1.78310560613763e-05,2.99384764309344e-05,"SRR14919239","Species","Detected in multiple samples"
"Dolichospermum_circinale",12,1.77836610559141e-05,3.49081914564695e-05,"SRR14919246","Species","Detected in all samples"
"Collinsella_tanakaei",10,1.7776675540575e-05,4.17475525497318e-05,"SRR14919245","Species","Detected in multiple samples"
"Pseudoteredinibacter_isoporae",2,1.76932790308816e-05,0.000107692307692308,"SRR14919243","Species","Detected in multiple samples"
"Campylobacter_gracilis",8,1.76726272327921e-05,0.000180314950112864,"SRR14919241","Species","Detected in multiple samples"
"Proteiniphilum_acetatigenes",12,1.76653469216786e-05,2.99213069626881e-05,"SRR14919246","Species","Detected in all samples"
"Pseudomonas_putida",11,1.76644049398857e-05,2.94815045675274e-05,"SRR14919238","Species","Detected in multiple samples"
"Methylomonas_fodinarum",10,1.7637357432542e-05,4.33952438812706e-05,"SRR14919240","Species","Detected in multiple samples"
"Parabacteroides_chartae",11,1.7429681925218e-05,3.61347827396188e-05,"SRR14919236","Species","Detected in multiple samples"
"Brassicibacter_mesophilus",11,1.72931224339963e-05,0.000104627040678272,"SRR14919242","Species","Detected in multiple samples"
"Clostridium_papyrosolvens",11,1.72732297167221e-05,5.0509605844683e-05,"SRR14919242","Species","Detected in multiple samples"
"Emticicia_oligotrophica",12,1.72506758165079e-05,2.56022939655393e-05,"SRR14919237","Species","Detected in all samples"
"Caldicoprobacter_guelmensis",11,1.72395838916602e-05,3.6000036000036e-05,"SRR14919235","Species","Detected in multiple samples"
"Slackia_piriformis",6,1.72198495730724e-05,0.000139475016039627,"SRR14919244","Species","Detected in multiple samples"
"Burkholderia_glathei",11,1.72159346244399e-05,2.69230769230769e-05,"SRR14919243","Species","Detected in multiple samples"
"Anaeroplasma_varium",12,1.71478505803779e-05,2.39100027496503e-05,"SRR14919244","Species","Detected in all samples"
"Corynebacterium_kroppenstedtii",12,1.69815557883317e-05,4.48040144396938e-05,"SRR14919237","Species","Detected in all samples"
"Cytophaga_hutchinsonii",11,1.68440149718883e-05,3.75727972947586e-05,"SRR14919245","Species","Detected in multiple samples"
"Sinorhizobium_americanum",12,1.6826426071515e-05,2.78950032079254e-05,"SRR14919244","Species","Detected in all samples"
"Streptococcus_parasanguinis",7,1.6757712158911e-05,0.00010257057644664,"SRR14919240","Species","Detected in multiple samples"
"Gracilaria_tenuistipitata",12,1.66976449462352e-05,3.49282225027568e-05,"SRR14919239","Species","Detected in all samples"
"Desulfovibrio_vulgaris",4,1.66516168427233e-05,0.000177525997696107,"SRR14919240","Species","Detected in multiple samples"
"Mycoplasma_haemofelis",12,1.64960739816838e-05,3.49282225027568e-05,"SRR14919239","Species","Detected in all samples"
"Streptococcus_equinus",8,1.63484954307386e-05,9.46805321045904e-05,"SRR14919240","Species","Detected in multiple samples"
"Laribacter_hongkongensis",12,1.62604171060616e-05,3.15601773681968e-05,"SRR14919240","Species","Detected in all samples"
"Campylobacter_sputorum",11,1.62518075150453e-05,3.15000315000315e-05,"SRR14919235","Species","Detected in multiple samples"
"Clostridium_sartagoforme",11,1.61787024573162e-05,7.15979396639951e-05,"SRR14919238","Species","Detected in multiple samples"
"Pseudomonas_teessidea",12,1.61202731804112e-05,3.49282225027568e-05,"SRR14919239","Species","Detected in all samples"
"Paenibacillus_mucilaginosus",12,1.60764985297471e-05,6.40057349138483e-05,"SRR14919237","Species","Detected in all samples"
"Lactobacillus_plantarum",12,1.60180013358727e-05,3.58650041244755e-05,"SRR14919244","Species","Detected in all samples"
"Bacillus_megaterium",11,1.59487919901806e-05,3.15601773681968e-05,"SRR14919240","Species","Detected in multiple samples"
"Erwinia_chrysanthemi",12,1.58892332190921e-05,3.9450221710246e-05,"SRR14919240","Species","Detected in all samples"
"Adlercreutzia_equolifaciens",9,1.5814503249094e-05,0.000115565013289977,"SRR14919244","Species","Detected in multiple samples"
"Methanimicrococcus_blatticola",12,1.58068819254057e-05,2.99384764309344e-05,"SRR14919239","Species","Detected in all samples"
"Clostridium_paradoxum",11,1.57511506527427e-05,2.99213069626881e-05,"SRR14919246","Species","Detected in multiple samples"
"Lactobacillus_helveticus",12,1.57038213455368e-05,2.94815045675274e-05,"SRR14919238","Species","Detected in all samples"
"Porphyromonas_bennonis",11,1.55100428484107e-05,3.49081914564695e-05,"SRR14919246","Species","Detected in multiple samples"
"Haemophilus_haemolyticus",10,1.54400352346067e-05,7.52807973742058e-05,"SRR14919236","Species","Detected in multiple samples"
"Caloramator_quimbayensis",9,1.53927614229678e-05,7.04063084052331e-05,"SRR14919237","Species","Detected in multiple samples"
"Clostridium_saccharogumia",11,1.53553197764023e-05,5.4751365625408e-05,"SRR14919238","Species","Detected in multiple samples"
"Fusibacter_paucivorans",11,1.53068947905285e-05,3.99179685745792e-05,"SRR14919239","Species","Detected in multiple samples"
"Clostridium_algoriphilum",11,1.52825157284059e-05,4.21164350964677e-05,"SRR14919238","Species","Detected in multiple samples"
"Atopobium_vaginae",8,1.51350615905886e-05,9.23076923076923e-05,"SRR14919243","Species","Detected in multiple samples"
"Geminocystis_papuanica",11,1.51144895660242e-05,2.69230769230769e-05,"SRR14919243","Species","Detected in multiple samples"
"Eubacterium_thermomarinus",11,1.50502139760199e-05,3.20028674569241e-05,"SRR14919237","Species","Detected in multiple samples"
"Ochrobactrum_grignonense",10,1.49973503944907e-05,3.79047915868209e-05,"SRR14919238","Species","Detected in multiple samples"
"Adhaeribacter_aerophilus",11,1.49381591473035e-05,3.60782898890593e-05,"SRR14919242","Species","Detected in multiple samples"
"Trichococcus_flocculiformis",11,1.48410928595276e-05,2.99384764309344e-05,"SRR14919239","Species","Detected in multiple samples"
"Selenomonas_lacticifex",10,1.48251381143961e-05,0.00011545052764499,"SRR14919242","Species","Detected in multiple samples"
"Ruminofilibacter_xylanolyticum",9,1.47603281728284e-05,6.85487507892126e-05,"SRR14919242","Species","Detected in multiple samples"
"Bifidobacterium_pseudolongum",11,1.47411421283867e-05,3.60782898890593e-05,"SRR14919242","Species","Detected in multiple samples"
"Garciella_nitratireducens",8,1.47280798461192e-05,4.32939478668711e-05,"SRR14919242","Species","Detected in multiple samples"
"Bacillus_horikoshii",10,1.452401966122e-05,2.4948730359112e-05,"SRR14919239","Species","Detected in multiple samples"
"Enterococcus_aquimarinus",12,1.44961553378713e-05,2.49344224689068e-05,"SRR14919246","Species","Detected in all samples"
"Clostridium_maritimum",5,1.44625815377418e-05,0.000138984235818343,"SRR14919238","Species","Detected in multiple samples"
"Streptococcus_mitis",6,1.44526972184558e-05,0.00010257057644664,"SRR14919240","Species","Detected in multiple samples"
"Euglenaria_anabaena",11,1.44058930121827e-05,2.88626319112474e-05,"SRR14919242","Species","Detected in multiple samples"
"Acinetobacter_junii",12,1.4296771384266e-05,2.36701330261476e-05,"SRR14919240","Species","Detected in all samples"
"Ohtaekwangia_kribbensis",12,1.42103802554572e-05,2.30769230769231e-05,"SRR14919243","Species","Detected in all samples"
"Oceanirhabdus_sediminicola",12,1.41446454157653e-05,3.36931480771742e-05,"SRR14919238","Species","Detected in all samples"
"Flexibacter_flexilis",12,1.40666678298612e-05,2.99213069626881e-05,"SRR14919246","Species","Detected in all samples"
"Agrobacterium_tumefaciens",12,1.40506322337298e-05,2.49344224689068e-05,"SRR14919246","Species","Detected in all samples"
"Anaerovorax_odorimutans",10,1.40335174992048e-05,5.98769528618689e-05,"SRR14919239","Species","Detected in multiple samples"
"Odoribacter_denticanis",11,1.40085829881267e-05,2.56022939655393e-05,"SRR14919237","Species","Detected in multiple samples"
"Leptospira_idonii",11,1.39567105168579e-05,2.7000027000027e-05,"SRR14919235","Species","Detected in multiple samples"
"Lysinibacillus_sphaericus",12,1.39472086854993e-05,2.16469739334356e-05,"SRR14919242","Species","Detected in all samples"
"Fusobacterium_nucleatum",12,1.39410460668738e-05,2.99384764309344e-05,"SRR14919239","Species","Detected in all samples"
"Aggregatibacter_segnis",6,1.39122309370035e-05,7.10103990784428e-05,"SRR14919240","Species","Detected in multiple samples"
"Dehalobacterium_formicoaceticum",11,1.38936203463267e-05,4.6901776855777e-05,"SRR14919242","Species","Detected in multiple samples"
"Bifidobacterium_pseudocatenulatum",7,1.38909727399856e-05,0.00012354913248474,"SRR14919241","Species","Detected in multiple samples"
"Actinomyces_ruminicola",12,1.38632358128466e-05,2.7000027000027e-05,"SRR14919235","Species","Detected in all samples"
"Desulfotomaculum_gibsoniae",10,1.3818672952386e-05,7.97000091655011e-05,"SRR14919244","Species","Detected in multiple samples"
"Clostridium_stercorarium",11,1.38020438624491e-05,2.76151551971722e-05,"SRR14919240","Species","Detected in multiple samples"
"Weissella_hellenica",6,1.37353610686644e-05,0.000134723143939205,"SRR14919239","Species","Detected in multiple samples"
"Selenomonas_sputigena",7,1.37352283100514e-05,6.92307692307692e-05,"SRR14919243","Species","Detected in multiple samples"
"Pseudomonas_aeruginosa",11,1.36621057945822e-05,2.25000225000225e-05,"SRR14919235","Species","Detected in multiple samples"
"Microbulbifer_yueqingensis",12,1.36488295986868e-05,2.56022939655393e-05,"SRR14919237","Species","Detected in all samples"
"Megamonas_hypermegale",12,1.36458330140237e-05,3.49282225027568e-05,"SRR14919239","Species","Detected in all samples"
"Helicobacter_heilmannii",12,1.35608531492652e-05,3.75727972947586e-05,"SRR14919245","Species","Detected in all samples"
"Acholeplasma_palmae",12,1.35357199731284e-05,2.39100027496503e-05,"SRR14919244","Species","Detected in all samples"
"Mesoplasma_photuris",12,1.34298179442873e-05,2.67133259426465e-05,"SRR14919241","Species","Detected in all samples"
"Proteiniclasticum_ruminis",6,1.33870823656703e-05,0.000103846153846154,"SRR14919243","Species","Detected in multiple samples"
"Clostridium_jejuense",8,1.33174886139335e-05,6.3000063000063e-05,"SRR14919235","Species","Detected in multiple samples"
"Xanthomonas_axonopodis",12,1.32905750435471e-05,2.7000027000027e-05,"SRR14919235","Species","Detected in all samples"
"Actinomyces_funkei",11,1.32890517433955e-05,2.16469739334356e-05,"SRR14919242","Species","Detected in multiple samples"
"Parvibacter_caecicola",7,1.32809212190537e-05,6.40057349138483e-05,"SRR14919237","Species","Detected in multiple samples"
"Streptococcus_pseudoporcinus",7,1.31842534704731e-05,0.000118350665130738,"SRR14919240","Species","Detected in multiple samples"
"Caloranaerobacter_azorensis",11,1.3096884036521e-05,3.99179685745792e-05,"SRR14919239","Species","Detected in multiple samples"
"Abiotrophia_defectiva",11,1.3074877045842e-05,2.99384764309344e-05,"SRR14919239","Species","Detected in multiple samples"
"Bacteroides_reticulotermitis",10,1.30374123361881e-05,4.34091546568005e-05,"SRR14919241","Species","Detected in multiple samples"
"Treponema_socranskii",11,1.29078885987854e-05,2.52548029223415e-05,"SRR14919242","Species","Detected in multiple samples"
"Thermoanaerobacter_kivui",8,1.28553588975811e-05,7.93722377559304e-05,"SRR14919242","Species","Detected in multiple samples"
"Pediococcus_pentosaceus",11,1.28517443323645e-05,3.01123189496823e-05,"SRR14919236","Species","Detected in multiple samples"
"Clostridium_histolyticum",11,1.27629137615362e-05,3.6000036000036e-05,"SRR14919235","Species","Detected in multiple samples"
"Clostridium_cellobioparum",8,1.26565727832639e-05,3.49282225027568e-05,"SRR14919239","Species","Detected in multiple samples"
"Lactobacillus_animalis",10,1.26489971407309e-05,4.05000405000405e-05,"SRR14919235","Species","Detected in multiple samples"
"Prevotella_corporis",11,1.260024423016e-05,2.78950032079254e-05,"SRR14919244","Species","Detected in multiple samples"
"Nocardioides_lentus",12,1.22287687220984e-05,2.99213069626881e-05,"SRR14919246","Species","Detected in all samples"
"Proteocatella_sphenisci",11,1.22217992670995e-05,2.99384764309344e-05,"SRR14919239","Species","Detected in multiple samples"
"Legionella_anisa",11,1.21952442566362e-05,3.49282225027568e-05,"SRR14919239","Species","Detected in multiple samples"
"Vulcanibacillus_modesticaldus",9,1.20837786598692e-05,2.71010870547141e-05,"SRR14919236","Species","Detected in multiple samples"
"Porphyromonas_somerae",11,1.20808020959272e-05,2.71010870547141e-05,"SRR14919236","Species","Detected in multiple samples"
"Halobaculum_magnesiiphilum",9,1.20557614465986e-05,3.18800036662004e-05,"SRR14919244","Species","Detected in multiple samples"
"Lactobacillus_johnsonii",11,1.19963747997053e-05,2.94815045675274e-05,"SRR14919238","Species","Detected in multiple samples"
"Clostridium_oceanicum",10,1.19870582165286e-05,5.0509605844683e-05,"SRR14919242","Species","Detected in multiple samples"
"Clostridium_tetanomorphum",10,1.19698902252043e-05,1.99589842872896e-05,"SRR14919239","Species","Detected in multiple samples"
"Algicola_sagamiensis",11,1.19066760133765e-05,2.99213069626881e-05,"SRR14919246","Species","Detected in multiple samples"
"Tepidanaerobacter_acetatoxydans",10,1.18999783099316e-05,2.52548029223415e-05,"SRR14919242","Species","Detected in multiple samples"
"Malawimonas_jakobiformis",10,1.18722383485786e-05,2.88626319112474e-05,"SRR14919242","Species","Detected in multiple samples"
"Eubacterium_aggregans",7,1.17835299392976e-05,7.1730008248951e-05,"SRR14919244","Species","Detected in multiple samples"
"Paracoccus_versutus",10,1.17291772106286e-05,2.99213069626881e-05,"SRR14919246","Species","Detected in multiple samples"
"Weissella_confusa",11,1.17190823848266e-05,2.4948730359112e-05,"SRR14919239","Species","Detected in multiple samples"
"Desulfococcus_niacini",10,1.17162306392552e-05,3.99179685745792e-05,"SRR14919239","Species","Detected in multiple samples"
"Pseudomonas_viridiflava",11,1.16942502777455e-05,2.56022939655393e-05,"SRR14919237","Species","Detected in multiple samples"
"Holospora_curviuscula",9,1.16286583118208e-05,2.94815045675274e-05,"SRR14919238","Species","Detected in multiple samples"
"Ethanoligenens_harbinense",9,1.15854571083316e-05,3.55051995392214e-05,"SRR14919240","Species","Detected in multiple samples"
"Anaerosalibacter_bizertensis",8,1.15801856057692e-05,8.32074553880028e-05,"SRR14919237","Species","Detected in multiple samples"
"Clostridium_pasteurianum",9,1.15455829146135e-05,5.41174348335889e-05,"SRR14919242","Species","Detected in multiple samples"
"Spirulina_subsalsa",11,1.154480462983e-05,3.36931480771742e-05,"SRR14919238","Species","Detected in multiple samples"
"Psychrobacter_maritimus",11,1.15298716148114e-05,2.56022939655393e-05,"SRR14919237","Species","Detected in multiple samples"
"Caldicellulosiruptor_saccharolyticus",10,1.15214827710436e-05,2.92232867848122e-05,"SRR14919245","Species","Detected in multiple samples"
"Lactobacillus_fermentum",12,1.15013993666376e-05,2.56022939655393e-05,"SRR14919237","Species","Detected in all samples"
"Tissierella_creatinini",12,1.14841700380455e-05,2.10786232647776e-05,"SRR14919236","Species","Detected in all samples"
"Mesostigma_viride",4,1.14229206814465e-05,0.000122666185622801,"SRR14919242","Species","Detected in multiple samples"
"Alicyclobacillus_pomorum",11,1.13614772779577e-05,2.36701330261476e-05,"SRR14919240","Species","Detected in multiple samples"
"Victivallis_vadensis",10,1.11768739356254e-05,4.73402660522952e-05,"SRR14919240","Species","Detected in multiple samples"
"Streptococcus_phocae",4,1.11728915403323e-05,0.000114405642959713,"SRR14919240","Species","Detected in multiple samples"
"Vibrio_parahaemolyticus",12,1.1153561438877e-05,2.36701330261476e-05,"SRR14919240","Species","Detected in all samples"
"Paenibacillus_camelliae",11,1.11271901594101e-05,2.56022939655393e-05,"SRR14919237","Species","Detected in multiple samples"
"Moryella_indoligenes",12,1.10437490896016e-05,2.25000225000225e-05,"SRR14919235","Species","Detected in all samples"
"Prevotella_albensis",5,1.09480728469039e-05,8.36850096237761e-05,"SRR14919244","Species","Detected in multiple samples"
"Dysgonomonas_wimpennyi",11,1.09009010836159e-05,2.71010870547141e-05,"SRR14919236","Species","Detected in multiple samples"
"Peptoniphilus_asaccharolyticus",11,1.08016139912474e-05,2.71010870547141e-05,"SRR14919236","Species","Detected in multiple samples"
"Aeromonas_hydrophila",11,1.07005469584158e-05,2.78950032079254e-05,"SRR14919244","Species","Detected in multiple samples"
"Clostridium_sphenoides",10,1.06389324984871e-05,4.9897460718224e-05,"SRR14919239","Species","Detected in multiple samples"
"Lactobacillus_rhamnosus",11,1.0631906236943e-05,2.4948730359112e-05,"SRR14919239","Species","Detected in multiple samples"
"Prevotella_timonensis",9,1.0629349551439e-05,4.48819604440322e-05,"SRR14919246","Species","Detected in multiple samples"
"Tetragenococcus_halophilus",9,1.05901741111705e-05,4.00699889139697e-05,"SRR14919241","Species","Detected in multiple samples"
"Rothia_mucilaginosa",8,1.05185785990553e-05,5.52303103943444e-05,"SRR14919240","Species","Detected in multiple samples"
"Streptococcus_constellatus",6,1.04808872563024e-05,8.28454655915166e-05,"SRR14919240","Species","Detected in multiple samples"
"Actinobacillus_porcinus",6,1.03801828140513e-05,4.33952438812706e-05,"SRR14919240","Species","Detected in multiple samples"
"Halobacterium_noricense",10,1.03771334853913e-05,2.56022939655393e-05,"SRR14919237","Species","Detected in multiple samples"
"Alkaliflexus_imshenetskii",11,1.03767629979905e-05,2.52548029223415e-05,"SRR14919242","Species","Detected in multiple samples"
"Aliifodinibius_sediminis",11,1.03481123397136e-05,1.99475379751254e-05,"SRR14919246","Species","Detected in multiple samples"
"Pseudomonas_lundensis",11,1.0303137328475e-05,1.9725110855123e-05,"SRR14919240","Species","Detected in multiple samples"
"Desulfotomaculum_reducens",11,1.02684589934475e-05,1.8000018000018e-05,"SRR14919235","Species","Detected in multiple samples"
"Xanthomonas_gardneri",9,1.02607199048206e-05,2.76151551971722e-05,"SRR14919240","Species","Detected in multiple samples"
"Youngiibacter_fragilis",7,1.02264680804614e-05,3.36931480771742e-05,"SRR14919238","Species","Detected in multiple samples"
"Mitsuokella_multacida",11,1.01392541226007e-05,3.07692307692308e-05,"SRR14919243","Species","Detected in multiple samples"
"Prevotella_paludivivens",12,1.01125891683725e-05,3.18800036662004e-05,"SRR14919244","Species","Detected in all samples"
"Staphylococcus_aureus",11,1.00592460609265e-05,2.10786232647776e-05,"SRR14919236","Species","Detected in multiple samples"
"Porphyromonas_uenonis",5,9.99406372797887e-06,3.84615384615385e-05,"SRR14919243","Species","Detected in multiple samples"
"Cloacibacillus_porcorum",3,9.93393689015954e-06,7.51455945895172e-05,"SRR14919245","Species","Detected in multiple samples"
"Algoriphagus_lutimaris",11,9.75410609793332e-06,2.10582175482338e-05,"SRR14919238","Species","Detected in multiple samples"
"Clostridium_lavalense",10,9.7354021731162e-06,3.15000315000315e-05,"SRR14919235","Species","Detected in multiple samples"
"Mycoplasma_feliminutum",9,9.68015626916729e-06,1.9725110855123e-05,"SRR14919240","Species","Detected in multiple samples"
"Petrimonas_sulfuriphila",9,9.65978632740524e-06,3.98950759502508e-05,"SRR14919246","Species","Detected in multiple samples"
"Pseudomonas_filiscindens",10,9.63683820214432e-06,2.69230769230769e-05,"SRR14919243","Species","Detected in multiple samples"
"Methanobrevibacter_wolinii",11,9.57872213118881e-06,2.4948730359112e-05,"SRR14919239","Species","Detected in multiple samples"
"Lactobacillus_acidipiscis",8,9.5495071595987e-06,2.56022939655393e-05,"SRR14919237","Species","Detected in multiple samples"
"Erwinia_mallotivora",11,9.5298037632977e-06,1.8000018000018e-05,"SRR14919235","Species","Detected in multiple samples"
"Haemophilus_parainfluenzae",8,9.52517944517425e-06,5.12852882233198e-05,"SRR14919240","Species","Detected in multiple samples"
"Clostridium_boliviensis",8,9.5150259851469e-06,2.71010870547141e-05,"SRR14919236","Species","Detected in multiple samples"
"Paraprevotella_xylaniphila",8,9.47489613323139e-06,6.01049833709546e-05,"SRR14919241","Species","Detected in multiple samples"
"Mangroviflexus_xiamenensis",8,9.45686497884769e-06,2.99213069626881e-05,"SRR14919246","Species","Detected in multiple samples"
"Clostridium_sufflavum",9,9.42566155189838e-06,5.98426139253763e-05,"SRR14919246","Species","Detected in multiple samples"
"Dethiobacter_alkaliphilus",9,9.38260390243676e-06,3.07692307692308e-05,"SRR14919243","Species","Detected in multiple samples"
"Caldicellulosiruptor_bescii",9,9.36953113839327e-06,2.39100027496503e-05,"SRR14919244","Species","Detected in multiple samples"
"Facklamia_ignava",10,9.36405246004075e-06,1.99589842872896e-05,"SRR14919239","Species","Detected in multiple samples"
"Lactobacillus_panis",11,9.35399025975962e-06,2.56022939655393e-05,"SRR14919237","Species","Detected in multiple samples"
"Granulosicoccus_coccoides",11,9.32280121888689e-06,1.53846153846154e-05,"SRR14919243","Species","Detected in multiple samples"
"Bacillus_anthracis",9,9.31938822395345e-06,1.99475379751254e-05,"SRR14919246","Species","Detected in multiple samples"
"Prevotella_buccalis",8,9.18879117987498e-06,4.98688449378135e-05,"SRR14919246","Species","Detected in multiple samples"
"Bifidobacterium_stellenboschense",7,9.10904013364062e-06,5.67658176281238e-05,"SRR14919241","Species","Detected in multiple samples"
"Tepidimicrobium_xylanilyticum",10,9.04249552404163e-06,3.96861188779652e-05,"SRR14919242","Species","Detected in multiple samples"
"Bifidobacterium_ruminantium",8,8.97398100342749e-06,6.48666989336913e-05,"SRR14919239","Species","Detected in multiple samples"
"Ralstonia_solanacearum",11,8.94495134319562e-06,2.69230769230769e-05,"SRR14919243","Species","Detected in multiple samples"
"Oxalobacter_formigenes",5,8.87692896342523e-06,3.99179685745792e-05,"SRR14919239","Species","Detected in multiple samples"
"Leuconostoc_gasicomitatum",11,8.85457807286532e-06,2.36701330261476e-05,"SRR14919240","Species","Detected in multiple samples"
"Treponema_zioleckii",11,8.80061357651878e-06,2.16469739334356e-05,"SRR14919242","Species","Detected in multiple samples"
"Bacillus_aquimaris",11,8.79526769879812e-06,2.76151551971722e-05,"SRR14919240","Species","Detected in multiple samples"
"Bifidobacterium_bombi",7,8.7914367806063e-06,4.00699889139697e-05,"SRR14919241","Species","Detected in multiple samples"
"Helcococcus_sueciensis",11,8.74787706205032e-06,1.80391449445296e-05,"SRR14919242","Species","Detected in multiple samples"
"Enterococcus_columbae",10,8.7095432873693e-06,2.25000225000225e-05,"SRR14919235","Species","Detected in multiple samples"
"Zymophilus_paucivorans",7,8.70895850090642e-06,4.67483203996314e-05,"SRR14919241","Species","Detected in multiple samples"
"Filifactor_villosus",8,8.66753916833441e-06,2.10582175482338e-05,"SRR14919238","Species","Detected in multiple samples"
"Clostridium_tetani",10,8.63992437225549e-06,2.88626319112474e-05,"SRR14919242","Species","Detected in multiple samples"
"Lysinibacillus_fusiformis",11,8.63157300731685e-06,1.8000018000018e-05,"SRR14919235","Species","Detected in multiple samples"
"Spirochaeta_smaragdinae",12,8.58205715421294e-06,2.99384764309344e-05,"SRR14919239","Species","Detected in all samples"
"Veillonella_parvula",6,8.58125177353104e-06,6.02246378993646e-05,"SRR14919236","Species","Detected in multiple samples"
"Leptothrix_discophora",9,8.4343038035192e-06,2.10786232647776e-05,"SRR14919236","Species","Detected in multiple samples"
"Blattabacterium_punctulatus",11,8.43108347650538e-06,1.80391449445296e-05,"SRR14919242","Species","Detected in multiple samples"
"Actinobacillus_rossii",7,8.42056906662128e-06,3.9146014634587e-05,"SRR14919236","Species","Detected in multiple samples"
"Pelobacter_massiliensis",12,8.41534588342123e-06,1.44313159556237e-05,"SRR14919242","Species","Detected in all samples"
"Lactobacillus_apodemi",8,8.39761558489495e-06,2.88626319112474e-05,"SRR14919242","Species","Detected in multiple samples"
"Thalassomonas_sediminis",12,8.3829220648386e-06,2.10786232647776e-05,"SRR14919236","Species","Detected in all samples"
"Epulopiscium_fishelsoni",9,8.37531970154849e-06,1.80391449445296e-05,"SRR14919242","Species","Detected in multiple samples"
"Stomatobaculum_longum",9,8.29561159816578e-06,2.30769230769231e-05,"SRR14919243","Species","Detected in multiple samples"
"Brenneria_populi",8,8.21457092908998e-06,2.4948730359112e-05,"SRR14919239","Species","Detected in multiple samples"
"Corynebacterium_glutamicum",8,8.20799678240809e-06,1.99250022913753e-05,"SRR14919244","Species","Detected in multiple samples"
"Ornithobacterium_rhinotracheale",11,8.19520274489694e-06,1.59400018331002e-05,"SRR14919244","Species","Detected in multiple samples"
"Clostridium_aestuarii",7,8.19347711173485e-06,3.98950759502508e-05,"SRR14919246","Species","Detected in multiple samples"
"Clostridium_metallolevans",10,8.15311163073165e-06,2.16469739334356e-05,"SRR14919242","Species","Detected in multiple samples"
"Granulicatella_elegans",7,8.12778883651911e-06,4.98688449378135e-05,"SRR14919246","Species","Detected in multiple samples"
"Prevotella_oulorum",3,8.1153910352965e-06,5.97750068741258e-05,"SRR14919244","Species","Detected in multiple samples"
"Listeria_grayi",11,8.10305086916907e-06,1.80673913698094e-05,"SRR14919236","Species","Detected in multiple samples"
"Marinoscillum_pacificum",9,8.07143439739799e-06,1.59400018331002e-05,"SRR14919244","Species","Detected in multiple samples"
"Euglena_geniculata",10,8.03419148311488e-06,1.68465740385871e-05,"SRR14919238","Species","Detected in multiple samples"
"Fervidicella_metallireducens",7,8.03356161571136e-06,2.94815045675274e-05,"SRR14919238","Species","Detected in multiple samples"
"Parapedobacter_luteus",10,8.02636224464137e-06,2.10786232647776e-05,"SRR14919236","Species","Detected in multiple samples"
"Dongia_mobilis",2,8.01556685700277e-06,5.77252638224948e-05,"SRR14919242","Species","Detected in multiple samples"
"Desulfotomaculum_halophilum",8,8.00342919405537e-06,2.16469739334356e-05,"SRR14919242","Species","Detected in multiple samples"
"Strombomonas_acuminata",10,7.99251761823973e-06,2.50485315298391e-05,"SRR14919245","Species","Detected in multiple samples"
"Oxalophagus_oxalicus",10,7.98351616598582e-06,1.68465740385871e-05,"SRR14919238","Species","Detected in multiple samples"
"Gemella_bergeri",8,7.95780280455871e-06,2.52698610578806e-05,"SRR14919238","Species","Detected in multiple samples"
"Sphingobacterium_multivorum",9,7.91718940936423e-06,1.92017204741545e-05,"SRR14919237","Species","Detected in multiple samples"
"Cronobacter_sakazakii",11,7.87777804050415e-06,1.50561594748412e-05,"SRR14919236","Species","Detected in multiple samples"
"Mycoplasma_suis",11,7.84674504066226e-06,1.44313159556237e-05,"SRR14919242","Species","Detected in multiple samples"
"Desulfofaba_hansenii",10,7.83898255952191e-06,1.57800886840984e-05,"SRR14919240","Species","Detected in multiple samples"
"Geobacillus_thermoleovorans",11,7.8013054269228e-06,1.99475379751254e-05,"SRR14919246","Species","Detected in multiple samples"
"Aureibacter_tunicatorum",10,7.79161086565958e-06,1.99589842872896e-05,"SRR14919239","Species","Detected in multiple samples"
"Brevibacillus_brevis",11,7.70032817420077e-06,1.80673913698094e-05,"SRR14919236","Species","Detected in multiple samples"
"Thioploca_ingrica",11,7.69285797203873e-06,1.99589842872896e-05,"SRR14919239","Species","Detected in multiple samples"
"Methanobrevibacter_gottschalkii",10,7.68631034380882e-06,2.50485315298391e-05,"SRR14919245","Species","Detected in multiple samples"
"Haemophilus_influenzae",8,7.68285400691496e-06,4.33952438812706e-05,"SRR14919240","Species","Detected in multiple samples"
"Prevotella_amnii",12,7.67928228812901e-06,1.50561594748412e-05,"SRR14919236","Species","Detected in all samples"
"Desulfotomaculum_putei",10,7.65872629069005e-06,2.10582175482338e-05,"SRR14919238","Species","Detected in multiple samples"
"Lactobacillus_brevis",10,7.64303392270706e-06,1.49692382154672e-05,"SRR14919239","Species","Detected in multiple samples"
"Sporobacterium_olearium",10,7.63678976686313e-06,1.99589842872896e-05,"SRR14919239","Species","Detected in multiple samples"
"Thermobacillus_composti",10,7.56478607311142e-06,2.10582175482338e-05,"SRR14919238","Species","Detected in multiple samples"
"Listeria_monocytogenes",10,7.55384587570324e-06,1.99589842872896e-05,"SRR14919239","Species","Detected in multiple samples"
"Mogibacterium_neglectum",3,7.47107642910092e-06,6.49409218003067e-05,"SRR14919242","Species","Detected in multiple samples"
"Lactobacillus_gasseri",10,7.46497074945563e-06,1.80391449445296e-05,"SRR14919242","Species","Detected in multiple samples"
"Limibacter_armeniacum",11,7.46154495960147e-06,2.92232867848122e-05,"SRR14919245","Species","Detected in multiple samples"
"Syntrophobotulus_glycolicus",6,7.45067605817209e-06,4.48040144396938e-05,"SRR14919237","Species","Detected in multiple samples"
"Chloroidium_saccharophilum",10,7.4468855732104e-06,1.26349305289403e-05,"SRR14919238","Species","Detected in multiple samples"
"Burkholderia_vietnamiensis",9,7.44179639258577e-06,2.36701330261476e-05,"SRR14919240","Species","Detected in multiple samples"
"Propionibacterium_propionicum",9,7.39618372277123e-06,2.10582175482338e-05,"SRR14919238","Species","Detected in multiple samples"
"Fusobacterium_gonidiaformans",12,7.35862577294522e-06,1.59400018331002e-05,"SRR14919244","Species","Detected in all samples"
"Pantoea_agglomerans",9,7.35495712618284e-06,1.8000018000018e-05,"SRR14919235","Species","Detected in multiple samples"
"Paenibacillus_polymyxa",8,7.33881066652429e-06,2.10582175482338e-05,"SRR14919238","Species","Detected in multiple samples"
"Rhodothermus_marinus",10,7.3315457343524e-06,1.9725110855123e-05,"SRR14919240","Species","Detected in multiple samples"
"Ureibacillus_thermosphaericus",11,7.31271050748764e-06,1.8000018000018e-05,"SRR14919235","Species","Detected in multiple samples"
"Clostridium_acidurici",11,7.29987681511361e-06,3.24704609001533e-05,"SRR14919242","Species","Detected in multiple samples"
"Chloroflexus_aggregans",9,7.28559259026558e-06,1.99250022913753e-05,"SRR14919244","Species","Detected in multiple samples"
"Caldicellulosiruptor_obsidiansis",10,7.25940613477983e-06,2.52698610578806e-05,"SRR14919238","Species","Detected in multiple samples"
"Geosporobacter_subterraneus",8,7.25912117326095e-06,2.56022939655393e-05,"SRR14919237","Species","Detected in multiple samples"
"Methanocalculus_natronophilus",11,7.25790247195785e-06,1.66958287141541e-05,"SRR14919241","Species","Detected in multiple samples"
"Clostridium_thermoalcaliphilum",7,7.22532171393943e-06,2.52548029223415e-05,"SRR14919242","Species","Detected in multiple samples"
"Streptococcus_oligofermentans",4,7.16246507210213e-06,5.52303103943444e-05,"SRR14919240","Species","Detected in multiple samples"
"Prevotella_bivia",5,7.1019634582972e-06,2.52698610578806e-05,"SRR14919238","Species","Detected in multiple samples"
"Agromyces_italicus",10,7.06499817176549e-06,1.80391449445296e-05,"SRR14919242","Species","Detected in multiple samples"
"Desulfotomaculum_thermosapovorans",12,7.05185462623918e-06,1.20449275798729e-05,"SRR14919236","Species","Detected in all samples"
"Thiothrix_flexilis",10,7.0377979369227e-06,1.92017204741545e-05,"SRR14919237","Species","Detected in multiple samples"
"Acinetobacter_parvus",11,7.03684915777615e-06,1.28011469827697e-05,"SRR14919237","Species","Detected in multiple samples"
"Butyricimonas_synergistica",7,7.03021507300677e-06,2.50485315298391e-05,"SRR14919245","Species","Detected in multiple samples"
"Desulfurispora_thermophila",5,7.02307767071739e-06,3.60782898890593e-05,"SRR14919242","Species","Detected in multiple samples"
"Pylaiella_littoralis",11,7.02279408187928e-06,1.53846153846154e-05,"SRR14919243","Species","Detected in multiple samples"
"Desmonostoc_muscorum",10,7.02008402739046e-06,1.49692382154672e-05,"SRR14919239","Species","Detected in multiple samples"
"Mitsuokella_jalaludinii",10,6.96605721148602e-06,1.50561594748412e-05,"SRR14919236","Species","Detected in multiple samples"
"Collinsella_stercoris",7,6.95756247381921e-06,4.48040144396938e-05,"SRR14919237","Species","Detected in multiple samples"
"Eubacterium_sulci",5,6.95283453067479e-06,6.40057349138483e-05,"SRR14919237","Species","Detected in multiple samples"
"Alcaligenes_faecalis",10,6.91311494577333e-06,1.49692382154672e-05,"SRR14919239","Species","Detected in multiple samples"
"Streptococcus_pneumoniae",6,6.84354422786683e-06,5.52303103943444e-05,"SRR14919240","Species","Detected in multiple samples"
"Idiomarina_donghaiensis",11,6.84322327368181e-06,1.20449275798729e-05,"SRR14919236","Species","Detected in multiple samples"
"Natronorubrum_thiooxidans",11,6.83923466743095e-06,1.44313159556237e-05,"SRR14919242","Species","Detected in multiple samples"
"Selenomonas_dianae",10,6.83630302644493e-06,2.25000225000225e-05,"SRR14919235","Species","Detected in multiple samples"
"Rickettsia_limoniae",8,6.82716898701676e-06,4.49077146464016e-05,"SRR14919239","Species","Detected in multiple samples"
"Clostridium_pascui",8,6.82041682967497e-06,1.68465740385871e-05,"SRR14919238","Species","Detected in multiple samples"
"Coenonia_anatina",9,6.81100949310185e-06,2.08737762748659e-05,"SRR14919245","Species","Detected in multiple samples"
"Aerococcus_viridans",9,6.80825430692159e-06,1.50561594748412e-05,"SRR14919236","Species","Detected in multiple samples"
"Gardnerella_vaginalis",6,6.78034173267579e-06,5.76923076923077e-05,"SRR14919243","Species","Detected in multiple samples"
"Zavarzinia_compransoris",9,6.69690497878112e-06,1.18350665130738e-05,"SRR14919240","Species","Detected in multiple samples"
"Burkholderia_terricola",11,6.69079422254897e-06,1.49606534813441e-05,"SRR14919246","Species","Detected in multiple samples"
"Sorangium_cellulosum",8,6.68235416736007e-06,1.99589842872896e-05,"SRR14919239","Species","Detected in multiple samples"
"Dietzia_maris",8,6.66323917963677e-06,1.53846153846154e-05,"SRR14919243","Species","Detected in multiple samples"
"Blautia_coccoides",7,6.61795144410802e-06,2.94815045675274e-05,"SRR14919238","Species","Detected in multiple samples"
"Campylobacter_curvus",11,6.59375706997271e-06,1.99250022913753e-05,"SRR14919244","Species","Detected in multiple samples"
"Leuconostoc_citreum",10,6.57560009322911e-06,1.80391449445296e-05,"SRR14919242","Species","Detected in multiple samples"
"Bifidobacterium_mongoliense",10,6.57523702000971e-06,2.08737762748659e-05,"SRR14919245","Species","Detected in multiple samples"
"Prevotella_veroralis",9,6.57464572265776e-06,1.99250022913753e-05,"SRR14919244","Species","Detected in multiple samples"
"Anaeroglobus_geminatus",9,6.56814332406688e-06,1.99589842872896e-05,"SRR14919239","Species","Detected in multiple samples"
"Lactobacillus_paracasei",8,6.56054351180887e-06,3.49081914564695e-05,"SRR14919246","Species","Detected in multiple samples"
"Pseudoramibacter_alactolyticus",9,6.55001886993006e-06,2.16469739334356e-05,"SRR14919242","Species","Detected in multiple samples"
"Gelria_glutamica",10,6.53967817141259e-06,1.28011469827697e-05,"SRR14919237","Species","Detected in multiple samples"
"Grimontia_hollisae",9,6.53650340484287e-06,2.08737762748659e-05,"SRR14919245","Species","Detected in multiple samples"
"Veillonella_atypica",7,6.53616171943489e-06,2.71010870547141e-05,"SRR14919236","Species","Detected in multiple samples"
"Flavisolibacter_ginsengisoli",8,6.52724227322075e-06,1.92017204741545e-05,"SRR14919237","Species","Detected in multiple samples"
"Gallibacterium_salpingitidis",7,6.51456146691254e-06,2.10582175482338e-05,"SRR14919238","Species","Detected in multiple samples"
"Nitrosomonas_marina",9,6.49515699676673e-06,1.57800886840984e-05,"SRR14919240","Species","Detected in multiple samples"
"Wolbachia_pipientis",11,6.47267439833093e-06,1.28011469827697e-05,"SRR14919237","Species","Detected in multiple samples"
"Streptomyces_mutomycini",7,6.45087033557456e-06,1.99589842872896e-05,"SRR14919239","Species","Detected in multiple samples"
"Acetobacterium_fimetarium",8,6.45069877831427e-06,2.52698610578806e-05,"SRR14919238","Species","Detected in multiple samples"
"Prevotella_nanceiensis",10,6.44456459854728e-06,2.10582175482338e-05,"SRR14919238","Species","Detected in multiple samples"
"Leadbetterella_byssophila",9,6.43428793478545e-06,1.49692382154672e-05,"SRR14919239","Species","Detected in multiple samples"
"Lacinutrix_copepodicola",10,6.41958776951694e-06,1.66990210198927e-05,"SRR14919245","Species","Detected in multiple samples"
"Symbiobacterium_thermophilum",6,6.41223362802939e-06,3.20028674569241e-05,"SRR14919237","Species","Detected in multiple samples"
"Alistipes_onderdonkii",5,6.40192522918135e-06,4.49077146464016e-05,"SRR14919239","Species","Detected in multiple samples"
"Glycomyces_harbinensis",8,6.29755425182637e-06,4.48040144396938e-05,"SRR14919237","Species","Detected in multiple samples"
"Ruminococcus_gauvreauii",9,6.29754931993651e-06,1.8000018000018e-05,"SRR14919235","Species","Detected in multiple samples"
"Mahella_australiensis",4,6.29671763489861e-06,4.23076923076923e-05,"SRR14919243","Species","Detected in multiple samples"
"Treponema_bryantii",11,6.2957088807711e-06,1.92017204741545e-05,"SRR14919237","Species","Detected in multiple samples"
"Pseudorhodobacter_antarcticus",11,6.29342492325679e-06,1.28011469827697e-05,"SRR14919237","Species","Detected in multiple samples"
"Rhizobium_leguminosarum",9,6.24379165011981e-06,1.28011469827697e-05,"SRR14919237","Species","Detected in multiple samples"
"Haloarcula_sinaiiensis",9,6.23495896859436e-06,1.57800886840984e-05,"SRR14919240","Species","Detected in multiple samples"
"Clostridium_psychrophilum",10,6.23456828126642e-06,1.50561594748412e-05,"SRR14919236","Species","Detected in multiple samples"
"Pyrobaculum_arsenaticum",7,6.23156180731827e-06,2.4948730359112e-05,"SRR14919239","Species","Detected in multiple samples"
"Methanohalophilus_mahii",11,6.20486656441076e-06,1.26349305289403e-05,"SRR14919238","Species","Detected in multiple samples"
"Parvularcula_lutaonensis",9,6.18891123835107e-06,1.8000018000018e-05,"SRR14919235","Species","Detected in multiple samples"
"Clostridium_hydrogeniformans",6,6.08196142571755e-06,5.11909422144599e-05,"SRR14919236","Species","Detected in multiple samples"
"Pedobacter_boryungensis",8,6.07705032729191e-06,1.35000135000135e-05,"SRR14919235","Species","Detected in multiple samples"
"Dolichospermum_lemmermannii",10,6.07607782634393e-06,1.28011469827697e-05,"SRR14919237","Species","Detected in multiple samples"
"Psychromonas_macrocephali",9,6.06746184474071e-06,1.44313159556237e-05,"SRR14919242","Species","Detected in multiple samples"
"Acidithiobacillus_thiooxidans",11,6.05038623870111e-06,1.49692382154672e-05,"SRR14919239","Species","Detected in multiple samples"
"Paenibacillus_zanthoxyli",11,6.04666116682453e-06,1.18350665130738e-05,"SRR14919240","Species","Detected in multiple samples"
"Acinetobacter_calcoaceticus",9,6.03467606654474e-06,1.92017204741545e-05,"SRR14919237","Species","Detected in multiple samples"
"Eubacterium_yurii",9,6.02306243669641e-06,1.8000018000018e-05,"SRR14919235","Species","Detected in multiple samples"
"Weissella_koreensis",7,6.019738113855e-06,2.56022939655393e-05,"SRR14919237","Species","Detected in multiple samples"
"Prevotella_stercorea",8,6.00828073419042e-06,2.00349944569849e-05,"SRR14919241","Species","Detected in multiple samples"
"Alloprevotella_tannerae",10,6.0080273942074e-06,1.25242657649195e-05,"SRR14919245","Species","Detected in multiple samples"
"Clostridium_kluyveri",10,6.00391223631616e-06,1.57800886840984e-05,"SRR14919240","Species","Detected in multiple samples"
"Streptococcus_oralis",5,6.00375062627201e-06,3.9450221710246e-05,"SRR14919240","Species","Detected in multiple samples"
"Caldicellulosiruptor_lactoaceticus",8,5.95460313963521e-06,1.92017204741545e-05,"SRR14919237","Species","Detected in multiple samples"
"Thermoplasma_volcanium",11,5.95314174689529e-06,1.18350665130738e-05,"SRR14919240","Species","Detected in multiple samples"
"Solitalea_canadensis",11,5.92845131035011e-06,1.49606534813441e-05,"SRR14919246","Species","Detected in multiple samples"
"Clostridium_cadaveris",8,5.92286216671381e-06,1.57800886840984e-05,"SRR14919240","Species","Detected in multiple samples"
"Kocuria_marina",9,5.920183449041e-06,1.59400018331002e-05,"SRR14919244","Species","Detected in multiple samples"
"Sporolactobacillus_dextrus",8,5.88926148244023e-06,1.28011469827697e-05,"SRR14919237","Species","Detected in multiple samples"
"Lactobacillus_malefermentans",10,5.85990503871017e-06,1.44313159556237e-05,"SRR14919242","Species","Detected in multiple samples"
"Leuconostoc_gelidum",10,5.8528392016209e-06,1.49606534813441e-05,"SRR14919246","Species","Detected in multiple samples"
"Eggerthella_sinensis",7,5.82537841341712e-06,3.36931480771742e-05,"SRR14919238","Species","Detected in multiple samples"
"Peptoniphilus_indolicus",10,5.82030518971845e-06,1.15384615384615e-05,"SRR14919243","Species","Detected in multiple samples"
"Tissierella_praeacuta",9,5.81167260085306e-06,1.8000018000018e-05,"SRR14919235","Species","Detected in multiple samples"
"Serratia_symbiotica",10,5.79589350655233e-06,1.08234869667178e-05,"SRR14919242","Species","Detected in multiple samples"
"Treponema_medium",9,5.79138663886721e-06,1.28011469827697e-05,"SRR14919237","Species","Detected in multiple samples"
"Desulfotignum_toluenicum",9,5.76837240609321e-06,1.28011469827697e-05,"SRR14919237","Species","Detected in multiple samples"
"Woodsholea_maritima",10,5.74311814493262e-06,1.08234869667178e-05,"SRR14919242","Species","Detected in multiple samples"
"Enterobacter_ludwigii",8,5.72995503422664e-06,1.35000135000135e-05,"SRR14919235","Species","Detected in multiple samples"
"Uruburuella_suis",9,5.72726000625283e-06,2.10582175482338e-05,"SRR14919238","Species","Detected in multiple samples"
"Streptococcus_pyogenes",8,5.69938712270526e-06,3.15601773681968e-05,"SRR14919240","Species","Detected in multiple samples"
"Simkania_negevensis",6,5.65335242175068e-06,2.4948730359112e-05,"SRR14919239","Species","Detected in multiple samples"
"Veillonella_magna",9,5.63819656705486e-06,2.10582175482338e-05,"SRR14919238","Species","Detected in multiple samples"
"Halopelagius_inordinatus",9,5.6282080849395e-06,1.28011469827697e-05,"SRR14919237","Species","Detected in multiple samples"
"Eubostrichus_dianeae",10,5.62129117859202e-06,1.28011469827697e-05,"SRR14919237","Species","Detected in multiple samples"
"Actinobacillus_succinogenes",7,5.5945923160551e-06,1.57800886840984e-05,"SRR14919240","Species","Detected in multiple samples"
"Halonotius_pteroides",9,5.5935846453388e-06,1.49606534813441e-05,"SRR14919246","Species","Detected in multiple samples"
"Brevundimonas_diminuta",9,5.59051451927374e-06,1.49606534813441e-05,"SRR14919246","Species","Detected in multiple samples"
"Enterococcus_durans",9,5.55735831517062e-06,1.26349305289403e-05,"SRR14919238","Species","Detected in multiple samples"
"Ureaplasma_urealyticum",7,5.51975933911961e-06,3.20028674569241e-05,"SRR14919237","Species","Detected in multiple samples"
"Clostridium_cellulovorans",8,5.49720338670638e-06,1.49692382154672e-05,"SRR14919239","Species","Detected in multiple samples"
"Desulfonatronovibrio_hydrogenovorans",9,5.48819178438848e-06,1.50561594748412e-05,"SRR14919236","Species","Detected in multiple samples"
"Cyclobacterium_marinum",9,5.47617489019851e-06,1.8000018000018e-05,"SRR14919235","Species","Detected in multiple samples"
"Xylanibacter_oryzae",8,5.45772683718832e-06,1.59400018331002e-05,"SRR14919244","Species","Detected in multiple samples"
"Anoxynatronum_sibiricum",7,5.447107874925e-06,2.88626319112474e-05,"SRR14919242","Species","Detected in multiple samples"
"Bifidobacterium_dentium",7,5.44362235170023e-06,2.4948730359112e-05,"SRR14919239","Species","Detected in multiple samples"
"Lactobacillus_amylophilus",8,5.44330297880436e-06,1.92017204741545e-05,"SRR14919237","Species","Detected in multiple samples"
"Helicobacter_bilis",6,5.41500855108206e-06,2.4948730359112e-05,"SRR14919239","Species","Detected in multiple samples"
"Haladaptatus_litoreus",10,5.41312061921383e-06,1.49606534813441e-05,"SRR14919246","Species","Detected in multiple samples"
"Cohnella_laeviribosi",4,5.39908729046569e-06,5.12045879310786e-05,"SRR14919237","Species","Detected in multiple samples"
"Clostridium_isatidis",7,5.3760519635916e-06,1.8000018000018e-05,"SRR14919235","Species","Detected in multiple samples"
"Chlamydia_psittaci",9,5.35891201344817e-06,1.50561594748412e-05,"SRR14919236","Species","Detected in multiple samples"
"Acidithiobacillus_ferrooxidans",7,5.35842603709541e-06,1.99475379751254e-05,"SRR14919246","Species","Detected in multiple samples"
"Treponema_zuelzerae",8,5.3374859113594e-06,1.35000135000135e-05,"SRR14919235","Species","Detected in multiple samples"
"Staphylococcus_hominis",8,5.32733533967434e-06,1.68465740385871e-05,"SRR14919238","Species","Detected in multiple samples"
"Idiomarina_xiamenensis",10,5.32486918480063e-06,1.9725110855123e-05,"SRR14919240","Species","Detected in multiple samples"
"Marinobacter_hydrocarbonoclasticus",10,5.31912160263576e-06,1.25242657649195e-05,"SRR14919245","Species","Detected in multiple samples"
"Clostridium_sordellii",8,5.31667672253703e-06,2.56022939655393e-05,"SRR14919237","Species","Detected in multiple samples"
"Youngiibacter_multivorans",8,5.30743273093039e-06,1.26349305289403e-05,"SRR14919238","Species","Detected in multiple samples"
"Methylobacterium_radiotolerans",10,5.30078091513515e-06,1.18350665130738e-05,"SRR14919240","Species","Detected in multiple samples"
"Pseudaminobacter_salicylatoxidans",10,5.29691737894958e-06,1.35000135000135e-05,"SRR14919235","Species","Detected in multiple samples"
"Natronorubrum_aibiense",8,5.28995018650304e-06,1.57800886840984e-05,"SRR14919240","Species","Detected in multiple samples"
"Atopobium_parvulum",6,5.27919068814192e-06,3.36931480771742e-05,"SRR14919238","Species","Detected in multiple samples"
"Metallosphaera_sedula",10,5.26171789438504e-06,1.44313159556237e-05,"SRR14919242","Species","Detected in multiple samples"
"Caldalkalibacillus_thermarum",8,5.25197758179285e-06,1.49606534813441e-05,"SRR14919246","Species","Detected in multiple samples"
"Treponema_succinifaciens",9,5.23933474889423e-06,1.28011469827697e-05,"SRR14919237","Species","Detected in multiple samples"
"Bifidobacterium_animalis",6,5.23828589682135e-06,2.4948730359112e-05,"SRR14919239","Species","Detected in multiple samples"
"Leptospirillum_ferrooxidans",10,5.22035995745111e-06,1.28011469827697e-05,"SRR14919237","Species","Detected in multiple samples"
"Actinomyces_lingnae",8,5.21525871286442e-06,2.50485315298391e-05,"SRR14919245","Species","Detected in multiple samples"
"Gemella_cuniculi",7,5.19209377275453e-06,1.44313159556237e-05,"SRR14919242","Species","Detected in multiple samples"
"Lactobacillus_shenzhenensis",8,5.1879931988172e-06,1.35000135000135e-05,"SRR14919235","Species","Detected in multiple samples"
"Vibrio_tapetis",8,5.18118289573755e-06,1.26349305289403e-05,"SRR14919238","Species","Detected in multiple samples"
"Lactobacillus_sakei",7,5.17039686998527e-06,1.99475379751254e-05,"SRR14919246","Species","Detected in multiple samples"
"Actinobacillus_minor",4,5.15571215108373e-06,3.01123189496823e-05,"SRR14919236","Species","Detected in multiple samples"
"Methanolobus_vulcani",10,5.15279800937789e-06,1.28011469827697e-05,"SRR14919237","Species","Detected in multiple samples"
"Marinimicrobium_haloxylanilyticum",10,5.12992818592095e-06,1.28011469827697e-05,"SRR14919237","Species","Detected in multiple samples"
"Bifidobacterium_gallicum",6,5.10512914760126e-06,2.67133259426465e-05,"SRR14919241","Species","Detected in multiple samples"
"Hyphomonas_polymorpha",10,5.10436626418748e-06,9.000009000009e-06,"SRR14919235","Species","Detected in multiple samples"
"Ignisphaera_aggregans",9,5.10347511953486e-06,1.49692382154672e-05,"SRR14919239","Species","Detected in multiple samples"
"Aggregatibacter_actinomycetemcomitans",6,5.08624522150546e-06,2.40898551597459e-05,"SRR14919236","Species","Detected in multiple samples"
"Thermoanaerobacter_cellulolyticus",4,5.06123889155336e-06,3.24704609001533e-05,"SRR14919242","Species","Detected in multiple samples"
"Melioribacter_roseus",6,5.05171746772839e-06,1.53846153846154e-05,"SRR14919243","Species","Detected in multiple samples"
"Parapedobacter_soli",8,5.02114642972603e-06,1.80391449445296e-05,"SRR14919242","Species","Detected in multiple samples"
"Pusillimonas_ginsengisoli",9,5.01672208912226e-06,1.15384615384615e-05,"SRR14919243","Species","Detected in multiple samples"
"Roseibacterium_elongatum",9,5.0158081305367e-06,1.35000135000135e-05,"SRR14919235","Species","Detected in multiple samples"
"Clostridium_chartatabidum",7,5.0151265055064e-06,2.30769230769231e-05,"SRR14919243","Species","Detected in multiple samples"
"Lactobacillus_pobuzihii",6,5.01404804114364e-06,2.10582175482338e-05,"SRR14919238","Species","Detected in multiple samples"
"Rubrobacter_bracarensis",5,5.00509367870802e-06,2.56022939655393e-05,"SRR14919237","Species","Detected in multiple samples"
"Clostridium_lundense",7,5.00038651256881e-06,1.49692382154672e-05,"SRR14919239","Species","Detected in multiple samples"
"Mycoplasma_wenyonii",8,4.99972661249875e-06,1.92017204741545e-05,"SRR14919237","Species","Detected in multiple samples"
"Methanosphaera_cuniculi",9,4.97292148878427e-06,1.08234869667178e-05,"SRR14919242","Species","Detected in multiple samples"
"Bacteroides_graminisolvens",9,4.96649995135072e-06,1.25242657649195e-05,"SRR14919245","Species","Detected in multiple samples"
"Prevotella_nigrescens",9,4.94909983429736e-06,1.28011469827697e-05,"SRR14919237","Species","Detected in multiple samples"
"Porphyromonas_gulae",9,4.94190961560606e-06,2.4948730359112e-05,"SRR14919239","Species","Detected in multiple samples"
"Actinomyces_europaeus",8,4.93518258641632e-06,1.49606534813441e-05,"SRR14919246","Species","Detected in multiple samples"
"Natronococcus_roseus",9,4.93249991435544e-06,1.49692382154672e-05,"SRR14919239","Species","Detected in multiple samples"
"Bacillus_tequilensis",8,4.91893352003109e-06,1.50561594748412e-05,"SRR14919236","Species","Detected in multiple samples"
"Lactobacillus_crispatus",6,4.90708610830517e-06,2.4948730359112e-05,"SRR14919239","Species","Detected in multiple samples"
"Streptococcus_macedonicus",4,4.9016740947708e-06,3.55051995392214e-05,"SRR14919240","Species","Detected in multiple samples"
"Phacus_similis",9,4.9001698985571e-06,1.25242657649195e-05,"SRR14919245","Species","Detected in multiple samples"
"Marininema_mesophilum",5,4.8993934837025e-06,2.4948730359112e-05,"SRR14919239","Species","Detected in multiple samples"
"Arcanobacterium_hippocoleae",7,4.89257939333531e-06,1.19550013748252e-05,"SRR14919244","Species","Detected in multiple samples"
"Thermosyntropha_lipolytica",10,4.88983703255687e-06,9.97949214364481e-06,"SRR14919239","Species","Detected in multiple samples"
"Parasegetibacter_luojiensis",9,4.88385395390435e-06,1.08234869667178e-05,"SRR14919242","Species","Detected in multiple samples"
"Anaerococcus_murdochii",9,4.86803006576356e-06,1.15384615384615e-05,"SRR14919243","Species","Detected in multiple samples"
"Hassallia_byssoidea",10,4.86474247094987e-06,1.28011469827697e-05,"SRR14919237","Species","Detected in multiple samples"
"Saccharibacillus_kuerlensis",7,4.85946580734556e-06,1.57800886840984e-05,"SRR14919240","Species","Detected in multiple samples"
"Chondrus_crispus",7,4.85883769279188e-06,1.20449275798729e-05,"SRR14919236","Species","Detected in multiple samples"
"Lactobacillus_delbrueckii",7,4.85290526095996e-06,2.00349944569849e-05,"SRR14919241","Species","Detected in multiple samples"
"Laceyella_putida",5,4.85267954121889e-06,2.16469739334356e-05,"SRR14919242","Species","Detected in multiple samples"
"Bifidobacterium_saguini",6,4.84515511888108e-06,2.16469739334356e-05,"SRR14919242","Species","Detected in multiple samples"
"Fervidicoccus_fontis",9,4.83934477073396e-06,1.28011469827697e-05,"SRR14919237","Species","Detected in multiple samples"
"Chloroflexus_aurantiacus",10,4.82941525612799e-06,1.49692382154672e-05,"SRR14919239","Species","Detected in multiple samples"
"Streptococcus_gordonii",5,4.82370179498289e-06,3.15601773681968e-05,"SRR14919240","Species","Detected in multiple samples"
"Butyrivibrio_proteoclasticus",9,4.81096503091546e-06,9.03369568490469e-06,"SRR14919236","Species","Detected in multiple samples"
"Pedobacter_saltans",9,4.79460350840533e-06,1.49606534813441e-05,"SRR14919246","Species","Detected in multiple samples"
"Gelidiella_acerosa",8,4.79230988200224e-06,1.25242657649195e-05,"SRR14919245","Species","Detected in multiple samples"
"Paenibacillus_terrigena",8,4.78544178956364e-06,1.19550013748252e-05,"SRR14919244","Species","Detected in multiple samples"
"Anaeroplasma_abactoclasticum",8,4.77343437567754e-06,1.99589842872896e-05,"SRR14919239","Species","Detected in multiple samples"
"Shewanella_sediminis",10,4.76438943289798e-06,8.34951050994635e-06,"SRR14919245","Species","Detected in multiple samples"
"Mucilaginibacter_paludis",8,4.75833024555178e-06,1.25242657649195e-05,"SRR14919245","Species","Detected in multiple samples"
"Thermodesulforhabdus_norvegica",8,4.74599999908668e-06,1.26349305289403e-05,"SRR14919238","Species","Detected in multiple samples"
"Legionella_fallonii",9,4.72822439217246e-06,1.00174972284924e-05,"SRR14919241","Species","Detected in multiple samples"
"Moorella_humiferrea",7,4.72515532928238e-06,1.15384615384615e-05,"SRR14919243","Species","Detected in multiple samples"
"Streptococcus_peroris",4,4.71180956257928e-06,3.9450221710246e-05,"SRR14919240","Species","Detected in multiple samples"
"Pelotomaculum_thermopropionicum",7,4.69741640694117e-06,1.99475379751254e-05,"SRR14919246","Species","Detected in multiple samples"
"Sphingobacterium_thalpophilum",6,4.66996231731773e-06,1.80391449445296e-05,"SRR14919242","Species","Detected in multiple samples"
"Clostridium_paraputrificum",7,4.65439104584147e-06,1.66958287141541e-05,"SRR14919241","Species","Detected in multiple samples"
"Porphyromonas_gingivalis",8,4.65190340595321e-06,1.25242657649195e-05,"SRR14919245","Species","Detected in multiple samples"
"Spiribacter_salinus",9,4.64704137849352e-06,1.35000135000135e-05,"SRR14919235","Species","Detected in multiple samples"
"Clostridium_amylolyticum",4,4.6393681620054e-06,2.7000027000027e-05,"SRR14919235","Species","Detected in multiple samples"
"Clostridium_tyrobutyricum",11,4.624121152929e-06,7.8900443420492e-06,"SRR14919240","Species","Detected in multiple samples"
"Tumebacillus_flagellatus",7,4.62296548412462e-06,1.50561594748412e-05,"SRR14919236","Species","Detected in multiple samples"
"Propionispora_hippei",8,4.59631342090581e-06,1.44313159556237e-05,"SRR14919242","Species","Detected in multiple samples"
"Desulfitibacter_alkalitolerans",5,4.58565649231752e-06,2.30769230769231e-05,"SRR14919243","Species","Detected in multiple samples"
"Rhodopirellula_baltica",8,4.58562788415905e-06,1.68465740385871e-05,"SRR14919238","Species","Detected in multiple samples"
"Lactobacillus_pontis",9,4.56705709534791e-06,1.25242657649195e-05,"SRR14919245","Species","Detected in multiple samples"
"Bifidobacterium_kashiwanohense",5,4.56182096554796e-06,2.56022939655393e-05,"SRR14919237","Species","Detected in multiple samples"
"Acholeplasma_laidlawii",8,4.56042809129104e-06,1.20449275798729e-05,"SRR14919236","Species","Detected in multiple samples"
"Klebsiella_oxytoca",9,4.51559032191849e-06,7.8900443420492e-06,"SRR14919240","Species","Detected in multiple samples"
"Bacillus_aerius",9,4.47576845485474e-06,1.18350665130738e-05,"SRR14919240","Species","Detected in multiple samples"
"Clostridium_bowmanii",8,4.45532108167041e-06,1.28011469827697e-05,"SRR14919237","Species","Detected in multiple samples"
"Bifidobacterium_biavatii",6,4.44842632911016e-06,1.49692382154672e-05,"SRR14919239","Species","Detected in multiple samples"
"Corynebacterium_durum",4,4.44582226031844e-06,1.99589842872896e-05,"SRR14919239","Species","Detected in multiple samples"
"Mycoplasma_orale",8,4.44193564127559e-06,1.28011469827697e-05,"SRR14919237","Species","Detected in multiple samples"
"Desulfitispora_alkaliphila",5,4.43942560384039e-06,2.30769230769231e-05,"SRR14919243","Species","Detected in multiple samples"
"Streptococcus_cristatus",4,4.43754526948145e-06,3.55051995392214e-05,"SRR14919240","Species","Detected in multiple samples"
"Lachnoanaerobaculum_saburreum",7,4.42678670909503e-06,1.92017204741545e-05,"SRR14919237","Species","Detected in multiple samples"
"Bacillus_hunanensis",9,4.42380669114084e-06,1.18350665130738e-05,"SRR14919240","Species","Detected in multiple samples"
"Desulfotomaculum_guttoideum",3,4.41955913764428e-06,3.6000036000036e-05,"SRR14919235","Species","Detected in multiple samples"
"Clostridium_thiosulfatireducens",7,4.41721549979238e-06,1.26349305289403e-05,"SRR14919238","Species","Detected in multiple samples"
"Haloferax_alexandrinus",9,4.4156383782459e-06,8.42328701929354e-06,"SRR14919238","Species","Detected in multiple samples"
"Prevotella_falsenii",7,4.40746493799539e-06,1.25242657649195e-05,"SRR14919245","Species","Detected in multiple samples"
"Campylobacter_mucosalis",6,4.39612947078618e-06,1.57800886840984e-05,"SRR14919240","Species","Detected in multiple samples"
"Enterobacter_cloacae",8,4.39487253234711e-06,1.44313159556237e-05,"SRR14919242","Species","Detected in multiple samples"
"Dendrosporobacter_quercicolus",7,4.39190111644051e-06,1.50561594748412e-05,"SRR14919236","Species","Detected in multiple samples"
"Corynebacterium_jeikeium",5,4.38171876034933e-06,2.76151551971722e-05,"SRR14919240","Species","Detected in multiple samples"
"Rapidithrix_thailandica",8,4.37904663969109e-06,1.18350665130738e-05,"SRR14919240","Species","Detected in multiple samples"
"Collinsella_intestinalis",6,4.36442862998277e-06,2.56022939655393e-05,"SRR14919237","Species","Detected in multiple samples"
"Clostridium_cochlearium",6,4.33105029425064e-06,1.26349305289403e-05,"SRR14919238","Species","Detected in multiple samples"
"Rhodobacter_azotoformans",8,4.31316426485496e-06,8.34951050994635e-06,"SRR14919245","Species","Detected in multiple samples"
"Oleispira_lenta",8,4.29904195855661e-06,1.8000018000018e-05,"SRR14919235","Species","Detected in multiple samples"
"Thermoactinomyces_sanguinis",8,4.29817054565802e-06,1.49692382154672e-05,"SRR14919239","Species","Detected in multiple samples"
"Streptococcus_mutans",6,4.29725540786579e-06,3.15601773681968e-05,"SRR14919240","Species","Detected in multiple samples"
"Salmonella_enterica",9,4.29711290029336e-06,7.8900443420492e-06,"SRR14919240","Species","Detected in multiple samples"
"Zavarzinella_formosa",5,4.28692761503947e-06,2.16469739334356e-05,"SRR14919242","Species","Detected in multiple samples"
"Synechococcus_elongatus",7,4.27835062696707e-06,1.28011469827697e-05,"SRR14919237","Species","Detected in multiple samples"
"Bacillus_mycoides",8,4.2393029657682e-06,1.25242657649195e-05,"SRR14919245","Species","Detected in multiple samples"
"Prevotella_micans",2,4.23618686166189e-06,3.58650041244755e-05,"SRR14919244","Species","Detected in multiple samples"
"Pseudomonas_mendocina",7,4.21776449010558e-06,1.25242657649195e-05,"SRR14919245","Species","Detected in multiple samples"
"Clostridium_hiranonis",7,4.21689527564029e-06,1.49692382154672e-05,"SRR14919239","Species","Detected in multiple samples"
"Streptococcus_didelphis",5,4.213653980437e-06,1.9725110855123e-05,"SRR14919240","Species","Detected in multiple samples"
"Desulfosalsimonas_propionicica",7,4.20820680424015e-06,9.000009000009e-06,"SRR14919235","Species","Detected in multiple samples"
"Deinococcus_pimensis",8,4.19818291852554e-06,9.000009000009e-06,"SRR14919235","Species","Detected in multiple samples"
"Lactobacillus_aviarius",8,4.19341066558035e-06,1.19550013748252e-05,"SRR14919244","Species","Detected in multiple samples"
"Meniscus_glaucopis",7,4.19262672827373e-06,9.97949214364481e-06,"SRR14919239","Species","Detected in multiple samples"
"Sphingobacterium_spiritivorum",8,4.18941449768362e-06,9.97949214364481e-06,"SRR14919239","Species","Detected in multiple samples"
"Caminicella_sporogenes",8,4.17929553226547e-06,1.28011469827697e-05,"SRR14919237","Species","Detected in multiple samples"
"Lactobacillus_animata",7,4.16610794405417e-06,1.57800886840984e-05,"SRR14919240","Species","Detected in multiple samples"
"Yaniella_fodinae",7,4.15685103814551e-06,1.35000135000135e-05,"SRR14919235","Species","Detected in multiple samples"
"Bacillus_galactosidilyticus",8,4.15373328822204e-06,1.26349305289403e-05,"SRR14919238","Species","Detected in multiple samples"
"Thermoanaerobacter_pseudethanolicus",4,4.14911347532253e-06,3.07692307692308e-05,"SRR14919243","Species","Detected in multiple samples"
"Anaerococcus_prevotii",7,4.14546994715526e-06,1.25242657649195e-05,"SRR14919245","Species","Detected in multiple samples"
"Hydrogenivirga_caldilitoris",7,4.1450157722258e-06,1.25242657649195e-05,"SRR14919245","Species","Detected in multiple samples"
"Methylobacterium_aquaticum",7,4.13689710984927e-06,1.49692382154672e-05,"SRR14919239","Species","Detected in multiple samples"
"Sulfobacillus_thermotolerans",10,4.1355143621416e-06,8.42328701929354e-06,"SRR14919238","Species","Detected in multiple samples"
"Halobaculum_gomorrense",8,4.11201096972308e-06,9.97949214364481e-06,"SRR14919239","Species","Detected in multiple samples"
"Alteromonas_marina",8,4.10984238962841e-06,9.03369568490469e-06,"SRR14919236","Species","Detected in multiple samples"
"Treponema_maltophilum",7,4.1041757154724e-06,1.19550013748252e-05,"SRR14919244","Species","Detected in multiple samples"
"Thermoflavimicrobium_dichotomicum",6,4.09452788521523e-06,1.68465740385871e-05,"SRR14919238","Species","Detected in multiple samples"
"Bacteroides_galacturonicus",5,4.0907359261946e-06,1.49692382154672e-05,"SRR14919239","Species","Detected in multiple samples"
"Acetoanaerobium_noterae",5,4.0906594300293e-06,2.52548029223415e-05,"SRR14919242","Species","Detected in multiple samples"
"Olleya_marilimosa",7,4.08652541162497e-06,1.26349305289403e-05,"SRR14919238","Species","Detected in multiple samples"
"Helicobacter_macacae",9,4.08411029770794e-06,1.28011469827697e-05,"SRR14919237","Species","Detected in multiple samples"
"Treponema_caldaria",8,4.08296478656922e-06,1.28011469827697e-05,"SRR14919237","Species","Detected in multiple samples"
"Haloplasma_contractile",9,4.0824111007581e-06,1.08234869667178e-05,"SRR14919242","Species","Detected in multiple samples"
"Marinilabilia_salmonicolor",6,4.07020491426289e-06,1.33566629713232e-05,"SRR14919241","Species","Detected in multiple samples"
"Nocardia_cyriacigeorgica",8,4.06985590921883e-06,8.42328701929354e-06,"SRR14919238","Species","Detected in multiple samples"
"Symbiobacterium_toebii",4,4.06634033230235e-06,2.52548029223415e-05,"SRR14919242","Species","Detected in multiple samples"
"Edwardsiella_tarda",9,4.06338965425942e-06,9.97376898756271e-06,"SRR14919246","Species","Detected in multiple samples"
"Negativicoccus_succinicivorans",6,4.06233334181516e-06,1.50561594748412e-05,"SRR14919236","Species","Detected in multiple samples"
"Eubacterium_acidaminophilum",7,4.06207502154896e-06,1.59400018331002e-05,"SRR14919244","Species","Detected in multiple samples"
"Acholeplasma_brassicae",8,4.05854830299818e-06,1.28011469827697e-05,"SRR14919237","Species","Detected in multiple samples"
"Pontibacter_salisaro",7,4.05103786323697e-06,1.28011469827697e-05,"SRR14919237","Species","Detected in multiple samples"
"Marinobacterium_jannaschii",8,4.04388925519114e-06,9.97949214364481e-06,"SRR14919239","Species","Detected in multiple samples"
"Streptococcus_australis",3,4.04301729906585e-06,2.36701330261476e-05,"SRR14919240","Species","Detected in multiple samples"
"Pelodictyon_luteolum",9,4.03077344447896e-06,1.35000135000135e-05,"SRR14919235","Species","Detected in multiple samples"
"Cellulosibacter_alkalithermophilus",5,4.03018389880582e-06,1.92017204741545e-05,"SRR14919237","Species","Detected in multiple samples"
"Erysipelothrix_rhusiopathiae",8,4.0039542917429e-06,1.28011469827697e-05,"SRR14919237","Species","Detected in multiple samples"
"Criblamydia_sequanensis",7,4.0024340024026e-06,1.00174972284924e-05,"SRR14919241","Species","Detected in multiple samples"
"Halococcus_hamelinensis",6,4.00130636587685e-06,1.26349305289403e-05,"SRR14919238","Species","Detected in multiple samples"
"Vibrio_mimicus",8,3.99352435730201e-06,1.8000018000018e-05,"SRR14919235","Species","Detected in multiple samples"
"Fibrobacter_intestinalis",10,3.98738328980323e-06,8.34951050994635e-06,"SRR14919245","Species","Detected in multiple samples"
"Nicoletella_semolina",4,3.98265553214389e-06,2.76151551971722e-05,"SRR14919240","Species","Detected in multiple samples"
"Holospora_undulata",6,3.98188154662949e-06,1.8000018000018e-05,"SRR14919235","Species","Detected in multiple samples"
"Hydrotalea_sandarakina",8,3.96902348411383e-06,8.42328701929354e-06,"SRR14919238","Species","Detected in multiple samples"
"Desulfobacterium_autotrophicum",8,3.96838360644028e-06,1.44313159556237e-05,"SRR14919242","Species","Detected in multiple samples"
"Lactobacillus_casei",7,3.96549008754129e-06,1.26349305289403e-05,"SRR14919238","Species","Detected in multiple samples"
"Caloramator_proteoclasticus",9,3.95478400653053e-06,8.42328701929354e-06,"SRR14919238","Species","Detected in multiple samples"
"Roseiflexus_castenholzii",7,3.95355374274473e-06,1.44313159556237e-05,"SRR14919242","Species","Detected in multiple samples"
"Pseudendoclonium_akinetum",8,3.94537035093329e-06,8.34951050994635e-06,"SRR14919245","Species","Detected in multiple samples"
"Thermanaeromonas_toyohensis",8,3.94032733112643e-06,1.49606534813441e-05,"SRR14919246","Species","Detected in multiple samples"
"Corallococcus_macrosporus",8,3.92323554646261e-06,1.15384615384615e-05,"SRR14919243","Species","Detected in multiple samples"
"Clostridium_propionicum",6,3.91066387598328e-06,1.50561594748412e-05,"SRR14919236","Species","Detected in multiple samples"
"Syntrophomonas_cellicola",7,3.9056534365497e-06,1.49692382154672e-05,"SRR14919239","Species","Detected in multiple samples"
"Ehrlichia_ruminantium",6,3.89909483860787e-06,1.57800886840984e-05,"SRR14919240","Species","Detected in multiple samples"
"Thiocystis_gelatinosa",7,3.89396551323118e-06,1.49692382154672e-05,"SRR14919239","Species","Detected in multiple samples"
"Nostoc_ellipsosporum",6,3.88101671465326e-06,1.25242657649195e-05,"SRR14919245","Species","Detected in multiple samples"
"Porphyromonas_canoris",7,3.88056673984047e-06,1.92017204741545e-05,"SRR14919237","Species","Detected in multiple samples"
"Trigonala_elaeagnus",7,3.88027096803725e-06,1.26349305289403e-05,"SRR14919238","Species","Detected in multiple samples"
"Herminiimonas_arsenicoxydans",6,3.87497694949288e-06,1.68465740385871e-05,"SRR14919238","Species","Detected in multiple samples"
"Modicisalibacter_tunisiensis",9,3.86079622203229e-06,1.28011469827697e-05,"SRR14919237","Species","Detected in multiple samples"
"Luteolibacter_algae",7,3.85325938693223e-06,1.28011469827697e-05,"SRR14919237","Species","Detected in multiple samples"
"Solitalea_koreensis",6,3.84117891953164e-06,1.49692382154672e-05,"SRR14919239","Species","Detected in multiple samples"
"Pleurocapsa_minor",6,3.83829071476033e-06,1.18350665130738e-05,"SRR14919240","Species","Detected in multiple samples"
"Haloglycomyces_albus",6,3.82258556676533e-06,1.08234869667178e-05,"SRR14919242","Species","Detected in multiple samples"
"Pelosinus_defluvii",7,3.81724728915423e-06,1.28011469827697e-05,"SRR14919237","Species","Detected in multiple samples"
"Bifidobacterium_catenulatum",5,3.81557153749664e-06,1.66958287141541e-05,"SRR14919241","Species","Detected in multiple samples"
"Halomicroarcula_pellucida",7,3.80948978904219e-06,1.80673913698094e-05,"SRR14919236","Species","Detected in multiple samples"
"Pseudoscardovia_suis",5,3.78824326070155e-06,1.99589842872896e-05,"SRR14919239","Species","Detected in multiple samples"
"Planktothrix_agardhii",7,3.78671163118988e-06,8.42328701929354e-06,"SRR14919238","Species","Detected in multiple samples"
"Desulfotalea_arctica",8,3.73659587643015e-06,1.28011469827697e-05,"SRR14919237","Species","Detected in multiple samples"
"Clostridium_tertium",4,3.73473719181327e-06,2.94815045675274e-05,"SRR14919238","Species","Detected in multiple samples"
"Clostridium_peptidivorans",9,3.73204226052113e-06,9.000009000009e-06,"SRR14919235","Species","Detected in multiple samples"
"Persephonella_hydrogeniphila",5,3.7286039137997e-06,2.16469739334356e-05,"SRR14919242","Species","Detected in multiple samples"
"Achromobacter_xylosoxidans",5,3.72637822205022e-06,1.35000135000135e-05,"SRR14919235","Species","Detected in multiple samples"
"Leuconostoc_pseudomesenteroides",7,3.72443557414234e-06,9.97949214364481e-06,"SRR14919239","Species","Detected in multiple samples"
"Holospora_acuminata",4,3.71622025375403e-06,2.4948730359112e-05,"SRR14919239","Species","Detected in multiple samples"
"Prevotella_intermedia",6,3.71400539995555e-06,1.28011469827697e-05,"SRR14919237","Species","Detected in multiple samples"
"Weissella_paramesenteroides",5,3.71131562998491e-06,2.4948730359112e-05,"SRR14919239","Species","Detected in multiple samples"
"Photorhabdus_luminescens",6,3.70018242041142e-06,1.08234869667178e-05,"SRR14919242","Species","Detected in multiple samples"
"Desulfitobacterium_aromaticivorans",7,3.68465132872314e-06,1.49692382154672e-05,"SRR14919239","Species","Detected in multiple samples"
"Sphingobacterium_wenxiniae",6,3.68451277085424e-06,1.92307692307692e-05,"SRR14919243","Species","Detected in multiple samples"
"Shewanella_algae",7,3.67855522125722e-06,1.49692382154672e-05,"SRR14919239","Species","Detected in multiple samples"
"Cyanidium_caldarium",7,3.66890186487617e-06,1.44313159556237e-05,"SRR14919242","Species","Detected in multiple samples"
"Terrimonas_aquatica",5,3.66545373993242e-06,1.00174972284924e-05,"SRR14919241","Species","Detected in multiple samples"
"Anoxybacillus_flavithermus",5,3.66079048396003e-06,1.19550013748252e-05,"SRR14919244","Species","Detected in multiple samples"
"Lactobacillus_iners",7,3.66067687627306e-06,1.49692382154672e-05,"SRR14919239","Species","Detected in multiple samples"
"Opitutus_terrae",8,3.66026825248189e-06,9.97949214364481e-06,"SRR14919239","Species","Detected in multiple samples"
"Brevibacillus_agri",3,3.65663870346474e-06,1.8000018000018e-05,"SRR14919235","Species","Detected in multiple samples"
"Vibrio_mediterranei",5,3.6516203043734e-06,1.18350665130738e-05,"SRR14919240","Species","Detected in multiple samples"
"Hymenobacter_soli",6,3.65155186285153e-06,1.08234869667178e-05,"SRR14919242","Species","Detected in multiple samples"
"Bacillus_coagulans",6,3.62868943908097e-06,1.18350665130738e-05,"SRR14919240","Species","Detected in multiple samples"
"Lactobacillus_perolens",6,3.62636913351719e-06,1.8000018000018e-05,"SRR14919235","Species","Detected in multiple samples"
"Methanosaeta_concilii",8,3.62272222994154e-06,9.97376898756271e-06,"SRR14919246","Species","Detected in multiple samples"
"Eubacterium_infirmum",6,3.62267808127531e-06,1.28011469827697e-05,"SRR14919237","Species","Detected in multiple samples"
"Chondromyces_crocatus",7,3.60069602690077e-06,9.97949214364481e-06,"SRR14919239","Species","Detected in multiple samples"
"Fangia_hongkongensis",6,3.58981738359339e-06,1.28011469827697e-05,"SRR14919237","Species","Detected in multiple samples"
"Atopobacter_phocae",7,3.5865123413567e-06,1.18350665130738e-05,"SRR14919240","Species","Detected in multiple samples"
"Ammonifex_degensii",9,3.58548042106434e-06,7.9700009165501e-06,"SRR14919244","Species","Detected in multiple samples"
"Dethiosulfatibacter_aminovorans",7,3.58378667947646e-06,1.08234869667178e-05,"SRR14919242","Species","Detected in multiple samples"
"Weissella_fabaria",5,3.58039625674397e-06,1.25242657649195e-05,"SRR14919245","Species","Detected in multiple samples"
"Vibrio_fortis",6,3.55911373139444e-06,9.97376898756271e-06,"SRR14919246","Species","Detected in multiple samples"
"Salimesophilobacter_vulgaris",6,3.55133991918572e-06,1.28011469827697e-05,"SRR14919237","Species","Detected in multiple samples"
"Corallococcus_coralloides",8,3.54779249799751e-06,1.08234869667178e-05,"SRR14919242","Species","Detected in multiple samples"
"Anaplasma_bovis",9,3.54692013321681e-06,7.21565797781185e-06,"SRR14919242","Species","Detected in multiple samples"
"Coraliomargarita_akajimensis",6,3.54088556321777e-06,1.35000135000135e-05,"SRR14919235","Species","Detected in multiple samples"
"Calditerricola_yamamurae",5,3.5239053138448e-06,1.99589842872896e-05,"SRR14919239","Species","Detected in multiple samples"
"Idiomarina_salinarum",7,3.52230283592647e-06,1.25242657649195e-05,"SRR14919245","Species","Detected in multiple samples"
"Pseudomonas_corrugata",6,3.50267886691228e-06,1.35000135000135e-05,"SRR14919235","Species","Detected in multiple samples"
"Thermodesulfatator_atlanticus",7,3.50255493095021e-06,1.35000135000135e-05,"SRR14919235","Species","Detected in multiple samples"
"Bacillus_mojavensis",7,3.49717063237458e-06,1.08234869667178e-05,"SRR14919242","Species","Detected in multiple samples"
"Clostridium_josui",6,3.49236031906683e-06,1.44313159556237e-05,"SRR14919242","Species","Detected in multiple samples"
"Pseudoalteromonas_arctica",7,3.46912425402559e-06,9.97376898756271e-06,"SRR14919246","Species","Detected in multiple samples"
"Bifidobacterium_angulatum",5,3.46532170160811e-06,1.49692382154672e-05,"SRR14919239","Species","Detected in multiple samples"
"Vampirovibrio_chlorellavorus",6,3.45770852743774e-06,9.97949214364481e-06,"SRR14919239","Species","Detected in multiple samples"
"Chitinophaga_terrae",5,3.45673654928402e-06,1.57800886840984e-05,"SRR14919240","Species","Detected in multiple samples"
"Solanum_lycopersicum",7,3.4479112507963e-06,9.97376898756271e-06,"SRR14919246","Species","Detected in multiple samples"
"Escherichia/Shigella_sonnei",4,3.44578665740836e-06,1.50561594748412e-05,"SRR14919236","Species","Detected in multiple samples"
"Colwellia_rossensis",8,3.44006920932329e-06,9.97949214364481e-06,"SRR14919239","Species","Detected in multiple samples"
"Treponema_primitia",7,3.43979648760379e-06,9.03369568490469e-06,"SRR14919236","Species","Detected in multiple samples"
"Streptococcus_iniae",3,3.43747839573556e-06,3.15601773681968e-05,"SRR14919240","Species","Detected in multiple samples"
"Thermoanaerobacterium_thermosulfurigenes",8,3.43175049618285e-06,9.03369568490469e-06,"SRR14919236","Species","Detected in multiple samples"
"Blastopirellula_cremea",7,3.42921074426374e-06,1.15384615384615e-05,"SRR14919243","Species","Detected in multiple samples"
"Methanococcus_maripaludis",7,3.41615365566817e-06,9.97949214364481e-06,"SRR14919239","Species","Detected in multiple samples"
"Finegoldia_magna",6,3.41027583707502e-06,1.08234869667178e-05,"SRR14919242","Species","Detected in multiple samples"
"Runella_zeae",7,3.40366094446388e-06,1.44313159556237e-05,"SRR14919242","Species","Detected in multiple samples"
"Agarivorans_gilvus",8,3.40044571264977e-06,7.69230769230769e-06,"SRR14919243","Species","Detected in multiple samples"
"Peptostreptococcus_canis",6,3.39890879372677e-06,1.08234869667178e-05,"SRR14919242","Species","Detected in multiple samples"
"Eubacterium_nodatum",6,3.39409090576076e-06,9.000009000009e-06,"SRR14919235","Species","Detected in multiple samples"
"Campylobacter_concisus",2,3.39298530245116e-06,3.67308231711389e-05,"SRR14919241","Species","Detected in multiple samples"
"Eggerthia_catenaformis",6,3.39050860714191e-06,1.18350665130738e-05,"SRR14919240","Species","Detected in multiple samples"
"Planctomyces_brasiliensis",7,3.38719175600911e-06,8.34951050994635e-06,"SRR14919245","Species","Detected in multiple samples"
"Lactobacillus_acidophilus",4,3.38275844352534e-06,2.50485315298391e-05,"SRR14919245","Species","Detected in multiple samples"
"Staphylococcus_sciuri",6,3.37781115530384e-06,1.08234869667178e-05,"SRR14919242","Species","Detected in multiple samples"
"Polynucleobacter_cosmopolitanus",7,3.3697732943884e-06,1.25242657649195e-05,"SRR14919245","Species","Detected in multiple samples"
"Coxiella_burnetii",6,3.36124551623293e-06,9.000009000009e-06,"SRR14919235","Species","Detected in multiple samples"
"Mycoplasma_iguanae",7,3.36001042206145e-06,1.08234869667178e-05,"SRR14919242","Species","Detected in multiple samples"
"Nonomuraea_coxensis",5,3.34718848974291e-06,1.44313159556237e-05,"SRR14919242","Species","Detected in multiple samples"
"Olavius_algarvensis",7,3.3346392483931e-06,9.000009000009e-06,"SRR14919235","Species","Detected in multiple samples"
"Streptococcus_equi",6,3.32791445828934e-06,1.18350665130738e-05,"SRR14919240","Species","Detected in multiple samples"
"Centipeda_periodontii",7,3.31596511552012e-06,1.26349305289403e-05,"SRR14919238","Species","Detected in multiple samples"
"Mucilaginibacter_gynuensis",7,3.31315139822028e-06,8.42328701929354e-06,"SRR14919238","Species","Detected in multiple samples"
"Methylobacterium_adhaesivum",5,3.31118409154932e-06,1.26349305289403e-05,"SRR14919238","Species","Detected in multiple samples"
"Lishizhenia_caseinilytica",8,3.29657155573361e-06,9.000009000009e-06,"SRR14919235","Species","Detected in multiple samples"
"Desulfosporosinus_burensis",6,3.28967154460367e-06,1.28011469827697e-05,"SRR14919237","Species","Detected in multiple samples"
"Thalassomonas_agarivorans",7,3.28019951300574e-06,9.03369568490469e-06,"SRR14919236","Species","Detected in multiple samples"
"Xenorhabdus_stockiae",6,3.27876822839115e-06,1.08234869667178e-05,"SRR14919242","Species","Detected in multiple samples"
"Brasilonema_octagenarum",6,3.27873623163929e-06,1.28011469827697e-05,"SRR14919237","Species","Detected in multiple samples"
"Catellicoccus_marimammalium",6,3.27544793653345e-06,1.28011469827697e-05,"SRR14919237","Species","Detected in multiple samples"
"Caldicoprobacter_algeriensis",3,3.27439489018321e-06,1.49692382154672e-05,"SRR14919239","Species","Detected in multiple samples"
"Roseomonas_cervicalis",8,3.2729831733424e-06,8.34951050994635e-06,"SRR14919245","Species","Detected in multiple samples"
"Borrelia_burgdorferi",8,3.27117016478516e-06,7.21565797781185e-06,"SRR14919242","Species","Detected in multiple samples"
"Thermoactinomyces_intermedius",5,3.26993757374754e-06,1.15384615384615e-05,"SRR14919243","Species","Detected in multiple samples"
"Fervidobacterium_gondwanense",6,3.26544108950013e-06,9.97949214364481e-06,"SRR14919239","Species","Detected in multiple samples"
"Streptococcus_anginosus",3,3.2561748638334e-06,3.15601773681968e-05,"SRR14919240","Species","Detected in multiple samples"
"Cymbella_subturgidula",5,3.24747374189641e-06,1.28011469827697e-05,"SRR14919237","Species","Detected in multiple samples"
"Leptotrichia_wadei",5,3.24502064261711e-06,1.57800886840984e-05,"SRR14919240","Species","Detected in multiple samples"
"Bacillus_litoralis",7,3.24283657455608e-06,7.8900443420492e-06,"SRR14919240","Species","Detected in multiple samples"
"Rheinheimera_soli",7,3.2427220456814e-06,9.03369568490469e-06,"SRR14919236","Species","Detected in multiple samples"
"Varibaculum_cambriense",7,3.23391464272267e-06,8.34951050994635e-06,"SRR14919245","Species","Detected in multiple samples"
"Clostridium_thermopalmarium",2,3.23119802907589e-06,3.49282225027568e-05,"SRR14919239","Species","Detected in multiple samples"
"Azospirillum_amazonense",7,3.22923806868512e-06,9.000009000009e-06,"SRR14919235","Species","Detected in multiple samples"
"Bradyrhizobium_jicamae",7,3.22584396658721e-06,9.97949214364481e-06,"SRR14919239","Species","Detected in multiple samples"
"Paraeggerthella_hongkongensis",4,3.21304510119607e-06,1.68465740385871e-05,"SRR14919238","Species","Detected in multiple samples"
"Fontibacter_ferrireducens",7,3.21188683839266e-06,8.34951050994635e-06,"SRR14919245","Species","Detected in multiple samples"
"Mycoplasma_amphoriforme",6,3.17944093705993e-06,9.97376898756271e-06,"SRR14919246","Species","Detected in multiple samples"
"Lactobacillus_versmoldensis",6,3.17666385120054e-06,1.25242657649195e-05,"SRR14919245","Species","Detected in multiple samples"
"Bacillus_drentensis",8,3.15527617948577e-06,7.8900443420492e-06,"SRR14919240","Species","Detected in multiple samples"
"Flavobacterium_banpakuense",7,3.15467472725218e-06,7.8900443420492e-06,"SRR14919240","Species","Detected in multiple samples"
"Tetragenococcus_osmophilus",6,3.15012767499681e-06,9.97949214364481e-06,"SRR14919239","Species","Detected in multiple samples"
"Euglena_viridis",6,3.1348662574612e-06,1.26349305289403e-05,"SRR14919238","Species","Detected in multiple samples"
"Thiohalophilus_thiocyanatoxydans",6,3.13378656053434e-06,1.00174972284924e-05,"SRR14919241","Species","Detected in multiple samples"
"Cupriavidus_pauculus",7,3.13090792415497e-06,8.34951050994635e-06,"SRR14919245","Species","Detected in multiple samples"
"Clostridium_sardiniense",2,3.12827516027733e-06,3.36931480771742e-05,"SRR14919238","Species","Detected in multiple samples"
"Natronovirga_wadinatrunensis",4,3.12732179580872e-06,1.92017204741545e-05,"SRR14919237","Species","Detected in multiple samples"
"Porphyromonas_macacae",6,3.1234507061782e-06,1.49606534813441e-05,"SRR14919246","Species","Detected in multiple samples"
"Clostridium_aldrichii",5,3.11833737662807e-06,1.26349305289403e-05,"SRR14919238","Species","Detected in multiple samples"
"Clostridium_litorale",6,3.09919184467401e-06,1.08234869667178e-05,"SRR14919242","Species","Detected in multiple samples"
"Sporomusa_termitida",6,3.09893810221013e-06,1.19550013748252e-05,"SRR14919244","Species","Detected in multiple samples"
"Arthrobacter_sulfonivorans",5,3.09506375852514e-06,1.44313159556237e-05,"SRR14919242","Species","Detected in multiple samples"
"Staphylococcus_pasteuri",6,3.0873091234757e-06,9.97949214364481e-06,"SRR14919239","Species","Detected in multiple samples"
"Pleurocapsa_concharum",7,3.0760264938104e-06,8.42328701929354e-06,"SRR14919238","Species","Detected in multiple samples"
"Mycoplasma_cricetuli",8,3.07233198247602e-06,7.21565797781185e-06,"SRR14919242","Species","Detected in multiple samples"
"Actinomyces_hyovaginalis",6,3.07160300843656e-06,8.34951050994635e-06,"SRR14919245","Species","Detected in multiple samples"
"Prolixibacter_bellariivorans",7,3.06916807429073e-06,7.9700009165501e-06,"SRR14919244","Species","Detected in multiple samples"
"Lysinibacillus_odysseyi",6,3.05163737766383e-06,9.97376898756271e-06,"SRR14919246","Species","Detected in multiple samples"
"Bacteroides_faecis",6,3.05103904902656e-06,1.19550013748252e-05,"SRR14919244","Species","Detected in multiple samples"
"Beijerinckia_indica",5,3.04136716278124e-06,1.26349305289403e-05,"SRR14919238","Species","Detected in multiple samples"
"Ectothiorhodospira_imhoffii",6,3.04024613226919e-06,9.97376898756271e-06,"SRR14919246","Species","Detected in multiple samples"
"Pelotomaculum_terephthalicicum",6,3.02163426836004e-06,9.97949214364481e-06,"SRR14919239","Species","Detected in multiple samples"
"Rummeliibacillus_pycnus",5,3.01983043651356e-06,1.68465740385871e-05,"SRR14919238","Species","Detected in multiple samples"
"Campylobacter_lanienae",7,3.01952678882426e-06,1.25242657649195e-05,"SRR14919245","Species","Detected in multiple samples"
"Pigmentiphaga_daeguensis",4,3.01935347402924e-06,1.8000018000018e-05,"SRR14919235","Species","Detected in multiple samples"
"Lactobacillus_kalixensis",6,3.01557300370092e-06,1.26349305289403e-05,"SRR14919238","Species","Detected in multiple samples"
"Marinobacter_litoralis",6,3.01510015585558e-06,9.000009000009e-06,"SRR14919235","Species","Detected in multiple samples"
"Cloacibacillus_evryensis",3,3.01399528271015e-06,2.08737762748659e-05,"SRR14919245","Species","Detected in multiple samples"
"Lactobacillus_senioris",5,2.99981874164361e-06,1.68465740385871e-05,"SRR14919238","Species","Detected in multiple samples"
"Ilyobacter_psychrophilus",7,2.9979840232178e-06,1.08234869667178e-05,"SRR14919242","Species","Detected in multiple samples"
"Desulfococcus_multivorans",6,2.99686117332132e-06,9.03369568490469e-06,"SRR14919236","Species","Detected in multiple samples"
"Bifidobacterium_bohemicum",5,2.99393651817199e-06,1.44313159556237e-05,"SRR14919242","Species","Detected in multiple samples"
"Paenisporosarcina_quisquiliarum",6,2.98429036778837e-06,8.42328701929354e-06,"SRR14919238","Species","Detected in multiple samples"
"Pedobacter_xinjiangensis",6,2.96651823023826e-06,7.8900443420492e-06,"SRR14919240","Species","Detected in multiple samples"
"Niabella_aurantiaca",7,2.96634807128385e-06,7.69230769230769e-06,"SRR14919243","Species","Detected in multiple samples"
"Lactobacillus_composti",5,2.95985718761108e-06,1.19550013748252e-05,"SRR14919244","Species","Detected in multiple samples"
"Microaerobacter_geothermalis",7,2.95744376675049e-06,8.34951050994635e-06,"SRR14919245","Species","Detected in multiple samples"
"Desulfoluna_spongiiphila",8,2.9560761577368e-06,7.9700009165501e-06,"SRR14919244","Species","Detected in multiple samples"
"Jeotgalibacillus_marinus",8,2.95385193370861e-06,6.40057349138483e-06,"SRR14919237","Species","Detected in multiple samples"
"Achromatium_oxaliferum",7,2.9458513714728e-06,7.69230769230769e-06,"SRR14919243","Species","Detected in multiple samples"
"Haemophilus_haemoglobinophilus",4,2.94491143848128e-06,1.57800886840984e-05,"SRR14919240","Species","Detected in multiple samples"
"Chlamydia_pecorum",5,2.93408890457001e-06,1.18350665130738e-05,"SRR14919240","Species","Detected in multiple samples"
"Myroides_odoratimimus",7,2.9201868737754e-06,8.34951050994635e-06,"SRR14919245","Species","Detected in multiple samples"
"Peptostreptococcus_anaerobius",3,2.91952188131461e-06,2.30769230769231e-05,"SRR14919243","Species","Detected in multiple samples"
"Alvinella_pompejana",5,2.91626879503173e-06,1.18350665130738e-05,"SRR14919240","Species","Detected in multiple samples"
"Selenihalanaerobacter_shriftii",6,2.91533755777605e-06,8.34951050994635e-06,"SRR14919245","Species","Detected in multiple samples"
"Moraxella_caprae",7,2.91023909455989e-06,7.69230769230769e-06,"SRR14919243","Species","Detected in multiple samples"
"Natronincola_histidinovorans",5,2.90624561566047e-06,1.68465740385871e-05,"SRR14919238","Species","Detected in multiple samples"
"Streptomyces_melanogenes",6,2.90153505048244e-06,7.9700009165501e-06,"SRR14919244","Species","Detected in multiple samples"
"Metabacterium_polyspora",7,2.89919732482779e-06,9.000009000009e-06,"SRR14919235","Species","Detected in multiple samples"
"Methanocella_arvoryzae",5,2.89456632822818e-06,1.59400018331002e-05,"SRR14919244","Species","Detected in multiple samples"
"Bacillus_aurantiacus",7,2.88348445537715e-06,7.21565797781185e-06,"SRR14919242","Species","Detected in multiple samples"
"Lactobacillus_faeni",7,2.88055596505035e-06,8.34951050994635e-06,"SRR14919245","Species","Detected in multiple samples"
"Planctomyces_maris",8,2.8786351393778e-06,7.21565797781185e-06,"SRR14919242","Species","Detected in multiple samples"
"Dysgonomonas_oryzarvi",6,2.87371255214487e-06,1.15384615384615e-05,"SRR14919243","Species","Detected in multiple samples"
"Vibrio_casei",8,2.86042785667035e-06,6.40057349138483e-06,"SRR14919237","Species","Detected in multiple samples"
"Clostridium_novyi",8,2.85200599484077e-06,6.40057349138483e-06,"SRR14919237","Species","Detected in multiple samples"
"Haloquadratum_walsbyi",5,2.83595564885499e-06,1.35000135000135e-05,"SRR14919235","Species","Detected in multiple samples"
"Bacillus_amyloliquefaciens",8,2.83402553359708e-06,6.40057349138483e-06,"SRR14919237","Species","Detected in multiple samples"
"Geotoga_subterranea",6,2.82662149198123e-06,1.49692382154672e-05,"SRR14919239","Species","Detected in multiple samples"
"Sarcina_maxima",4,2.82368935707088e-06,2.10582175482338e-05,"SRR14919238","Species","Detected in multiple samples"
"Desulfotomaculum_luciae",5,2.81045137240486e-06,1.28011469827697e-05,"SRR14919237","Species","Detected in multiple samples"
"Heliobacterium_gestii",8,2.80666392712973e-06,6.40057349138483e-06,"SRR14919237","Species","Detected in multiple samples"
"Filomicrobium_insigne",6,2.80549955341787e-06,9.97376898756271e-06,"SRR14919246","Species","Detected in multiple samples"
"Anaerosinus_glycerini",2,2.80502672286527e-06,3.00524916854773e-05,"SRR14919241","Species","Detected in multiple samples"
"Aminobacterium_colombiense",5,2.80500483549339e-06,1.19550013748252e-05,"SRR14919244","Species","Detected in multiple samples"
"Lactobacillus_mucosae",4,2.80222874752518e-06,1.25242657649195e-05,"SRR14919245","Species","Detected in multiple samples"
"Anaeroplasma_bactoclasticum",6,2.79893620214082e-06,7.69230769230769e-06,"SRR14919243","Species","Detected in multiple samples"
"Butyrivibrio_hungatei",6,2.79322776923364e-06,9.03369568490469e-06,"SRR14919236","Species","Detected in multiple samples"
"Burkholderia_phymatum",6,2.79168678613005e-06,1.08234869667178e-05,"SRR14919242","Species","Detected in multiple samples"
"Oligella_urethralis",5,2.78840881495932e-06,1.44313159556237e-05,"SRR14919242","Species","Detected in multiple samples"
"Mycoplasma_pneumoniae",6,2.78746912212982e-06,1.08234869667178e-05,"SRR14919242","Species","Detected in multiple samples"
"Mucilaginibacter_oryzae",6,2.7794506353492e-06,7.8900443420492e-06,"SRR14919240","Species","Detected in multiple samples"
"Desulfomicrobium_baculatum",5,2.77112849583779e-06,1.18350665130738e-05,"SRR14919240","Species","Detected in multiple samples"
"Caldithrix_palaeochoryensis",6,2.76506259374541e-06,1.18350665130738e-05,"SRR14919240","Species","Detected in multiple samples"
"Bacillus_aryabhattai",6,2.76450449637084e-06,7.9700009165501e-06,"SRR14919244","Species","Detected in multiple samples"
"Terriglobus_saanensis",6,2.75938522881733e-06,9.97949214364481e-06,"SRR14919239","Species","Detected in multiple samples"
"Legionella_pneumophila",7,2.75359413442979e-06,6.40057349138483e-06,"SRR14919237","Species","Detected in multiple samples"
"Mycoplasma_glycophilum",6,2.75099820979454e-06,7.21565797781185e-06,"SRR14919242","Species","Detected in multiple samples"
"Lactobacillus_agilis",5,2.75039675756094e-06,1.44313159556237e-05,"SRR14919242","Species","Detected in multiple samples"
"Euglena_gracilis",7,2.74922265701192e-06,7.8900443420492e-06,"SRR14919240","Species","Detected in multiple samples"
"Veillonella_tobetsuensis",4,2.74109410015719e-06,1.50561594748412e-05,"SRR14919236","Species","Detected in multiple samples"
"Prevotella_pleuritidis",5,2.74092992388546e-06,9.03369568490469e-06,"SRR14919236","Species","Detected in multiple samples"
"Prevotella_oralis",8,2.7395464189806e-06,4.98974607182241e-06,"SRR14919239","Species","Detected in multiple samples"
"Clostridium_filamentosum",6,2.73716678393215e-06,9.97949214364481e-06,"SRR14919239","Species","Detected in multiple samples"
"Bifidobacterium_boum",4,2.73293956473882e-06,1.28011469827697e-05,"SRR14919237","Species","Detected in multiple samples"
"Microcystis_flos-aquae",6,2.72935444644311e-06,7.8900443420492e-06,"SRR14919240","Species","Detected in multiple samples"
"Stenoxybacter_acetivorans",7,2.72896837638424e-06,9.000009000009e-06,"SRR14919235","Species","Detected in multiple samples"
"Oceanobacillus_iheyensis",5,2.72660903502562e-06,1.49692382154672e-05,"SRR14919239","Species","Detected in multiple samples"
"Alkalibacillus_haloalkaliphilus",6,2.72192935642692e-06,8.42328701929354e-06,"SRR14919238","Species","Detected in multiple samples"
"Cryptanaerobacter_phenolicus",5,2.71954224656267e-06,9.97949214364481e-06,"SRR14919239","Species","Detected in multiple samples"
"Vibrio_natriegens",6,2.71911283791885e-06,1.25242657649195e-05,"SRR14919245","Species","Detected in multiple samples"
"Sulfitobacter_mediterraneus",4,2.71234564104318e-06,1.49692382154672e-05,"SRR14919239","Species","Detected in multiple samples"
"Paenibacillus_azoreducens",6,2.71206318730512e-06,9.97949214364481e-06,"SRR14919239","Species","Detected in multiple samples"
"Azospirillum_brasilense",6,2.7094989681047e-06,9.03369568490469e-06,"SRR14919236","Species","Detected in multiple samples"
"Haladaptatus_paucihalophilus",6,2.70276053144099e-06,9.000009000009e-06,"SRR14919235","Species","Detected in multiple samples"
"Psychrobacter_celer",5,2.6996184675233e-06,1.28011469827697e-05,"SRR14919237","Species","Detected in multiple samples"
"Oscillatoria_amoena",6,2.69863484038857e-06,9.000009000009e-06,"SRR14919235","Species","Detected in multiple samples"
"Acidithiobacillus_cuprithermicus",8,2.69707369346774e-06,4.98974607182241e-06,"SRR14919239","Species","Detected in multiple samples"
"Telmatospirillum_siberiense",7,2.69401131561794e-06,6.40057349138483e-06,"SRR14919237","Species","Detected in multiple samples"
"Nocardia_abscessus",6,2.68602095427673e-06,9.97949214364481e-06,"SRR14919239","Species","Detected in multiple samples"
"Succinivibrio_dextrinosolvens",5,2.68030675909103e-06,1.08234869667178e-05,"SRR14919242","Species","Detected in multiple samples"
"Trachelomonas_volvocina",5,2.67987259162733e-06,1.28011469827697e-05,"SRR14919237","Species","Detected in multiple samples"
"Cesiribacter_roseus",7,2.67870405760403e-06,6.67833148566162e-06,"SRR14919241","Species","Detected in multiple samples"
"Desulfatiferula_olefinivorans",6,2.67778192720416e-06,9.97949214364481e-06,"SRR14919239","Species","Detected in multiple samples"
"Nitrosococcus_oceani",5,2.67053332816804e-06,9.000009000009e-06,"SRR14919235","Species","Detected in multiple samples"
"Peptoniphilus_gorbachii",6,2.66819921269842e-06,8.34951050994635e-06,"SRR14919245","Species","Detected in multiple samples"
"Orbus_sasakiae",5,2.66101185545548e-06,8.34951050994635e-06,"SRR14919245","Species","Detected in multiple samples"
"Prevotella_marshii",6,2.65740580178113e-06,7.9700009165501e-06,"SRR14919244","Species","Detected in multiple samples"
"Bifidobacterium_tsurumiense",4,2.65287104545842e-06,1.08234869667178e-05,"SRR14919242","Species","Detected in multiple samples"
"Anaerobacillus_arseniciselenatis",4,2.65179442373568e-06,1.28011469827697e-05,"SRR14919237","Species","Detected in multiple samples"
"Flammeovirga_kamogawensis",5,2.65008311453678e-06,1.28011469827697e-05,"SRR14919237","Species","Detected in multiple samples"
"Gemella_palaticanis",5,2.64862473227044e-06,1.26349305289403e-05,"SRR14919238","Species","Detected in multiple samples"
"Moorella_thermoacetica",5,2.63851720095994e-06,1.08234869667178e-05,"SRR14919242","Species","Detected in multiple samples"
"Bifidobacterium_reuteri",5,2.63622555537331e-06,1.00174972284924e-05,"SRR14919241","Species","Detected in multiple samples"
"Acetohalobium_arabaticum",5,2.62660306644714e-06,9.97949214364481e-06,"SRR14919239","Species","Detected in multiple samples"
"Bacillus_endophyticus",5,2.6204336048809e-06,1.15384615384615e-05,"SRR14919243","Species","Detected in multiple samples"
"Lutibacter_aestuarii",6,2.61210707208851e-06,9.97949214364481e-06,"SRR14919239","Species","Detected in multiple samples"
"Eubacterium_tenue",4,2.59685520000206e-06,1.00174972284924e-05,"SRR14919241","Species","Detected in multiple samples"
"Aliifodinibius_roseus",4,2.59644932225651e-06,1.66990210198927e-05,"SRR14919245","Species","Detected in multiple samples"
"Melghirimyces_thermohalophilus",6,2.59432876971173e-06,7.8900443420492e-06,"SRR14919240","Species","Detected in multiple samples"
"Staphylococcus_lentus",5,2.5904861842792e-06,1.28011469827697e-05,"SRR14919237","Species","Detected in multiple samples"
"Treponema_vincentii",5,2.58558026853477e-06,1.18350665130738e-05,"SRR14919240","Species","Detected in multiple samples"
"Enterococcus_hirae",4,2.58302538963118e-06,1.20449275798729e-05,"SRR14919236","Species","Detected in multiple samples"
"Merismopedia_tenuissima",5,2.57535058528099e-06,9.000009000009e-06,"SRR14919235","Species","Detected in multiple samples"
"Sediminitomix_flava",5,2.57430522109896e-06,9.000009000009e-06,"SRR14919235","Species","Detected in multiple samples"
"Acholeplasma_oculi",7,2.56394511868734e-06,6.40057349138483e-06,"SRR14919237","Species","Detected in multiple samples"
"Methanobacterium_flexile",5,2.55789508610806e-06,9.97376898756271e-06,"SRR14919246","Species","Detected in multiple samples"
"Alcanivorax_dieselolei",5,2.55018915146852e-06,1.66990210198927e-05,"SRR14919245","Species","Detected in multiple samples"
"Coriobacterium_glomerans",5,2.54692983934962e-06,1.26349305289403e-05,"SRR14919238","Species","Detected in multiple samples"
"Streptococcus_sobrinus",6,2.54518649877502e-06,8.34951050994635e-06,"SRR14919245","Species","Detected in multiple samples"
"Bifidobacterium_thermacidophilum",3,2.54421229798667e-06,1.66958287141541e-05,"SRR14919241","Species","Detected in multiple samples"
"Thermoanaerobaculum_aquaticum",6,2.53994882196967e-06,7.9700009165501e-06,"SRR14919244","Species","Detected in multiple samples"
"Helicobacter_cinaedi",7,2.53816625407476e-06,7.8900443420492e-06,"SRR14919240","Species","Detected in multiple samples"
"Streptacidiphilus_specus",5,2.53191953599349e-06,9.97376898756271e-06,"SRR14919246","Species","Detected in multiple samples"
"Methanomassiliicoccus_luminyensis",5,2.53185397383753e-06,1.44313159556237e-05,"SRR14919242","Species","Detected in multiple samples"
"Methanosaeta_pelagica",5,2.52906827205386e-06,7.8900443420492e-06,"SRR14919240","Species","Detected in multiple samples"
"Olivibacter_terrae",5,2.52860704993394e-06,1.49606534813441e-05,"SRR14919246","Species","Detected in multiple samples"
"Terrahaemophilus_aromaticivorans",5,2.51804834658936e-06,1.18350665130738e-05,"SRR14919240","Species","Detected in multiple samples"
"Pedobacter_cryoconitis",5,2.50747789950974e-06,9.97949214364481e-06,"SRR14919239","Species","Detected in multiple samples"
"Sulfurivirga_caldicuralii",5,2.50168226426297e-06,7.69230769230769e-06,"SRR14919243","Species","Detected in multiple samples"
"Tepidibacter_mesophilus",5,2.49505256509533e-06,9.97949214364481e-06,"SRR14919239","Species","Detected in multiple samples"
"Mucilaginibacter_boryungensis",5,2.49357848738024e-06,9.03369568490469e-06,"SRR14919236","Species","Detected in multiple samples"
"Gallibacterium_group",3,2.49352749166939e-06,1.9725110855123e-05,"SRR14919240","Species","Detected in multiple samples"
"Dolichospermum_flos-aquae",5,2.49023779497772e-06,7.69230769230769e-06,"SRR14919243","Species","Detected in multiple samples"
"Pelotomaculum_schinkii",5,2.48765169184438e-06,9.97949214364481e-06,"SRR14919239","Species","Detected in multiple samples"
"Microcystis_viridis",6,2.48671103503513e-06,9.97376898756271e-06,"SRR14919246","Species","Detected in multiple samples"
"Pilibacter_termitis",5,2.48356934959978e-06,7.8900443420492e-06,"SRR14919240","Species","Detected in multiple samples"
"Geotoga_petraea",4,2.48289127018313e-06,1.26349305289403e-05,"SRR14919238","Species","Detected in multiple samples"
"Edaphobacter_aggregans",6,2.48281718758292e-06,7.21565797781185e-06,"SRR14919242","Species","Detected in multiple samples"
"Mycobacterium_kuopiense",6,2.48117529759954e-06,7.21565797781185e-06,"SRR14919242","Species","Detected in multiple samples"
"Alkalibacterium_indicireducens",6,2.478423381628e-06,6.40057349138483e-06,"SRR14919237","Species","Detected in multiple samples"
"Sporacetigenium_mesophilum",6,2.47744989780499e-06,6.40057349138483e-06,"SRR14919237","Species","Detected in multiple samples"
"Geobacter_bemidjiensis",6,2.47514048402502e-06,9.97376898756271e-06,"SRR14919246","Species","Detected in multiple samples"
"Parapedobacter_composti",5,2.47490201918827e-06,1.49606534813441e-05,"SRR14919246","Species","Detected in multiple samples"
"Bryobacter_aggregatus",5,2.46798509320979e-06,1.20449275798729e-05,"SRR14919236","Species","Detected in multiple samples"
"Clostridium_baratii",6,2.46769562705416e-06,7.8900443420492e-06,"SRR14919240","Species","Detected in multiple samples"
"Reichenbachiella_agariperforans",6,2.46697964594588e-06,8.34951050994635e-06,"SRR14919245","Species","Detected in multiple samples"
"Actinomyces_graevenitzii",4,2.46093032801269e-06,9.000009000009e-06,"SRR14919235","Species","Detected in multiple samples"
"Legionella_gresilensis",6,2.45803842690082e-06,8.34951050994635e-06,"SRR14919245","Species","Detected in multiple samples"
"Marivirga_tractuosa",5,2.4564070587115e-06,1.28011469827697e-05,"SRR14919237","Species","Detected in multiple samples"
"Microcoleus_paludosus",6,2.4525697600745e-06,9.000009000009e-06,"SRR14919235","Species","Detected in multiple samples"
"Natronoflexus_pectinivorans",5,2.45050061971513e-06,1.26349305289403e-05,"SRR14919238","Species","Detected in multiple samples"
"Thalassomonas_agariperforans",5,2.45049411392058e-06,1.28011469827697e-05,"SRR14919237","Species","Detected in multiple samples"
"Lawsonia_intracellularis",5,2.44697522419429e-06,7.9700009165501e-06,"SRR14919244","Species","Detected in multiple samples"
"Verrucomicrobium_spinosum",3,2.44223825073397e-06,1.66990210198927e-05,"SRR14919245","Species","Detected in multiple samples"
"Spongiispira_norvegica",5,2.43726263504912e-06,1.28011469827697e-05,"SRR14919237","Species","Detected in multiple samples"
"Anaplasma_marginale",2,2.43665028171804e-06,2.52548029223415e-05,"SRR14919242","Species","Detected in multiple samples"
"Thiobacillus_prosperus",4,2.43627511275665e-06,1.08234869667178e-05,"SRR14919242","Species","Detected in multiple samples"
"Mucilaginibacter_kameinonensis",5,2.4336048994671e-06,9.97376898756271e-06,"SRR14919246","Species","Detected in multiple samples"
"Fluviimonas_pallidilutea",2,2.42507973070794e-06,2.52548029223415e-05,"SRR14919242","Species","Detected in multiple samples"
"Psychrobacter_immobilis",6,2.42486173601555e-06,7.69230769230769e-06,"SRR14919243","Species","Detected in multiple samples"
"Hymenopellis_incognita",4,2.42251624348174e-06,9.97949214364481e-06,"SRR14919239","Species","Detected in multiple samples"
"Methylohalomonas_lacus",5,2.41889555624136e-06,7.8900443420492e-06,"SRR14919240","Species","Detected in multiple samples"
"Prevotella_baroniae",3,2.4109057699455e-06,1.99589842872896e-05,"SRR14919239","Species","Detected in multiple samples"
"Pedobacter_ruber",5,2.40494570116516e-06,7.69230769230769e-06,"SRR14919243","Species","Detected in multiple samples"
"Leptospirillum_ferriphilum",6,2.40423361521461e-06,9.97949214364481e-06,"SRR14919239","Species","Detected in multiple samples"
"Slackia_equolifaciens",4,2.40375384509419e-06,9.97376898756271e-06,"SRR14919246","Species","Detected in multiple samples"
"Anabaena_oumiana",6,2.39823078346122e-06,7.9700009165501e-06,"SRR14919244","Species","Detected in multiple samples"
"Piscirickettsia_salmonis",4,2.39679864704041e-06,1.15384615384615e-05,"SRR14919243","Species","Detected in multiple samples"
"Salinicoccus_roseus",5,2.39638749191345e-06,7.8900443420492e-06,"SRR14919240","Species","Detected in multiple samples"
"Adhaeribacter_aerolatus",4,2.39246335571251e-06,8.34951050994635e-06,"SRR14919245","Species","Detected in multiple samples"
"Lactobacillus_pasteurii",6,2.3917740836949e-06,9.97949214364481e-06,"SRR14919239","Species","Detected in multiple samples"
"Gallibacterium_anatis",6,2.39088809734594e-06,7.8900443420492e-06,"SRR14919240","Species","Detected in multiple samples"
"Lactobacillus_vaginalis",7,2.38987977071613e-06,4.98974607182241e-06,"SRR14919239","Species","Detected in multiple samples"
"Mycoplasma_canis",5,2.38589882215771e-06,1.00174972284924e-05,"SRR14919241","Species","Detected in multiple samples"
"Wohlfahrtiimonas_chitiniclastica",4,2.38394498165762e-06,9.000009000009e-06,"SRR14919235","Species","Detected in multiple samples"
"Tepidibacter_formicigenes",6,2.38325084481693e-06,8.34951050994635e-06,"SRR14919245","Species","Detected in multiple samples"
"Clostridiisalibacter_paucivorans",5,2.38224771092817e-06,9.000009000009e-06,"SRR14919235","Species","Detected in multiple samples"
"Mycobacterium_parafortuitum",4,2.3777122485542e-06,1.20449275798729e-05,"SRR14919236","Species","Detected in multiple samples"
"Rikenella_microfusus",5,2.37324879818853e-06,7.8900443420492e-06,"SRR14919240","Species","Detected in multiple samples"
"Flexithrix_dorotheae",5,2.37071804206365e-06,8.34951050994635e-06,"SRR14919245","Species","Detected in multiple samples"
"Leptonema_illini",5,2.36933192190712e-06,9.97949214364481e-06,"SRR14919239","Species","Detected in multiple samples"
"Bacillus_akibai",5,2.36655146886565e-06,9.000009000009e-06,"SRR14919235","Species","Detected in multiple samples"
"Micrococcus_luteus",3,2.35442810274592e-06,1.18350665130738e-05,"SRR14919240","Species","Detected in multiple samples"
"Nitrospina_gracilis",7,2.35107681491809e-06,4.98974607182241e-06,"SRR14919239","Species","Detected in multiple samples"
"Dyadobacter_fermentans",5,2.34823461964794e-06,9.97376898756271e-06,"SRR14919246","Species","Detected in multiple samples"
"Desemzia_incerta",6,2.34446192230696e-06,7.21565797781185e-06,"SRR14919242","Species","Detected in multiple samples"
"Fibrobacter_succinogenes",7,2.34289341792526e-06,4.98974607182241e-06,"SRR14919239","Species","Detected in multiple samples"
"Rubrobacter_xylanophilus",4,2.33889629421697e-06,9.97949214364481e-06,"SRR14919239","Species","Detected in multiple samples"
"Leptospira_borgpetersenii",6,2.32442863250308e-06,6.40057349138483e-06,"SRR14919237","Species","Detected in multiple samples"
"Desulfobulbus_alkaliphilus",4,2.32044378650307e-06,1.19550013748252e-05,"SRR14919244","Species","Detected in multiple samples"
"Lishizhenia_tianjinensis",3,2.32027545610473e-06,9.97949214364481e-06,"SRR14919239","Species","Detected in multiple samples"
"Streptococcus_infantis",3,2.31927494088108e-06,1.18350665130738e-05,"SRR14919240","Species","Detected in multiple samples"
"Fusobacterium_varium",2,2.31419876651974e-06,1.49692382154672e-05,"SRR14919239","Species","Detected in multiple samples"
"Tunicatimonas_pelagia",6,2.30703487037745e-06,6.02246378993646e-06,"SRR14919236","Species","Detected in multiple samples"
"Paenibacillus_edaphicus",4,2.29506214865551e-06,9.97949214364481e-06,"SRR14919239","Species","Detected in multiple samples"
"Jonesia_denitrificans",5,2.2923589206277e-06,8.34951050994635e-06,"SRR14919245","Species","Detected in multiple samples"
"Arthrospira_platensis",5,2.2918179684783e-06,9.97949214364481e-06,"SRR14919239","Species","Detected in multiple samples"
"Isosphaera_pallida",5,2.28901283072231e-06,7.9700009165501e-06,"SRR14919244","Species","Detected in multiple samples"
"Paenibacillus_larvae",4,2.28818454163155e-06,9.97949214364481e-06,"SRR14919239","Species","Detected in multiple samples"
"Mycoplasma_coccoides",5,2.28694764414303e-06,9.97376898756271e-06,"SRR14919246","Species","Detected in multiple samples"
"Spiroplasma_ixodetis",6,2.28649243745153e-06,7.9700009165501e-06,"SRR14919244","Species","Detected in multiple samples"
"Clostridium_elmenteitii",6,2.28411208775699e-06,6.40057349138483e-06,"SRR14919237","Species","Detected in multiple samples"
"Lepocinclis_spirogyroides",5,2.2822378110285e-06,1.18350665130738e-05,"SRR14919240","Species","Detected in multiple samples"
"Microbacterium_takaoensis",5,2.28047899707399e-06,7.9700009165501e-06,"SRR14919244","Species","Detected in multiple samples"
"Chromohalobacter_beijerinckii",5,2.27888969156557e-06,9.000009000009e-06,"SRR14919235","Species","Detected in multiple samples"
"Clostridium_aurantibutyricum",5,2.27844541360098e-06,8.34951050994635e-06,"SRR14919245","Species","Detected in multiple samples"
"Schwartzia_succinivorans",4,2.27841426347395e-06,1.28011469827697e-05,"SRR14919237","Species","Detected in multiple samples"
"Tindallia_californiensis",3,2.27312323348221e-06,1.44313159556237e-05,"SRR14919242","Species","Detected in multiple samples"
"Pedobacter_bauzanensis",6,2.26829918803214e-06,6.40057349138483e-06,"SRR14919237","Species","Detected in multiple samples"
"Acetobacter_pasteurianus",5,2.25758187494155e-06,7.21565797781185e-06,"SRR14919242","Species","Detected in multiple samples"
"Rhodococcus_erythropolis",4,2.25746750802637e-06,7.9700009165501e-06,"SRR14919244","Species","Detected in multiple samples"
"Bacillus_clausii",4,2.25517268022106e-06,1.49692382154672e-05,"SRR14919239","Species","Detected in multiple samples"
"Eudoraea_adriatica",6,2.2503381759596e-06,6.40057349138483e-06,"SRR14919237","Species","Detected in multiple samples"
"Pasteurella_pneumotropica",3,2.24839559334878e-06,1.57800886840984e-05,"SRR14919240","Species","Detected in multiple samples"
"Lactobacillus_farciminis",6,2.23618859919257e-06,6.40057349138483e-06,"SRR14919237","Species","Detected in multiple samples"
"Orientia_tsutsugamushi",6,2.23400466677107e-06,4.98974607182241e-06,"SRR14919239","Species","Detected in multiple samples"
"Prevotella_enoeca",5,2.23090413285449e-06,9.97949214364481e-06,"SRR14919239","Species","Detected in multiple samples"
"Caldicellulosiruptor_kronotskyensis",5,2.23077389642622e-06,8.42328701929354e-06,"SRR14919238","Species","Detected in multiple samples"
"Deinococcus_radiodurans",6,2.22675237139439e-06,6.40057349138483e-06,"SRR14919237","Species","Detected in multiple samples"
"Insolitispirillum_peregrinum",4,2.22615091916079e-06,1.08234869667178e-05,"SRR14919242","Species","Detected in multiple samples"
"Pseudomonas_borbori",6,2.22603894734206e-06,7.21565797781185e-06,"SRR14919242","Species","Detected in multiple samples"
"Fulvivirga_kasyanovii",5,2.22410471183714e-06,9.97949214364481e-06,"SRR14919239","Species","Detected in multiple samples"
"Mycoplasma_hyopharyngis",6,2.22343988533483e-06,6.40057349138483e-06,"SRR14919237","Species","Detected in multiple samples"
"Clostridium_lituseburense",7,2.21665810547132e-06,4.5000045000045e-06,"SRR14919235","Species","Detected in multiple samples"
"Pricia_antarctica",5,2.21486024310869e-06,7.8900443420492e-06,"SRR14919240","Species","Detected in multiple samples"
"Burkholderia_cepacia",5,2.21319020839151e-06,9.000009000009e-06,"SRR14919235","Species","Detected in multiple samples"
"Enterobacter_aerogenes",6,2.20886077853736e-06,6.40057349138483e-06,"SRR14919237","Species","Detected in multiple samples"
"Providencia_alcalifaciens",6,2.20611666836397e-06,6.02246378993646e-06,"SRR14919236","Species","Detected in multiple samples"
"Pectinatus_cerevisiiphilus",4,2.19880054477328e-06,1.28011469827697e-05,"SRR14919237","Species","Detected in multiple samples"
"Persicirhabdus_sediminis",5,2.19657424641898e-06,8.34951050994635e-06,"SRR14919245","Species","Detected in multiple samples"
"Bacillus_boroniphilus",6,2.19108766329361e-06,4.98974607182241e-06,"SRR14919239","Species","Detected in multiple samples"
"Parapedobacter_pyrenivorans",5,2.18895254948512e-06,1.08234869667178e-05,"SRR14919242","Species","Detected in multiple samples"
"Acholeplasma_vituli",3,2.1872892265273e-06,1.44313159556237e-05,"SRR14919242","Species","Detected in multiple samples"
"Nitrosopumilus_maritimus",5,2.18725677881696e-06,9.97949214364481e-06,"SRR14919239","Species","Detected in multiple samples"
"Bacillus_lentus",4,2.1854716538661e-06,1.25242657649195e-05,"SRR14919245","Species","Detected in multiple samples"
"Tistrella_mobilis",6,2.18383536791693e-06,6.40057349138483e-06,"SRR14919237","Species","Detected in multiple samples"
"Flavitalea_gansuensis",4,2.17615236389284e-06,8.42328701929354e-06,"SRR14919238","Species","Detected in multiple samples"
"Veillonella_criceti",5,2.17572107061365e-06,1.08234869667178e-05,"SRR14919242","Species","Detected in multiple samples"
"Staphylococcus_saprophyticus",4,2.16910768324519e-06,9.97949214364481e-06,"SRR14919239","Species","Detected in multiple samples"
"Janthinobacterium_lividum",5,2.16608876536696e-06,8.34951050994635e-06,"SRR14919245","Species","Detected in multiple samples"
"Clostridium_grantii",4,2.16296919357241e-06,9.97949214364481e-06,"SRR14919239","Species","Detected in multiple samples"
"Pedobacter_lentus",5,2.16037268862113e-06,7.8900443420492e-06,"SRR14919240","Species","Detected in multiple samples"
"Leptotrichia_trevisanii",4,2.15950129649259e-06,9.97949214364481e-06,"SRR14919239","Species","Detected in multiple samples"
"Nocardioides_plantarum",5,2.15906018689289e-06,8.34951050994635e-06,"SRR14919245","Species","Detected in multiple samples"
"Elusimicrobium_minutum",6,2.1581152401398e-06,6.40057349138483e-06,"SRR14919237","Species","Detected in multiple samples"
"Streptomyces_albogriseolus",5,2.15406533999754e-06,7.21565797781185e-06,"SRR14919242","Species","Detected in multiple samples"
"Corynebacterium_canis",4,2.15276739953302e-06,8.42328701929354e-06,"SRR14919238","Species","Detected in multiple samples"
"Oceanicoccus_sagamiensis",5,2.151313424026e-06,7.69230769230769e-06,"SRR14919243","Species","Detected in multiple samples"
"Pedobacter_luteus",5,2.151301780653e-06,9.000009000009e-06,"SRR14919235","Species","Detected in multiple samples"
"Ferroplasma_acidiphilum",5,2.151301780653e-06,9.000009000009e-06,"SRR14919235","Species","Detected in multiple samples"
"Streptococcus_sinensis",2,2.14979882604924e-06,1.57800886840984e-05,"SRR14919240","Species","Detected in multiple samples"
"Riemerella_anatipestifer",5,2.14100825140196e-06,9.97949214364481e-06,"SRR14919239","Species","Detected in multiple samples"
"Chlamydomonas_applanata",6,2.1396920463279e-06,6.40057349138483e-06,"SRR14919237","Species","Detected in multiple samples"
"Pontibacter_saemangeumensis",5,2.13388047858537e-06,6.40057349138483e-06,"SRR14919237","Species","Detected in multiple samples"
"Brackiella_oedipodis",4,2.13386924650554e-06,8.42328701929354e-06,"SRR14919238","Species","Detected in multiple samples"
"Mycoplasma_synoviae",5,2.13351749118853e-06,7.21565797781185e-06,"SRR14919242","Species","Detected in multiple samples"
"Gaetbulibacter_marinus",6,2.13167673615795e-06,6.40057349138483e-06,"SRR14919237","Species","Detected in multiple samples"
"Dehalobacter_restrictus",4,2.13085156702175e-06,1.08234869667178e-05,"SRR14919242","Species","Detected in multiple samples"
"Desulfovibrio_cuneatus",3,2.12700516134249e-06,1.49692382154672e-05,"SRR14919239","Species","Detected in multiple samples"
"Plasticicumulans_lactativorans",5,2.12276046594163e-06,6.67833148566162e-06,"SRR14919241","Species","Detected in multiple samples"
"Bacillus_thermolactis",6,2.12145520394842e-06,4.98974607182241e-06,"SRR14919239","Species","Detected in multiple samples"
"Anaerofilum_pentosovorans",6,2.117385854635e-06,4.98974607182241e-06,"SRR14919239","Species","Detected in multiple samples"
"Dethiosulfovibrio_salsuginis",5,2.09672855667066e-06,9.000009000009e-06,"SRR14919235","Species","Detected in multiple samples"
"Clostridium_ultunense",5,2.09073767221999e-06,6.40057349138483e-06,"SRR14919237","Species","Detected in multiple samples"
"Borrelia_sinica",4,2.09055739451891e-06,9.97376898756271e-06,"SRR14919246","Species","Detected in multiple samples"
"Cerasicoccus_frondis",5,2.09029649881654e-06,9.97949214364481e-06,"SRR14919239","Species","Detected in multiple samples"
"Bacillus_thermoamylovorans",3,2.08387925270033e-06,1.28011469827697e-05,"SRR14919237","Species","Detected in multiple samples"
"Lactobacillus_kitasatonis",1,2.07906086325934e-06,2.4948730359112e-05,"SRR14919239","Species","Detected in one sample"
"Clostridium_vincentii",5,2.07604975678728e-06,9.03369568490469e-06,"SRR14919236","Species","Detected in multiple samples"
"Mycoplasma_cavipharyngis",3,2.06290293451632e-06,1.57800886840984e-05,"SRR14919240","Species","Detected in multiple samples"
"Desulfovibrio_butyratiphilus",3,2.06266446967957e-06,1.57800886840984e-05,"SRR14919240","Species","Detected in multiple samples"
"Methanoculleus_palmolei",5,2.05615450920983e-06,6.02246378993646e-06,"SRR14919236","Species","Detected in multiple samples"
"Proteiniborus_ethanoligenes",3,2.05545193793391e-06,1.44313159556237e-05,"SRR14919242","Species","Detected in multiple samples"
"Eubacterium_angustum",6,2.05521497833983e-06,4.5000045000045e-06,"SRR14919235","Species","Detected in multiple samples"
"Providencia_rettgeri",6,2.05048002925566e-06,4.98974607182241e-06,"SRR14919239","Species","Detected in multiple samples"
"Bacillus_sporothermodurans",4,2.04757097182595e-06,8.42328701929354e-06,"SRR14919238","Species","Detected in multiple samples"
"Desulforhopalus_vacuolatus",5,2.03791415015495e-06,9.000009000009e-06,"SRR14919235","Species","Detected in multiple samples"
"Gracilimonas_tropica",5,2.03459699566922e-06,7.21565797781185e-06,"SRR14919242","Species","Detected in multiple samples"
"Lactobacillus_tucceti",5,2.03202304963163e-06,7.8900443420492e-06,"SRR14919240","Species","Detected in multiple samples"
"Acanthopleuribacter_pedis",2,2.0283007101026e-06,1.28011469827697e-05,"SRR14919237","Species","Detected in multiple samples"
"Desulfobacter_latus",3,2.02732190021339e-06,1.19550013748252e-05,"SRR14919244","Species","Detected in multiple samples"
"Rhodovulum_sulfidophilum",6,2.02378402255907e-06,4.5000045000045e-06,"SRR14919235","Species","Detected in multiple samples"
"Bifidobacterium_magnum",6,2.0221230946977e-06,4.98974607182241e-06,"SRR14919239","Species","Detected in multiple samples"
"Eubacterium_fissicatena",6,2.01881060863815e-06,4.98688449378135e-06,"SRR14919246","Species","Detected in multiple samples"
"Desulfovibrio_idahonensis",4,2.01662817779853e-06,9.97949214364481e-06,"SRR14919239","Species","Detected in multiple samples"
"Vibrio_penaeicida",5,2.01416341460747e-06,8.34951050994635e-06,"SRR14919245","Species","Detected in multiple samples"
"Histophilus_somni",5,2.00732456094146e-06,7.9700009165501e-06,"SRR14919244","Species","Detected in multiple samples"
"Alteromonas_macleodii",5,2.004173314705e-06,6.40057349138483e-06,"SRR14919237","Species","Detected in multiple samples"
"Marinoscillum_furvescens",5,2.00040009062886e-06,9.000009000009e-06,"SRR14919235","Species","Detected in multiple samples"
"Leptolinea_tardivitalis",3,1.99851587044531e-06,1.53846153846154e-05,"SRR14919243","Species","Detected in multiple samples"
"Tindallia_texcoconensis",5,1.99809301216789e-06,8.42328701929354e-06,"SRR14919238","Species","Detected in multiple samples"
"Mycoplasma_sphenisci",3,1.97889506979601e-06,1.35000135000135e-05,"SRR14919235","Species","Detected in multiple samples"
"Legionella_nagasakiensis",3,1.97889506979601e-06,1.35000135000135e-05,"SRR14919235","Species","Detected in multiple samples"
"Streptococcus_marimammalium",2,1.97584260944984e-06,1.9725110855123e-05,"SRR14919240","Species","Detected in multiple samples"
"Escherichia/Shigella_boydii",5,1.97242570808088e-06,6.02246378993646e-06,"SRR14919236","Species","Detected in multiple samples"
"Tepidibacter_thalassicus",6,1.96739707537339e-06,4.98688449378135e-06,"SRR14919246","Species","Detected in multiple samples"
"Lactobacillus_amylolyticus",4,1.96696290790969e-06,1.28011469827697e-05,"SRR14919237","Species","Detected in multiple samples"
"Euglena_longa",4,1.96530978584648e-06,7.21565797781185e-06,"SRR14919242","Species","Detected in multiple samples"
"Caloramator_indicus",4,1.96384553787907e-06,8.34951050994635e-06,"SRR14919245","Species","Detected in multiple samples"
"Bradyrhizobium_yuanmingense",4,1.96165276491056e-06,9.000009000009e-06,"SRR14919235","Species","Detected in multiple samples"
"Dissulfuribacter_thermophilus",4,1.95681509228421e-06,7.9700009165501e-06,"SRR14919244","Species","Detected in multiple samples"
"Thermocrinis_ruber",6,1.95415156321387e-06,4.5000045000045e-06,"SRR14919235","Species","Detected in multiple samples"
"Mycoplasma_phocidae",5,1.95184167836329e-06,7.9700009165501e-06,"SRR14919244","Species","Detected in multiple samples"
"Thermothrix_thiopara",5,1.95035375508464e-06,6.40057349138483e-06,"SRR14919237","Species","Detected in multiple samples"
"Kushneria_avicenniae",6,1.94524693637056e-06,4.98974607182241e-06,"SRR14919239","Species","Detected in multiple samples"
"Clostridium_bifermentans",5,1.94470111421669e-06,7.21565797781185e-06,"SRR14919242","Species","Detected in multiple samples"
"Slackia_exigua",3,1.93893465613333e-06,1.44313159556237e-05,"SRR14919242","Species","Detected in multiple samples"
"Chlorobium_ferrooxidans",4,1.93645428134598e-06,9.97949214364481e-06,"SRR14919239","Species","Detected in multiple samples"
"Haemophilus_parahaemolyticus",4,1.93605809772183e-06,1.18350665130738e-05,"SRR14919240","Species","Detected in multiple samples"
"Enterococcus_gallinarum",5,1.93509448331182e-06,6.67833148566162e-06,"SRR14919241","Species","Detected in multiple samples"
"Lactobacillus_gallinarum",5,1.9345408553598e-06,6.40057349138483e-06,"SRR14919237","Species","Detected in multiple samples"
"Mobiluncus_mulieris",5,1.93422461580961e-06,8.42328701929354e-06,"SRR14919238","Species","Detected in multiple samples"
"Brachyspira_muris",5,1.92518185257527e-06,6.02246378993646e-06,"SRR14919236","Species","Detected in multiple samples"
"Lactobacillus_rogosae",5,1.92214235142268e-06,6.67833148566162e-06,"SRR14919241","Species","Detected in multiple samples"
"Virgibacillus_proomii",5,1.91731766348174e-06,7.21565797781185e-06,"SRR14919242","Species","Detected in multiple samples"
"Bacillus_alcaliinulinus",5,1.91707919864499e-06,7.21565797781185e-06,"SRR14919242","Species","Detected in multiple samples"
"Parapedobacter_koreensis",5,1.91696466977031e-06,6.02246378993646e-06,"SRR14919236","Species","Detected in multiple samples"
"Lysinibacillus_xylanilyticus",4,1.91359259985094e-06,8.42328701929354e-06,"SRR14919238","Species","Detected in multiple samples"
"Pyramidobacter_piscolens",5,1.91044246694765e-06,6.40057349138483e-06,"SRR14919237","Species","Detected in multiple samples"
"Paenibacillus_tarimensis",5,1.90679317883358e-06,8.42328701929354e-06,"SRR14919238","Species","Detected in multiple samples"
"Thermoanaerobacter_sulfurigignens",2,1.90321651830626e-06,1.92307692307692e-05,"SRR14919243","Species","Detected in multiple samples"
"Waddlia_chondrophila",5,1.8997001896349e-06,6.02246378993646e-06,"SRR14919236","Species","Detected in multiple samples"
"Euglena_cuneata",5,1.8997001896349e-06,6.02246378993646e-06,"SRR14919236","Species","Detected in multiple samples"
"Nonomuraea_roseoviolacea",4,1.89574674010877e-06,9.97949214364481e-06,"SRR14919239","Species","Detected in multiple samples"
"Enterococcus_viikkiensis",5,1.89378724484398e-06,7.8900443420492e-06,"SRR14919240","Species","Detected in multiple samples"
"Massilia_timonae",5,1.89137415496576e-06,7.21565797781185e-06,"SRR14919242","Species","Detected in multiple samples"
"Niabella_hirudinis",5,1.88674566264932e-06,6.02246378993646e-06,"SRR14919236","Species","Detected in multiple samples"
"Peptoniphilus_harei",4,1.88474489290282e-06,7.8900443420492e-06,"SRR14919240","Species","Detected in multiple samples"
"Olivibacter_soli",5,1.88077708777867e-06,7.69230769230769e-06,"SRR14919243","Species","Detected in multiple samples"
"Sulfurihydrogenibium_yellowstonense",5,1.87786936845074e-06,4.98974607182241e-06,"SRR14919239","Species","Detected in multiple samples"
"Lactobacillus_suebicus",3,1.87772235376752e-06,1.25242657649195e-05,"SRR14919245","Species","Detected in multiple samples"
"Shimwellia_blattae",5,1.87479534722794e-06,4.98974607182241e-06,"SRR14919239","Species","Detected in multiple samples"
"Paenibacillus_gansuensis",5,1.87162020696282e-06,7.21565797781185e-06,"SRR14919242","Species","Detected in multiple samples"
"Acholeplasma_modicum",4,1.86995927910146e-06,7.21565797781185e-06,"SRR14919242","Species","Detected in multiple samples"
"Indibacter_alkaliphilus",4,1.8690309803113e-06,7.9700009165501e-06,"SRR14919244","Species","Detected in multiple samples"
"Zoogloea_ramigera",5,1.86233581570823e-06,4.98974607182241e-06,"SRR14919239","Species","Detected in multiple samples"
"Caloramator_coolhaasii",5,1.85175199639401e-06,6.40057349138483e-06,"SRR14919237","Species","Detected in multiple samples"
"Microchaete_tenera",4,1.84750236937952e-06,7.21565797781185e-06,"SRR14919242","Species","Detected in multiple samples"
"Blastocatella_fastidiosa",4,1.84609655431784e-06,7.9700009165501e-06,"SRR14919244","Species","Detected in multiple samples"
"Desulfonema_ishimotonii",4,1.84579185077721e-06,9.97376898756271e-06,"SRR14919246","Species","Detected in multiple samples"
"Grammonema_striatula",4,1.84566889264869e-06,8.42328701929354e-06,"SRR14919238","Species","Detected in multiple samples"
"Fodinicurvata_sediminis",2,1.84363530399428e-06,1.44313159556237e-05,"SRR14919242","Species","Detected in multiple samples"
"Petrotoga_mobilis",4,1.84176418723868e-06,7.69230769230769e-06,"SRR14919243","Species","Detected in multiple samples"
"Scherffelia_dubia",4,1.83602898363165e-06,9.97949214364481e-06,"SRR14919239","Species","Detected in multiple samples"
"Geovibrio_thiophilus",4,1.83602898363165e-06,9.97949214364481e-06,"SRR14919239","Species","Detected in multiple samples"
"Acholeplasma_parvum",5,1.83596560936294e-06,6.40057349138483e-06,"SRR14919237","Species","Detected in multiple samples"
"Variovorax_paradoxus",5,1.83419031458639e-06,6.02246378993646e-06,"SRR14919236","Species","Detected in multiple samples"
"Methanobrevibacter_acididurans",4,1.83355251948472e-06,7.21565797781185e-06,"SRR14919242","Species","Detected in multiple samples"
"Natronoanaerobium_aggerbacterium",5,1.83090485992747e-06,4.98974607182241e-06,"SRR14919239","Species","Detected in multiple samples"
"Ferruginibacter_alkalilentus",3,1.83047069246377e-06,1.28011469827697e-05,"SRR14919237","Species","Detected in multiple samples"
"Aeriscardovia_aeriphila",5,1.82953355150883e-06,6.40057349138483e-06,"SRR14919237","Species","Detected in multiple samples"
"Spiroplasma_platyhelix",4,1.82914748144997e-06,7.21565797781185e-06,"SRR14919242","Species","Detected in multiple samples"
"Holospora_obtusa",4,1.82606565442902e-06,6.40057349138483e-06,"SRR14919237","Species","Detected in multiple samples"
"Pseudomonas_pseudoalcaligenes",4,1.82599527641514e-06,6.67833148566162e-06,"SRR14919241","Species","Detected in multiple samples"
"Veillonella_rodentium",3,1.82360089123796e-06,9.03369568490469e-06,"SRR14919236","Species","Detected in multiple samples"
"Caldisericum_exile",3,1.82331661782338e-06,9.000009000009e-06,"SRR14919235","Species","Detected in multiple samples"
"Calothrix_brevissima",4,1.82260065056889e-06,7.9700009165501e-06,"SRR14919244","Species","Detected in multiple samples"
"Sphingobium_yanoikuyae",4,1.82130233023442e-06,1.08234869667178e-05,"SRR14919242","Species","Detected in multiple samples"
"Runella_defluvii",5,1.81355829862773e-06,7.21565797781185e-06,"SRR14919242","Species","Detected in multiple samples"
"Salinimicrobium_marinum",3,1.81033874650893e-06,1.08234869667178e-05,"SRR14919242","Species","Detected in multiple samples"
"Planomicrobium_glaciei",5,1.80868641504229e-06,4.98974607182241e-06,"SRR14919239","Species","Detected in multiple samples"
"Myroides_odoratus",5,1.80786617751972e-06,6.40057349138483e-06,"SRR14919237","Species","Detected in multiple samples"
"Ureibacillus_composti",5,1.80690648283249e-06,6.40057349138483e-06,"SRR14919237","Species","Detected in multiple samples"
"Clostridium_alcalibutyricum",4,1.80545698279923e-06,9.97949214364481e-06,"SRR14919239","Species","Detected in multiple samples"
"Geobacillus_stearothermophilus",5,1.80352140919253e-06,4.98974607182241e-06,"SRR14919239","Species","Detected in multiple samples"
"Treponema_brennaborense",4,1.80309504752698e-06,7.21565797781185e-06,"SRR14919242","Species","Detected in multiple samples"
"Oceanobacillus_oncorhynchi",5,1.80044738796973e-06,4.98974607182241e-06,"SRR14919239","Species","Detected in multiple samples"
"Desulfobacter_psychrotolerans",3,1.79983760618964e-06,9.000009000009e-06,"SRR14919235","Species","Detected in multiple samples"
"Acidiferrobacter_thiooxydans",4,1.79878646010836e-06,9.97949214364481e-06,"SRR14919239","Species","Detected in multiple samples"
"Brachymonas_denitrificans",3,1.79790047894079e-06,1.18350665130738e-05,"SRR14919240","Species","Detected in multiple samples"
"Streptococcus_dentapri",5,1.79205327779488e-06,6.40057349138483e-06,"SRR14919237","Species","Detected in multiple samples"
"Methylomicrobium_buryatense",5,1.78454043272519e-06,6.02246378993646e-06,"SRR14919236","Species","Detected in multiple samples"
"Aeromonas_salmonicida",5,1.78147805487539e-06,6.40057349138483e-06,"SRR14919237","Species","Detected in multiple samples"
"Prevotella_brevis",4,1.78142690026942e-06,9.97949214364481e-06,"SRR14919239","Species","Detected in multiple samples"
"Brachyspira_hyodysenteriae",5,1.78048272678478e-06,6.40057349138483e-06,"SRR14919237","Species","Detected in multiple samples"
"Psychrobacter_pulmonis",4,1.78040454077817e-06,9.03369568490469e-06,"SRR14919236","Species","Detected in multiple samples"
"Bacillus_simplex",4,1.77872886498266e-06,9.03369568490469e-06,"SRR14919236","Species","Detected in multiple samples"
"Desulfovibrio_mexicanus",5,1.77783506722753e-06,4.98974607182241e-06,"SRR14919239","Species","Detected in multiple samples"
"Pseudomonas_jessenii",5,1.77527549064175e-06,4.98688449378135e-06,"SRR14919246","Species","Detected in multiple samples"
"Xenorhabdus_koppenhoeferi",4,1.77296241208069e-06,6.67833148566162e-06,"SRR14919241","Species","Detected in multiple samples"
"Ammoniphilus_oxalaticus",4,1.77230188684789e-06,7.69230769230769e-06,"SRR14919243","Species","Detected in multiple samples"
"Sporanaerobacter_acetigenes",5,1.77144460616509e-06,4.98974607182241e-06,"SRR14919239","Species","Detected in multiple samples"
"Streptomyces_macrosporeus",5,1.77118710345035e-06,4.98974607182241e-06,"SRR14919239","Species","Detected in multiple samples"
"Dolosicoccus_paucivorans",5,1.7709486386136e-06,4.98688449378135e-06,"SRR14919246","Species","Detected in multiple samples"
"Rhizobium_gallicum",5,1.76703646356918e-06,4.98688449378135e-06,"SRR14919246","Species","Detected in multiple samples"
"Methanobacterium_kanagiense",5,1.76494917404227e-06,6.40057349138483e-06,"SRR14919237","Species","Detected in multiple samples"
"Lactobacillus_kimchiensis",4,1.76420090718314e-06,8.34951050994635e-06,"SRR14919245","Species","Detected in multiple samples"
"Olsenella_umbonata",3,1.76315234410924e-06,9.97949214364481e-06,"SRR14919239","Species","Detected in multiple samples"
"Hellea_balneolensis",5,1.76294807637779e-06,4.98974607182241e-06,"SRR14919239","Species","Detected in multiple samples"
"Clostridium_chauvoei",3,1.75991493730057e-06,1.25242657649195e-05,"SRR14919245","Species","Detected in multiple samples"
"Enterococcus_casseliflavus",4,1.75990889796179e-06,1.08234869667178e-05,"SRR14919242","Species","Detected in multiple samples"
"Prevotella_salivae",4,1.75821312729362e-06,9.97949214364481e-06,"SRR14919239","Species","Detected in multiple samples"
"Phacus_granum",5,1.75337862303217e-06,6.40057349138483e-06,"SRR14919237","Species","Detected in multiple samples"
"Treponema_refringens",4,1.75329551059332e-06,7.8900443420492e-06,"SRR14919240","Species","Detected in multiple samples"
"Thermus_yunnanensis",5,1.75206171766595e-06,4.98688449378135e-06,"SRR14919246","Species","Detected in multiple samples"
"Selenomonas_bovis",5,1.75073096347492e-06,4.98974607182241e-06,"SRR14919239","Species","Detected in multiple samples"
"Blastopirellula_marina",4,1.74456051596926e-06,7.8900443420492e-06,"SRR14919240","Species","Detected in multiple samples"
"Flectobacillus_speluncae",4,1.74284920677037e-06,7.21565797781185e-06,"SRR14919242","Species","Detected in multiple samples"
"Halomonas_salifodinae",3,1.74110770298735e-06,8.42328701929354e-06,"SRR14919238","Species","Detected in multiple samples"
"Sporotalea_propionica",3,1.73983049331734e-06,1.20449275798729e-05,"SRR14919236","Species","Detected in multiple samples"
"Acetonema_longum",3,1.73920200925649e-06,1.25242657649195e-05,"SRR14919245","Species","Detected in multiple samples"
"Paenibacillus_durus",4,1.73900532936253e-06,6.40057349138483e-06,"SRR14919237","Species","Detected in multiple samples"
"Methanothermobacter_tenebrarum",4,1.73726173441279e-06,9.000009000009e-06,"SRR14919235","Species","Detected in multiple samples"
"Carboxydocella_manganica",4,1.73582452345403e-06,9.97949214364481e-06,"SRR14919239","Species","Detected in multiple samples"
"Vibrio_sinaloensis",4,1.7334400322549e-06,9.03369568490469e-06,"SRR14919236","Species","Detected in multiple samples"
"Fulvitalea_axinellae",4,1.73253148656562e-06,8.34951050994635e-06,"SRR14919245","Species","Detected in multiple samples"
"Alishewanella_agri",4,1.73137063388947e-06,7.8900443420492e-06,"SRR14919240","Species","Detected in multiple samples"
"Bacillus_beijingensis",3,1.72955899624484e-06,1.26349305289403e-05,"SRR14919238","Species","Detected in multiple samples"
"Nostocoida_limicola",5,1.7282700999729e-06,4.98974607182241e-06,"SRR14919239","Species","Detected in multiple samples"
"Vibrio_cholerae",4,1.72809994101848e-06,8.42328701929354e-06,"SRR14919238","Species","Detected in multiple samples"
"Shewanella_aquimarina",4,1.72334751273997e-06,7.69230769230769e-06,"SRR14919243","Species","Detected in multiple samples"
"Chlorobium_limicola",5,1.7214340867538e-06,4.98688449378135e-06,"SRR14919246","Species","Detected in multiple samples"
"Vibrio_owensii",4,1.72063076188519e-06,7.21565797781185e-06,"SRR14919242","Species","Detected in multiple samples"
"Methanomethylovorans_thermophila",4,1.71629092517163e-06,8.42328701929354e-06,"SRR14919238","Species","Detected in multiple samples"
"Emticicia_ginsengisoli",4,1.71523274954746e-06,6.40057349138483e-06,"SRR14919237","Species","Detected in multiple samples"
"Haloarcula_salaria",5,1.71172613504188e-06,4.98974607182241e-06,"SRR14919239","Species","Detected in multiple samples"
"Prevotella_dentalis",4,1.7106502310296e-06,7.9700009165501e-06,"SRR14919244","Species","Detected in multiple samples"
"Thermoactinomyces_albus",4,1.70822205705348e-06,7.69230769230769e-06,"SRR14919243","Species","Detected in multiple samples"
"Kouleothrix_aurantiaca",4,1.70352870476099e-06,8.34951050994635e-06,"SRR14919245","Species","Detected in multiple samples"
"Ornatilinea_apprima",5,1.70348710796931e-06,4.98974607182241e-06,"SRR14919239","Species","Detected in multiple samples"
"Desulfonatronovibrio_magnus",4,1.69947595097297e-06,7.8900443420492e-06,"SRR14919240","Species","Detected in multiple samples"
"Desulfonema_limicola",3,1.69919404693469e-06,9.000009000009e-06,"SRR14919235","Species","Detected in multiple samples"
"Streptomyces_toxytricini",5,1.69745963430372e-06,4.98688449378135e-06,"SRR14919246","Species","Detected in multiple samples"
"Capnocytophaga_canimorsus",4,1.69477426096578e-06,9.000009000009e-06,"SRR14919235","Species","Detected in multiple samples"
"Auritidibacter_ignavus",4,1.69462407791767e-06,8.34951050994635e-06,"SRR14919245","Species","Detected in multiple samples"
"Actinomadura_verrucosospora",5,1.69337124711232e-06,4.98974607182241e-06,"SRR14919239","Species","Detected in multiple samples"
"Methanosarcina_lacustris",5,1.69337124711232e-06,4.98974607182241e-06,"SRR14919239","Species","Detected in multiple samples"
"Anaerococcus_vaginalis",4,1.69052094279212e-06,8.34951050994635e-06,"SRR14919245","Species","Detected in multiple samples"
"Porphyromonas_cansulci",3,1.68450405937044e-06,1.33566629713232e-05,"SRR14919241","Species","Detected in multiple samples"
"Desulfosporosinus_meridiei",5,1.67855367547809e-06,4.98974607182241e-06,"SRR14919239","Species","Detected in multiple samples"
"Peptoniphilus_methioninivorax",4,1.67688307940192e-06,7.8900443420492e-06,"SRR14919240","Species","Detected in multiple samples"
"Myxococcus_virescens",4,1.67616709829364e-06,8.34951050994635e-06,"SRR14919245","Species","Detected in multiple samples"
"Chlamydia_trachomatis",3,1.67599693933923e-06,8.42328701929354e-06,"SRR14919238","Species","Detected in multiple samples"
"Lactobacillus_secaliphilus",5,1.67445054035254e-06,4.98974607182241e-06,"SRR14919239","Species","Detected in multiple samples"
"Xenorhabdus_griffiniae",5,1.67137651912974e-06,4.98974607182241e-06,"SRR14919239","Species","Detected in multiple samples"
"Gemella_sanguinis",3,1.66930920674964e-06,1.18350665130738e-05,"SRR14919240","Species","Detected in multiple samples"
"Providencia_heimbachae",3,1.66930920674964e-06,1.18350665130738e-05,"SRR14919240","Species","Detected in multiple samples"
"Bacillus_horneckiae",4,1.66761452713344e-06,6.67833148566162e-06,"SRR14919241","Species","Detected in multiple samples"
"Nitrosococcus_halophilus",5,1.66626714335971e-06,4.98974607182241e-06,"SRR14919239","Species","Detected in multiple samples"
"Selenomonas_infelix",3,1.66623518552684e-06,1.18350665130738e-05,"SRR14919240","Species","Detected in multiple samples"
"Escherichia/Shigella_flexneri",4,1.66534123448461e-06,6.02246378993646e-06,"SRR14919236","Species","Detected in multiple samples"
"Acinetobacter_johnsonii",3,1.66485404999828e-06,1.25242657649195e-05,"SRR14919245","Species","Detected in multiple samples"
"Ferroplasma_acidarmanus",4,1.66295465730016e-06,8.34951050994635e-06,"SRR14919245","Species","Detected in multiple samples"
"Gracilimonas_rosea",5,1.66035419856879e-06,4.21164350964677e-06,"SRR14919238","Species","Detected in multiple samples"
"Lactobacillus_hayakitensis",4,1.65850563255867e-06,7.69230769230769e-06,"SRR14919243","Species","Detected in multiple samples"
"Picochlorum_eukaryotum",4,1.65702267463126e-06,7.8900443420492e-06,"SRR14919240","Species","Detected in multiple samples"
"Treponema_calligyrum",4,1.65641834303176e-06,6.40057349138483e-06,"SRR14919237","Species","Detected in multiple samples"
"Nonomuraea_soli",4,1.65585718758623e-06,8.42328701929354e-06,"SRR14919238","Species","Detected in multiple samples"
"Methanolobus_bombayensis",3,1.65400914831126e-06,9.97949214364481e-06,"SRR14919239","Species","Detected in multiple samples"
"Thermophagus_xiamenensis",5,1.65355477755144e-06,4.5000045000045e-06,"SRR14919235","Species","Detected in multiple samples"
"Natronincola_ferrireducens",3,1.65114168767321e-06,8.42328701929354e-06,"SRR14919238","Species","Detected in multiple samples"
"Citrobacter_freundii",4,1.64775412236278e-06,6.67833148566162e-06,"SRR14919241","Species","Detected in multiple samples"
"Polaribacter_franzmannii",5,1.64375460355804e-06,4.98688449378135e-06,"SRR14919246","Species","Detected in multiple samples"
"Acidovorax_defluvii",4,1.64358444460363e-06,6.67833148566162e-06,"SRR14919241","Species","Detected in multiple samples"
"Flavobacterium_columnare",3,1.63626807466609e-06,7.9700009165501e-06,"SRR14919244","Species","Detected in multiple samples"
"Alkalitalea_saponilacus",5,1.63557120656521e-06,4.98688449378135e-06,"SRR14919246","Species","Detected in multiple samples"
"Acidovorax_delafieldii",5,1.6346678566038e-06,4.5000045000045e-06,"SRR14919235","Species","Detected in multiple samples"
"Rickettsia_amblyommii",3,1.63408536927189e-06,9.03369568490469e-06,"SRR14919236","Species","Detected in multiple samples"
"Clostridium_malenominatum",3,1.63199726401083e-06,8.42328701929354e-06,"SRR14919238","Species","Detected in multiple samples"
"Staphylococcus_agnetis",5,1.62823579874968e-06,4.98974607182241e-06,"SRR14919239","Species","Detected in multiple samples"
"Cytophaga_aurantiaca",5,1.62799733391293e-06,4.98688449378135e-06,"SRR14919246","Species","Detected in multiple samples"
"Cryptoglena_pigra",4,1.62560295093033e-06,6.40057349138483e-06,"SRR14919237","Species","Detected in multiple samples"
"Seinonella_peptonophila",2,1.62328987236927e-06,1.28011469827697e-05,"SRR14919237","Species","Detected in multiple samples"
"Thermoanaerobacter_thermohydrosulfuricus",5,1.62066476654432e-06,4.98974607182241e-06,"SRR14919239","Species","Detected in multiple samples"
"Haemophilus_ducreyi",3,1.61899133002123e-06,1.18350665130738e-05,"SRR14919240","Species","Detected in multiple samples"
"Mariprofundus_ferrooxydans",3,1.61835065555365e-06,1.28011469827697e-05,"SRR14919237","Species","Detected in multiple samples"
"Clostridium_aerotolerans",4,1.61552343294142e-06,7.8900443420492e-06,"SRR14919240","Species","Detected in multiple samples"
"Dolichospermum_planctonicum",4,1.614581662799e-06,6.67833148566162e-06,"SRR14919241","Species","Detected in multiple samples"
"Calothrix_parietina",5,1.60964244598337e-06,4.5000045000045e-06,"SRR14919235","Species","Detected in multiple samples"
"Fusobacterium_perfoetens",5,1.60631092204584e-06,4.5000045000045e-06,"SRR14919235","Species","Detected in multiple samples"
"Streptococcus_macacae",4,1.60507558372208e-06,6.67833148566162e-06,"SRR14919241","Species","Detected in multiple samples"
"Prevotella_saccharolytica",3,1.60389469479564e-06,9.000009000009e-06,"SRR14919235","Species","Detected in multiple samples"
"Spirochaeta_isovalerica",5,1.60323690082304e-06,4.5000045000045e-06,"SRR14919235","Species","Detected in multiple samples"
"Atopobium_rimae",4,1.60251567097255e-06,7.8900443420492e-06,"SRR14919240","Species","Detected in multiple samples"
"Mycoplasma_spermatophilum",4,1.6022772061358e-06,7.8900443420492e-06,"SRR14919240","Species","Detected in multiple samples"
"Syntrophobacter_fumaroxidans",4,1.60178948896968e-06,6.40057349138483e-06,"SRR14919237","Species","Detected in multiple samples"
"Thermodesulfobacterium_hydrogeniphilum",4,1.60174405978455e-06,6.67833148566162e-06,"SRR14919241","Species","Detected in multiple samples"
"Acetobacterium_woodii",4,1.60013636690646e-06,7.21565797781185e-06,"SRR14919242","Species","Detected in multiple samples"
"Pseudomonas_monteilii",5,1.59906722306389e-06,4.21164350964677e-06,"SRR14919238","Species","Detected in multiple samples"
"Sinorickettsia_chlamys",4,1.59827616270473e-06,6.67833148566162e-06,"SRR14919241","Species","Detected in multiple samples"
"Mycoplasma_zalophi",4,1.59774198392386e-06,6.40057349138483e-06,"SRR14919237","Species","Detected in multiple samples"
"Shewanella_frigidimarina",3,1.59509432436661e-06,9.97949214364481e-06,"SRR14919239","Species","Detected in multiple samples"
"Oxalobacter_vibrioformis",3,1.59427424880354e-06,1.15384615384615e-05,"SRR14919243","Species","Detected in multiple samples"
"Streptococcus_massiliensis",2,1.5932712022441e-06,1.57800886840984e-05,"SRR14919240","Species","Detected in multiple samples"
"Streptococcus_troglodytidis",2,1.5932712022441e-06,1.57800886840984e-05,"SRR14919240","Species","Detected in multiple samples"
"Bdellovibrio_bacteriovorus",4,1.58841932918881e-06,7.8900443420492e-06,"SRR14919240","Species","Detected in multiple samples"
"Persicobacter_diffluens",3,1.58403429002498e-06,9.000009000009e-06,"SRR14919235","Species","Detected in multiple samples"
"Clostridium_ganghwense",3,1.58321798047096e-06,8.42328701929354e-06,"SRR14919238","Species","Detected in multiple samples"
"Pseudomonas_hibiscicola",5,1.57940869092823e-06,4.17475525497318e-06,"SRR14919245","Species","Detected in multiple samples"
"Citreicella_thiooxidans",4,1.57859756026148e-06,6.40057349138483e-06,"SRR14919237","Species","Detected in multiple samples"
"Chitinophaga_pinensis",4,1.57842740130707e-06,6.40057349138483e-06,"SRR14919237","Species","Detected in multiple samples"
"Desulfotomaculum_varum",4,1.57535338008427e-06,6.40057349138483e-06,"SRR14919237","Species","Detected in multiple samples"
"Chryseobacterium_ureilyticum",4,1.57535338008427e-06,6.40057349138483e-06,"SRR14919237","Species","Detected in multiple samples"
"Parasutterella_secunda",3,1.57238555300828e-06,9.000009000009e-06,"SRR14919235","Species","Detected in multiple samples"
"Nevskia_ramosa",4,1.57094834204951e-06,6.02246378993646e-06,"SRR14919236","Species","Detected in multiple samples"
"Rhodospirillum_rubrum",4,1.5693068633593e-06,6.02246378993646e-06,"SRR14919236","Species","Detected in multiple samples"
"Haloferax_mucosum",3,1.56747240879491e-06,9.97376898756271e-06,"SRR14919246","Species","Detected in multiple samples"
"Borrelia_garinii",4,1.5643674023914e-06,7.9700009165501e-06,"SRR14919244","Species","Detected in multiple samples"
"Lysobacter_gummosus",4,1.56170387332106e-06,7.8900443420492e-06,"SRR14919240","Species","Detected in multiple samples"
"Pelotomaculum_propionicicum",4,1.56099953558578e-06,6.40057349138483e-06,"SRR14919237","Species","Detected in multiple samples"
"Paracoccus_carotinifaciens",5,1.56031989734558e-06,4.17475525497318e-06,"SRR14919245","Species","Detected in multiple samples"
"Actinomyces_coleocanis",4,1.5536885631511e-06,6.67833148566162e-06,"SRR14919241","Species","Detected in multiple samples"
"Cellulophaga_lytica",4,1.55276050851322e-06,6.40057349138483e-06,"SRR14919237","Species","Detected in multiple samples"
"Melissococcus_plutonius",4,1.5508611158151e-06,6.40057349138483e-06,"SRR14919237","Species","Detected in multiple samples"
"Algoriphagus_olei",5,1.54874934633548e-06,4.17475525497318e-06,"SRR14919245","Species","Detected in multiple samples"
"Caloramator_uzoniensis",4,1.54775401824487e-06,7.21565797781185e-06,"SRR14919242","Species","Detected in multiple samples"
"Segetibacter_koreensis",3,1.54761200402425e-06,9.97376898756271e-06,"SRR14919246","Species","Detected in multiple samples"
"Lactobacillus_ultunensis",3,1.53823116215352e-06,9.97376898756271e-06,"SRR14919246","Species","Detected in multiple samples"
"Sphaerochaeta_globosa",5,1.53693596541538e-06,4.5000045000045e-06,"SRR14919235","Species","Detected in multiple samples"
"Lactobacillus_oris",5,1.53693596541538e-06,4.5000045000045e-06,"SRR14919235","Species","Detected in multiple samples"
"Pectinatus_sottacetonis",2,1.53469303449156e-06,1.44313159556237e-05,"SRR14919242","Species","Detected in multiple samples"
"Prosthecochloris_vibrioformis",5,1.53360444147784e-06,4.5000045000045e-06,"SRR14919235","Species","Detected in multiple samples"
"Sarcina_ventriculi",4,1.53343428252343e-06,6.67833148566162e-06,"SRR14919241","Species","Detected in multiple samples"
"Allofustis_seminis",4,1.53290010374256e-06,6.40057349138483e-06,"SRR14919237","Species","Detected in multiple samples"
"Pseudomonas_plecoglossicida",4,1.52946854953082e-06,6.02246378993646e-06,"SRR14919236","Species","Detected in multiple samples"
"Amycolatopsis_coloradensis",4,1.52888113576667e-06,6.40057349138483e-06,"SRR14919237","Species","Detected in multiple samples"
"Parachlamydia_acanthamoebae",4,1.52888113576667e-06,6.40057349138483e-06,"SRR14919237","Species","Detected in multiple samples"
"Alkaliphilus_halophilus",4,1.5284950657078e-06,6.02246378993646e-06,"SRR14919236","Species","Detected in multiple samples"
"Pasteurella_aerogenes",3,1.52641637257562e-06,8.34951050994635e-06,"SRR14919245","Species","Detected in multiple samples"
"Wautersiella_falsenii",3,1.52546186502141e-06,9.97949214364481e-06,"SRR14919239","Species","Detected in multiple samples"
"Maricurvus_nonylphenolicus",2,1.52312248348146e-06,1.44313159556237e-05,"SRR14919242","Species","Detected in multiple samples"
"Campylobacter_helveticus",4,1.51443954446047e-06,4.98974607182241e-06,"SRR14919239","Species","Detected in multiple samples"
"Leuconostoc_carnosum",3,1.51420107962371e-06,9.97376898756271e-06,"SRR14919246","Species","Detected in multiple samples"
"Desulfuromusa_bakii",4,1.51375568008018e-06,6.40057349138483e-06,"SRR14919237","Species","Detected in multiple samples"
"Treponema_pedis",4,1.51375568008018e-06,6.40057349138483e-06,"SRR14919237","Species","Detected in multiple samples"
"Planctomyces_limnophilus",4,1.51367749407357e-06,6.02246378993646e-06,"SRR14919236","Species","Detected in multiple samples"
"Desulfurivibrio_alkaliphilus",4,1.51367749407357e-06,6.02246378993646e-06,"SRR14919236","Species","Detected in multiple samples"
"Aquitalea_magnusonii",5,1.50983186166277e-06,4.17475525497318e-06,"SRR14919245","Species","Detected in multiple samples"
"Thermus_thermophilus",3,1.50727713604627e-06,9.97949214364481e-06,"SRR14919239","Species","Detected in multiple samples"
"Nitrosomonas_oligotropha",4,1.50703867120952e-06,4.98974607182241e-06,"SRR14919239","Species","Detected in multiple samples"
"Microcystis_smithii",5,1.50650033772523e-06,4.17475525497318e-06,"SRR14919245","Species","Detected in multiple samples"
"Methylobacter_capsulatus",4,1.50627662082262e-06,6.02246378993646e-06,"SRR14919236","Species","Detected in multiple samples"
"Thermoanaerobacter_uzonensis",4,1.50483701476742e-06,7.21565797781185e-06,"SRR14919242","Species","Detected in multiple samples"
"Veillonella_rogosae",4,1.50303244064541e-06,6.02246378993646e-06,"SRR14919236","Species","Detected in multiple samples"
"Paracoccus_aminophilus",4,1.50244263178481e-06,6.40057349138483e-06,"SRR14919237","Species","Detected in multiple samples"
"Azospirillum_melinis",4,1.50244263178481e-06,6.40057349138483e-06,"SRR14919237","Species","Detected in multiple samples"
"Asterionella_ralfsii",5,1.50133533187547e-06,4.21164350964677e-06,"SRR14919238","Species","Detected in multiple samples"
"Eubacterium_limosum",1,1.5000015000015e-06,1.8000018000018e-05,"SRR14919235","Species","Detected in one sample"
"Treponema_putidum",2,1.49837250920295e-06,1.49692382154672e-05,"SRR14919239","Species","Detected in multiple samples"
"Spiroplasma_lampyridicola",4,1.4966003827913e-06,6.02246378993646e-06,"SRR14919236","Species","Detected in multiple samples"
"Pectinatus_brassicae",4,1.49469860017812e-06,6.40057349138483e-06,"SRR14919237","Species","Detected in multiple samples"
"Vibrio_alginolyticus",3,1.49326646375731e-06,7.69230769230769e-06,"SRR14919243","Species","Detected in multiple samples"
"Lactobacillus_coleohominis",3,1.49275313259337e-06,8.42328701929354e-06,"SRR14919238","Species","Detected in multiple samples"
"Oceanobacillus_caeni",3,1.49275313259337e-06,8.42328701929354e-06,"SRR14919238","Species","Detected in multiple samples"
"Gemella_haemolysans",4,1.49222109957528e-06,4.98974607182241e-06,"SRR14919239","Species","Detected in multiple samples"
"Deferribacter_thermophilus",3,1.491537235195e-06,7.8900443420492e-06,"SRR14919240","Species","Detected in multiple samples"
"Hyphomicrobium_chloromethanicum",2,1.48865111080099e-06,9.97376898756271e-06,"SRR14919246","Species","Detected in multiple samples"
"Halomonas_campisalis",4,1.48729772692717e-06,6.40057349138483e-06,"SRR14919237","Species","Detected in multiple samples"
"Pelotomaculum_isophthalicicum",3,1.48625770047055e-06,8.42328701929354e-06,"SRR14919238","Species","Detected in multiple samples"
"Anaerococcus_tetradius",4,1.48557806223035e-06,6.02246378993646e-06,"SRR14919236","Species","Detected in multiple samples"
"Sporosarcina_globispora",3,1.48497660999676e-06,1.08234869667178e-05,"SRR14919242","Species","Detected in multiple samples"
"Prevotella_bergensis",3,1.48374360766597e-06,9.97376898756271e-06,"SRR14919246","Species","Detected in multiple samples"
"Acinetobacter_bouvetii",4,1.48318367924775e-06,6.40057349138483e-06,"SRR14919237","Species","Detected in multiple samples"
"Clostridium_acetobutylicum",4,1.48318367924775e-06,6.40057349138483e-06,"SRR14919237","Species","Detected in multiple samples"
"Methanoregula_boonei",3,1.48088901340194e-06,9.97949214364481e-06,"SRR14919239","Species","Detected in multiple samples"
"Lactobacillus_cacaonum",4,1.48065054856518e-06,4.98974607182241e-06,"SRR14919239","Species","Detected in multiple samples"
"Paenibacillus_illinoisensis",4,1.48005402794522e-06,6.40057349138483e-06,"SRR14919237","Species","Detected in multiple samples"
"Borrelia_miyamotoi",3,1.4781771889794e-06,7.21565797781185e-06,"SRR14919242","Species","Detected in multiple samples"
"Planktolyngbya_limnetica",4,1.47386621164573e-06,4.98974607182241e-06,"SRR14919239","Species","Detected in multiple samples"
"Gallionella_capsiferriformans",4,1.47386621164573e-06,4.98974607182241e-06,"SRR14919239","Species","Detected in multiple samples"
"Ureaplasma_canigenitalium",4,1.47386621164573e-06,4.98974607182241e-06,"SRR14919239","Species","Detected in multiple samples"
"Microbacterium_esteraromaticum",4,1.46429675830011e-06,6.40057349138483e-06,"SRR14919237","Species","Detected in multiple samples"
"Lactobacillus_parafarraginis",4,1.46403925558537e-06,6.40057349138483e-06,"SRR14919237","Species","Detected in multiple samples"
"Desulfacinum_hydrothermale",4,1.46335961734517e-06,6.02246378993646e-06,"SRR14919236","Species","Detected in multiple samples"
"Thalassospira_lucentensis",3,1.46038152000336e-06,9.97376898756271e-06,"SRR14919246","Species","Detected in multiple samples"
"Aglaothamnion_halliae",4,1.46011543716796e-06,6.02246378993646e-06,"SRR14919236","Species","Detected in multiple samples"
"Glaciecola_polaris",4,1.45996990627196e-06,6.40057349138483e-06,"SRR14919237","Species","Detected in multiple samples"
"Actinomyces_bovis",3,1.45756071155146e-06,9.97949214364481e-06,"SRR14919239","Species","Detected in multiple samples"
"Sphingobacterium_shayense",4,1.45578858513981e-06,6.02246378993646e-06,"SRR14919236","Species","Detected in multiple samples"
"Rickettsia_akari",3,1.45278958155872e-06,9.97949214364481e-06,"SRR14919239","Species","Detected in multiple samples"
"Desulfotomaculum_kuznetsovii",4,1.45255111672196e-06,4.98974607182241e-06,"SRR14919239","Species","Detected in multiple samples"
"Pseudoscillatoria_coralii",3,1.44983612911592e-06,8.42328701929354e-06,"SRR14919238","Species","Detected in multiple samples"
"Anaerococcus_lactolyticus",3,1.44848385857526e-06,7.9700009165501e-06,"SRR14919244","Species","Detected in multiple samples"
"Desulfovibrio_legallii",3,1.44368808667032e-06,8.34951050994635e-06,"SRR14919245","Species","Detected in multiple samples"
"Microbacterium_arborescens",3,1.44344962183356e-06,8.34951050994635e-06,"SRR14919245","Species","Detected in multiple samples"
"Flexibacter_roseolus",4,1.44340873968798e-06,4.98974607182241e-06,"SRR14919239","Species","Detected in multiple samples"
"Brevundimonas_intermedia",4,1.44340873968798e-06,4.98974607182241e-06,"SRR14919239","Species","Detected in multiple samples"
"Fibrisoma_limi",4,1.44319211911883e-06,4.98688449378135e-06,"SRR14919246","Species","Detected in multiple samples"
"Pedobacter_glucosidilyticus",3,1.44035656273278e-06,8.34951050994635e-06,"SRR14919245","Species","Detected in multiple samples"
"Singulisphaera_acidiphila",4,1.44007721575045e-06,4.98974607182241e-06,"SRR14919239","Species","Detected in multiple samples"
"Mycoplasma_ovis",4,1.43936123464217e-06,4.98974607182241e-06,"SRR14919239","Species","Detected in multiple samples"
"Mycoplasma_penetrans",4,1.43593982374215e-06,6.40057349138483e-06,"SRR14919237","Species","Detected in multiple samples"
"Thioalkalibacter_halophilus",4,1.43593982374215e-06,6.40057349138483e-06,"SRR14919237","Species","Detected in multiple samples"
"Megamonas_rupellensis",2,1.43533837150855e-06,1.08234869667178e-05,"SRR14919242","Species","Detected in multiple samples"
"Algimonas_porphyrae",2,1.43292917678806e-06,9.97949214364481e-06,"SRR14919239","Species","Detected in multiple samples"
"Cylindrospermopsis_raciborskii",4,1.4302181429621e-06,4.98974607182241e-06,"SRR14919239","Species","Detected in multiple samples"
"Oenococcus_oeni",4,1.43016251288237e-06,4.98974607182241e-06,"SRR14919239","Species","Detected in multiple samples"
"Lactobacillus_satsumensis",3,1.42998039277144e-06,9.000009000009e-06,"SRR14919235","Species","Detected in multiple samples"
"Prevotella_multiformis",3,1.42787518694547e-06,7.9700009165501e-06,"SRR14919244","Species","Detected in multiple samples"
"Halorubrum_xinjiangense",3,1.42787518694547e-06,7.9700009165501e-06,"SRR14919244","Species","Detected in multiple samples"
"Mycoplasma_sualvi",4,1.42354833491732e-06,4.98974607182241e-06,"SRR14919239","Species","Detected in multiple samples"
"Trichormus_azollae",4,1.42354833491732e-06,4.98974607182241e-06,"SRR14919239","Species","Detected in multiple samples"
"Heliophilum_fasciatum",4,1.42330987008057e-06,4.98688449378135e-06,"SRR14919246","Species","Detected in multiple samples"
"Limnobacter_thiooxidans",3,1.41651044906322e-06,9.000009000009e-06,"SRR14919235","Species","Detected in multiple samples"
"Rhizobium_galegae",4,1.41630463593537e-06,4.98974607182241e-06,"SRR14919239","Species","Detected in multiple samples"
"Nitrobacter_hamburgensis",4,1.41604713322064e-06,4.98974607182241e-06,"SRR14919239","Species","Detected in multiple samples"
"Mycoplasma_bovigenitalium",4,1.41604713322064e-06,4.98974607182241e-06,"SRR14919239","Species","Detected in multiple samples"
"Olivibacter_sitiensis",4,1.41533115211236e-06,4.98974607182241e-06,"SRR14919239","Species","Detected in multiple samples"
"Clostridium_butyricum",4,1.4150926872756e-06,4.98688449378135e-06,"SRR14919246","Species","Detected in multiple samples"
"Sporomusa_acidovorans",4,1.41372137885697e-06,6.40057349138483e-06,"SRR14919237","Species","Detected in multiple samples"
"Weissella_viridescens",4,1.41355121990255e-06,6.40057349138483e-06,"SRR14919237","Species","Detected in multiple samples"
"Lactobacillus_guizhouensis",4,1.41173931907047e-06,4.98688449378135e-06,"SRR14919246","Species","Detected in multiple samples"
"Oligosphaera_ethanolica",3,1.41042156860002e-06,6.67833148566162e-06,"SRR14919241","Species","Detected in multiple samples"
"Pediococcus_ethanolidurans",3,1.41025348177715e-06,6.40057349138483e-06,"SRR14919237","Species","Detected in multiple samples"
"Haloplanus_natans",3,1.40780810614807e-06,7.69230769230769e-06,"SRR14919243","Species","Detected in multiple samples"
"Natranaerobius_thermophilus",4,1.4054823517844e-06,6.40057349138483e-06,"SRR14919237","Species","Detected in multiple samples"
"Elizabethkingia_meningoseptica",2,1.40382922972119e-06,1.08234869667178e-05,"SRR14919242","Species","Detected in multiple samples"
"Clostridium_bovipellis",2,1.40382922972119e-06,1.08234869667178e-05,"SRR14919242","Species","Detected in multiple samples"
"Paenibacillus_lactis",3,1.4025962273904e-06,9.97376898756271e-06,"SRR14919246","Species","Detected in multiple samples"
"Thermoanaerobacterium_thermosaccharolyticum",4,1.40115973107773e-06,4.98974607182241e-06,"SRR14919239","Species","Detected in multiple samples"
"Soehngenia_saccharolytica",2,1.40080714865946e-06,1.26349305289403e-05,"SRR14919238","Species","Detected in multiple samples"
"Thermoanaerobacter_italicus",4,1.39951825238751e-06,4.98974607182241e-06,"SRR14919239","Species","Detected in multiple samples"
"Marinomonas_brasiliensis",2,1.39884562008706e-06,1.28011469827697e-05,"SRR14919237","Species","Detected in multiple samples"
"Sphingobium_suberifaciens",3,1.39745378045432e-06,8.42328701929354e-06,"SRR14919238","Species","Detected in multiple samples"
"Geothrix_fermentans",4,1.39716021227299e-06,4.98974607182241e-06,"SRR14919239","Species","Detected in multiple samples"
"Marinifilum_fragile",4,1.39692174743624e-06,4.98688449378135e-06,"SRR14919246","Species","Detected in multiple samples"
"Pseudoalteromonas_haloplanktis",4,1.39594826361322e-06,4.98688449378135e-06,"SRR14919246","Species","Detected in multiple samples"
"Methylomonas_rubra",4,1.38770923654066e-06,4.98688449378135e-06,"SRR14919246","Species","Detected in multiple samples"
"Colwellia_polaris",3,1.38706338929398e-06,7.9700009165501e-06,"SRR14919244","Species","Detected in multiple samples"
"Lactobacillus_vaccinostercus",4,1.38680588657924e-06,4.5000045000045e-06,"SRR14919235","Species","Detected in multiple samples"
"Halobacillus_profundi",3,1.38535119642614e-06,7.69230769230769e-06,"SRR14919243","Species","Detected in multiple samples"
"Pedobacter_agri",4,1.38487368015461e-06,4.98974607182241e-06,"SRR14919239","Species","Detected in multiple samples"
"Desulfonatronovibrio_thiodismutans",4,1.38373186535644e-06,4.5000045000045e-06,"SRR14919235","Species","Detected in multiple samples"
"Nocardia_asiatica",4,1.37729980750233e-06,4.98974607182241e-06,"SRR14919239","Species","Detected in multiple samples"
"Natronoanaerobium_salstagnum",4,1.37729980750233e-06,4.98974607182241e-06,"SRR14919239","Species","Detected in multiple samples"
"Rummeliibacillus_suwonensis",3,1.37616083315108e-06,9.000009000009e-06,"SRR14919235","Species","Detected in multiple samples"
"Anabaena_torulosa",4,1.37523533556914e-06,4.5000045000045e-06,"SRR14919235","Species","Detected in multiple samples"
"Roseivirga_spongicola",3,1.37396828356479e-06,7.8900443420492e-06,"SRR14919240","Species","Detected in multiple samples"
"Perexilibacter_aurantiacus",4,1.37383191042252e-06,4.98974607182241e-06,"SRR14919239","Species","Detected in multiple samples"
"Flectobacillus_lacus",4,1.36882231559302e-06,4.98688449378135e-06,"SRR14919246","Species","Detected in multiple samples"
"Paenibacillus_siamensis",2,1.3674146643063e-06,1.28011469827697e-05,"SRR14919237","Species","Detected in multiple samples"
"Castellaniella_defragrans",3,1.36727565547891e-06,8.34951050994635e-06,"SRR14919245","Species","Detected in multiple samples"
"Salinicoccus_albus",4,1.36555909753782e-06,4.98974607182241e-06,"SRR14919239","Species","Detected in multiple samples"
"Sufflavibacter_maritimus",3,1.36501327538395e-06,7.21565797781185e-06,"SRR14919242","Species","Detected in multiple samples"
"Acholeplasma_equifetale",3,1.36400495436216e-06,6.40057349138483e-06,"SRR14919237","Species","Detected in multiple samples"
"Tepidanaerobacter_syntrophicus",4,1.36323334317415e-06,6.40057349138483e-06,"SRR14919237","Species","Detected in multiple samples"
"Sphingobacterium_faecium",2,1.35995928554137e-06,8.34951050994635e-06,"SRR14919245","Species","Detected in multiple samples"
"Anaplasma_phagocytophilum",3,1.35824272760028e-06,7.9700009165501e-06,"SRR14919244","Species","Detected in multiple samples"
"Sphingobacterium_siyangense",3,1.35800426276352e-06,7.9700009165501e-06,"SRR14919244","Species","Detected in multiple samples"
"Slackia_faecicanis",3,1.35749022941967e-06,7.69230769230769e-06,"SRR14919243","Species","Detected in multiple samples"
"Haemophilus_simiae",4,1.35537493079848e-06,4.5000045000045e-06,"SRR14919235","Species","Detected in multiple samples"
"Tetragenococcus_solitarius",4,1.35537493079848e-06,4.5000045000045e-06,"SRR14919235","Species","Detected in multiple samples"
"Cohnella_soli",3,1.35190703371867e-06,9.000009000009e-06,"SRR14919235","Species","Detected in multiple samples"
"Methylomonas_koyamae",4,1.35146275575407e-06,4.21164350964677e-06,"SRR14919238","Species","Detected in multiple samples"
"Actinobaculum_schaalii",3,1.35120525303933e-06,8.42328701929354e-06,"SRR14919238","Species","Detected in multiple samples"
"Tenacibaculum_ovolyticum",4,1.34956336305595e-06,4.98688449378135e-06,"SRR14919246","Species","Detected in multiple samples"
"Azospirillum_irakense",4,1.34956336305595e-06,4.98688449378135e-06,"SRR14919246","Species","Detected in multiple samples"
"Coprothermobacter_proteolyticus",3,1.34905672939847e-06,8.34951050994635e-06,"SRR14919245","Species","Detected in multiple samples"
"Acidimicrobium_ferrooxidans",3,1.34586885172157e-06,7.21565797781185e-06,"SRR14919242","Species","Detected in multiple samples"
"Arthrobacter_antarcticus",2,1.34502606046671e-06,1.28011469827697e-05,"SRR14919237","Species","Detected in multiple samples"
"Natrinema_versiforme",4,1.34339628273237e-06,4.98974607182241e-06,"SRR14919239","Species","Detected in multiple samples"
"Staphylococcus_caprae",4,1.34339628273237e-06,4.98974607182241e-06,"SRR14919239","Species","Detected in multiple samples"
"Actinomadura_rubrobrunea",4,1.34238620670761e-06,4.98688449378135e-06,"SRR14919246","Species","Detected in multiple samples"
"Enterobacter_asburiae",2,1.33681818352117e-06,8.34951050994635e-06,"SRR14919245","Species","Detected in multiple samples"
"Lactobacillus_larvae",4,1.33491879082305e-06,4.98688449378135e-06,"SRR14919246","Species","Detected in multiple samples"
"Thermus_oshimai",3,1.33325786296169e-06,6.02246378993646e-06,"SRR14919236","Species","Detected in multiple samples"
"Paenibacillus_turicensis",3,1.33091490694506e-06,7.9700009165501e-06,"SRR14919244","Species","Detected in multiple samples"
"Desulfobacula_phenolica",4,1.32827082704587e-06,4.21164350964677e-06,"SRR14919238","Species","Detected in multiple samples"
"Weissella_ghanensis",4,1.32824898277828e-06,4.5000045000045e-06,"SRR14919235","Species","Detected in multiple samples"
"Caldicellulosiruptor_kristjanssonii",3,1.32787695118886e-06,8.42328701929354e-06,"SRR14919238","Species","Detected in multiple samples"
"Halospina_denitrificans",3,1.32787695118886e-06,8.42328701929354e-06,"SRR14919238","Species","Detected in multiple samples"
"Ochrobactrum_anthropi",4,1.32758338300752e-06,4.98974607182241e-06,"SRR14919239","Species","Detected in multiple samples"
"Borrelia_duttonii",3,1.32519680582307e-06,8.34951050994635e-06,"SRR14919245","Species","Detected in multiple samples"
"Desulfobotulus_alkaliphilus",3,1.32425185906999e-06,7.8900443420492e-06,"SRR14919240","Species","Detected in multiple samples"
"Empedobacter_brevis",3,1.32425185906999e-06,7.8900443420492e-06,"SRR14919240","Species","Detected in multiple samples"
"Persicitalea_jodogahamensis",3,1.32419367193431e-06,6.40057349138483e-06,"SRR14919237","Species","Detected in multiple samples"
"Bifidobacterium_minimum",4,1.32324178304522e-06,4.98688449378135e-06,"SRR14919246","Species","Detected in multiple samples"
"Thermincola_ferriacetica",3,1.32310582119611e-06,8.42328701929354e-06,"SRR14919238","Species","Detected in multiple samples"
"Methanopyrus_kandleri",4,1.31837087211194e-06,4.98974607182241e-06,"SRR14919239","Species","Detected in multiple samples"
"Paenibacillus_alvei",4,1.31601283199742e-06,4.98974607182241e-06,"SRR14919239","Species","Detected in multiple samples"
"Streptococcus_vestibularis",1,1.31500739034153e-06,1.57800886840984e-05,"SRR14919240","Species","Detected in one sample"
"Beijerinckia_doebereinerae",3,1.31351691867934e-06,6.40057349138483e-06,"SRR14919237","Species","Detected in multiple samples"
"Proteus_vulgaris",3,1.31351691867934e-06,6.40057349138483e-06,"SRR14919237","Species","Detected in multiple samples"
"Clostridium_colicanis",3,1.30895624442908e-06,8.42328701929354e-06,"SRR14919238","Species","Detected in multiple samples"
"Mycoplasma_mobile",3,1.30753534008811e-06,7.69230769230769e-06,"SRR14919243","Species","Detected in multiple samples"
"Dasania_marina",4,1.30252885500115e-06,4.5000045000045e-06,"SRR14919235","Species","Detected in multiple samples"
"Thermus_scotoductus",4,1.30252885500115e-06,4.5000045000045e-06,"SRR14919235","Species","Detected in multiple samples"
"Sphingomonas_phyllosphaerae",4,1.30252885500115e-06,4.5000045000045e-06,"SRR14919235","Species","Detected in multiple samples"
"Borrelia_recurrentis",3,1.30186086013395e-06,7.69230769230769e-06,"SRR14919243","Species","Detected in multiple samples"
"Caedibacter_macronucleorum",3,1.30158915699026e-06,9.000009000009e-06,"SRR14919235","Species","Detected in multiple samples"
"Vibrio_splendidus",3,1.30077284743625e-06,8.42328701929354e-06,"SRR14919238","Species","Detected in multiple samples"
"Actinomyces_massiliensis",3,1.29769882621345e-06,8.34951050994635e-06,"SRR14919245","Species","Detected in multiple samples"
"Pectinatus_frisingensis",2,1.29709737397985e-06,8.34951050994635e-06,"SRR14919245","Species","Detected in multiple samples"
"Streptomyces_coelicolor",3,1.29685110334495e-06,6.40057349138483e-06,"SRR14919237","Species","Detected in multiple samples"
"Methylomicrobium_kenyense",4,1.29615242722676e-06,4.98974607182241e-06,"SRR14919239","Species","Detected in multiple samples"
"Mycoplasma_columborale",4,1.29290824704955e-06,4.98974607182241e-06,"SRR14919239","Species","Detected in multiple samples"
"Allobacillus_halotolerans",3,1.29268453014695e-06,6.02246378993646e-06,"SRR14919236","Species","Detected in multiple samples"
"Paracoccus_denitrificans",3,1.29268453014695e-06,6.02246378993646e-06,"SRR14919236","Species","Detected in multiple samples"
"Desulfovibrio_frigidus",4,1.2879134001542e-06,4.98974607182241e-06,"SRR14919239","Species","Detected in multiple samples"
"Alysiella_crassa",4,1.2879134001542e-06,4.98974607182241e-06,"SRR14919239","Species","Detected in multiple samples"
"Halorhabdus_tiamatea",4,1.28699530225864e-06,4.17475525497318e-06,"SRR14919245","Species","Detected in multiple samples"
"Fusobacterium_periodonticum",2,1.28618909802413e-06,9.03369568490469e-06,"SRR14919236","Species","Detected in multiple samples"
"Fibrella_aestuarina",4,1.28599997416802e-06,4.5000045000045e-06,"SRR14919235","Species","Detected in multiple samples"
"Methylomicrobium_alcaliphilum",4,1.28266845023049e-06,4.5000045000045e-06,"SRR14919235","Species","Detected in multiple samples"
"Campylobacter_ureolyticus",1,1.28205128205128e-06,1.53846153846154e-05,"SRR14919243","Species","Detected in one sample"
"Oceanimonas_doudoroffii",3,1.2810382036201e-06,6.40057349138483e-06,"SRR14919237","Species","Detected in multiple samples"
"Selaginella_uncinata",3,1.2810382036201e-06,6.40057349138483e-06,"SRR14919237","Species","Detected in multiple samples"
"Halomicrobium_katesii",3,1.28085681258586e-06,8.42328701929354e-06,"SRR14919238","Species","Detected in multiple samples"
"Rhodanobacter_panaciterrae",3,1.27866893142575e-06,7.8900443420492e-06,"SRR14919240","Species","Detected in multiple samples"
"Phacus_orbicularis",4,1.27855440255106e-06,4.21164350964677e-06,"SRR14919238","Species","Detected in multiple samples"
"Nitrosococcus_mobilis",4,1.27853255828347e-06,4.5000045000045e-06,"SRR14919235","Species","Detected in multiple samples"
"Balneola_alkaliphila",4,1.27853255828347e-06,4.5000045000045e-06,"SRR14919235","Species","Detected in multiple samples"
"Sulfitobacter_pontiacus",4,1.27849877247134e-06,4.21164350964677e-06,"SRR14919238","Species","Detected in multiple samples"
"Alkaliphilus_peptidifermentans",3,1.27795295031747e-06,7.21565797781185e-06,"SRR14919242","Species","Detected in multiple samples"
"Sulfurimonas_autotrophica",4,1.27685688248795e-06,4.98688449378135e-06,"SRR14919246","Species","Detected in multiple samples"
"Pseudomonas_geniculata",3,1.27548038132827e-06,8.34951050994635e-06,"SRR14919245","Species","Detected in multiple samples"
"Veillonella_caviae",3,1.27299221219916e-06,6.67833148566162e-06,"SRR14919241","Species","Detected in multiple samples"
"Thalassomonas_viridans",3,1.26841598278038e-06,6.02246378993646e-06,"SRR14919236","Species","Detected in multiple samples"
"Pediococcus_claussenii",3,1.26558042639434e-06,6.02246378993646e-06,"SRR14919236","Species","Detected in multiple samples"
"Streptococcus_porcinus",2,1.26451935465872e-06,1.18350665130738e-05,"SRR14919240","Species","Detected in multiple samples"
"Virgibacillus_pantothenticus",2,1.26451935465872e-06,1.18350665130738e-05,"SRR14919240","Species","Detected in multiple samples"
"Hippea_maritima",3,1.26299900554096e-06,7.9700009165501e-06,"SRR14919244","Species","Detected in multiple samples"
"Catellatospora_citrea",4,1.26274150282622e-06,4.21164350964677e-06,"SRR14919238","Species","Detected in multiple samples"
"Lachnospira_multipara",2,1.25880852665509e-06,7.8900443420492e-06,"SRR14919240","Species","Detected in multiple samples"
"Derxia_gummosa",4,1.25867215351281e-06,4.5000045000045e-06,"SRR14919235","Species","Detected in multiple samples"
"Cellulomonas_hominis",4,1.25867215351281e-06,4.5000045000045e-06,"SRR14919235","Species","Detected in multiple samples"
"Haloarcula_aidinensis",3,1.25627777053021e-06,6.40057349138483e-06,"SRR14919237","Species","Detected in multiple samples"
"Acetomicrobium_faecale",3,1.25390102352006e-06,7.21565797781185e-06,"SRR14919242","Species","Detected in multiple samples"
"Spiroplasma_taiwanense",2,1.25292753969705e-06,1.08234869667178e-05,"SRR14919242","Species","Detected in multiple samples"
"Marinomonas_ostreistagni",4,1.25209644939806e-06,4.5000045000045e-06,"SRR14919235","Species","Detected in multiple samples"
"Runella_limosa",4,1.25209644939806e-06,4.5000045000045e-06,"SRR14919235","Species","Detected in multiple samples"
"Eubacterium_tortuosum",2,1.25187273249546e-06,9.000009000009e-06,"SRR14919235","Species","Detected in multiple samples"
"Nitrosomonas_halophila",2,1.25187273249546e-06,9.000009000009e-06,"SRR14919235","Species","Detected in multiple samples"
"Veillonella_denticariosi",3,1.25056949958252e-06,7.21565797781185e-06,"SRR14919242","Species","Detected in multiple samples"
"Dechloromonas_hortensis",4,1.25045497070784e-06,4.21164350964677e-06,"SRR14919238","Species","Detected in multiple samples"
"Anaplasma_ovis",4,1.25039934062811e-06,4.21164350964677e-06,"SRR14919238","Species","Detected in multiple samples"
"Lactococcus_garvieae",3,1.2498457126761e-06,6.40057349138483e-06,"SRR14919237","Species","Detected in multiple samples"
"Liberibacter_crescens",3,1.2498457126761e-06,6.40057349138483e-06,"SRR14919237","Species","Detected in multiple samples"
"Sphingobacterium_composti",3,1.24952906183274e-06,6.02246378993646e-06,"SRR14919236","Species","Detected in multiple samples"
"Methanosarcina_barkeri",3,1.24804130051359e-06,7.69230769230769e-06,"SRR14919243","Species","Detected in multiple samples"
"Alicyclobacillus_cycloheptanicus",3,1.24804130051359e-06,7.69230769230769e-06,"SRR14919243","Species","Detected in multiple samples"
"Actinobaculum_massiliense",3,1.23958128779862e-06,6.67833148566162e-06,"SRR14919241","Species","Detected in multiple samples"
"Microcystis_wesenbergii",3,1.23795851082264e-06,6.02246378993646e-06,"SRR14919236","Species","Detected in multiple samples"
"Lactobacillus_nodensis",3,1.23713334686783e-06,6.40057349138483e-06,"SRR14919237","Species","Detected in multiple samples"
"Phormidium_tenue",3,1.23713334686783e-06,6.40057349138483e-06,"SRR14919237","Species","Detected in multiple samples"
"Thioalkalivibrio_nitratireducens",4,1.23131054704546e-06,4.21164350964677e-06,"SRR14919238","Species","Detected in multiple samples"
"Vibrio_anguillarum",2,1.2224700677393e-06,1.08234869667178e-05,"SRR14919242","Species","Detected in multiple samples"
"Runella_slithyformis",3,1.21643478827555e-06,6.40057349138483e-06,"SRR14919237","Species","Detected in multiple samples"
"Clostridium_irregulare",3,1.21575515003536e-06,7.9700009165501e-06,"SRR14919244","Species","Detected in multiple samples"
"Methylobacterium_oryzae",4,1.21225346714341e-06,4.21164350964677e-06,"SRR14919238","Species","Detected in multiple samples"
"Streptococcus_canis",3,1.21002924311522e-06,6.40057349138483e-06,"SRR14919237","Species","Detected in multiple samples"
"Anoxybacillus_gonensis",3,1.208955729018e-06,6.02246378993646e-06,"SRR14919236","Species","Detected in multiple samples"
"Acinetobacter_ursingii",2,1.20662472030411e-06,9.97949214364481e-06,"SRR14919239","Species","Detected in multiple samples"
"Ureibacillus_thermophilus",2,1.20662472030411e-06,9.97949214364481e-06,"SRR14919239","Species","Detected in multiple samples"
"Thermodesulfobacterium_commune",3,1.20638625546736e-06,4.98974607182241e-06,"SRR14919239","Species","Detected in multiple samples"
"Methanohalobium_evestigatum",2,1.2061477906306e-06,9.97376898756271e-06,"SRR14919246","Species","Detected in multiple samples"
"Moorella_mulderi",3,1.20562420508046e-06,6.02246378993646e-06,"SRR14919236","Species","Detected in multiple samples"
"Thalassomonas_ganghwensis",1,1.20260966296864e-06,1.44313159556237e-05,"SRR14919242","Species","Detected in one sample"
"Caldivirga_maquilingensis",3,1.20179021604265e-06,6.40057349138483e-06,"SRR14919237","Species","Detected in multiple samples"
"Mucilaginibacter_litoreus",3,1.20179021604265e-06,6.40057349138483e-06,"SRR14919237","Species","Detected in multiple samples"
"Bibersteinia_trehalosi",3,1.20012928818129e-06,6.40057349138483e-06,"SRR14919237","Species","Detected in multiple samples"
"Robiginitomaculum_antarcticum",3,1.20012928818129e-06,6.40057349138483e-06,"SRR14919237","Species","Detected in multiple samples"
"Arcicella_aurantiaca",2,1.19755326483078e-06,7.69230769230769e-06,"SRR14919243","Species","Detected in multiple samples"
"Bifidobacterium_pullorum",3,1.18926341107022e-06,6.67833148566162e-06,"SRR14919241","Species","Detected in multiple samples"
"Peptostreptococcus_stomatis",2,1.18576172817827e-06,1.00174972284924e-05,"SRR14919241","Species","Detected in multiple samples"
"Stenotrophomonas_acidaminiphila",3,1.18500383249479e-06,6.40057349138483e-06,"SRR14919237","Species","Detected in multiple samples"
"Gemmata_obscuriglobus",3,1.18432419425459e-06,7.21565797781185e-06,"SRR14919242","Species","Detected in multiple samples"
"Oscillatoria_corallinae",3,1.18264579238027e-06,6.40057349138483e-06,"SRR14919237","Species","Detected in multiple samples"
"Carnimonas_nigrificans",3,1.18264579238027e-06,6.40057349138483e-06,"SRR14919237","Species","Detected in multiple samples"
"Anabaena_cycadae",3,1.18264579238027e-06,6.40057349138483e-06,"SRR14919237","Species","Detected in multiple samples"
"Thermogladius_cellulolyticus",2,1.1825946377743e-06,9.97949214364481e-06,"SRR14919239","Species","Detected in multiple samples"
"Myxococcus_fulvus",3,1.18235617293754e-06,4.98974607182241e-06,"SRR14919239","Species","Detected in multiple samples"
"Paenibacillus_borealis",2,1.18211770810079e-06,9.97376898756271e-06,"SRR14919246","Species","Detected in multiple samples"
"Elstera_litoralis",3,1.18192981127199e-06,6.40057349138483e-06,"SRR14919237","Species","Detected in multiple samples"
"Desulfovibrio_brasiliensis",3,1.17928215171474e-06,4.98974607182241e-06,"SRR14919239","Species","Detected in multiple samples"
"Rhodocytophaga_aerolata",3,1.17928215171474e-06,4.98974607182241e-06,"SRR14919239","Species","Detected in multiple samples"
"Pedobacter_africanus",2,1.17904368687799e-06,9.97376898756271e-06,"SRR14919246","Species","Detected in multiple samples"
"Dehalococcoides_mccartyi",3,1.17275364324449e-06,7.21565797781185e-06,"SRR14919242","Species","Detected in multiple samples"
"Lactobacillus_oligofermentans",2,1.16581292265262e-06,9.000009000009e-06,"SRR14919235","Species","Detected in multiple samples"
"Thiothrix_ramosa",2,1.16581292265262e-06,9.000009000009e-06,"SRR14919235","Species","Detected in multiple samples"
"Streptococcus_minor",2,1.16354328329309e-06,1.00174972284924e-05,"SRR14919241","Species","Detected in multiple samples"
"Streptococcus_agalactiae",2,1.16354328329309e-06,1.00174972284924e-05,"SRR14919241","Species","Detected in multiple samples"
"Capreolia_implexa",3,1.1634692519899e-06,4.98974607182241e-06,"SRR14919239","Species","Detected in multiple samples"
"Ureaplasma_gallorale",3,1.1626152286552e-06,6.40057349138483e-06,"SRR14919237","Species","Detected in multiple samples"
"Psychrobacter_jeotgali",4,1.161935590415e-06,3.98500045827505e-06,"SRR14919244","Species","Detected in multiple samples"
"Hazenella_coriacea",2,1.16037619288912e-06,9.97949214364481e-06,"SRR14919239","Species","Detected in multiple samples"
"Megasphaera_cerevisiae",3,1.16013772805236e-06,4.98974607182241e-06,"SRR14919239","Species","Detected in multiple samples"
"Brevibacterium_ammoniilyticum",3,1.16013772805236e-06,4.98974607182241e-06,"SRR14919239","Species","Detected in multiple samples"
"Yimella_lutea",3,1.1595412074324e-06,6.40057349138483e-06,"SRR14919237","Species","Detected in multiple samples"
"Helicobacter_mastomyrinus",2,1.15937567766547e-06,7.8900443420492e-06,"SRR14919240","Species","Detected in multiple samples"
"Lactobacillus_diolivorans",3,1.1593174905298e-06,6.40057349138483e-06,"SRR14919237","Species","Detected in multiple samples"
"Streptococcus_danieliae",4,1.15860406647746e-06,3.9450221710246e-06,"SRR14919240","Species","Detected in multiple samples"
"Vibrio_campbellii",3,1.15535988630025e-06,6.67833148566162e-06,"SRR14919241","Species","Detected in multiple samples"
"Spirochaeta_litoralis",3,1.15513616939765e-06,6.02246378993646e-06,"SRR14919236","Species","Detected in multiple samples"
"Pseudoroseobacter_euryhalinus",3,1.15446817453045e-06,6.02246378993646e-06,"SRR14919236","Species","Detected in multiple samples"
"Coleofasciculus_chthonoplastes",3,1.15349469070743e-06,6.02246378993646e-06,"SRR14919236","Species","Detected in multiple samples"
"Veillonella_ratti",3,1.15349469070743e-06,6.02246378993646e-06,"SRR14919236","Species","Detected in multiple samples"
"Cerasibacillus_quisquiliarum",3,1.15349469070743e-06,6.02246378993646e-06,"SRR14919236","Species","Detected in multiple samples"
"Anaerophaga_thermohalophila",2,1.15289323847383e-06,1.08234869667178e-05,"SRR14919242","Species","Detected in multiple samples"
"Desulfovibrio_intestinalis",3,1.1518987009798e-06,4.98974607182241e-06,"SRR14919239","Species","Detected in multiple samples"
"Desulfocapsa_thiozymogenes",3,1.15042066948463e-06,6.02246378993646e-06,"SRR14919236","Species","Detected in multiple samples"
"Lactobacillus_amylovorus",3,1.13847035406325e-06,4.98688449378135e-06,"SRR14919246","Species","Detected in multiple samples"
"Mucispirillum_schaedleri",3,1.13528740799999e-06,6.40057349138483e-06,"SRR14919237","Species","Detected in multiple samples"
"Leptospirillum_ferrodiazotrophum",2,1.13468595576639e-06,7.21565797781185e-06,"SRR14919242","Species","Detected in multiple samples"
"Caldanaerobius_zeae",2,1.13468595576639e-06,7.21565797781185e-06,"SRR14919242","Species","Detected in multiple samples"
"Alicyclobacillus_ferrooxydans",2,1.13468595576639e-06,7.21565797781185e-06,"SRR14919242","Species","Detected in multiple samples"
"Mycoplasma_meleagridis",3,1.13460776975979e-06,6.02246378993646e-06,"SRR14919236","Species","Detected in multiple samples"
"Haloarcula_hispanica",3,1.13203829620914e-06,4.98974607182241e-06,"SRR14919239","Species","Detected in multiple samples"
"Nubsella_zeaxanthinifaciens",3,1.13203829620914e-06,4.98974607182241e-06,"SRR14919239","Species","Detected in multiple samples"
"Nitrolancea_hollandica",2,1.13179983137239e-06,9.97376898756271e-06,"SRR14919246","Species","Detected in multiple samples"
"Halochromatium_glycolicum",3,1.13127624582225e-06,6.02246378993646e-06,"SRR14919236","Species","Detected in multiple samples"
"Gallionella_ferruginea",3,1.12797643556531e-06,6.67833148566162e-06,"SRR14919241","Species","Detected in multiple samples"
"Campylobacter_hyointestinalis",3,1.12289591917516e-06,4.98974607182241e-06,"SRR14919239","Species","Detected in multiple samples"
"Anaerococcus_obesiensis",3,1.12289591917516e-06,4.98974607182241e-06,"SRR14919239","Species","Detected in multiple samples"
"Heliobacterium_modesticaldum",3,1.12265745433841e-06,4.98688449378135e-06,"SRR14919246","Species","Detected in multiple samples"
"Mycoplasma_iowae",3,1.12265745433841e-06,4.98688449378135e-06,"SRR14919246","Species","Detected in multiple samples"
"Desulfovibrio_salexigens",3,1.1146787363702e-06,4.98974607182241e-06,"SRR14919239","Species","Detected in multiple samples"
"Ferroplasma_thermophilum",3,1.1146787363702e-06,4.98974607182241e-06,"SRR14919239","Species","Detected in multiple samples"
"Mesorhizobium_loti",1,1.11305524761027e-06,1.33566629713232e-05,"SRR14919241","Species","Detected in one sample"
"Agrococcus_jenensis",2,1.1116047151474e-06,8.34951050994635e-06,"SRR14919245","Species","Detected in multiple samples"
"Spirochaeta_aurantia",2,1.11136625031064e-06,8.34951050994635e-06,"SRR14919245","Species","Detected in multiple samples"
"Halomonas_subglaciescola",3,1.11132536816506e-06,4.98974607182241e-06,"SRR14919239","Species","Detected in multiple samples"
"Anaerovirgula_multivorans",3,1.11108690332831e-06,4.98688449378135e-06,"SRR14919246","Species","Detected in multiple samples"
"Staphylococcus_succinus",3,1.11108690332831e-06,4.98688449378135e-06,"SRR14919246","Species","Detected in multiple samples"
"Erwinia_tasmaniensis",3,1.10964969236955e-06,4.98974607182241e-06,"SRR14919239","Species","Detected in multiple samples"
"Arthrobacter_castelli",3,1.10482993604224e-06,6.40057349138483e-06,"SRR14919237","Species","Detected in multiple samples"
"Thermocrinis_minervae",3,1.10482993604224e-06,6.40057349138483e-06,"SRR14919237","Species","Detected in multiple samples"
"Haemophilus_sputorum",2,1.10377826621262e-06,9.03369568490469e-06,"SRR14919236","Species","Detected in multiple samples"
"Mycoplasma_microti",2,1.10317681397903e-06,7.21565797781185e-06,"SRR14919242","Species","Detected in multiple samples"
"Oceanistipes_pacificus",2,1.10070424498982e-06,9.03369568490469e-06,"SRR14919236","Species","Detected in multiple samples"
"Caldisphaera_lagunensis",3,1.09886583664535e-06,4.98974607182241e-06,"SRR14919239","Species","Detected in multiple samples"
"Vagococcus_acidifermentans",3,1.0986273718086e-06,4.98688449378135e-06,"SRR14919246","Species","Detected in multiple samples"
"Chryseobacterium_joostei",3,1.0986273718086e-06,4.98688449378135e-06,"SRR14919246","Species","Detected in multiple samples"
"Desulfurobacterium_atlanticum",2,1.09789702124851e-06,9.000009000009e-06,"SRR14919235","Species","Detected in multiple samples"
"Roseimicrobium_gellanilyticum",3,1.09579181542255e-06,4.98974607182241e-06,"SRR14919239","Species","Detected in multiple samples"
"Paucimonas_lemoignei",3,1.09579181542255e-06,4.98974607182241e-06,"SRR14919239","Species","Detected in multiple samples"
"Komagataeibacter_kakiaceti",3,1.09553431270781e-06,4.98974607182241e-06,"SRR14919239","Species","Detected in multiple samples"
"Clostridium_ghonii",3,1.09529584787106e-06,4.98688449378135e-06,"SRR14919246","Species","Detected in multiple samples"
"Algivirga_pacifica",3,1.09529584787106e-06,4.98688449378135e-06,"SRR14919246","Species","Detected in multiple samples"
"Selenomonas_flueggei",3,1.09246029148502e-06,4.98974607182241e-06,"SRR14919239","Species","Detected in multiple samples"
"Echinicola_shivajiensis",3,1.0914649633944e-06,4.98974607182241e-06,"SRR14919239","Species","Detected in multiple samples"
"Mycoplasma_agassizii",3,1.0914649633944e-06,4.98974607182241e-06,"SRR14919239","Species","Detected in multiple samples"
"Ensifer_adhaerens",3,1.0914649633944e-06,4.98974607182241e-06,"SRR14919239","Species","Detected in multiple samples"
"Pedobacter_panaciterrae",3,1.09122649855765e-06,4.98688449378135e-06,"SRR14919246","Species","Detected in multiple samples"
"Sporohalobacter_lortetii",3,1.09122649855765e-06,4.98688449378135e-06,"SRR14919246","Species","Detected in multiple samples"
"Methylobacter_luteus",3,1.09122649855765e-06,4.98688449378135e-06,"SRR14919246","Species","Detected in multiple samples"
"Methanothermus_sociabilis",3,1.09122649855765e-06,4.98688449378135e-06,"SRR14919246","Species","Detected in multiple samples"
"Deinococcus_proteolyticus",2,1.0899087480872e-06,6.67833148566162e-06,"SRR14919241","Species","Detected in multiple samples"
"Lactobacillus_paracollinoides",3,1.08729528563525e-06,4.98974607182241e-06,"SRR14919239","Species","Detected in multiple samples"
"Pelosinus_fermentans",3,1.08729528563525e-06,4.98974607182241e-06,"SRR14919239","Species","Detected in multiple samples"
"Neorickettsia_sennetsu",3,1.0870568207985e-06,4.98688449378135e-06,"SRR14919246","Species","Detected in multiple samples"
"Rhodonellum_psychrophilum",3,1.0870568207985e-06,4.98688449378135e-06,"SRR14919246","Species","Detected in multiple samples"
"Lactobacillus_fuchuensis",3,1.08496953127158e-06,6.40057349138483e-06,"SRR14919237","Species","Detected in multiple samples"
"Lactobacillus_rossiae",3,1.0839827995757e-06,4.98688449378135e-06,"SRR14919246","Species","Detected in multiple samples"
"Bacillus_solisalsi",3,1.07640892692342e-06,4.98688449378135e-06,"SRR14919246","Species","Detected in multiple samples"
"Eubacterium_tarantellae",3,1.0738669387187e-06,4.5000045000045e-06,"SRR14919235","Species","Detected in multiple samples"
"Nitrosomonas_europaea",2,1.07332079425488e-06,9.03369568490469e-06,"SRR14919236","Species","Detected in multiple samples"
"Nevskia_soli",2,1.07331586782263e-06,7.8900443420492e-06,"SRR14919240","Species","Detected in multiple samples"
"Thiobacillus_plumbophilus",2,1.0707929174959e-06,8.34951050994635e-06,"SRR14919245","Species","Detected in multiple samples"
"Ureaplasma_cati",3,1.06907635955481e-06,4.98974607182241e-06,"SRR14919239","Species","Detected in multiple samples"
"Cardiobacterium_valvarum",3,1.06840836468761e-06,4.98974607182241e-06,"SRR14919239","Species","Detected in multiple samples"
"Neisseria_subflava",3,1.06840836468761e-06,4.98974607182241e-06,"SRR14919239","Species","Detected in multiple samples"
"Bacillus_pichinotyi",3,1.06816989985085e-06,4.98688449378135e-06,"SRR14919246","Species","Detected in multiple samples"
"Mycoplasma_gallisepticum",3,1.06743488086459e-06,4.98974607182241e-06,"SRR14919239","Species","Detected in multiple samples"
"Hymenobacter_antarcticus",3,1.06719641602784e-06,4.98688449378135e-06,"SRR14919246","Species","Detected in multiple samples"
"Haloleptolyngbya_alcalis",3,1.06719641602784e-06,4.98688449378135e-06,"SRR14919246","Species","Detected in multiple samples"
"Aerococcus_urinaehominis",3,1.06719641602784e-06,4.98688449378135e-06,"SRR14919246","Species","Detected in multiple samples"
"Fuchsiella_alkaliacetigena",1,1.06676224856414e-06,1.28011469827697e-05,"SRR14919237","Species","Detected in one sample"
"Desulfobacula_toluolica",3,1.06507684075007e-06,4.98974607182241e-06,"SRR14919239","Species","Detected in multiple samples"
"Legionella_jordanis",3,1.06507684075007e-06,4.98974607182241e-06,"SRR14919239","Species","Detected in multiple samples"
"Parvibaculum_lavamentivorans",3,1.06436085964179e-06,4.98974607182241e-06,"SRR14919239","Species","Detected in multiple samples"
"Moraxella_nonliquefaciens",3,1.06412239480504e-06,4.98688449378135e-06,"SRR14919246","Species","Detected in multiple samples"
"Kocuria_flava",3,1.06412239480504e-06,4.98688449378135e-06,"SRR14919246","Species","Detected in multiple samples"
"Sphingomonas_bosoensis",3,1.06258092743199e-06,6.40057349138483e-06,"SRR14919237","Species","Detected in multiple samples"
"Arthrobacter_agilis",3,1.06258092743199e-06,6.40057349138483e-06,"SRR14919237","Species","Detected in multiple samples"
"Natronoanaerobium_halophilum",2,1.05683781367751e-06,7.69230769230769e-06,"SRR14919243","Species","Detected in multiple samples"
"Desulfotomaculum_geothermicum",2,1.05683781367751e-06,7.69230769230769e-06,"SRR14919243","Species","Detected in multiple samples"
"Pedobacter_tournemirensis",3,1.05472251505632e-06,4.5000045000045e-06,"SRR14919235","Species","Detected in multiple samples"
"Bacillus_aeolius",3,1.05472251505632e-06,4.5000045000045e-06,"SRR14919235","Species","Detected in multiple samples"
"Prevotella_dentasini",1,1.05291087741169e-06,1.26349305289403e-05,"SRR14919238","Species","Detected in one sample"
"Burkholderia_unamae",2,1.05065316574291e-06,9.000009000009e-06,"SRR14919235","Species","Detected in multiple samples"
"Pseudoxanthomonas_kaohsiungensis",2,1.04983685618889e-06,8.42328701929354e-06,"SRR14919238","Species","Detected in multiple samples"
"Scardovia_inopinata",3,1.04854795991695e-06,4.98974607182241e-06,"SRR14919239","Species","Detected in multiple samples"
"Anaerobranca_gottschalkii",3,1.04648348798376e-06,4.5000045000045e-06,"SRR14919235","Species","Detected in multiple samples"
"Leptotrichia_buccalis",3,1.04648348798376e-06,4.5000045000045e-06,"SRR14919235","Species","Detected in multiple samples"
"Lactobacillus_ghanensis",3,1.04497797114266e-06,4.98688449378135e-06,"SRR14919246","Species","Detected in multiple samples"
"Weissella_soli",3,1.04497797114266e-06,4.98688449378135e-06,"SRR14919246","Species","Detected in multiple samples"
"Brevibacillus_reuszeri",3,1.04480781218824e-06,4.98688449378135e-06,"SRR14919246","Species","Detected in multiple samples"
"Cryptosporangium_japonicum",3,1.04480781218824e-06,4.98688449378135e-06,"SRR14919246","Species","Detected in multiple samples"
"Planococcus_rifietoensis",3,1.0419722558022e-06,4.98974607182241e-06,"SRR14919239","Species","Detected in multiple samples"
"Prosthecobacter_debontii",3,1.0419722558022e-06,4.98974607182241e-06,"SRR14919239","Species","Detected in multiple samples"
"Cryptobacterium_curtum",3,1.04174853889959e-06,4.98974607182241e-06,"SRR14919239","Species","Detected in multiple samples"
"Atopobium_fossor",3,1.04174853889959e-06,4.98974607182241e-06,"SRR14919239","Species","Detected in multiple samples"
"Spirochaeta_dissipatitropha",2,1.03916711804622e-06,7.9700009165501e-06,"SRR14919244","Species","Detected in multiple samples"
"Marinoscillum_luteum",3,1.03697740890685e-06,4.98974607182241e-06,"SRR14919239","Species","Detected in multiple samples"
"Moorella_glycerini",3,1.03697740890685e-06,4.98974607182241e-06,"SRR14919239","Species","Detected in multiple samples"
"Legionella_geestiana",3,1.03697740890685e-06,4.98974607182241e-06,"SRR14919239","Species","Detected in multiple samples"
"Xanthobacter_flavus",3,1.03673894407009e-06,4.98688449378135e-06,"SRR14919246","Species","Detected in multiple samples"
"Streptomyces_noboritoensis",3,1.03673894407009e-06,4.98688449378135e-06,"SRR14919246","Species","Detected in multiple samples"
"Nitrospira_marina",3,1.03673894407009e-06,4.98688449378135e-06,"SRR14919246","Species","Detected in multiple samples"
"Lysobacter_dokdonensis",3,1.03583559410868e-06,4.5000045000045e-06,"SRR14919235","Species","Detected in multiple samples"
"Pseudomonas_syringae",3,1.03583559410868e-06,4.5000045000045e-06,"SRR14919235","Species","Detected in multiple samples"
"Alicyclobacillus_tolerans",3,1.03583559410868e-06,4.5000045000045e-06,"SRR14919235","Species","Detected in multiple samples"
"Glycomyces_mongolensis",3,1.03583559410868e-06,4.5000045000045e-06,"SRR14919235","Species","Detected in multiple samples"
"Pediococcus_siamensis",2,1.03250407017114e-06,7.8900443420492e-06,"SRR14919240","Species","Detected in multiple samples"
"Chryseobacterium_palustre",2,1.02787591401845e-06,8.34951050994635e-06,"SRR14919245","Species","Detected in multiple samples"
"Spiroplasma_mirum",3,1.02761841130371e-06,4.21164350964677e-06,"SRR14919238","Species","Detected in multiple samples"
"Leptolyngbya_antarctica",3,1.02761841130371e-06,4.21164350964677e-06,"SRR14919238","Species","Detected in multiple samples"
"Selenomonas_artemidis",3,1.0266230832131e-06,4.5000045000045e-06,"SRR14919235","Species","Detected in multiple samples"
"Aerosphaera_taetra",3,1.0266230832131e-06,4.5000045000045e-06,"SRR14919235","Species","Detected in multiple samples"
"Acholeplasma_morum",3,1.0266230832131e-06,4.5000045000045e-06,"SRR14919235","Species","Detected in multiple samples"
"Alicyclobacillus_acidoterrestris",3,1.0266230832131e-06,4.5000045000045e-06,"SRR14919235","Species","Detected in multiple samples"
"Pasteuria_penetrans",3,1.0266230832131e-06,4.5000045000045e-06,"SRR14919235","Species","Detected in multiple samples"
"Flavisolibacter_ginsengiterrae",3,1.0266230832131e-06,4.5000045000045e-06,"SRR14919235","Species","Detected in multiple samples"
"Azospira_oryzae",3,1.0266230832131e-06,4.5000045000045e-06,"SRR14919235","Species","Detected in multiple samples"
"Reichenbachiella_faecimaris",3,1.0259208912406e-06,4.98688449378135e-06,"SRR14919246","Species","Detected in multiple samples"
"Enterococcus_gilvus",2,1.02454439008091e-06,8.34951050994635e-06,"SRR14919245","Species","Detected in multiple samples"
"Erwinia_billingiae",3,1.0235490619903e-06,4.5000045000045e-06,"SRR14919235","Species","Detected in multiple samples"
"Azovibrio_restrictus",3,1.01937938423115e-06,4.21164350964677e-06,"SRR14919238","Species","Detected in multiple samples"
"Lactobacillus_intermedius",3,1.01771845636978e-06,4.98974607182241e-06,"SRR14919239","Species","Detected in multiple samples"
"Neochlamydia_hartmannellae",3,1.01747999153303e-06,4.98688449378135e-06,"SRR14919246","Species","Detected in multiple samples"
"Paucisalibacillus_globulus",2,1.01711700413619e-06,7.21565797781185e-06,"SRR14919242","Species","Detected in multiple samples"
"Quatrionicoccus_australiensis",2,1.01711700413619e-06,7.21565797781185e-06,"SRR14919242","Species","Detected in multiple samples"
"Carbophilus_carboxidus",2,1.01711700413619e-06,7.21565797781185e-06,"SRR14919242","Species","Detected in multiple samples"
"Granulicella_tundricola",2,1.01630536300835e-06,8.34951050994635e-06,"SRR14919245","Species","Detected in multiple samples"
"Natronobacterium_gregoryi",2,1.01602601602602e-06,7.69230769230769e-06,"SRR14919243","Species","Detected in multiple samples"
"Pyrolobus_fumarii",2,1.01513703551641e-06,7.9700009165501e-06,"SRR14919244","Species","Detected in multiple samples"
"Nitrosovibrio_tenuis",3,1.01458880506726e-06,4.98974607182241e-06,"SRR14919239","Species","Detected in multiple samples"
"Anaerosphaera_aminiphila",3,1.01458880506726e-06,4.98974607182241e-06,"SRR14919239","Species","Detected in multiple samples"
"Microcystis_elabens",3,1.01458880506726e-06,4.98974607182241e-06,"SRR14919239","Species","Detected in multiple samples"
"Desulfomicrobium_apsheronum",3,1.01458880506726e-06,4.98974607182241e-06,"SRR14919239","Species","Detected in multiple samples"
"Gracilimonas_mengyeensis",3,1.01440597031023e-06,4.98688449378135e-06,"SRR14919246","Species","Detected in multiple samples"
"Staphylococcus_felis",3,1.01440597031023e-06,4.98688449378135e-06,"SRR14919246","Species","Detected in multiple samples"
"Cetobacterium_somerae",3,1.0143503402305e-06,4.98688449378135e-06,"SRR14919246","Species","Detected in multiple samples"
"Monomorphina_pyrum",2,1.01206301429361e-06,7.9700009165501e-06,"SRR14919244","Species","Detected in multiple samples"
"Natrialba_wudunaoensis",3,1.01180551157887e-06,4.21164350964677e-06,"SRR14919238","Species","Detected in multiple samples"
"Lysinibacillus_massiliensis",2,1.00847398764133e-06,7.8900443420492e-06,"SRR14919240","Species","Detected in multiple samples"
"Eremococcus_coleocola",3,1.00773616226546e-06,4.5000045000045e-06,"SRR14919235","Species","Detected in multiple samples"
"Mycobacterium_fuerthensis",2,1.00539996641853e-06,7.8900443420492e-06,"SRR14919240","Species","Detected in multiple samples"
"Kocuria_carniphila",3,1.00440463832792e-06,4.5000045000045e-06,"SRR14919235","Species","Detected in multiple samples"
"Alicyclobacillus_contaminans",3,1.00440463832792e-06,4.5000045000045e-06,"SRR14919235","Species","Detected in multiple samples"
"Propionibacterium_acnes",3,1.00423447937351e-06,4.5000045000045e-06,"SRR14919235","Species","Detected in multiple samples"
"Methanobrevibacter_oralis",2,1.00259300068329e-06,8.42328701929354e-06,"SRR14919238","Species","Detected in multiple samples"
"Chryseomicrobium_imtechense",2,1.00259300068329e-06,8.42328701929354e-06,"SRR14919238","Species","Detected in multiple samples"
"Clostridium_celatum",3,1.00116045815071e-06,4.5000045000045e-06,"SRR14919235","Species","Detected in multiple samples"
"Pontibacillus_chungwhensis",2,1.0009367412481e-06,9.000009000009e-06,"SRR14919235","Species","Detected in multiple samples"
"Spongiimonas_flava",3,1.00049246328351e-06,4.17475525497318e-06,"SRR14919245","Species","Detected in multiple samples"
"Aneurinibacillus_migulanus",3,9.99518979460489e-07,4.21164350964677e-06,"SRR14919238","Species","Detected in multiple samples"
"Succiniclasticum_ruminis",3,9.99518979460489e-07,4.21164350964677e-06,"SRR14919238","Species","Detected in multiple samples"
"Acidobacterium_capsulatum",3,9.98831535422141e-07,4.98974607182241e-06,"SRR14919239","Species","Detected in multiple samples"
"Pantoea_ananatis",3,9.98593070585386e-07,4.98688449378135e-06,"SRR14919246","Species","Detected in multiple samples"
"Tabrizicola_aquatica",3,9.97160939345969e-07,4.17475525497318e-06,"SRR14919245","Species","Detected in multiple samples"
"Desulfofustis_glycolicus",2,9.9644495823769e-07,8.34951050994635e-06,"SRR14919245","Species","Detected in multiple samples"
"Actinomyces_marimammalium",1,9.96250114568763e-07,1.19550013748252e-05,"SRR14919244","Species","Detected in one sample"
"Peptoniphilus_olsenii",3,9.95500011484603e-07,4.98974607182241e-06,"SRR14919239","Species","Detected in multiple samples"
"Lactobacillus_concavus",3,9.95500011484603e-07,4.98974607182241e-06,"SRR14919239","Species","Detected in multiple samples"
"Flavobacterium_indicum",3,9.95261546647849e-07,4.98688449378135e-06,"SRR14919246","Species","Detected in multiple samples"
"Microchaete_violacea",3,9.95261546647849e-07,4.98688449378135e-06,"SRR14919246","Species","Detected in multiple samples"
"Sporosarcina_pasteurii",3,9.95261546647849e-07,4.98688449378135e-06,"SRR14919246","Species","Detected in multiple samples"
"Brevinema_andersonii",3,9.94728400296595e-07,4.98974607182241e-06,"SRR14919239","Species","Detected in multiple samples"
"Rubrivivax_gelatinosus",3,9.94489935459841e-07,4.98688449378135e-06,"SRR14919246","Species","Detected in multiple samples"
"Cohnella_xylanilytica",3,9.94489935459841e-07,4.98688449378135e-06,"SRR14919246","Species","Detected in multiple samples"
"Erwinia_tracheiphila",3,9.94489935459841e-07,4.98688449378135e-06,"SRR14919246","Species","Detected in multiple samples"
"Rhodovarius_lipocyclicus",2,9.92918590631225e-07,7.9700009165501e-06,"SRR14919244","Species","Detected in multiple samples"
"Helcococcus_ovis",2,9.89587066693688e-07,7.8900443420492e-06,"SRR14919240","Species","Detected in multiple samples"
"Desulfovibrio_putealis",2,9.89587066693688e-07,7.8900443420492e-06,"SRR14919240","Species","Detected in multiple samples"
"Porphyromonas_circumdentaria",2,9.88921912273406e-07,7.69230769230769e-06,"SRR14919243","Species","Detected in multiple samples"
"Vibrio_coralliilyticus",3,9.8726098441204e-07,4.98974607182241e-06,"SRR14919239","Species","Detected in multiple samples"
"Nostoc_edaphicum",3,9.8726098441204e-07,4.98974607182241e-06,"SRR14919239","Species","Detected in multiple samples"
"Trachelomonas_similis",3,9.85347558425864e-07,4.5000045000045e-06,"SRR14919235","Species","Detected in multiple samples"
"Euglena_schmitzii",3,9.83706079735646e-07,4.21164350964677e-06,"SRR14919238","Species","Detected in multiple samples"
"Methanosaeta_harundinacea",3,9.82016034488326e-07,4.5000045000045e-06,"SRR14919235","Species","Detected in multiple samples"
"Rhizobium_huautlense",3,9.81348039621125e-07,3.98500045827505e-06,"SRR14919244","Species","Detected in multiple samples"
"Salinibacter_iranicus",3,9.80374555798108e-07,4.21164350964677e-06,"SRR14919238","Species","Detected in multiple samples"
"Sporomusa_malonica",3,9.80374555798108e-07,4.21164350964677e-06,"SRR14919238","Species","Detected in multiple samples"
"Bogoriella_caseilytica",2,9.80204396843696e-07,8.42328701929354e-06,"SRR14919238","Species","Detected in multiple samples"
"Hymenobacter_xinjiangensis",3,9.77300534575309e-07,4.17475525497318e-06,"SRR14919245","Species","Detected in multiple samples"
"Chloroherpeton_thalassium",3,9.77130375620896e-07,4.21164350964677e-06,"SRR14919238","Species","Detected in multiple samples"
"Deferrisoma_camini",3,9.77130375620896e-07,4.21164350964677e-06,"SRR14919238","Species","Detected in multiple samples"
"Lewinella_persica",3,9.76906658718292e-07,4.5000045000045e-06,"SRR14919235","Species","Detected in multiple samples"
"Amphibacillus_cookii",3,9.76906658718292e-07,4.5000045000045e-06,"SRR14919235","Species","Detected in multiple samples"
"Methanolinea_tarda",3,9.73832637495492e-07,4.5000045000045e-06,"SRR14919235","Species","Detected in multiple samples"
"Leptotrichia_hofstadii",3,9.73832637495492e-07,4.5000045000045e-06,"SRR14919235","Species","Detected in multiple samples"
"Acidianus_manzaensis",3,9.73832637495492e-07,4.5000045000045e-06,"SRR14919235","Species","Detected in multiple samples"
"Cytinus_ruber",3,9.73832637495492e-07,4.5000045000045e-06,"SRR14919235","Species","Detected in multiple samples"
"Flexibacter_litoralis",3,9.73832637495492e-07,4.5000045000045e-06,"SRR14919235","Species","Detected in multiple samples"
"Desulfovibrio_marrakechensis",2,9.72339796457002e-07,6.67833148566162e-06,"SRR14919241","Species","Detected in multiple samples"
"Methylobacterium_brachiatum",3,9.72135528725545e-07,4.21164350964677e-06,"SRR14919238","Species","Detected in multiple samples"
"Actinomyces_turicensis",2,9.72101331620248e-07,6.67833148566162e-06,"SRR14919241","Species","Detected in multiple samples"
"Magnetococcus_marinus",3,9.6740057964138e-07,4.98974607182241e-06,"SRR14919239","Species","Detected in multiple samples"
"Oceanotoga_teriensis",3,9.6740057964138e-07,4.98974607182241e-06,"SRR14919239","Species","Detected in multiple samples"
"Paenibacillus_tianmuensis",3,9.6740057964138e-07,4.98974607182241e-06,"SRR14919239","Species","Detected in multiple samples"
"Clostridium_tagluense",3,9.61487634850465e-07,3.98500045827505e-06,"SRR14919244","Species","Detected in multiple samples"
"Brevibacterium_casei",3,9.58243454673253e-07,4.17475525497318e-06,"SRR14919245","Species","Detected in multiple samples"
"Microbulbifer_chitinilyticus",3,9.58243454673253e-07,4.17475525497318e-06,"SRR14919245","Species","Detected in multiple samples"
"Sporotomaculum_syntrophicum",2,9.58156110912927e-07,7.8900443420492e-06,"SRR14919240","Species","Detected in multiple samples"
"Crenothrix_polyspora",3,9.54911930735716e-07,4.17475525497318e-06,"SRR14919245","Species","Detected in multiple samples"
"Ilyobacter_tartaricus",3,9.54688213833111e-07,4.5000045000045e-06,"SRR14919235","Species","Detected in multiple samples"
"Arcobacter_cryaerophilus",3,9.53916602645103e-07,4.5000045000045e-06,"SRR14919235","Species","Detected in multiple samples"
"Psychrobacter_glacincola",3,9.53916602645103e-07,4.5000045000045e-06,"SRR14919235","Species","Detected in multiple samples"
"Exiguobacterium_profundum",3,9.53248607777902e-07,3.98500045827505e-06,"SRR14919244","Species","Detected in multiple samples"
"Thermicanus_aegyptius",3,9.53248607777902e-07,3.98500045827505e-06,"SRR14919244","Species","Detected in multiple samples"
"Streptomyces_albofaciens",2,9.52876576188481e-07,8.42328701929354e-06,"SRR14919238","Species","Detected in multiple samples"
"Shimazuella_kribbensis",2,9.52275123954885e-07,7.21565797781185e-06,"SRR14919242","Species","Detected in multiple samples"
"Lactobacillus_harbinensis",3,9.49917083840364e-07,3.9450221710246e-06,"SRR14919240","Species","Detected in multiple samples"
"Rhodospira_trueperi",3,9.49917083840364e-07,3.9450221710246e-06,"SRR14919240","Species","Detected in multiple samples"
"Mycoplasma_citelli",3,9.49917083840364e-07,3.9450221710246e-06,"SRR14919240","Species","Detected in multiple samples"
"Paramoritella_sediminis",3,9.49802554965682e-07,4.21164350964677e-06,"SRR14919238","Species","Detected in multiple samples"
"Xanthomonas_campestris",3,9.49802554965682e-07,4.21164350964677e-06,"SRR14919238","Species","Detected in multiple samples"
"Methanococcoides_burtonii",3,9.49746924885952e-07,4.21164350964677e-06,"SRR14919238","Species","Detected in multiple samples"
"Methylobacterium_extorquens",3,9.49746924885952e-07,4.21164350964677e-06,"SRR14919238","Species","Detected in multiple samples"
"Atopococcus_tabaci",3,9.49746924885952e-07,4.21164350964677e-06,"SRR14919238","Species","Detected in multiple samples"
"Rhodococcus_zopfii",2,9.49193296933936e-07,6.40057349138483e-06,"SRR14919237","Species","Detected in multiple samples"
"Paenibacillus_abekawaensis",2,9.49193296933936e-07,6.40057349138483e-06,"SRR14919237","Species","Detected in multiple samples"
"Virgibacillus_halophilus",2,9.49193296933936e-07,6.40057349138483e-06,"SRR14919237","Species","Detected in multiple samples"
"Methylobacterium_organophilum",2,9.49193296933936e-07,6.40057349138483e-06,"SRR14919237","Species","Detected in multiple samples"
"Entomoplasma_freundtii",2,9.49193296933936e-07,6.40057349138483e-06,"SRR14919237","Species","Detected in multiple samples"
"Sphingomonas_faeni",2,9.49193296933936e-07,6.40057349138483e-06,"SRR14919237","Species","Detected in multiple samples"
"Nanoarchaeum_equitans",2,9.48954832097182e-07,6.40057349138483e-06,"SRR14919237","Species","Detected in multiple samples"
"Chryseobacterium_rigui",2,9.48954832097182e-07,6.40057349138483e-06,"SRR14919237","Species","Detected in multiple samples"
"Clostridium_sticklandii",2,9.48954832097182e-07,6.40057349138483e-06,"SRR14919237","Species","Detected in multiple samples"
"Natronomonas_moolapensis",2,9.48954832097182e-07,6.40057349138483e-06,"SRR14919237","Species","Detected in multiple samples"
"Haladaptatus_cibarius",2,9.48954832097182e-07,6.40057349138483e-06,"SRR14919237","Species","Detected in multiple samples"
"Oceanobacillus_profundus",2,9.48954832097182e-07,6.40057349138483e-06,"SRR14919237","Species","Detected in multiple samples"
"Halobellus_clavatus",2,9.46728533742882e-07,8.34951050994635e-06,"SRR14919245","Species","Detected in multiple samples"
"Clostridium_fallax",3,9.46672903663153e-07,4.17475525497318e-06,"SRR14919245","Species","Detected in multiple samples"
"Streptomyces_colombiensis",3,9.46449186760548e-07,4.5000045000045e-06,"SRR14919235","Species","Detected in multiple samples"
"Vibrio_rotiferianus",3,9.46449186760548e-07,4.5000045000045e-06,"SRR14919235","Species","Detected in multiple samples"
"Hymenobacter_gelipurpurascens",3,9.45011975801787e-07,4.98974607182241e-06,"SRR14919239","Species","Detected in multiple samples"
"Spirochaeta_thermophila",3,9.45011975801787e-07,4.98974607182241e-06,"SRR14919239","Species","Detected in multiple samples"
"Georgiella_confluens",3,9.45011975801787e-07,4.98974607182241e-06,"SRR14919239","Species","Detected in multiple samples"
"Vibrio_nereis",3,9.44773510965033e-07,4.98688449378135e-06,"SRR14919246","Species","Detected in multiple samples"
"Desulfotomaculum_ruminis",2,9.41678056767802e-07,7.69230769230769e-06,"SRR14919243","Species","Detected in multiple samples"
"Marinomonas_communis",3,9.39099031010872e-07,3.98500045827505e-06,"SRR14919244","Species","Detected in multiple samples"
"Streptococcus_alactolyticus",2,9.35767507073334e-07,7.8900443420492e-06,"SRR14919240","Species","Detected in multiple samples"
"Streptococcus_acidominimus",2,9.35767507073334e-07,7.8900443420492e-06,"SRR14919240","Species","Detected in multiple samples"
"Streptococcus_ovis",2,9.35767507073334e-07,7.8900443420492e-06,"SRR14919240","Species","Detected in multiple samples"
"Idiomarina_sediminum",2,9.33388203007242e-07,7.21565797781185e-06,"SRR14919242","Species","Detected in multiple samples"
"Slackia_heliotrinireducens",2,9.33388203007242e-07,7.21565797781185e-06,"SRR14919242","Species","Detected in multiple samples"
"Hymenobacter_elongatus",3,9.30915634018038e-07,4.17475525497318e-06,"SRR14919245","Species","Detected in multiple samples"
"Clostridium_hveragerdense",3,9.30915634018038e-07,4.17475525497318e-06,"SRR14919245","Species","Detected in multiple samples"
"Gelidium_floridanum",3,9.306581313033e-07,4.21164350964677e-06,"SRR14919238","Species","Detected in multiple samples"
"Thioalkalicoccus_limnaeus",2,9.30056679069704e-07,7.21565797781185e-06,"SRR14919242","Species","Detected in multiple samples"
"Lactobacillus_curvatus",2,9.30056679069704e-07,7.21565797781185e-06,"SRR14919242","Species","Detected in multiple samples"
"Chromobacterium_pseudoviolaceum",3,9.29886520115292e-07,4.21164350964677e-06,"SRR14919238","Species","Detected in multiple samples"
"Pelospora_glutarica",3,9.29886520115292e-07,4.21164350964677e-06,"SRR14919238","Species","Detected in multiple samples"
"Thermosyntropha_tengcongensis",3,9.27584110080501e-07,4.17475525497318e-06,"SRR14919245","Species","Detected in multiple samples"
"Sharpea_azabuensis",3,9.26812498892493e-07,4.17475525497318e-06,"SRR14919245","Species","Detected in multiple samples"
"Pectobacterium_betavasculorum",3,9.26588781989888e-07,4.5000045000045e-06,"SRR14919235","Species","Detected in multiple samples"
"Algimonas_ampicilliniresistens",3,9.26588781989888e-07,4.5000045000045e-06,"SRR14919235","Species","Detected in multiple samples"
"Acidithiobacillus_caldus",3,9.26588781989888e-07,4.5000045000045e-06,"SRR14919235","Species","Detected in multiple samples"
"Propionibacterium_jensenii",3,9.26588781989888e-07,4.5000045000045e-06,"SRR14919235","Species","Detected in multiple samples"
"Chryseobacterium_flavum",3,9.22419104230737e-07,4.21164350964677e-06,"SRR14919238","Species","Detected in multiple samples"
"Methanocella_paludicola",2,9.21817651997141e-07,7.21565797781185e-06,"SRR14919242","Species","Detected in multiple samples"
"Mycobacterium_tuberculosis",2,9.21817651997141e-07,7.21565797781185e-06,"SRR14919242","Species","Detected in multiple samples"
"Lactobacillus_homohiochii",2,9.21817651997141e-07,7.21565797781185e-06,"SRR14919242","Species","Detected in multiple samples"
"Kordiimonas_gwangyangensis",2,9.21817651997141e-07,7.21565797781185e-06,"SRR14919242","Species","Detected in multiple samples"
"Campylobacter_fetus",3,9.19345083007938e-07,4.17475525497318e-06,"SRR14919245","Species","Detected in multiple samples"
"Adhaeribacter_aquaticus",2,9.17684155146572e-07,6.02246378993646e-06,"SRR14919236","Species","Detected in multiple samples"
"Cronobacter_dublinensis",2,9.17684155146572e-07,6.02246378993646e-06,"SRR14919236","Species","Detected in multiple samples"
"Salicola_marasensis",2,9.17684155146572e-07,6.02246378993646e-06,"SRR14919236","Species","Detected in multiple samples"
"Marinomonas_ushuaiensis",2,9.15102734293195e-07,7.9700009165501e-06,"SRR14919244","Species","Detected in multiple samples"
"Calditerrivibrio_nitroreducens",2,9.08439686418119e-07,7.8900443420492e-06,"SRR14919240","Species","Detected in multiple samples"
"Shewanella_putrefaciens",2,9.08439686418119e-07,7.8900443420492e-06,"SRR14919240","Species","Detected in multiple samples"
"Streptococcus_henryi",2,9.08439686418119e-07,7.8900443420492e-06,"SRR14919240","Species","Detected in multiple samples"
"Lewinella_marina",2,9.08381499282444e-07,6.40057349138483e-06,"SRR14919237","Species","Detected in multiple samples"
"Hydrogenobaculum_acidophilum",2,9.08381499282444e-07,6.40057349138483e-06,"SRR14919237","Species","Detected in multiple samples"
"Paenibacillus_montaniterrae",2,9.08381499282444e-07,6.40057349138483e-06,"SRR14919237","Species","Detected in multiple samples"
"Brevundimonas_lenta",2,9.08381499282444e-07,6.40057349138483e-06,"SRR14919237","Species","Detected in multiple samples"
"Kopriimonas_byunsanensis",2,9.08381499282444e-07,6.40057349138483e-06,"SRR14919237","Species","Detected in multiple samples"
"Bifidobacterium_scardovii",2,9.044238950529e-07,6.67833148566162e-06,"SRR14919241","Species","Detected in multiple samples"
"Pirellula_staleyi",3,9.03532183283094e-07,3.98500045827505e-06,"SRR14919244","Species","Detected in multiple samples"
"Arthrobacter_stackebrandtii",3,9.03532183283094e-07,3.98500045827505e-06,"SRR14919244","Species","Detected in multiple samples"
"Balneola_vulgaris",3,9.02558699460077e-07,4.21164350964677e-06,"SRR14919238","Species","Detected in multiple samples"
"Nannocystis_pusilla",1,9.01957247226481e-07,1.08234869667178e-05,"SRR14919242","Species","Detected in one sample"
"Kroppenstedtia_guangzhouensis",3,9.00200659345557e-07,3.9450221710246e-06,"SRR14919240","Species","Detected in multiple samples"
"Scardovia_wiggsiae",3,9.00200659345557e-07,3.9450221710246e-06,"SRR14919240","Species","Detected in multiple samples"
"Fretibacterium_fastidiosum",3,8.99484678237278e-07,4.17475525497318e-06,"SRR14919245","Species","Detected in multiple samples"
"Sphingobacterium_bambusae",3,8.99484678237278e-07,4.17475525497318e-06,"SRR14919245","Species","Detected in multiple samples"
"Fructobacillus_ficulneus",3,8.99429048157549e-07,3.84615384615385e-06,"SRR14919243","Species","Detected in multiple samples"
"Brevibacillus_centrosporus",2,8.91961632272994e-07,7.69230769230769e-06,"SRR14919243","Species","Detected in multiple samples"
"Jonesia_quinghaiensis",2,8.88610995328056e-07,6.67833148566162e-06,"SRR14919241","Species","Detected in multiple samples"
"Anaerolinea_thermophila",2,8.85279471390519e-07,6.67833148566162e-06,"SRR14919241","Species","Detected in multiple samples"
"Algoriphagus_aquatilis",2,8.84351416752633e-07,6.40057349138483e-06,"SRR14919237","Species","Detected in multiple samples"
"Lactobacillus_dextrinicus",2,8.84351416752633e-07,6.40057349138483e-06,"SRR14919237","Species","Detected in multiple samples"
"Rubrobacter_radiotolerans",2,8.84351416752633e-07,6.40057349138483e-06,"SRR14919237","Species","Detected in multiple samples"
"Haloferax_larsenii",2,8.84351416752633e-07,6.40057349138483e-06,"SRR14919237","Species","Detected in multiple samples"
"Anoxybacillus_tengchongensis",2,8.84351416752633e-07,6.40057349138483e-06,"SRR14919237","Species","Detected in multiple samples"
"Marinobacterium_stanieri",2,8.84351416752633e-07,6.40057349138483e-06,"SRR14919237","Species","Detected in multiple samples"
"Brevibacillus_laterosporus",2,8.84351416752633e-07,6.40057349138483e-06,"SRR14919237","Species","Detected in multiple samples"
"Planifilum_fimeticola",2,8.84351416752633e-07,6.40057349138483e-06,"SRR14919237","Species","Detected in multiple samples"
"Euzebyella_saccharophila",3,8.83671778512434e-07,3.98500045827505e-06,"SRR14919244","Species","Detected in multiple samples"
"Ralstonia_pickettii",3,8.83671778512434e-07,3.98500045827505e-06,"SRR14919244","Species","Detected in multiple samples"
"Pedobacter_terrae",2,8.81277395529834e-07,6.40057349138483e-06,"SRR14919237","Species","Detected in multiple samples"
"Saccharospirillum_aestuarii",2,8.81277395529834e-07,6.40057349138483e-06,"SRR14919237","Species","Detected in multiple samples"
"Spirochaeta_halophila",2,8.81277395529834e-07,6.40057349138483e-06,"SRR14919237","Species","Detected in multiple samples"
"Mariniflexile_fucanivorans",2,8.81277395529834e-07,6.40057349138483e-06,"SRR14919237","Species","Detected in multiple samples"
"Oceanrickettsia_ariakensis",2,8.81277395529834e-07,6.40057349138483e-06,"SRR14919237","Species","Detected in multiple samples"
"Marinococcus_halophilus",2,8.81277395529834e-07,6.40057349138483e-06,"SRR14919237","Species","Detected in multiple samples"
"Methanoregula_formicica",2,8.81277395529834e-07,6.40057349138483e-06,"SRR14919237","Species","Detected in multiple samples"
"Acinetobacter_lwoffii",2,8.79568643386889e-07,7.21565797781185e-06,"SRR14919242","Species","Detected in multiple samples"
"Rhizobium_etli",3,8.77096074397685e-07,4.17475525497318e-06,"SRR14919245","Species","Detected in multiple samples"
"Rhodoblastus_sphagnicola",3,8.77096074397685e-07,4.17475525497318e-06,"SRR14919245","Species","Detected in multiple samples"
"Delftia_acidovorans",3,8.72101227502334e-07,3.84615384615385e-06,"SRR14919243","Species","Detected in multiple samples"
"Lactobacillus_saniviri",3,8.72101227502334e-07,3.84615384615385e-06,"SRR14919243","Species","Detected in multiple samples"
"Caldanaerobacter_proteolyticus",3,8.72101227502334e-07,3.84615384615385e-06,"SRR14919243","Species","Detected in multiple samples"
"Thermolithobacter_carboxydivorans",3,8.72101227502334e-07,3.84615384615385e-06,"SRR14919243","Species","Detected in multiple samples"
"Nocardioides_marinus",2,8.6546449580499e-07,6.40057349138483e-06,"SRR14919237","Species","Detected in multiple samples"
"Kocuria_rosea",2,8.6546449580499e-07,6.40057349138483e-06,"SRR14919237","Species","Detected in multiple samples"
"Desulfonatronobacter_acidivorans",2,8.6546449580499e-07,6.40057349138483e-06,"SRR14919237","Species","Detected in multiple samples"
"Eubacterium_minutum",2,8.6546449580499e-07,6.40057349138483e-06,"SRR14919237","Species","Detected in multiple samples"
"Legionella_maceachernii",2,8.6546449580499e-07,6.40057349138483e-06,"SRR14919237","Species","Detected in multiple samples"
"Arcobacter_bivalviorum",2,8.6546449580499e-07,6.40057349138483e-06,"SRR14919237","Species","Detected in multiple samples"
"Methanolinea_mesophila",2,8.6546449580499e-07,6.40057349138483e-06,"SRR14919237","Species","Detected in multiple samples"
"Vibrio_pectenicida",2,8.6546449580499e-07,6.40057349138483e-06,"SRR14919237","Species","Detected in multiple samples"
"Sphingomonas_polyaromaticivorans",2,8.6546449580499e-07,6.40057349138483e-06,"SRR14919237","Species","Detected in multiple samples"
"Mannheimia_glucosida",2,8.6546449580499e-07,6.40057349138483e-06,"SRR14919237","Species","Detected in multiple samples"
"Desulfobotulus_sapovorans",2,8.6546449580499e-07,6.40057349138483e-06,"SRR14919237","Species","Detected in multiple samples"
"Salinisphaera_shabanensis",2,8.6546449580499e-07,6.40057349138483e-06,"SRR14919237","Species","Detected in multiple samples"
"Polycladomyces_abyssicola",2,8.6546449580499e-07,6.40057349138483e-06,"SRR14919237","Species","Detected in multiple samples"
"Paenibacillus_pueri",2,8.62132971867452e-07,6.40057349138483e-06,"SRR14919237","Species","Detected in multiple samples"
"Thauera_terpenica",2,8.62132971867452e-07,6.40057349138483e-06,"SRR14919237","Species","Detected in multiple samples"
"Burkholderia_andropogonis",2,8.62132971867452e-07,6.40057349138483e-06,"SRR14919237","Species","Detected in multiple samples"
"Arcicella_aquatica",2,8.62132971867452e-07,6.40057349138483e-06,"SRR14919237","Species","Detected in multiple samples"
"Diphasiastrum_digitatum",2,8.62132971867452e-07,6.40057349138483e-06,"SRR14919237","Species","Detected in multiple samples"
"Rhodobacter_apigmentum",3,8.61283174672841e-07,3.98500045827505e-06,"SRR14919244","Species","Detected in multiple samples"
"Desulfovibrio_alkalitolerans",3,8.57951650735304e-07,3.9450221710246e-06,"SRR14919240","Species","Detected in multiple samples"
"Spirochaeta_perfilievii",2,8.5389394479489e-07,6.40057349138483e-06,"SRR14919237","Species","Detected in multiple samples"
"Bacillus_flexus",2,8.5389394479489e-07,6.40057349138483e-06,"SRR14919237","Species","Detected in multiple samples"
"Bacteroides_denticanum",2,8.5389394479489e-07,6.40057349138483e-06,"SRR14919237","Species","Detected in multiple samples"
"Bacillus_oshimensis",2,8.52240822731674e-07,7.21565797781185e-06,"SRR14919242","Species","Detected in multiple samples"
"Kandleria_vitulina",2,8.52240822731674e-07,7.21565797781185e-06,"SRR14919242","Species","Detected in multiple samples"
"Halomicrobium_zhouii",3,8.49712623662741e-07,3.84615384615385e-06,"SRR14919243","Species","Detected in multiple samples"
"Azorhizobium_doebereinerae",3,8.49712623662741e-07,3.84615384615385e-06,"SRR14919243","Species","Detected in multiple samples"
"Treponema_parvum",2,8.34033540024229e-07,6.40057349138483e-06,"SRR14919237","Species","Detected in multiple samples"
"Brochothrix_thermosphacta",2,8.34033540024229e-07,6.40057349138483e-06,"SRR14919237","Species","Detected in multiple samples"
"Aquisalimonas_asiatica",2,8.34033540024229e-07,6.40057349138483e-06,"SRR14919237","Species","Detected in multiple samples"
"Paenibacillus_alginolyticus",2,8.34033540024229e-07,6.40057349138483e-06,"SRR14919237","Species","Detected in multiple samples"
"Streptomyces_aculeolatus",2,8.33955354017626e-07,6.02246378993646e-06,"SRR14919236","Species","Detected in multiple samples"
"Kushneria_marisflavi",2,8.33955354017626e-07,6.02246378993646e-06,"SRR14919236","Species","Detected in multiple samples"
"Lepocinclis_tripteris",2,8.33955354017626e-07,6.02246378993646e-06,"SRR14919236","Species","Detected in multiple samples"
"Sneathia_sanguinegens",1,8.31624345303734e-07,9.97949214364481e-06,"SRR14919239","Species","Detected in one sample"
"Subtercola_frigoramans",1,8.31624345303734e-07,9.97949214364481e-06,"SRR14919239","Species","Detected in one sample"
"Geoalkalibacter_subterraneus",1,8.31624345303734e-07,9.97949214364481e-06,"SRR14919239","Species","Detected in one sample"
"Geobacillus_toebii",1,8.31624345303734e-07,9.97949214364481e-06,"SRR14919239","Species","Detected in one sample"
"Deinococcus_aquatilis",1,8.31624345303734e-07,9.97949214364481e-06,"SRR14919239","Species","Detected in one sample"
"Longilinea_arvoryzae",1,8.31624345303734e-07,9.97949214364481e-06,"SRR14919239","Species","Detected in one sample"
"Desulfosporosinus_lacus",1,8.31624345303734e-07,9.97949214364481e-06,"SRR14919239","Species","Detected in one sample"
"Mogibacterium_diversum",1,8.31624345303734e-07,9.97949214364481e-06,"SRR14919239","Species","Detected in one sample"
"Borrelia_turcica",2,8.3138588046698e-07,4.98974607182241e-06,"SRR14919239","Species","Detected in multiple samples"
"Virgibacillus_albus",2,8.3138588046698e-07,4.98974607182241e-06,"SRR14919239","Species","Detected in multiple samples"
"Borrelia_valaisiana",2,8.3138588046698e-07,4.98974607182241e-06,"SRR14919239","Species","Detected in multiple samples"
"Pontibacter_niistensis",2,8.3138588046698e-07,4.98974607182241e-06,"SRR14919239","Species","Detected in multiple samples"
"Sediminicola_luteus",2,8.3138588046698e-07,4.98974607182241e-06,"SRR14919239","Species","Detected in multiple samples"
"Blastococcus_saxobsidens",2,8.3138588046698e-07,4.98974607182241e-06,"SRR14919239","Species","Detected in multiple samples"
"Alloscardovia_omnicolens",1,8.31147415630226e-07,9.97376898756271e-06,"SRR14919246","Species","Detected in one sample"
"Micrococcus_terreus",1,8.31147415630226e-07,9.97376898756271e-06,"SRR14919246","Species","Detected in one sample"
"Lactobacillus_algidus",1,8.31147415630226e-07,9.97376898756271e-06,"SRR14919246","Species","Detected in one sample"
"Tuberibacillus_calidus",3,8.29852218892081e-07,3.60782898890593e-06,"SRR14919242","Species","Detected in multiple samples"
"Salinivibrio_siamensis",3,8.29852218892081e-07,3.60782898890593e-06,"SRR14919242","Species","Detected in multiple samples"
"Massilia_suwonensis",2,8.22384803007526e-07,6.02246378993646e-06,"SRR14919236","Species","Detected in multiple samples"
"Amphibacillus_jilinensis",2,8.11644936184637e-07,6.40057349138483e-06,"SRR14919237","Species","Detected in multiple samples"
"Facklamia_tabacinasalis",2,8.02524398236866e-07,6.02246378993646e-06,"SRR14919236","Species","Detected in multiple samples"
"Burkholderia_seminalis",2,8.02524398236866e-07,6.02246378993646e-06,"SRR14919236","Species","Detected in multiple samples"
"Nitrosospira_briensis",2,7.90812547652242e-07,4.98974607182241e-06,"SRR14919239","Species","Detected in multiple samples"
"Cupriavidus_metallidurans",2,7.90812547652242e-07,4.98974607182241e-06,"SRR14919239","Species","Detected in multiple samples"
"Arthrobacter_flavus",2,7.90812547652242e-07,4.98974607182241e-06,"SRR14919239","Species","Detected in multiple samples"
"Lactobacillus_saerimneri",2,7.90812547652242e-07,4.98974607182241e-06,"SRR14919239","Species","Detected in multiple samples"
"Paenibacillus_sepulcri",2,7.90812547652242e-07,4.98974607182241e-06,"SRR14919239","Species","Detected in multiple samples"
"Halolactibacillus_halophilus",2,7.90812547652242e-07,4.98974607182241e-06,"SRR14919239","Species","Detected in multiple samples"
"Facklamia_sourekii",2,7.90812547652242e-07,4.98974607182241e-06,"SRR14919239","Species","Detected in multiple samples"
"Chamaesiphon_subglobosus",2,7.90812547652242e-07,4.98974607182241e-06,"SRR14919239","Species","Detected in multiple samples"
"Clostridium_ljungdahlii",2,7.90812547652242e-07,4.98974607182241e-06,"SRR14919239","Species","Detected in multiple samples"
"Leptospira_meyeri",2,7.90812547652242e-07,4.98974607182241e-06,"SRR14919239","Species","Detected in multiple samples"
"Legionella_beliardensis",2,7.90574082815488e-07,4.98688449378135e-06,"SRR14919246","Species","Detected in multiple samples"
"Lactobacillus_oeni",2,7.90574082815488e-07,4.98688449378135e-06,"SRR14919246","Species","Detected in multiple samples"
"Micrococcus_lylae",2,7.90574082815488e-07,4.98688449378135e-06,"SRR14919246","Species","Detected in multiple samples"
"Borrelia_carolinensis",2,7.90574082815488e-07,4.98688449378135e-06,"SRR14919246","Species","Detected in multiple samples"
"Alkaliphilus_oremlandii",2,7.90574082815488e-07,4.98688449378135e-06,"SRR14919246","Species","Detected in multiple samples"
"Porifericola_rhodea",2,7.90574082815488e-07,4.98688449378135e-06,"SRR14919246","Species","Detected in multiple samples"
"Lactobacillus_farraginis",2,7.84317115529422e-07,6.40057349138483e-06,"SRR14919237","Species","Detected in multiple samples"
"Geopsychrobacter_electrodiphilus",2,7.84317115529422e-07,6.40057349138483e-06,"SRR14919237","Species","Detected in multiple samples"
"Actinomyces_neuii",2,7.84317115529422e-07,6.40057349138483e-06,"SRR14919237","Species","Detected in multiple samples"
"Salmonella_bongori",2,7.84317115529422e-07,6.40057349138483e-06,"SRR14919237","Species","Detected in multiple samples"
"Halorubellus_litoreus",2,7.84317115529422e-07,6.40057349138483e-06,"SRR14919237","Species","Detected in multiple samples"
"Kurthia_sibirica",2,7.84317115529422e-07,6.40057349138483e-06,"SRR14919237","Species","Detected in multiple samples"
"Pseudomonas_rhizosphaerae",2,7.84317115529422e-07,6.40057349138483e-06,"SRR14919237","Species","Detected in multiple samples"
"Lactobacillus_coryniformis",2,7.84317115529422e-07,6.40057349138483e-06,"SRR14919237","Species","Detected in multiple samples"
"Roseomonas_rosea",2,7.84317115529422e-07,6.40057349138483e-06,"SRR14919237","Species","Detected in multiple samples"
"Bisgaardia_hudsonensis",2,7.84317115529422e-07,6.40057349138483e-06,"SRR14919237","Species","Detected in multiple samples"
"Corynebacterium_lubricantis",2,7.84317115529422e-07,6.40057349138483e-06,"SRR14919237","Species","Detected in multiple samples"
"Sebaldella_termitidis",2,7.84317115529422e-07,6.40057349138483e-06,"SRR14919237","Species","Detected in multiple samples"
"Peptoniphilus_ivorii",2,7.66782465122431e-07,4.98974607182241e-06,"SRR14919239","Species","Detected in multiple samples"
"Actinomyces_meyeri",2,7.66782465122431e-07,4.98974607182241e-06,"SRR14919239","Species","Detected in multiple samples"
"Moorella_perchloratireducens",2,7.66782465122431e-07,4.98974607182241e-06,"SRR14919239","Species","Detected in multiple samples"
"Acidianus_pozzuoliensis",2,7.66782465122431e-07,4.98974607182241e-06,"SRR14919239","Species","Detected in multiple samples"
"Natronorubrum_bangense",2,7.66782465122431e-07,4.98974607182241e-06,"SRR14919239","Species","Detected in multiple samples"
"Neisseria_shayeganii",2,7.66782465122431e-07,4.98974607182241e-06,"SRR14919239","Species","Detected in multiple samples"
"Thiorhodococcus_modestalkaliphilus",2,7.66782465122431e-07,4.98974607182241e-06,"SRR14919239","Species","Detected in multiple samples"
"Corynebacterium_bovis",2,7.66544000285677e-07,4.98688449378135e-06,"SRR14919246","Species","Detected in multiple samples"
"Porphyra_purpurea",2,7.66544000285677e-07,4.98688449378135e-06,"SRR14919246","Species","Detected in multiple samples"
"Photorhabdus_temperata",2,7.66544000285677e-07,4.98688449378135e-06,"SRR14919246","Species","Detected in multiple samples"
"Methanosphaera_stadtmanae",2,7.63708443899632e-07,4.98974607182241e-06,"SRR14919239","Species","Detected in multiple samples"
"Streptococcus_hyointestinalis",2,7.63708443899632e-07,4.98974607182241e-06,"SRR14919239","Species","Detected in multiple samples"
"Pseudomonas_mosselii",2,7.63708443899632e-07,4.98974607182241e-06,"SRR14919239","Species","Detected in multiple samples"
"Psychrobacter_pacificensis",2,7.63708443899632e-07,4.98974607182241e-06,"SRR14919239","Species","Detected in multiple samples"
"Campylobacter_showae",2,7.63708443899632e-07,4.98974607182241e-06,"SRR14919239","Species","Detected in multiple samples"
"Spirosoma_escalantus",2,7.63708443899632e-07,4.98974607182241e-06,"SRR14919239","Species","Detected in multiple samples"
"Haloferula_chungangensis",2,7.63708443899632e-07,4.98974607182241e-06,"SRR14919239","Species","Detected in multiple samples"
"Corynebacterium_renale",2,7.63708443899632e-07,4.98974607182241e-06,"SRR14919239","Species","Detected in multiple samples"
"Mycoplasma_equigenitalium",2,7.63469979062878e-07,4.98688449378135e-06,"SRR14919246","Species","Detected in multiple samples"
"Nitrobacter_winogradskyi",2,7.63469979062878e-07,4.98688449378135e-06,"SRR14919246","Species","Detected in multiple samples"
"Mycoplasma_haemomuris",2,7.63469979062878e-07,4.98688449378135e-06,"SRR14919246","Species","Detected in multiple samples"
"Neisseria_bacilliformis",2,7.63469979062878e-07,4.98688449378135e-06,"SRR14919246","Species","Detected in multiple samples"
"Thermus_islandicus",1,7.5000075000075e-07,9.000009000009e-06,"SRR14919235","Species","Detected in one sample"
"Thermovirga_lienii",1,7.5000075000075e-07,9.000009000009e-06,"SRR14919235","Species","Detected in one sample"
"Lysinibacillus_macroides",1,7.5000075000075e-07,9.000009000009e-06,"SRR14919235","Species","Detected in one sample"
"Succinatimonas_hippei",2,7.47895544174788e-07,4.98974607182241e-06,"SRR14919239","Species","Detected in multiple samples"
"Renibacterium_salmoninarum",2,7.47895544174788e-07,4.98974607182241e-06,"SRR14919239","Species","Detected in multiple samples"
"Bacteriovorax_litoralis",2,7.47895544174788e-07,4.98974607182241e-06,"SRR14919239","Species","Detected in multiple samples"
"Rudanella_lutea",2,7.47895544174788e-07,4.98974607182241e-06,"SRR14919239","Species","Detected in multiple samples"
"Ohtaekwangia_koreensis",2,7.47895544174788e-07,4.98974607182241e-06,"SRR14919239","Species","Detected in multiple samples"
"Pedobacter_rhizospharae",2,7.47895544174788e-07,4.98974607182241e-06,"SRR14919239","Species","Detected in multiple samples"
"Loktanella_pyoseonensis",2,7.47895544174788e-07,4.98974607182241e-06,"SRR14919239","Species","Detected in multiple samples"
"Selenomonas_noxia",2,7.47895544174788e-07,4.98974607182241e-06,"SRR14919239","Species","Detected in multiple samples"
"Oenococcus_kitaharae",2,7.47895544174788e-07,4.98974607182241e-06,"SRR14919239","Species","Detected in multiple samples"
"Succinispira_mobilis",2,7.47895544174788e-07,4.98974607182241e-06,"SRR14919239","Species","Detected in multiple samples"
"Herbaspirillum_seropedicae",2,7.47895544174788e-07,4.98974607182241e-06,"SRR14919239","Species","Detected in multiple samples"
"Schlesneria_paludicola",2,7.47657079338034e-07,4.98688449378135e-06,"SRR14919246","Species","Detected in multiple samples"
"Desulfobulbus_rhabdoformis",2,7.47657079338034e-07,4.98688449378135e-06,"SRR14919246","Species","Detected in multiple samples"
"Paracoccus_alcaliphilus",2,7.47657079338034e-07,4.98688449378135e-06,"SRR14919246","Species","Detected in multiple samples"
"Brachyspira_innocens",2,7.47657079338034e-07,4.98688449378135e-06,"SRR14919246","Species","Detected in multiple samples"
"Chryseobacterium_koreense",2,7.47657079338034e-07,4.98688449378135e-06,"SRR14919246","Species","Detected in multiple samples"
"Roseomonas_terrae",2,7.47657079338034e-07,4.98688449378135e-06,"SRR14919246","Species","Detected in multiple samples"
"Staphylococcus_arlettae",2,7.47657079338034e-07,4.98688449378135e-06,"SRR14919246","Species","Detected in multiple samples"
"Legionella_lytica",2,7.47657079338034e-07,4.98688449378135e-06,"SRR14919246","Species","Detected in multiple samples"
"Ammoniphilus_oxalivorans",2,7.47657079338034e-07,4.98688449378135e-06,"SRR14919246","Species","Detected in multiple samples"
"Anaerobranca_horikoshii",2,7.47657079338034e-07,4.98688449378135e-06,"SRR14919246","Species","Detected in multiple samples"
"Clostridium_cavendishii",2,7.44564020237251e-07,4.98974607182241e-06,"SRR14919239","Species","Detected in multiple samples"
"Bacillus_saliphilus",2,7.44564020237251e-07,4.98974607182241e-06,"SRR14919239","Species","Detected in multiple samples"
"Algoriphagus_terrigena",2,7.44564020237251e-07,4.98974607182241e-06,"SRR14919239","Species","Detected in multiple samples"
"Lactobacillus_ingluviei",2,7.44564020237251e-07,4.98974607182241e-06,"SRR14919239","Species","Detected in multiple samples"
"Chlamydia_suis",2,7.44564020237251e-07,4.98974607182241e-06,"SRR14919239","Species","Detected in multiple samples"
"Pyrobaculum_oguniense",2,7.44564020237251e-07,4.98974607182241e-06,"SRR14919239","Species","Detected in multiple samples"
"Yersinia_ruckeri",2,7.44564020237251e-07,4.98974607182241e-06,"SRR14919239","Species","Detected in multiple samples"
"Heliobacterium_chlorum",2,7.44564020237251e-07,4.98974607182241e-06,"SRR14919239","Species","Detected in multiple samples"
"Thalassiosira_eccentrica",2,7.44564020237251e-07,4.98974607182241e-06,"SRR14919239","Species","Detected in multiple samples"
"Bacillus_badius",2,7.44564020237251e-07,4.98974607182241e-06,"SRR14919239","Species","Detected in multiple samples"
"Streptococcus_dysgalactiae",2,7.44564020237251e-07,4.98974607182241e-06,"SRR14919239","Species","Detected in multiple samples"
"Arthrobacter_luteolus",2,7.44564020237251e-07,4.98974607182241e-06,"SRR14919239","Species","Detected in multiple samples"
"Litoribacter_ruber",2,7.44564020237251e-07,4.98974607182241e-06,"SRR14919239","Species","Detected in multiple samples"
"Methylobacterium_jeotgali",2,7.44564020237251e-07,4.98974607182241e-06,"SRR14919239","Species","Detected in multiple samples"
"Mycoplasma_subdolum",2,7.44564020237251e-07,4.98974607182241e-06,"SRR14919239","Species","Detected in multiple samples"
"Streptobacillus_moniliformis",2,7.44564020237251e-07,4.98974607182241e-06,"SRR14919239","Species","Detected in multiple samples"
"Lactobacillus_siliginis",2,7.44564020237251e-07,4.98974607182241e-06,"SRR14919239","Species","Detected in multiple samples"
"Bergeyella_zoohelcum",2,7.44564020237251e-07,4.98974607182241e-06,"SRR14919239","Species","Detected in multiple samples"
"Haloarcula_marismortui",2,7.44564020237251e-07,4.98974607182241e-06,"SRR14919239","Species","Detected in multiple samples"
"Pontibacillus_marinus",2,7.44564020237251e-07,4.98974607182241e-06,"SRR14919239","Species","Detected in multiple samples"
"Bifidobacterium_actinocoloniiforme",2,7.44325555400496e-07,4.98688449378135e-06,"SRR14919246","Species","Detected in multiple samples"
"Glycomyces_arizonensis",2,7.44325555400496e-07,4.98688449378135e-06,"SRR14919246","Species","Detected in multiple samples"
"Desulfonatronum_alkalitolerans",2,7.44325555400496e-07,4.98688449378135e-06,"SRR14919246","Species","Detected in multiple samples"
"Haloferax_mediterranei",2,7.44325555400496e-07,4.98688449378135e-06,"SRR14919246","Species","Detected in multiple samples"
"Salinicoccus_salitudinis",2,7.44325555400496e-07,4.98688449378135e-06,"SRR14919246","Species","Detected in multiple samples"
"Deinococcus_geothermalis",2,7.44325555400496e-07,4.98688449378135e-06,"SRR14919246","Species","Detected in multiple samples"
"Mobiluncus_curtisii",2,7.36324993164688e-07,4.98974607182241e-06,"SRR14919239","Species","Detected in multiple samples"
"Desulfobacterium_vacuolatum",2,7.36324993164688e-07,4.98974607182241e-06,"SRR14919239","Species","Detected in multiple samples"
"Desulfotomaculum_alcoholivorax",2,7.36324993164688e-07,4.98974607182241e-06,"SRR14919239","Species","Detected in multiple samples"
"Lactobacillus_kefiri",2,7.36324993164688e-07,4.98974607182241e-06,"SRR14919239","Species","Detected in multiple samples"
"Ochrobactrum_ciceri",2,7.36324993164688e-07,4.98974607182241e-06,"SRR14919239","Species","Detected in multiple samples"
"Morganella_morganii",2,7.36324993164688e-07,4.98974607182241e-06,"SRR14919239","Species","Detected in multiple samples"
"Olavius_ilvae",2,7.36324993164688e-07,4.98974607182241e-06,"SRR14919239","Species","Detected in multiple samples"
"Pseudorhodobacter_ferrugineus",2,7.36324993164688e-07,4.98974607182241e-06,"SRR14919239","Species","Detected in multiple samples"
"Nitrospira_moscoviensis",2,7.36324993164688e-07,4.98974607182241e-06,"SRR14919239","Species","Detected in multiple samples"
"Paenibacillus_naphthalenovorans",2,7.36324993164688e-07,4.98974607182241e-06,"SRR14919239","Species","Detected in multiple samples"
"Thiothrix_nivea",2,7.36324993164688e-07,4.98974607182241e-06,"SRR14919239","Species","Detected in multiple samples"
"Aestuariibacter_halophilus",2,7.36086528327933e-07,4.98688449378135e-06,"SRR14919246","Species","Detected in multiple samples"
"Robiginitalea_biformata",2,7.36086528327933e-07,4.98688449378135e-06,"SRR14919246","Species","Detected in multiple samples"
"Roseibacillus_persicicus",2,7.36086528327933e-07,4.98688449378135e-06,"SRR14919246","Species","Detected in multiple samples"
"Salinimonas_chungwhensis",2,7.36086528327933e-07,4.98688449378135e-06,"SRR14919246","Species","Detected in multiple samples"
"Bacillus_halodurans",2,7.25970667470939e-07,4.5000045000045e-06,"SRR14919235","Species","Detected in multiple samples"
"Burkholderia_fungorum",2,7.25970667470939e-07,4.5000045000045e-06,"SRR14919235","Species","Detected in multiple samples"
"Lactobacillus_bifermentans",2,7.25970667470939e-07,4.5000045000045e-06,"SRR14919235","Species","Detected in multiple samples"
"Acidianus_sulfidivorans",2,7.25970667470939e-07,4.5000045000045e-06,"SRR14919235","Species","Detected in multiple samples"
"Caldicellulosiruptor_hydrothermalis",2,7.25970667470939e-07,4.5000045000045e-06,"SRR14919235","Species","Detected in multiple samples"
"Methanocorpusculum_sinense",2,7.25970667470939e-07,4.5000045000045e-06,"SRR14919235","Species","Detected in multiple samples"
"Desulfobacter_postgatei",2,7.25970667470939e-07,4.5000045000045e-06,"SRR14919235","Species","Detected in multiple samples"
"Halothiobacillus_hydrothermalis",2,7.25970667470939e-07,4.5000045000045e-06,"SRR14919235","Species","Detected in multiple samples"
"Desulforhopalus_singaporensis",2,7.25970667470939e-07,4.5000045000045e-06,"SRR14919235","Species","Detected in multiple samples"
"Bacillus_pseudofirmus",2,7.25970667470939e-07,4.5000045000045e-06,"SRR14919235","Species","Detected in multiple samples"
"Sphingobium_xenophagum",2,7.2289664624814e-07,4.5000045000045e-06,"SRR14919235","Species","Detected in multiple samples"
"Bacillus_gibsonii",2,7.2289664624814e-07,4.5000045000045e-06,"SRR14919235","Species","Detected in multiple samples"
"Duganella_zoogloeoides",2,7.2289664624814e-07,4.5000045000045e-06,"SRR14919235","Species","Detected in multiple samples"
"Bacillus_hemicentroti",2,7.2289664624814e-07,4.5000045000045e-06,"SRR14919235","Species","Detected in multiple samples"
"Clostridium_neopropionicum",2,7.2289664624814e-07,4.5000045000045e-06,"SRR14919235","Species","Detected in multiple samples"
"Pseudokineococcus_lusitanus",2,7.2289664624814e-07,4.5000045000045e-06,"SRR14919235","Species","Detected in multiple samples"
"Mucilaginibacter_rigui",2,7.16464588394028e-07,4.98974607182241e-06,"SRR14919239","Species","Detected in multiple samples"
"Bizionia_gelidisalsuginis",2,7.16464588394028e-07,4.98974607182241e-06,"SRR14919239","Species","Detected in multiple samples"
"Olivibacter_oleidegradans",2,7.16464588394028e-07,4.98974607182241e-06,"SRR14919239","Species","Detected in multiple samples"
"Vibrio_fluvialis",2,7.16464588394028e-07,4.98974607182241e-06,"SRR14919239","Species","Detected in multiple samples"
"Bacillus_qingdaonensis",2,7.16464588394028e-07,4.98974607182241e-06,"SRR14919239","Species","Detected in multiple samples"
"Legionella_cardiaca",2,7.16464588394028e-07,4.98974607182241e-06,"SRR14919239","Species","Detected in multiple samples"
"Phormidium_priestleyi",2,7.16464588394028e-07,4.98974607182241e-06,"SRR14919239","Species","Detected in multiple samples"
"Desulfovibrio_piger",2,7.16464588394028e-07,4.98974607182241e-06,"SRR14919239","Species","Detected in multiple samples"
"Halobiforma_nitratireducens",2,7.16464588394028e-07,4.98974607182241e-06,"SRR14919239","Species","Detected in multiple samples"
"Clostridium_crotonatovorans",2,7.16464588394028e-07,4.98974607182241e-06,"SRR14919239","Species","Detected in multiple samples"
"Heterosigma_akashiwo",2,7.16464588394028e-07,4.98974607182241e-06,"SRR14919239","Species","Detected in multiple samples"
"Sphaerochaeta_coccoides",2,7.16464588394028e-07,4.98974607182241e-06,"SRR14919239","Species","Detected in multiple samples"
"Actinomyces_suimastitidis",2,7.16464588394028e-07,4.98974607182241e-06,"SRR14919239","Species","Detected in multiple samples"
"Conchiformibius_steedae",2,7.16464588394028e-07,4.98974607182241e-06,"SRR14919239","Species","Detected in multiple samples"
"Paenibacillus_timonensis",2,7.16226123557273e-07,4.98688449378135e-06,"SRR14919246","Species","Detected in multiple samples"
"Neosiphonia_harveyi",2,7.16226123557273e-07,4.98688449378135e-06,"SRR14919246","Species","Detected in multiple samples"
"Picrophilus_oshimae",2,7.16226123557273e-07,4.98688449378135e-06,"SRR14919246","Species","Detected in multiple samples"
"Mycoplasma_genitalium",2,7.16226123557273e-07,4.98688449378135e-06,"SRR14919246","Species","Detected in multiple samples"
"Sphingobacterium_psychroaquaticum",2,7.16226123557273e-07,4.98688449378135e-06,"SRR14919246","Species","Detected in multiple samples"
"Bacillus_alcalophilus",2,7.07083746523296e-07,4.5000045000045e-06,"SRR14919235","Species","Detected in multiple samples"
"Lewinella_cohaerens",2,7.07083746523296e-07,4.5000045000045e-06,"SRR14919235","Species","Detected in multiple samples"
"Fusobacterium_necrophorum",2,7.07083746523296e-07,4.5000045000045e-06,"SRR14919235","Species","Detected in multiple samples"
"Entomoplasma_ellychniae",2,7.07083746523296e-07,4.5000045000045e-06,"SRR14919235","Species","Detected in multiple samples"
"Simiduia_areninigrae",2,7.07083746523296e-07,4.5000045000045e-06,"SRR14919235","Species","Detected in multiple samples"
"Photobacterium_halotolerans",2,7.07083746523296e-07,4.5000045000045e-06,"SRR14919235","Species","Detected in multiple samples"
"Daucus_carota",2,7.03752222585758e-07,4.5000045000045e-06,"SRR14919235","Species","Detected in multiple samples"
"Deinococcus_apachensis",2,7.03752222585758e-07,4.5000045000045e-06,"SRR14919235","Species","Detected in multiple samples"
"Haliscomenobacter_hydrossis",2,7.03752222585758e-07,4.5000045000045e-06,"SRR14919235","Species","Detected in multiple samples"
"Halogranum_amylolyticum",2,7.03752222585758e-07,4.5000045000045e-06,"SRR14919235","Species","Detected in multiple samples"
"Jeotgalicoccus_huakuii",2,7.03752222585758e-07,4.5000045000045e-06,"SRR14919235","Species","Detected in multiple samples"
"Niabella_ginsengisoli",2,7.03752222585758e-07,4.5000045000045e-06,"SRR14919235","Species","Detected in multiple samples"
"Aliivibrio_fischeri",2,7.03752222585758e-07,4.5000045000045e-06,"SRR14919235","Species","Detected in multiple samples"
"Mitsuaria_chitosanitabida",2,7.03752222585758e-07,4.5000045000045e-06,"SRR14919235","Species","Detected in multiple samples"
"Sulfuritalea_hydrogenivorans",2,7.03752222585758e-07,4.5000045000045e-06,"SRR14919235","Species","Detected in multiple samples"
"Halorubrum_luteum",1,7.01940584941128e-07,8.42328701929354e-06,"SRR14919238","Species","Detected in one sample"
"Facklamia_miroungae",1,7.01940584941128e-07,8.42328701929354e-06,"SRR14919238","Species","Detected in one sample"
"Desulfomonile_limimaris",1,7.01940584941128e-07,8.42328701929354e-06,"SRR14919238","Species","Detected in one sample"
"Halomonas_xinjiangensis",2,6.98866563718329e-07,4.21164350964677e-06,"SRR14919238","Species","Detected in multiple samples"
"Calothrix_desertica",2,6.98866563718329e-07,4.21164350964677e-06,"SRR14919238","Species","Detected in multiple samples"
"Psychrobacter_phenylpyruvicus",2,6.98866563718329e-07,4.21164350964677e-06,"SRR14919238","Species","Detected in multiple samples"
"Carnobacterium_maltaromaticum",2,6.98866563718329e-07,4.21164350964677e-06,"SRR14919238","Species","Detected in multiple samples"
"Halogeometricum_borinquense",1,6.9579254249553e-07,8.34951050994635e-06,"SRR14919245","Species","Detected in one sample"
"Methanoculleus_thermophilus",1,6.9579254249553e-07,8.34951050994635e-06,"SRR14919245","Species","Detected in one sample"
"Aquiflexum_balticum",1,6.9579254249553e-07,8.34951050994635e-06,"SRR14919245","Species","Detected in one sample"
"Terribacillus_saccharophilus",1,6.9579254249553e-07,8.34951050994635e-06,"SRR14919245","Species","Detected in one sample"
"Marinomonas_rhizomae",1,6.9579254249553e-07,8.34951050994635e-06,"SRR14919245","Species","Detected in one sample"
"Corynebacterium_doosanense",2,6.95513195513196e-07,4.5000045000045e-06,"SRR14919235","Species","Detected in multiple samples"
"Halobacillus_dabanensis",2,6.95513195513196e-07,4.5000045000045e-06,"SRR14919235","Species","Detected in multiple samples"
"Rhodobacter_changlensis",2,6.95513195513196e-07,4.5000045000045e-06,"SRR14919235","Species","Detected in multiple samples"
"Flaviramulus_basaltis",2,6.95513195513196e-07,4.5000045000045e-06,"SRR14919235","Species","Detected in multiple samples"
"Exiguobacterium_indicum",2,6.95513195513196e-07,4.5000045000045e-06,"SRR14919235","Species","Detected in multiple samples"
"Bifidobacterium_asteroides",2,6.95513195513196e-07,4.5000045000045e-06,"SRR14919235","Species","Detected in multiple samples"
"Mesorhizobium_ciceri",2,6.95513195513196e-07,4.5000045000045e-06,"SRR14919235","Species","Detected in multiple samples"
"Burkholderia_pseudomallei",2,6.95513195513196e-07,4.5000045000045e-06,"SRR14919235","Species","Detected in multiple samples"
"Paenibacillus_fujiensis",2,6.95513195513196e-07,4.5000045000045e-06,"SRR14919235","Species","Detected in multiple samples"
"Blattabacterium_clevelandi",2,6.95513195513196e-07,4.5000045000045e-06,"SRR14919235","Species","Detected in multiple samples"
"Desulfurococcus_fermentans",2,6.95513195513196e-07,4.5000045000045e-06,"SRR14919235","Species","Detected in multiple samples"
"Pseudochrobactrum_saccharolyticum",2,6.95513195513196e-07,4.5000045000045e-06,"SRR14919235","Species","Detected in multiple samples"
"Gramella_aestuarii",2,6.95513195513196e-07,4.5000045000045e-06,"SRR14919235","Species","Detected in multiple samples"
"Mycoplasma_haemocanis",2,6.94075984554435e-07,4.98974607182241e-06,"SRR14919239","Species","Detected in multiple samples"
"Aerococcus_urinaeequi",2,6.94075984554435e-07,4.98974607182241e-06,"SRR14919239","Species","Detected in multiple samples"
"Vibrio_zhuhaiensis",2,6.94075984554435e-07,4.98974607182241e-06,"SRR14919239","Species","Detected in multiple samples"
"Sulfobacillus_benefaciens",2,6.94075984554435e-07,4.98974607182241e-06,"SRR14919239","Species","Detected in multiple samples"
"Arthrobacter_nasiphocae",2,6.94075984554435e-07,4.98974607182241e-06,"SRR14919239","Species","Detected in multiple samples"
"Subtercola_boreus",2,6.94075984554435e-07,4.98974607182241e-06,"SRR14919239","Species","Detected in multiple samples"
"Borrelia_japonica",2,6.94075984554435e-07,4.98974607182241e-06,"SRR14919239","Species","Detected in multiple samples"
"Cronobacter_zurichensis",2,6.94075984554435e-07,4.98974607182241e-06,"SRR14919239","Species","Detected in multiple samples"
"Methanoculleus_marisnigri",2,6.93837519717681e-07,4.98688449378135e-06,"SRR14919246","Species","Detected in multiple samples"
"Mycoplasma_flocculare",2,6.93837519717681e-07,4.98688449378135e-06,"SRR14919246","Species","Detected in multiple samples"
"Chitinophaga_eiseniae",2,6.93837519717681e-07,4.98688449378135e-06,"SRR14919246","Species","Detected in multiple samples"
"Palleronia_marisminoris",2,6.93837519717681e-07,4.98688449378135e-06,"SRR14919246","Species","Detected in multiple samples"
"Paenibacillus_prosopidis",2,6.93837519717681e-07,4.98688449378135e-06,"SRR14919246","Species","Detected in multiple samples"
"Aerococcus_urinae",2,6.83053663993485e-07,4.21164350964677e-06,"SRR14919238","Species","Detected in multiple samples"
"Clostridium_mayombei",2,6.83053663993485e-07,4.21164350964677e-06,"SRR14919238","Species","Detected in multiple samples"
"Phaeobacter_gallaeciensis",2,6.83053663993485e-07,4.21164350964677e-06,"SRR14919238","Species","Detected in multiple samples"
"Clostridium_saccharoperbutylacetonicum",2,6.83053663993485e-07,4.21164350964677e-06,"SRR14919238","Species","Detected in multiple samples"
"Virgibacillus_halodenitrificans",2,6.83053663993485e-07,4.21164350964677e-06,"SRR14919238","Species","Detected in multiple samples"
"Shewanella_dokdonensis",2,6.83053663993485e-07,4.21164350964677e-06,"SRR14919238","Species","Detected in multiple samples"
"Flavihumibacter_petaseus",2,6.79979642770686e-07,4.17475525497318e-06,"SRR14919245","Species","Detected in multiple samples"
"Bigelowiella_natans",2,6.79979642770686e-07,4.17475525497318e-06,"SRR14919245","Species","Detected in multiple samples"
"Treponema_berlinense",2,6.79979642770686e-07,4.17475525497318e-06,"SRR14919245","Species","Detected in multiple samples"
"Proteinimicrobium_ihbtica",2,6.79979642770686e-07,4.17475525497318e-06,"SRR14919245","Species","Detected in multiple samples"
"Micrococcus_indicus",2,6.79979642770686e-07,4.17475525497318e-06,"SRR14919245","Species","Detected in multiple samples"
"Haloferula_rosea",2,6.79979642770686e-07,4.17475525497318e-06,"SRR14919245","Species","Detected in multiple samples"
"Mycoplasma_agalactiae",2,6.79979642770686e-07,4.17475525497318e-06,"SRR14919245","Species","Detected in multiple samples"
"Actinomyces_denticolens",2,6.79979642770686e-07,4.17475525497318e-06,"SRR14919245","Species","Detected in multiple samples"
"Vibrio_gallicus",2,6.79979642770686e-07,4.17475525497318e-06,"SRR14919245","Species","Detected in multiple samples"
"Carboxydothermus_ferrireducens",2,6.79979642770686e-07,4.17475525497318e-06,"SRR14919245","Species","Detected in multiple samples"
"Bythopirellula_goksoyri",2,6.79979642770686e-07,4.17475525497318e-06,"SRR14919245","Species","Detected in multiple samples"
"Pseudahrensia_aquimaris",2,6.79979642770686e-07,4.17475525497318e-06,"SRR14919245","Species","Detected in multiple samples"
"Sediminibacterium_salmoneum",2,6.79722140055948e-07,4.21164350964677e-06,"SRR14919238","Species","Detected in multiple samples"
"Geobacter_sulfurreducens",2,6.79722140055948e-07,4.21164350964677e-06,"SRR14919238","Species","Detected in multiple samples"
"Clostridium_beijerinckii",2,6.79722140055948e-07,4.21164350964677e-06,"SRR14919238","Species","Detected in multiple samples"
"Paracoccus_isoporae",2,6.79722140055948e-07,4.21164350964677e-06,"SRR14919238","Species","Detected in multiple samples"
"Leisingera_methylohalidivorans",2,6.79722140055948e-07,4.21164350964677e-06,"SRR14919238","Species","Detected in multiple samples"
"Erythrobacter_nanhaisediminis",2,6.79722140055948e-07,4.21164350964677e-06,"SRR14919238","Species","Detected in multiple samples"
"Aminobacter_ciceronei",2,6.79722140055948e-07,4.21164350964677e-06,"SRR14919238","Species","Detected in multiple samples"
"Desulfosporosinus_orientis",2,6.79722140055948e-07,4.21164350964677e-06,"SRR14919238","Species","Detected in multiple samples"
"Pedobacter_borealis",2,6.76648118833148e-07,4.17475525497318e-06,"SRR14919245","Species","Detected in multiple samples"
"Methanocorpusculum_parvum",2,6.76648118833148e-07,4.17475525497318e-06,"SRR14919245","Species","Detected in multiple samples"
"Spirochaeta_africana",2,6.76648118833148e-07,4.17475525497318e-06,"SRR14919245","Species","Detected in multiple samples"
"Nonlabens_dokdonensis",2,6.76648118833148e-07,4.17475525497318e-06,"SRR14919245","Species","Detected in multiple samples"
"Salarchaeum_japonicum",2,6.76648118833148e-07,4.17475525497318e-06,"SRR14919245","Species","Detected in multiple samples"
"Enterobacter_mori",2,6.76648118833148e-07,4.17475525497318e-06,"SRR14919245","Species","Detected in multiple samples"
"Pandoraea_sputorum",2,6.76648118833148e-07,4.17475525497318e-06,"SRR14919245","Species","Detected in multiple samples"
"Stella_vacuolata",2,6.76648118833148e-07,4.17475525497318e-06,"SRR14919245","Species","Detected in multiple samples"
"Methanobacterium_beijingense",2,6.76648118833148e-07,4.17475525497318e-06,"SRR14919245","Species","Detected in multiple samples"
"Oceanospirillum_beijerinckii",2,6.76648118833148e-07,4.17475525497318e-06,"SRR14919245","Species","Detected in multiple samples"
"Natrinema_ejinorense",2,6.75652790742536e-07,4.5000045000045e-06,"SRR14919235","Species","Detected in multiple samples"
"Mucilaginibacter_lutimaris",2,6.75652790742536e-07,4.5000045000045e-06,"SRR14919235","Species","Detected in multiple samples"
"Rickettsia_prowazekii",2,6.75652790742536e-07,4.5000045000045e-06,"SRR14919235","Species","Detected in multiple samples"
"Halomonas_zincidurans",2,6.75652790742536e-07,4.5000045000045e-06,"SRR14919235","Species","Detected in multiple samples"
"Staphylococcus_schleiferi",2,6.75652790742536e-07,4.5000045000045e-06,"SRR14919235","Species","Detected in multiple samples"
"Kistimonas_scapharcae",2,6.75652790742536e-07,4.5000045000045e-06,"SRR14919235","Species","Detected in multiple samples"
"Derxia_lacustris",2,6.75652790742536e-07,4.5000045000045e-06,"SRR14919235","Species","Detected in multiple samples"
"Chitinophaga_oryziterrae",2,6.75652790742536e-07,4.5000045000045e-06,"SRR14919235","Species","Detected in multiple samples"
"Ectothiorhodospira_marina",2,6.71483112983385e-07,4.21164350964677e-06,"SRR14919238","Species","Detected in multiple samples"
"Hymenobacter_norwichensis",2,6.71483112983385e-07,4.21164350964677e-06,"SRR14919238","Species","Detected in multiple samples"
"Haloferax_volcanii",2,6.71483112983385e-07,4.21164350964677e-06,"SRR14919238","Species","Detected in multiple samples"
"Aminobacterium_mobile",2,6.71483112983385e-07,4.21164350964677e-06,"SRR14919238","Species","Detected in multiple samples"
"Ptilophora_leliaertii",2,6.71483112983385e-07,4.21164350964677e-06,"SRR14919238","Species","Detected in multiple samples"
"Mycoplasma_hominis",2,6.71483112983385e-07,4.21164350964677e-06,"SRR14919238","Species","Detected in multiple samples"
"Actinomadura_viridis",2,6.71483112983385e-07,4.21164350964677e-06,"SRR14919238","Species","Detected in multiple samples"
"Snowella_litoralis",2,6.71483112983385e-07,4.21164350964677e-06,"SRR14919238","Species","Detected in multiple samples"
"Leuconostoc_lactis",2,6.71483112983385e-07,4.21164350964677e-06,"SRR14919238","Species","Detected in multiple samples"
"Actinobacillus_porcitonsillarum",2,6.68409091760585e-07,4.17475525497318e-06,"SRR14919245","Species","Detected in multiple samples"
"Desulfonispora_thiosulfatigenes",2,6.68409091760585e-07,4.17475525497318e-06,"SRR14919245","Species","Detected in multiple samples"
"Serratia_rubidaea",2,6.68409091760585e-07,4.17475525497318e-06,"SRR14919245","Species","Detected in multiple samples"
"Thioalkalivibrio_sulfidophilus",2,6.68409091760585e-07,4.17475525497318e-06,"SRR14919245","Species","Detected in multiple samples"
"Primorskyibacter_sedentarius",2,6.68409091760585e-07,4.17475525497318e-06,"SRR14919245","Species","Detected in multiple samples"
"Alterococcus_agarolyticus",2,6.68409091760585e-07,4.17475525497318e-06,"SRR14919245","Species","Detected in multiple samples"
"Myroides_pelagicus",2,6.68409091760585e-07,4.17475525497318e-06,"SRR14919245","Species","Detected in multiple samples"
"Helicobacter_marmotae",2,6.68409091760585e-07,4.17475525497318e-06,"SRR14919245","Species","Detected in multiple samples"
"Carnobacterium_viridans",2,6.68409091760585e-07,4.17475525497318e-06,"SRR14919245","Species","Detected in multiple samples"
"Mesoplasma_chauliocola",2,6.6674816389922e-07,4.98974607182241e-06,"SRR14919239","Species","Detected in multiple samples"
"Brenneria_alni",2,6.6674816389922e-07,4.98974607182241e-06,"SRR14919239","Species","Detected in multiple samples"
"Vibrio_gazogenes",2,6.6674816389922e-07,4.98974607182241e-06,"SRR14919239","Species","Detected in multiple samples"
"Falklandiella_harveyi",2,6.6674816389922e-07,4.98974607182241e-06,"SRR14919239","Species","Detected in multiple samples"
"Vibrio_halioticoli",2,6.6674816389922e-07,4.98974607182241e-06,"SRR14919239","Species","Detected in multiple samples"
"Zobellia_galactanivorans",2,6.6674816389922e-07,4.98974607182241e-06,"SRR14919239","Species","Detected in multiple samples"
"Clostridium_lacusfryxellense",2,6.6674816389922e-07,4.98974607182241e-06,"SRR14919239","Species","Detected in multiple samples"
"Lamprocystis_roseopersicina",2,6.6674816389922e-07,4.98974607182241e-06,"SRR14919239","Species","Detected in multiple samples"
"Pedomicrobium_manganicum",2,6.6674816389922e-07,4.98974607182241e-06,"SRR14919239","Species","Detected in multiple samples"
"Lactobacillus_nasuensis",2,6.6674816389922e-07,4.98974607182241e-06,"SRR14919239","Species","Detected in multiple samples"
"Nocardioides_ginsengagri",2,6.6674816389922e-07,4.98974607182241e-06,"SRR14919239","Species","Detected in multiple samples"
"Borrelia_spielmanii",2,6.6674816389922e-07,4.98974607182241e-06,"SRR14919239","Species","Detected in multiple samples"
"Alicyclobacillus_herbarius",2,6.6674816389922e-07,4.98974607182241e-06,"SRR14919239","Species","Detected in multiple samples"
"Methanosarcina_semesiae",2,6.6674816389922e-07,4.98974607182241e-06,"SRR14919239","Species","Detected in multiple samples"
"Paenibacillus_barengoltzii",2,6.6674816389922e-07,4.98974607182241e-06,"SRR14919239","Species","Detected in multiple samples"
"Halomonas_anticariensis",2,6.6674816389922e-07,4.98974607182241e-06,"SRR14919239","Species","Detected in multiple samples"
"Mycoplasma_bovoculi",2,6.6674816389922e-07,4.98974607182241e-06,"SRR14919239","Species","Detected in multiple samples"
"Cohnella_terrae",2,6.6674816389922e-07,4.98974607182241e-06,"SRR14919239","Species","Detected in multiple samples"
"Nitrosomonas_ureae",2,6.6674816389922e-07,4.98974607182241e-06,"SRR14919239","Species","Detected in multiple samples"
"Plasticicumulans_acidivorans",2,6.6674816389922e-07,4.98974607182241e-06,"SRR14919239","Species","Detected in multiple samples"
"Kushneria_aurantia",2,6.6674816389922e-07,4.98974607182241e-06,"SRR14919239","Species","Detected in multiple samples"
"Brachybacterium_rhamnosum",2,6.66509699062466e-07,4.98688449378135e-06,"SRR14919246","Species","Detected in multiple samples"
"Thermomicrobium_roseum",2,6.66509699062466e-07,4.98688449378135e-06,"SRR14919246","Species","Detected in multiple samples"
"Bacillus_funiculus",2,6.66509699062466e-07,4.98688449378135e-06,"SRR14919246","Species","Detected in multiple samples"
"Flavobacterium_ummariense",2,6.66509699062466e-07,4.98688449378135e-06,"SRR14919246","Species","Detected in multiple samples"
"Paenibacillus_chitinolyticus",2,6.66509699062466e-07,4.98688449378135e-06,"SRR14919246","Species","Detected in multiple samples"
"Bifidobacterium_cuniculi",2,6.66509699062466e-07,4.98688449378135e-06,"SRR14919246","Species","Detected in multiple samples"
"Hydrocarboniphaga_effusa",2,6.66509699062466e-07,4.98688449378135e-06,"SRR14919246","Species","Detected in multiple samples"
"Trichodesmium_erythraeum",2,6.66509699062466e-07,4.98688449378135e-06,"SRR14919246","Species","Detected in multiple samples"
"Desulfurobacterium_pacificum",2,6.66509699062466e-07,4.98688449378135e-06,"SRR14919246","Species","Detected in multiple samples"
"Oceaniserpentilla_haliotis",2,6.66509699062466e-07,4.98688449378135e-06,"SRR14919246","Species","Detected in multiple samples"
"Chryseobacterium_balustinum",1,6.64166743045842e-07,7.9700009165501e-06,"SRR14919244","Species","Detected in one sample"
"Sphingobacterium_pakistanense",1,6.64166743045842e-07,7.9700009165501e-06,"SRR14919244","Species","Detected in one sample"
"Stygiolobus_azoricus",1,6.64166743045842e-07,7.9700009165501e-06,"SRR14919244","Species","Detected in one sample"
"Oleomonas_sagaranensis",2,6.60835219108304e-07,3.98500045827505e-06,"SRR14919244","Species","Detected in multiple samples"
"Lactobacillus_letivazi",2,6.60835219108304e-07,3.98500045827505e-06,"SRR14919244","Species","Detected in multiple samples"
"Lysobacter_capsici",2,6.60835219108304e-07,3.98500045827505e-06,"SRR14919244","Species","Detected in multiple samples"
"Caldanaerocella_colombiensis",2,6.60835219108304e-07,3.98500045827505e-06,"SRR14919244","Species","Detected in multiple samples"
"Komagataeibacter_intermedius",2,6.60835219108304e-07,3.98500045827505e-06,"SRR14919244","Species","Detected in multiple samples"
"Thermonema_lapsum",2,6.60835219108304e-07,3.98500045827505e-06,"SRR14919244","Species","Detected in multiple samples"
"Streptococcus_parauberis",1,6.57503695170767e-07,7.8900443420492e-06,"SRR14919240","Species","Detected in one sample"
"Microbacterium_trichothecenolyticum",1,6.57503695170767e-07,7.8900443420492e-06,"SRR14919240","Species","Detected in one sample"
"Streptococcus_gallolyticus",1,6.57503695170767e-07,7.8900443420492e-06,"SRR14919240","Species","Detected in one sample"
"Streptococcus_pseudopneumoniae",1,6.57503695170767e-07,7.8900443420492e-06,"SRR14919240","Species","Detected in one sample"
"Actinobacillus_indolicus",1,6.57503695170767e-07,7.8900443420492e-06,"SRR14919240","Species","Detected in one sample"
"Vagococcus_salmoninarum",1,6.57503695170767e-07,7.8900443420492e-06,"SRR14919240","Species","Detected in one sample"
"Actinobacillus_capsulatus",1,6.57503695170767e-07,7.8900443420492e-06,"SRR14919240","Species","Detected in one sample"
"Chryseobacterium_soldanellicola",1,6.57503695170767e-07,7.8900443420492e-06,"SRR14919240","Species","Detected in one sample"
"Aciditerrimonas_ferrireducens",1,6.57503695170767e-07,7.8900443420492e-06,"SRR14919240","Species","Detected in one sample"
"Erysipelothrix_muris",2,6.53264186902943e-07,4.5000045000045e-06,"SRR14919235","Species","Detected in multiple samples"
"Brenneria_nigrifluens",2,6.53264186902943e-07,4.5000045000045e-06,"SRR14919235","Species","Detected in multiple samples"
"Brochothrix_campestris",2,6.53264186902943e-07,4.5000045000045e-06,"SRR14919235","Species","Detected in multiple samples"
"Bacillus_alkalitelluris",2,6.52596192035742e-07,3.98500045827505e-06,"SRR14919244","Species","Detected in multiple samples"
"Plesiomonas_shigelloides",2,6.52596192035742e-07,3.98500045827505e-06,"SRR14919244","Species","Detected in multiple samples"
"Borrelia_crocidurae",2,6.52596192035742e-07,3.98500045827505e-06,"SRR14919244","Species","Detected in multiple samples"
"Sinosporangium_album",2,6.52596192035742e-07,3.98500045827505e-06,"SRR14919244","Species","Detected in multiple samples"
"Myroides_phaeus",2,6.52596192035742e-07,3.98500045827505e-06,"SRR14919244","Species","Detected in multiple samples"
"Desulfotomaculum_thermobenzoicum",2,6.52596192035742e-07,3.98500045827505e-06,"SRR14919244","Species","Detected in multiple samples"
"Hydrocoleum_lyngbyaceum",2,6.52596192035742e-07,3.98500045827505e-06,"SRR14919244","Species","Detected in multiple samples"
"Hyphomonas_jannaschiana",2,6.52596192035742e-07,3.98500045827505e-06,"SRR14919244","Species","Detected in multiple samples"
"Mycobacterium_paraffinicum",2,6.51622708212725e-07,4.21164350964677e-06,"SRR14919238","Species","Detected in multiple samples"
"Methanomicrobium_mobile",2,6.51622708212725e-07,4.21164350964677e-06,"SRR14919238","Species","Detected in multiple samples"
"Halolamina_pelagica",2,6.51622708212725e-07,4.21164350964677e-06,"SRR14919238","Species","Detected in multiple samples"
"Neoptilota_densa",2,6.51622708212725e-07,4.21164350964677e-06,"SRR14919238","Species","Detected in multiple samples"
"Paenibacillus_stellifer",2,6.51622708212725e-07,4.21164350964677e-06,"SRR14919238","Species","Detected in multiple samples"
"Marivirga_sericea",2,6.51622708212725e-07,4.21164350964677e-06,"SRR14919238","Species","Detected in multiple samples"
"Aristoptilon_mooreanum",2,6.51622708212725e-07,4.21164350964677e-06,"SRR14919238","Species","Detected in multiple samples"
"Lactobacillus_kefiranofaciens",2,6.51622708212725e-07,4.21164350964677e-06,"SRR14919238","Species","Detected in multiple samples"
"Burkholderia_caledonica",2,6.49264668098204e-07,3.9450221710246e-06,"SRR14919240","Species","Detected in multiple samples"
"Thermodesulfobacterium_geofontis",2,6.49264668098204e-07,3.9450221710246e-06,"SRR14919240","Species","Detected in multiple samples"
"Shewanella_haliotis",2,6.49264668098204e-07,3.9450221710246e-06,"SRR14919240","Species","Detected in multiple samples"
"Lewinella_antarctica",2,6.49264668098204e-07,3.9450221710246e-06,"SRR14919240","Species","Detected in multiple samples"
"Roseomonas_ludipueritiae",2,6.49264668098204e-07,3.9450221710246e-06,"SRR14919240","Species","Detected in multiple samples"
"Asaccharobacter_celatus",2,6.49264668098204e-07,3.9450221710246e-06,"SRR14919240","Species","Detected in multiple samples"
"Chroococcidiopsis_cubana",2,6.49264668098204e-07,3.9450221710246e-06,"SRR14919240","Species","Detected in multiple samples"
"Methanoculleus_receptaculi",2,6.49264668098204e-07,3.9450221710246e-06,"SRR14919240","Species","Detected in multiple samples"
"Deferribacter_abyssi",2,6.48548686989925e-07,4.17475525497318e-06,"SRR14919245","Species","Detected in multiple samples"
"Olivibacter_jilunii",2,6.48548686989925e-07,4.17475525497318e-06,"SRR14919245","Species","Detected in multiple samples"
"Pontibacter_xinjiangensis",2,6.48548686989925e-07,4.17475525497318e-06,"SRR14919245","Species","Detected in multiple samples"
"Herbaspirillum_huttiense",2,6.48548686989925e-07,4.17475525497318e-06,"SRR14919245","Species","Detected in multiple samples"
"Arcobacter_cibarius",2,6.48548686989925e-07,4.17475525497318e-06,"SRR14919245","Species","Detected in multiple samples"
"Microbacterium_arthrosphaerae",2,6.48548686989925e-07,4.17475525497318e-06,"SRR14919245","Species","Detected in multiple samples"
"Sphaerospermopsis_reniformis",2,6.48548686989925e-07,4.17475525497318e-06,"SRR14919245","Species","Detected in multiple samples"
"Lysinibacillus_sinduriensis",2,6.48548686989925e-07,4.17475525497318e-06,"SRR14919245","Species","Detected in multiple samples"
"Terribacillus_aidingensis",1,6.41025641025641e-07,7.69230769230769e-06,"SRR14919243","Species","Detected in one sample"
"Aquimarina_latercula",1,6.41025641025641e-07,7.69230769230769e-06,"SRR14919243","Species","Detected in one sample"
"Eubacterium_barkeri",1,6.41025641025641e-07,7.69230769230769e-06,"SRR14919243","Species","Detected in one sample"
"Hyphomonas_johnsonii",1,6.41025641025641e-07,7.69230769230769e-06,"SRR14919243","Species","Detected in one sample"
"Constrictibacter_antarcticus",1,6.41025641025641e-07,7.69230769230769e-06,"SRR14919243","Species","Detected in one sample"
"Methylosarcina_quisquiliarum",1,6.41025641025641e-07,7.69230769230769e-06,"SRR14919243","Species","Detected in one sample"
"Cohnella_thermotolerans",1,6.41025641025641e-07,7.69230769230769e-06,"SRR14919243","Species","Detected in one sample"
"Pasteurella_mairii",2,6.32735787265082e-07,3.98500045827505e-06,"SRR14919244","Species","Detected in multiple samples"
"Nocardioides_ganghwensis",2,6.32735787265082e-07,3.98500045827505e-06,"SRR14919244","Species","Detected in multiple samples"
"Chryseobacterium_marinum",2,6.32735787265082e-07,3.98500045827505e-06,"SRR14919244","Species","Detected in multiple samples"
"Sulfurihydrogenibium_subterraneum",2,6.32735787265082e-07,3.98500045827505e-06,"SRR14919244","Species","Detected in multiple samples"
"Bacillus_altitudinis",2,6.32735787265082e-07,3.98500045827505e-06,"SRR14919244","Species","Detected in multiple samples"
"Telmatobacter_bradus",2,6.32735787265082e-07,3.98500045827505e-06,"SRR14919244","Species","Detected in multiple samples"
"Actinomyces_hominis",2,6.32735787265082e-07,3.98500045827505e-06,"SRR14919244","Species","Detected in multiple samples"
"Chitinophaga_sancti",2,6.32735787265082e-07,3.98500045827505e-06,"SRR14919244","Species","Detected in multiple samples"
"Flavobacterium_frigoris",2,6.32735787265082e-07,3.98500045827505e-06,"SRR14919244","Species","Detected in multiple samples"
"Borrelia_turdi",2,6.32735787265082e-07,3.98500045827505e-06,"SRR14919244","Species","Detected in multiple samples"
"Ferrimonas_senticii",2,6.29404263327544e-07,3.9450221710246e-06,"SRR14919240","Species","Detected in multiple samples"
"Bacillus_farraginis",2,6.29404263327544e-07,3.9450221710246e-06,"SRR14919240","Species","Detected in multiple samples"
"Clostridium_caminithermale",2,6.29404263327544e-07,3.9450221710246e-06,"SRR14919240","Species","Detected in multiple samples"
"Pedobacter_ginsengisoli",2,6.29404263327544e-07,3.9450221710246e-06,"SRR14919240","Species","Detected in multiple samples"
"Smithella_propionica",2,6.29404263327544e-07,3.9450221710246e-06,"SRR14919240","Species","Detected in multiple samples"
"Jonquetella_anthropi",2,6.29404263327544e-07,3.9450221710246e-06,"SRR14919240","Species","Detected in multiple samples"
"Euglena_deses",2,6.29404263327544e-07,3.9450221710246e-06,"SRR14919240","Species","Detected in multiple samples"
"Amorphus_coralli",2,6.29234104373132e-07,4.21164350964677e-06,"SRR14919238","Species","Detected in multiple samples"
"Pseudomonas_baetica",2,6.29234104373132e-07,4.21164350964677e-06,"SRR14919238","Species","Detected in multiple samples"
"Carnobacterium_mobile",2,6.29234104373132e-07,4.21164350964677e-06,"SRR14919238","Species","Detected in multiple samples"
"Microbacterium_phyllosphaerae",2,6.29234104373132e-07,4.21164350964677e-06,"SRR14919238","Species","Detected in multiple samples"
"Mycoplasma_indiense",2,6.29234104373132e-07,4.21164350964677e-06,"SRR14919238","Species","Detected in multiple samples"
"Hyphomicrobium_vulgare",2,6.29234104373132e-07,4.21164350964677e-06,"SRR14919238","Species","Detected in multiple samples"
"Caldithrix_abyssi",2,6.29234104373132e-07,4.21164350964677e-06,"SRR14919238","Species","Detected in multiple samples"
"Brachyspira_muridarum",2,6.26160083150332e-07,4.17475525497318e-06,"SRR14919245","Species","Detected in multiple samples"
"Thioalkalispira_microaerophila",2,6.26160083150332e-07,4.17475525497318e-06,"SRR14919245","Species","Detected in multiple samples"
"Brachybacterium_fresconis",2,6.26160083150332e-07,4.17475525497318e-06,"SRR14919245","Species","Detected in multiple samples"
"Kingella_kingae",2,6.26160083150332e-07,4.17475525497318e-06,"SRR14919245","Species","Detected in multiple samples"
"Mucilaginibacter_composti",2,6.25936366247728e-07,4.5000045000045e-06,"SRR14919235","Species","Detected in multiple samples"
"Clostridium_algidicarnis",2,6.25936366247728e-07,4.5000045000045e-06,"SRR14919235","Species","Detected in multiple samples"
"Pedobacter_aquatilis",2,6.25936366247728e-07,4.5000045000045e-06,"SRR14919235","Species","Detected in multiple samples"
"Roseivivax_sediminis",2,6.25936366247728e-07,4.5000045000045e-06,"SRR14919235","Species","Detected in multiple samples"
"Thermobispora_bispora",2,6.25936366247728e-07,4.5000045000045e-06,"SRR14919235","Species","Detected in multiple samples"
"Alicyclobacillus_pohliae",2,6.25936366247728e-07,4.5000045000045e-06,"SRR14919235","Species","Detected in multiple samples"
"Staphylococcus_haemolyticus",2,6.25936366247728e-07,4.5000045000045e-06,"SRR14919235","Species","Detected in multiple samples"
"Dichotomicrobium_thermohalophilum",2,6.25936366247728e-07,4.5000045000045e-06,"SRR14919235","Species","Detected in multiple samples"
"Petrobacter_succinatimandens",2,6.25936366247728e-07,4.5000045000045e-06,"SRR14919235","Species","Detected in multiple samples"
"Alkanibacter_difficilis",2,6.25936366247728e-07,4.5000045000045e-06,"SRR14919235","Species","Detected in multiple samples"
"Nevskia_terrae",2,6.21165236254981e-07,3.84615384615385e-06,"SRR14919243","Species","Detected in multiple samples"
"Desulfovibrio_aespoeensis",2,6.21165236254981e-07,3.84615384615385e-06,"SRR14919243","Species","Detected in multiple samples"
"Chlamydia_muridarum",2,6.21165236254981e-07,3.84615384615385e-06,"SRR14919243","Species","Detected in multiple samples"
"Weissella_beninensis",2,6.21165236254981e-07,3.84615384615385e-06,"SRR14919243","Species","Detected in multiple samples"
"Thorsellia_anophelis",2,6.21165236254981e-07,3.84615384615385e-06,"SRR14919243","Species","Detected in multiple samples"
"Spiroplasma_citri",2,6.21165236254981e-07,3.84615384615385e-06,"SRR14919243","Species","Detected in multiple samples"
"Pseudomonas_thermotolerans",2,6.21165236254981e-07,3.84615384615385e-06,"SRR14919243","Species","Detected in multiple samples"
"Thiomicrospira_frisia",2,6.21165236254981e-07,3.84615384615385e-06,"SRR14919243","Species","Detected in multiple samples"
"Anoxybacillus_toebii",2,6.10347183425489e-07,3.98500045827505e-06,"SRR14919244","Species","Detected in multiple samples"
"Weissella_minor",2,6.10347183425489e-07,3.98500045827505e-06,"SRR14919244","Species","Detected in multiple samples"
"Pandoraea_apista",2,6.10347183425489e-07,3.98500045827505e-06,"SRR14919244","Species","Detected in multiple samples"
"Nocardia_seriolae",2,6.10347183425489e-07,3.98500045827505e-06,"SRR14919244","Species","Detected in multiple samples"
"Chromohalobacter_canadensis",2,6.10347183425489e-07,3.98500045827505e-06,"SRR14919244","Species","Detected in multiple samples"
"Methylosinus_sporium",2,6.07015659487951e-07,3.9450221710246e-06,"SRR14919240","Species","Detected in multiple samples"
"Desulfobacter_halotolerans",2,6.07015659487951e-07,3.9450221710246e-06,"SRR14919240","Species","Detected in multiple samples"
"Rothia_dentocariosa",2,6.07015659487951e-07,3.9450221710246e-06,"SRR14919240","Species","Detected in multiple samples"
"Staphylococcus_equorum",2,6.07015659487951e-07,3.9450221710246e-06,"SRR14919240","Species","Detected in multiple samples"
"Halorhodospira_abdelmalekii",2,6.07015659487951e-07,3.9450221710246e-06,"SRR14919240","Species","Detected in multiple samples"
"Fucophilus_fucoidanolyticus",2,6.07015659487951e-07,3.9450221710246e-06,"SRR14919240","Species","Detected in multiple samples"
"Caldanaerobacter_subterraneus",2,6.07015659487951e-07,3.9450221710246e-06,"SRR14919240","Species","Detected in multiple samples"
"Starria_zimbabweensis",2,6.07015659487951e-07,3.9450221710246e-06,"SRR14919240","Species","Detected in multiple samples"
"Lewinella_nigricans",2,6.07015659487951e-07,3.9450221710246e-06,"SRR14919240","Species","Detected in multiple samples"
"Algoriphagus_chungangensis",2,6.07015659487951e-07,3.9450221710246e-06,"SRR14919240","Species","Detected in multiple samples"
"Mucilaginibacter_lappiensis",2,6.07015659487951e-07,3.9450221710246e-06,"SRR14919240","Species","Detected in multiple samples"
"Desulfosoma_profundi",2,6.01906283717917e-07,4.21164350964677e-06,"SRR14919238","Species","Detected in multiple samples"
"Vitreoscilla_stercoraria",2,6.01906283717917e-07,4.21164350964677e-06,"SRR14919238","Species","Detected in multiple samples"
"Thermosipho_ferriphilus",2,6.01906283717917e-07,4.21164350964677e-06,"SRR14919238","Species","Detected in multiple samples"
"Clostridium_tepidiprofundi",2,6.01906283717917e-07,4.21164350964677e-06,"SRR14919238","Species","Detected in multiple samples"
"Anaerolinea_thermolimosa",2,6.01906283717917e-07,4.21164350964677e-06,"SRR14919238","Species","Detected in multiple samples"
"Desulfobacterium_corrodens",2,6.01906283717917e-07,4.21164350964677e-06,"SRR14919238","Species","Detected in multiple samples"
"Leptosira_terrestris",2,6.01906283717917e-07,4.21164350964677e-06,"SRR14919238","Species","Detected in multiple samples"
"Cupriavidus_basilensis",2,6.01906283717917e-07,4.21164350964677e-06,"SRR14919238","Species","Detected in multiple samples"
"Methanofollis_ethanolicus",2,6.01906283717917e-07,4.21164350964677e-06,"SRR14919238","Species","Detected in multiple samples"
"Pelistega_europaea",2,6.01906283717917e-07,4.21164350964677e-06,"SRR14919238","Species","Detected in multiple samples"
"Granulicatella_para-adiacens",2,6.01906283717917e-07,4.21164350964677e-06,"SRR14919238","Species","Detected in multiple samples"
"Natronincola_peptidivorans",2,6.01906283717917e-07,4.21164350964677e-06,"SRR14919238","Species","Detected in multiple samples"
"Leptolyngbya_frigida",2,6.01906283717917e-07,4.21164350964677e-06,"SRR14919238","Species","Detected in multiple samples"
"Haloarcula_vallismortis",2,6.01906283717917e-07,4.21164350964677e-06,"SRR14919238","Species","Detected in multiple samples"
"Arthrobacter_uratoxydans",1,6.01304831484321e-07,7.21565797781185e-06,"SRR14919242","Species","Detected in one sample"
"Paenibacillus_granivorans",1,6.01304831484321e-07,7.21565797781185e-06,"SRR14919242","Species","Detected in one sample"
"Nitrospira_japonica",1,6.01304831484321e-07,7.21565797781185e-06,"SRR14919242","Species","Detected in one sample"
"Streptomyces_fimbriatus",1,6.01304831484321e-07,7.21565797781185e-06,"SRR14919242","Species","Detected in one sample"
"Clostridium_magnum",1,6.01304831484321e-07,7.21565797781185e-06,"SRR14919242","Species","Detected in one sample"
"Bacillus_methylotrophicus",2,5.98832262495117e-07,4.17475525497318e-06,"SRR14919245","Species","Detected in multiple samples"
"Natronobacterium_texcoconense",2,5.98832262495117e-07,4.17475525497318e-06,"SRR14919245","Species","Detected in multiple samples"
"Erythrobacter_jejuensis",2,5.98832262495117e-07,4.17475525497318e-06,"SRR14919245","Species","Detected in multiple samples"
"Rhodobacter_sphaeroides",2,5.98832262495117e-07,4.17475525497318e-06,"SRR14919245","Species","Detected in multiple samples"
"Desulfopila_inferna",2,5.98832262495117e-07,4.17475525497318e-06,"SRR14919245","Species","Detected in multiple samples"
"Imtechium_assamiensis",2,5.98832262495117e-07,4.17475525497318e-06,"SRR14919245","Species","Detected in multiple samples"
"Halosimplex_carlsbadense",2,5.98832262495117e-07,4.17475525497318e-06,"SRR14919245","Species","Detected in multiple samples"
"Cohnella_thailandensis",2,5.98832262495117e-07,4.17475525497318e-06,"SRR14919245","Species","Detected in multiple samples"
"Desulfosporosinus_auripigmenti",2,5.98776632415388e-07,3.84615384615385e-06,"SRR14919243","Species","Detected in multiple samples"
"Thermosipho_africanus",2,5.98776632415388e-07,3.84615384615385e-06,"SRR14919243","Species","Detected in multiple samples"
"Tetragenococcus_koreensis",2,5.98776632415388e-07,3.84615384615385e-06,"SRR14919243","Species","Detected in multiple samples"
"Paenibacillus_apiarius",2,5.98776632415388e-07,3.84615384615385e-06,"SRR14919243","Species","Detected in multiple samples"
"Aminivibrio_pyruvatiphilus",2,5.83019362770274e-07,3.98500045827505e-06,"SRR14919244","Species","Detected in multiple samples"
"Streptomyces_parvus",2,5.83019362770274e-07,3.98500045827505e-06,"SRR14919244","Species","Detected in multiple samples"
"Haemophilus_aegyptius",2,5.83019362770274e-07,3.98500045827505e-06,"SRR14919244","Species","Detected in multiple samples"
"Brevibacillus_borstelensis",2,5.83019362770274e-07,3.98500045827505e-06,"SRR14919244","Species","Detected in multiple samples"
"Prevotella_aurantiaca",2,5.83019362770274e-07,3.98500045827505e-06,"SRR14919244","Species","Detected in multiple samples"
"Fusobacterium_naviforme",2,5.83019362770274e-07,3.98500045827505e-06,"SRR14919244","Species","Detected in multiple samples"
"Escherichia/Shigella_fergusonii",2,5.83019362770274e-07,3.98500045827505e-06,"SRR14919244","Species","Detected in multiple samples"
"Pyrococcus_woesei",2,5.83019362770274e-07,3.98500045827505e-06,"SRR14919244","Species","Detected in multiple samples"
"Marinobacterium_georgiense",2,5.83019362770274e-07,3.98500045827505e-06,"SRR14919244","Species","Detected in multiple samples"
"Erythrobacter_aquimaris",2,5.83019362770274e-07,3.98500045827505e-06,"SRR14919244","Species","Detected in multiple samples"
"Dolichospermum_affine",2,5.83019362770274e-07,3.98500045827505e-06,"SRR14919244","Species","Detected in multiple samples"
"Pasteurella_bettyae",2,5.83019362770274e-07,3.98500045827505e-06,"SRR14919244","Species","Detected in multiple samples"
"Methanobrevibacter_woesei",2,5.83019362770274e-07,3.98500045827505e-06,"SRR14919244","Species","Detected in multiple samples"
"Thermosinus_carboxydivorans",2,5.83019362770274e-07,3.98500045827505e-06,"SRR14919244","Species","Detected in multiple samples"
"Natronorubrum_sulfidifaciens",2,5.83019362770274e-07,3.98500045827505e-06,"SRR14919244","Species","Detected in multiple samples"
"Pseudoalteromonas_rubra",2,5.79687838832736e-07,3.9450221710246e-06,"SRR14919240","Species","Detected in multiple samples"
"Diatoma_tenuis",2,5.79687838832736e-07,3.9450221710246e-06,"SRR14919240","Species","Detected in multiple samples"
"Desulfohalobium_retbaense",2,5.79687838832736e-07,3.9450221710246e-06,"SRR14919240","Species","Detected in multiple samples"
"Sulfurospirillum_cavolei",2,5.79687838832736e-07,3.9450221710246e-06,"SRR14919240","Species","Detected in multiple samples"
"Listeria_innocua",2,5.79687838832736e-07,3.9450221710246e-06,"SRR14919240","Species","Detected in multiple samples"
"Planomicrobium_chinense",2,5.79687838832736e-07,3.9450221710246e-06,"SRR14919240","Species","Detected in multiple samples"
"Pseudomonas_oryzihabitans",2,5.79687838832736e-07,3.9450221710246e-06,"SRR14919240","Species","Detected in multiple samples"
"Bacillus_safensis",2,5.79687838832736e-07,3.9450221710246e-06,"SRR14919240","Species","Detected in multiple samples"
"Ureibacillus_suwonensis",2,5.79687838832736e-07,3.9450221710246e-06,"SRR14919240","Species","Detected in multiple samples"
"Algoriphagus_ratkowskyi",2,5.79687838832736e-07,3.9450221710246e-06,"SRR14919240","Species","Detected in multiple samples"
"Desulfatibacillum_alkenivorans",2,5.79687838832736e-07,3.9450221710246e-06,"SRR14919240","Species","Detected in multiple samples"
"Salinibacter_ruber",2,5.78916227644728e-07,3.60782898890593e-06,"SRR14919242","Species","Detected in multiple samples"
"Desulfovibrio_tunisiensis",2,5.78916227644728e-07,3.60782898890593e-06,"SRR14919242","Species","Detected in multiple samples"
"Alicyclobacillus_acidocaldarius",2,5.78916227644728e-07,3.60782898890593e-06,"SRR14919242","Species","Detected in multiple samples"
"Arcobacter_venerupis",2,5.78916227644728e-07,3.60782898890593e-06,"SRR14919242","Species","Detected in multiple samples"
"Spirosoma_rigui",2,5.78916227644728e-07,3.60782898890593e-06,"SRR14919242","Species","Detected in multiple samples"
"Isochromatium_buderi",2,5.78916227644728e-07,3.60782898890593e-06,"SRR14919242","Species","Detected in multiple samples"
"Aquicella_siphonis",2,5.78916227644728e-07,3.60782898890593e-06,"SRR14919242","Species","Detected in multiple samples"
"Pusillimonas_noertemannii",2,5.71448811760173e-07,3.84615384615385e-06,"SRR14919243","Species","Detected in multiple samples"
"Methylocaldum_gracile",2,5.71448811760173e-07,3.84615384615385e-06,"SRR14919243","Species","Detected in multiple samples"
"Dinophysis_acuminata",2,5.71448811760173e-07,3.84615384615385e-06,"SRR14919243","Species","Detected in multiple samples"
"Nitrosomonas_cryotolerans",2,5.71448811760173e-07,3.84615384615385e-06,"SRR14919243","Species","Detected in multiple samples"
"Cellulosimicrobium_cellulans",2,5.71448811760173e-07,3.84615384615385e-06,"SRR14919243","Species","Detected in multiple samples"
"Syntrophus_aciditrophicus",1,5.56527623805135e-07,6.67833148566162e-06,"SRR14919241","Species","Detected in one sample"
"Prochlorococcus_marinus",1,5.56527623805135e-07,6.67833148566162e-06,"SRR14919241","Species","Detected in one sample"
"Alcanivorax_indicus",1,5.56527623805135e-07,6.67833148566162e-06,"SRR14919241","Species","Detected in one sample"
"Listeria_fleischmannii",1,5.56527623805135e-07,6.67833148566162e-06,"SRR14919241","Species","Detected in one sample"
"Bifidobacterium_simiae",1,5.56527623805135e-07,6.67833148566162e-06,"SRR14919241","Species","Detected in one sample"
"Desulfobacterium_anilini",2,5.51588406989513e-07,3.60782898890593e-06,"SRR14919242","Species","Detected in multiple samples"
"Halobiforma_lacisalsi",2,5.51588406989513e-07,3.60782898890593e-06,"SRR14919242","Species","Detected in multiple samples"
"Kitasatospora_niigatensis",2,5.51588406989513e-07,3.60782898890593e-06,"SRR14919242","Species","Detected in multiple samples"
"Ekhidna_lutea",2,5.51588406989513e-07,3.60782898890593e-06,"SRR14919242","Species","Detected in multiple samples"
"Hydrogenophilus_islandicus",2,5.51588406989513e-07,3.60782898890593e-06,"SRR14919242","Species","Detected in multiple samples"
"Geomicrobium_halophilum",2,5.51588406989513e-07,3.60782898890593e-06,"SRR14919242","Species","Detected in multiple samples"
"Halococcus_thailandensis",2,5.51588406989513e-07,3.60782898890593e-06,"SRR14919242","Species","Detected in multiple samples"
"Aeribacillus_pallidus",2,5.51588406989513e-07,3.60782898890593e-06,"SRR14919242","Species","Detected in multiple samples"
"Sinorhizobium_kummerowiae",2,5.51588406989513e-07,3.60782898890593e-06,"SRR14919242","Species","Detected in multiple samples"
"Halomonas_jeotgali",2,5.51588406989513e-07,3.60782898890593e-06,"SRR14919242","Species","Detected in multiple samples"
"Glycomyces_endophyticus",2,5.51588406989513e-07,3.60782898890593e-06,"SRR14919242","Species","Detected in multiple samples"
"Paenibacillus_ginsengihumi",2,5.51588406989513e-07,3.60782898890593e-06,"SRR14919242","Species","Detected in multiple samples"
"Halorientalis_regularis",2,5.51588406989513e-07,3.60782898890593e-06,"SRR14919242","Species","Detected in multiple samples"
"Bacillus_panaciterrae",2,5.51588406989513e-07,3.60782898890593e-06,"SRR14919242","Species","Detected in multiple samples"
"Modestobacter_multiseptatus",2,5.51588406989513e-07,3.60782898890593e-06,"SRR14919242","Species","Detected in multiple samples"
"Gemella_morbillorum",2,5.51588406989513e-07,3.60782898890593e-06,"SRR14919242","Species","Detected in multiple samples"
"Ammonifex_thiophilus",2,5.51588406989513e-07,3.60782898890593e-06,"SRR14919242","Species","Detected in multiple samples"
"Thermosipho_melanesiensis",2,5.51588406989513e-07,3.60782898890593e-06,"SRR14919242","Species","Detected in multiple samples"
"Salisaeta_longa",2,5.51588406989513e-07,3.60782898890593e-06,"SRR14919242","Species","Detected in multiple samples"
"Sulfitobacter_guttiformis",1,5.33381124282069e-07,6.40057349138483e-06,"SRR14919237","Species","Detected in one sample"
"Oerskovia_jenensis",1,5.33381124282069e-07,6.40057349138483e-06,"SRR14919237","Species","Detected in one sample"
"Prosthecobacter_fluviatilis",1,5.33381124282069e-07,6.40057349138483e-06,"SRR14919237","Species","Detected in one sample"
"Rubritalea_marina",1,5.33381124282069e-07,6.40057349138483e-06,"SRR14919237","Species","Detected in one sample"
"Halomonas_elongata",1,5.33381124282069e-07,6.40057349138483e-06,"SRR14919237","Species","Detected in one sample"
"Corynebacterium_simulans",1,5.33381124282069e-07,6.40057349138483e-06,"SRR14919237","Species","Detected in one sample"
"Muricauda_lutimaris",1,5.33381124282069e-07,6.40057349138483e-06,"SRR14919237","Species","Detected in one sample"
"Lentzea_albida",1,5.33381124282069e-07,6.40057349138483e-06,"SRR14919237","Species","Detected in one sample"
"Dictyoglomus_thermophilum",1,5.33381124282069e-07,6.40057349138483e-06,"SRR14919237","Species","Detected in one sample"
"Meiothermus_ruber",1,5.33381124282069e-07,6.40057349138483e-06,"SRR14919237","Species","Detected in one sample"
"Streptomyces_variabilis",1,5.33381124282069e-07,6.40057349138483e-06,"SRR14919237","Species","Detected in one sample"
"Halolactibacillus_miurensis",1,5.33381124282069e-07,6.40057349138483e-06,"SRR14919237","Species","Detected in one sample"
"Ignicoccus_islandicus",1,5.33381124282069e-07,6.40057349138483e-06,"SRR14919237","Species","Detected in one sample"
"Thermus_aquaticus",1,5.33381124282069e-07,6.40057349138483e-06,"SRR14919237","Species","Detected in one sample"
"Balneatrix_alpica",1,5.33381124282069e-07,6.40057349138483e-06,"SRR14919237","Species","Detected in one sample"
"Staphylococcus_cohnii",1,5.33381124282069e-07,6.40057349138483e-06,"SRR14919237","Species","Detected in one sample"
"Murinocardiopsis_flavida",1,5.33381124282069e-07,6.40057349138483e-06,"SRR14919237","Species","Detected in one sample"
"Halotalea_alkalilenta",1,5.33381124282069e-07,6.40057349138483e-06,"SRR14919237","Species","Detected in one sample"
"Brevundimonas_aurantiaca",1,5.33381124282069e-07,6.40057349138483e-06,"SRR14919237","Species","Detected in one sample"
"Microbacterium_oleivorans",1,5.33381124282069e-07,6.40057349138483e-06,"SRR14919237","Species","Detected in one sample"
"Bacillus_chagannorensis",1,5.33381124282069e-07,6.40057349138483e-06,"SRR14919237","Species","Detected in one sample"
"Spirochaeta_bajacaliforniensis",1,5.33381124282069e-07,6.40057349138483e-06,"SRR14919237","Species","Detected in one sample"
"Alloiococcus_otitis",1,5.33381124282069e-07,6.40057349138483e-06,"SRR14919237","Species","Detected in one sample"
"Ehrlichia_canis",1,5.33381124282069e-07,6.40057349138483e-06,"SRR14919237","Species","Detected in one sample"
"Entomoplasma_lucivorax",1,5.33381124282069e-07,6.40057349138483e-06,"SRR14919237","Species","Detected in one sample"
"Maribacter_polysiphoniae",1,5.33381124282069e-07,6.40057349138483e-06,"SRR14919237","Species","Detected in one sample"
"Clostridium_aminovorans",1,5.33381124282069e-07,6.40057349138483e-06,"SRR14919237","Species","Detected in one sample"
"Rhizobium_tropici",1,5.33381124282069e-07,6.40057349138483e-06,"SRR14919237","Species","Detected in one sample"
"Malonomonas_rubra",1,5.33381124282069e-07,6.40057349138483e-06,"SRR14919237","Species","Detected in one sample"
"Methylobacterium_populi",1,5.33381124282069e-07,6.40057349138483e-06,"SRR14919237","Species","Detected in one sample"
"Pseudomonas_indica",1,5.33381124282069e-07,6.40057349138483e-06,"SRR14919237","Species","Detected in one sample"
"Tamlana_agarivorans",1,5.33381124282069e-07,6.40057349138483e-06,"SRR14919237","Species","Detected in one sample"
"Nocardia_asteroides",1,5.33381124282069e-07,6.40057349138483e-06,"SRR14919237","Species","Detected in one sample"
"Pediococcus_inopinatus",1,5.33381124282069e-07,6.40057349138483e-06,"SRR14919237","Species","Detected in one sample"
"Devosia_hwasunensis",1,5.33381124282069e-07,6.40057349138483e-06,"SRR14919237","Species","Detected in one sample"
"Streptomyces_atriruber",1,5.33381124282069e-07,6.40057349138483e-06,"SRR14919237","Species","Detected in one sample"
"Alkalibacillus_flavidus",1,5.33381124282069e-07,6.40057349138483e-06,"SRR14919237","Species","Detected in one sample"
"Microchaete_grisea",1,5.33381124282069e-07,6.40057349138483e-06,"SRR14919237","Species","Detected in one sample"
"Oceanospirillum_linum",1,5.33381124282069e-07,6.40057349138483e-06,"SRR14919237","Species","Detected in one sample"
"Thermotoga_thermarum",1,5.33381124282069e-07,6.40057349138483e-06,"SRR14919237","Species","Detected in one sample"
"Melittangium_alboraceum",1,5.33381124282069e-07,6.40057349138483e-06,"SRR14919237","Species","Detected in one sample"
"Granulicella_paludicola",1,5.33381124282069e-07,6.40057349138483e-06,"SRR14919237","Species","Detected in one sample"
"Helicobacter_felis",1,5.33381124282069e-07,6.40057349138483e-06,"SRR14919237","Species","Detected in one sample"
"Mycoplasma_hyosynoviae",1,5.33381124282069e-07,6.40057349138483e-06,"SRR14919237","Species","Detected in one sample"
"Kaistella_flava",1,5.33381124282069e-07,6.40057349138483e-06,"SRR14919237","Species","Detected in one sample"
"Desulfocapsa_sulfexigens",1,5.33381124282069e-07,6.40057349138483e-06,"SRR14919237","Species","Detected in one sample"
"Necropsobacter_rosorum",1,5.33381124282069e-07,6.40057349138483e-06,"SRR14919237","Species","Detected in one sample"
"Microbispora_siamensis",1,5.33381124282069e-07,6.40057349138483e-06,"SRR14919237","Species","Detected in one sample"
"Desulfuromusa_ferrireducens",1,5.33381124282069e-07,6.40057349138483e-06,"SRR14919237","Species","Detected in one sample"
"Ruminobacillus_xylanolyticum",1,5.33381124282069e-07,6.40057349138483e-06,"SRR14919237","Species","Detected in one sample"
"Arcicella_rosea",1,5.33381124282069e-07,6.40057349138483e-06,"SRR14919237","Species","Detected in one sample"
"Cryptosporangium_aurantiacum",1,5.33381124282069e-07,6.40057349138483e-06,"SRR14919237","Species","Detected in one sample"
"Desulfobacca_acetoxidans",1,5.33381124282069e-07,6.40057349138483e-06,"SRR14919237","Species","Detected in one sample"
"Citrobacter_youngae",1,5.33381124282069e-07,6.40057349138483e-06,"SRR14919237","Species","Detected in one sample"
"Brevibacillus_levickii",1,5.33381124282069e-07,6.40057349138483e-06,"SRR14919237","Species","Detected in one sample"
"Terriglobus_roseus",1,5.33381124282069e-07,6.40057349138483e-06,"SRR14919237","Species","Detected in one sample"
"Paracoccus_chinensis",1,5.33381124282069e-07,6.40057349138483e-06,"SRR14919237","Species","Detected in one sample"
"Magnetospirillum_gryphiswaldense",1,5.33381124282069e-07,6.40057349138483e-06,"SRR14919237","Species","Detected in one sample"
"Pterocladiella_capillacea",1,5.33381124282069e-07,6.40057349138483e-06,"SRR14919237","Species","Detected in one sample"
"Tindallia_magadiensis",1,5.33381124282069e-07,6.40057349138483e-06,"SRR14919237","Species","Detected in one sample"
"Shewanella_algidipiscicola",1,5.33381124282069e-07,6.40057349138483e-06,"SRR14919237","Species","Detected in one sample"
"Halomonas_halocynthiae",1,5.33381124282069e-07,6.40057349138483e-06,"SRR14919237","Species","Detected in one sample"
"Sphingomicrobium_astaxanthinifaciens",1,5.33381124282069e-07,6.40057349138483e-06,"SRR14919237","Species","Detected in one sample"
"Rivularia_atra",1,5.33381124282069e-07,6.40057349138483e-06,"SRR14919237","Species","Detected in one sample"
"Pediococcus_stilesii",1,5.33381124282069e-07,6.40057349138483e-06,"SRR14919237","Species","Detected in one sample"
"Desulfovibrio_piezophilus",1,5.33381124282069e-07,6.40057349138483e-06,"SRR14919237","Species","Detected in one sample"
"Chryseobacterium_daeguense",1,5.33381124282069e-07,6.40057349138483e-06,"SRR14919237","Species","Detected in one sample"
"Prosthecobacter_vanneervenii",1,5.33381124282069e-07,6.40057349138483e-06,"SRR14919237","Species","Detected in one sample"
"Paracraurococcus_ruber",1,5.33381124282069e-07,6.40057349138483e-06,"SRR14919237","Species","Detected in one sample"
"Sulfurihydrogenibium_azorense",1,5.33381124282069e-07,6.40057349138483e-06,"SRR14919237","Species","Detected in one sample"
"Arthrobacter_pascens",1,5.33381124282069e-07,6.40057349138483e-06,"SRR14919237","Species","Detected in one sample"
"Methanocalculus_halotolerans",1,5.33381124282069e-07,6.40057349138483e-06,"SRR14919237","Species","Detected in one sample"
"Staphylothermus_hellenicus",1,5.33381124282069e-07,6.40057349138483e-06,"SRR14919237","Species","Detected in one sample"
"Pilimelia_terevasa",1,5.33381124282069e-07,6.40057349138483e-06,"SRR14919237","Species","Detected in one sample"
"Thermosipho_geolei",1,5.33381124282069e-07,6.40057349138483e-06,"SRR14919237","Species","Detected in one sample"
"Microbacterium_barkeri",1,5.33381124282069e-07,6.40057349138483e-06,"SRR14919237","Species","Detected in one sample"
"Haloterrigena_hispanica",1,5.33381124282069e-07,6.40057349138483e-06,"SRR14919237","Species","Detected in one sample"
"Desulfovibrio_africanus",1,5.33381124282069e-07,6.40057349138483e-06,"SRR14919237","Species","Detected in one sample"
"Streptosporangium_pseudovulgare",1,5.33381124282069e-07,6.40057349138483e-06,"SRR14919237","Species","Detected in one sample"
"Streptomyces_hypolithicus",1,5.33381124282069e-07,6.40057349138483e-06,"SRR14919237","Species","Detected in one sample"
"Aquicella_lusitana",1,5.33381124282069e-07,6.40057349138483e-06,"SRR14919237","Species","Detected in one sample"
"Paenibacillus_residui",1,5.33381124282069e-07,6.40057349138483e-06,"SRR14919237","Species","Detected in one sample"
"Streptococcus_lutetiensis",1,5.33381124282069e-07,6.40057349138483e-06,"SRR14919237","Species","Detected in one sample"
"Thermonema_rossianum",1,5.33381124282069e-07,6.40057349138483e-06,"SRR14919237","Species","Detected in one sample"
"Desulfobulbus_japonicus",1,5.33381124282069e-07,6.40057349138483e-06,"SRR14919237","Species","Detected in one sample"
"Afipia_broomeae",1,5.33381124282069e-07,6.40057349138483e-06,"SRR14919237","Species","Detected in one sample"
"Thalassospira_xiamenensis",1,5.33381124282069e-07,6.40057349138483e-06,"SRR14919237","Species","Detected in one sample"
"Vibrio_aestuarianus",1,5.33381124282069e-07,6.40057349138483e-06,"SRR14919237","Species","Detected in one sample"
"Oligella_ureolytica",1,5.33381124282069e-07,6.40057349138483e-06,"SRR14919237","Species","Detected in one sample"
"Chryseobacterium_gleum",1,5.33381124282069e-07,6.40057349138483e-06,"SRR14919237","Species","Detected in one sample"
"Desulfothermus_okinawensis",2,5.2919980314992e-07,3.33916574283081e-06,"SRR14919241","Species","Detected in multiple samples"
"Bacillus_circulans",2,5.2919980314992e-07,3.33916574283081e-06,"SRR14919241","Species","Detected in multiple samples"
"Stanieria_cyanosphaera",2,5.2919980314992e-07,3.33916574283081e-06,"SRR14919241","Species","Detected in multiple samples"
"Idiomarina_loihiensis",2,5.2919980314992e-07,3.33916574283081e-06,"SRR14919241","Species","Detected in multiple samples"
"Thiomonas_bhubaneswarensis",2,5.2919980314992e-07,3.33916574283081e-06,"SRR14919241","Species","Detected in multiple samples"
"Psychrobacter_fozii",2,5.2919980314992e-07,3.33916574283081e-06,"SRR14919241","Species","Detected in multiple samples"
"Yeosuana_aromativorans",2,5.2919980314992e-07,3.33916574283081e-06,"SRR14919241","Species","Detected in multiple samples"
"Lactobacillus_ceti",1,5.01871982494705e-07,6.02246378993646e-06,"SRR14919236","Species","Detected in one sample"
"Burkholderia_rhizoxinica",1,5.01871982494705e-07,6.02246378993646e-06,"SRR14919236","Species","Detected in one sample"
"Rubidimonas_crustatorum",1,5.01871982494705e-07,6.02246378993646e-06,"SRR14919236","Species","Detected in one sample"
"Mesoplasma_lactucae",1,5.01871982494705e-07,6.02246378993646e-06,"SRR14919236","Species","Detected in one sample"
"Psychrobacillus_psychrotolerans",1,5.01871982494705e-07,6.02246378993646e-06,"SRR14919236","Species","Detected in one sample"
"Shewanella_violacea",1,5.01871982494705e-07,6.02246378993646e-06,"SRR14919236","Species","Detected in one sample"
"Lactobacillus_paralimentarius",1,5.01871982494705e-07,6.02246378993646e-06,"SRR14919236","Species","Detected in one sample"
"Ferruginibacter_lapsinanis",1,5.01871982494705e-07,6.02246378993646e-06,"SRR14919236","Species","Detected in one sample"
"Planktothrix_pseudagardhii",1,5.01871982494705e-07,6.02246378993646e-06,"SRR14919236","Species","Detected in one sample"
"Ignatzschineria_indica",1,5.01871982494705e-07,6.02246378993646e-06,"SRR14919236","Species","Detected in one sample"
"Lactobacillus_hilgardii",1,5.01871982494705e-07,6.02246378993646e-06,"SRR14919236","Species","Detected in one sample"
"Cellulophaga_algicola",1,5.01871982494705e-07,6.02246378993646e-06,"SRR14919236","Species","Detected in one sample"
"Brachyspira_corvi",1,5.01871982494705e-07,6.02246378993646e-06,"SRR14919236","Species","Detected in one sample"
"Bacillus_kribbensis",1,5.01871982494705e-07,6.02246378993646e-06,"SRR14919236","Species","Detected in one sample"
"Leptospira_wolffii",1,5.01871982494705e-07,6.02246378993646e-06,"SRR14919236","Species","Detected in one sample"
"Simonsiella_muelleri",1,5.01871982494705e-07,6.02246378993646e-06,"SRR14919236","Species","Detected in one sample"
"Gracilibacillus_ureilyticus",1,4.15812172651867e-07,4.98974607182241e-06,"SRR14919239","Species","Detected in one sample"
"Methylomarinum_vadi",1,4.15812172651867e-07,4.98974607182241e-06,"SRR14919239","Species","Detected in one sample"
"Planobispora_rosea",1,4.15812172651867e-07,4.98974607182241e-06,"SRR14919239","Species","Detected in one sample"
"Bermanella_marisrubri",1,4.15812172651867e-07,4.98974607182241e-06,"SRR14919239","Species","Detected in one sample"
"Pelobacter_carbinolicus",1,4.15812172651867e-07,4.98974607182241e-06,"SRR14919239","Species","Detected in one sample"
"Flammeovirga_arenaria",1,4.15812172651867e-07,4.98974607182241e-06,"SRR14919239","Species","Detected in one sample"
"Hahella_ganghwensis",1,4.15812172651867e-07,4.98974607182241e-06,"SRR14919239","Species","Detected in one sample"
"Cocleimonas_flava",1,4.15812172651867e-07,4.98974607182241e-06,"SRR14919239","Species","Detected in one sample"
"Desulfacinum_infernum",1,4.15812172651867e-07,4.98974607182241e-06,"SRR14919239","Species","Detected in one sample"
"Lactobacillus_hokkaidonensis",1,4.15812172651867e-07,4.98974607182241e-06,"SRR14919239","Species","Detected in one sample"
"Sulfurovum_lithotrophicum",1,4.15812172651867e-07,4.98974607182241e-06,"SRR14919239","Species","Detected in one sample"
"Geobacillus_uzenensis",1,4.15812172651867e-07,4.98974607182241e-06,"SRR14919239","Species","Detected in one sample"
"Enterococcus_sulfureus",1,4.15812172651867e-07,4.98974607182241e-06,"SRR14919239","Species","Detected in one sample"
"Sporotomaculum_hydroxybenzoicum",1,4.15812172651867e-07,4.98974607182241e-06,"SRR14919239","Species","Detected in one sample"
"Tissierella_creatinophila",1,4.15812172651867e-07,4.98974607182241e-06,"SRR14919239","Species","Detected in one sample"
"Lysinibacillus_composti",1,4.15812172651867e-07,4.98974607182241e-06,"SRR14919239","Species","Detected in one sample"
"Maribacter_chungangensis",1,4.15812172651867e-07,4.98974607182241e-06,"SRR14919239","Species","Detected in one sample"
"Blastochloris_sulfoviridis",1,4.15812172651867e-07,4.98974607182241e-06,"SRR14919239","Species","Detected in one sample"
"Nocardia_anaemiae",1,4.15812172651867e-07,4.98974607182241e-06,"SRR14919239","Species","Detected in one sample"
"Aetherobacter_fasciculatus",1,4.15812172651867e-07,4.98974607182241e-06,"SRR14919239","Species","Detected in one sample"
"Streptococcus_caballi",1,4.15812172651867e-07,4.98974607182241e-06,"SRR14919239","Species","Detected in one sample"
"Vibrio_lentus",1,4.15812172651867e-07,4.98974607182241e-06,"SRR14919239","Species","Detected in one sample"
"Acetobacter_malorum",1,4.15812172651867e-07,4.98974607182241e-06,"SRR14919239","Species","Detected in one sample"
"Tenacibaculum_litopenaei",1,4.15812172651867e-07,4.98974607182241e-06,"SRR14919239","Species","Detected in one sample"
"Streptacidiphilus_griseus",1,4.15812172651867e-07,4.98974607182241e-06,"SRR14919239","Species","Detected in one sample"
"Lactobacillus_mali",1,4.15812172651867e-07,4.98974607182241e-06,"SRR14919239","Species","Detected in one sample"
"Dokdonella_koreensis",1,4.15812172651867e-07,4.98974607182241e-06,"SRR14919239","Species","Detected in one sample"
"Flavobacterium_croceum",1,4.15812172651867e-07,4.98974607182241e-06,"SRR14919239","Species","Detected in one sample"
"Rickettsia_australis",1,4.15812172651867e-07,4.98974607182241e-06,"SRR14919239","Species","Detected in one sample"
"Thermodesulfobacterium_hveragerdense",1,4.15812172651867e-07,4.98974607182241e-06,"SRR14919239","Species","Detected in one sample"
"Fodinibius_salinus",1,4.15812172651867e-07,4.98974607182241e-06,"SRR14919239","Species","Detected in one sample"
"Methylobacterium_oxalidis",1,4.15812172651867e-07,4.98974607182241e-06,"SRR14919239","Species","Detected in one sample"
"Natranaerobius_trueperi",1,4.15812172651867e-07,4.98974607182241e-06,"SRR14919239","Species","Detected in one sample"
"Mycoplasma_parvum",1,4.15812172651867e-07,4.98974607182241e-06,"SRR14919239","Species","Detected in one sample"
"Leifsonia_kafniensis",1,4.15812172651867e-07,4.98974607182241e-06,"SRR14919239","Species","Detected in one sample"
"Paenibacillus_forsythiae",1,4.15812172651867e-07,4.98974607182241e-06,"SRR14919239","Species","Detected in one sample"
"Methylacidiphilum_infernorum",1,4.15812172651867e-07,4.98974607182241e-06,"SRR14919239","Species","Detected in one sample"
"Thermoactinomyces_vulgaris",1,4.15812172651867e-07,4.98974607182241e-06,"SRR14919239","Species","Detected in one sample"
"Rickettsia_monacensis",1,4.15812172651867e-07,4.98974607182241e-06,"SRR14919239","Species","Detected in one sample"
"Demetria_terragena",1,4.15812172651867e-07,4.98974607182241e-06,"SRR14919239","Species","Detected in one sample"
"Tenacibaculum_mesophilum",1,4.15812172651867e-07,4.98974607182241e-06,"SRR14919239","Species","Detected in one sample"
"Salinisphaera_halophila",1,4.15812172651867e-07,4.98974607182241e-06,"SRR14919239","Species","Detected in one sample"
"Albidiferax_ferrireducens",1,4.15812172651867e-07,4.98974607182241e-06,"SRR14919239","Species","Detected in one sample"
"Loktanella_atrilutea",1,4.15812172651867e-07,4.98974607182241e-06,"SRR14919239","Species","Detected in one sample"
"Desulfovibrio_arcticus",1,4.15812172651867e-07,4.98974607182241e-06,"SRR14919239","Species","Detected in one sample"
"Halopelagius_fulvigenes",1,4.15812172651867e-07,4.98974607182241e-06,"SRR14919239","Species","Detected in one sample"
"Geobacillus_thermocatenulatus",1,4.15812172651867e-07,4.98974607182241e-06,"SRR14919239","Species","Detected in one sample"
"Deinococcus_xinjiangensis",1,4.15812172651867e-07,4.98974607182241e-06,"SRR14919239","Species","Detected in one sample"
"Crinalium_epipsammum",1,4.15812172651867e-07,4.98974607182241e-06,"SRR14919239","Species","Detected in one sample"
"Anaerococcus_octavius",1,4.15812172651867e-07,4.98974607182241e-06,"SRR14919239","Species","Detected in one sample"
"Bifidobacterium_gallinarum",1,4.15812172651867e-07,4.98974607182241e-06,"SRR14919239","Species","Detected in one sample"
"Pseudonocardia_dioxanivorans",1,4.15812172651867e-07,4.98974607182241e-06,"SRR14919239","Species","Detected in one sample"
"Paenibacillus_sanguinis",1,4.15812172651867e-07,4.98974607182241e-06,"SRR14919239","Species","Detected in one sample"
"Desulfofaba_gelida",1,4.15812172651867e-07,4.98974607182241e-06,"SRR14919239","Species","Detected in one sample"
"Bacillus_acidicola",1,4.15812172651867e-07,4.98974607182241e-06,"SRR14919239","Species","Detected in one sample"
"Caldalkalibacillus_uzonensis",1,4.15812172651867e-07,4.98974607182241e-06,"SRR14919239","Species","Detected in one sample"
"Thermococcus_barophilus",1,4.15812172651867e-07,4.98974607182241e-06,"SRR14919239","Species","Detected in one sample"
"Methylothermus_thermalis",1,4.15812172651867e-07,4.98974607182241e-06,"SRR14919239","Species","Detected in one sample"
"Moraxella_bovoculi",1,4.15812172651867e-07,4.98974607182241e-06,"SRR14919239","Species","Detected in one sample"
"Brevibacterium_ravenspurgense",1,4.15812172651867e-07,4.98974607182241e-06,"SRR14919239","Species","Detected in one sample"
"Paenibacillus_fonticola",1,4.15812172651867e-07,4.98974607182241e-06,"SRR14919239","Species","Detected in one sample"
"Ralstonia_mannitolilytica",1,4.15812172651867e-07,4.98974607182241e-06,"SRR14919239","Species","Detected in one sample"
"Agrococcus_lahaulensis",1,4.15812172651867e-07,4.98974607182241e-06,"SRR14919239","Species","Detected in one sample"
"Ehrlichia_muris",1,4.15812172651867e-07,4.98974607182241e-06,"SRR14919239","Species","Detected in one sample"
"Hyphomicrobium_zavarzinii",1,4.15812172651867e-07,4.98974607182241e-06,"SRR14919239","Species","Detected in one sample"
"Halobiforma_haloterrestris",1,4.15812172651867e-07,4.98974607182241e-06,"SRR14919239","Species","Detected in one sample"
"Halorhodospira_neutriphila",1,4.15812172651867e-07,4.98974607182241e-06,"SRR14919239","Species","Detected in one sample"
"Mycoplasma_pullorum",1,4.15812172651867e-07,4.98974607182241e-06,"SRR14919239","Species","Detected in one sample"
"Desulfovibrio_termitidis",1,4.15812172651867e-07,4.98974607182241e-06,"SRR14919239","Species","Detected in one sample"
"Granulibacter_bethesdensis",1,4.15812172651867e-07,4.98974607182241e-06,"SRR14919239","Species","Detected in one sample"
"Thiohalomonas_denitrificans",1,4.15812172651867e-07,4.98974607182241e-06,"SRR14919239","Species","Detected in one sample"
"Acinetobacter_tandoii",1,4.15812172651867e-07,4.98974607182241e-06,"SRR14919239","Species","Detected in one sample"
"Nevskia_persephonica",1,4.15812172651867e-07,4.98974607182241e-06,"SRR14919239","Species","Detected in one sample"
"Fructobacillus_fructosus",1,4.15812172651867e-07,4.98974607182241e-06,"SRR14919239","Species","Detected in one sample"
"Roseibaca_ekhonensis",1,4.15812172651867e-07,4.98974607182241e-06,"SRR14919239","Species","Detected in one sample"
"Clostridium_carnis",1,4.15812172651867e-07,4.98974607182241e-06,"SRR14919239","Species","Detected in one sample"
"Entomoplasma_somnilux",1,4.15812172651867e-07,4.98974607182241e-06,"SRR14919239","Species","Detected in one sample"
"Thermosipho_affectus",1,4.15812172651867e-07,4.98974607182241e-06,"SRR14919239","Species","Detected in one sample"
"Singulisphaera_rosea",1,4.15812172651867e-07,4.98974607182241e-06,"SRR14919239","Species","Detected in one sample"
"Idiomarina_aestuarii",1,4.15812172651867e-07,4.98974607182241e-06,"SRR14919239","Species","Detected in one sample"
"Bacillus_clarkii",1,4.15812172651867e-07,4.98974607182241e-06,"SRR14919239","Species","Detected in one sample"
"Salimicrobium_halophilum",1,4.15812172651867e-07,4.98974607182241e-06,"SRR14919239","Species","Detected in one sample"
"Desulfococcus_oleovorans",1,4.15812172651867e-07,4.98974607182241e-06,"SRR14919239","Species","Detected in one sample"
"Sphaerisporangium_krabiense",1,4.15812172651867e-07,4.98974607182241e-06,"SRR14919239","Species","Detected in one sample"
"Nordella_oligomobilis",1,4.15812172651867e-07,4.98974607182241e-06,"SRR14919239","Species","Detected in one sample"
"Sinobacter_flavus",1,4.15812172651867e-07,4.98974607182241e-06,"SRR14919239","Species","Detected in one sample"
"Bacillus_cohnii",1,4.15812172651867e-07,4.98974607182241e-06,"SRR14919239","Species","Detected in one sample"
"Mycobacterium_aichiense",1,4.15812172651867e-07,4.98974607182241e-06,"SRR14919239","Species","Detected in one sample"
"Arthrobacter_cumminsii",1,4.15812172651867e-07,4.98974607182241e-06,"SRR14919239","Species","Detected in one sample"
"Sitophilus_zeamais",1,4.15812172651867e-07,4.98974607182241e-06,"SRR14919239","Species","Detected in one sample"
"Staphylococcus_vitulinus",1,4.15812172651867e-07,4.98974607182241e-06,"SRR14919239","Species","Detected in one sample"
"Enterococcus_alcedinis",1,4.15812172651867e-07,4.98974607182241e-06,"SRR14919239","Species","Detected in one sample"
"Lentibacillus_halodurans",1,4.15812172651867e-07,4.98974607182241e-06,"SRR14919239","Species","Detected in one sample"
"Clostridium_formicaceticum",1,4.15812172651867e-07,4.98974607182241e-06,"SRR14919239","Species","Detected in one sample"
"Bacillus_horti",1,4.15812172651867e-07,4.98974607182241e-06,"SRR14919239","Species","Detected in one sample"
"Zymobacter_palmae",1,4.15812172651867e-07,4.98974607182241e-06,"SRR14919239","Species","Detected in one sample"
"Thermoproteus_uzoniensis",1,4.15812172651867e-07,4.98974607182241e-06,"SRR14919239","Species","Detected in one sample"
"Brenneria_rubrifaciens",1,4.15812172651867e-07,4.98974607182241e-06,"SRR14919239","Species","Detected in one sample"
"Winogradskyella_lutea",1,4.15812172651867e-07,4.98974607182241e-06,"SRR14919239","Species","Detected in one sample"
"Clavibacter_michiganensis",1,4.15812172651867e-07,4.98974607182241e-06,"SRR14919239","Species","Detected in one sample"
"Enterococcus_canintestini",1,4.15812172651867e-07,4.98974607182241e-06,"SRR14919239","Species","Detected in one sample"
"Dechloromonas_aromatica",1,4.15812172651867e-07,4.98974607182241e-06,"SRR14919239","Species","Detected in one sample"
"Larkinella_bovis",1,4.15812172651867e-07,4.98974607182241e-06,"SRR14919239","Species","Detected in one sample"
"Methanobrevibacter_ruminantium",1,4.15812172651867e-07,4.98974607182241e-06,"SRR14919239","Species","Detected in one sample"
"Hymenobacter_aerophilus",1,4.15812172651867e-07,4.98974607182241e-06,"SRR14919239","Species","Detected in one sample"
"Desulfovibrio_longreachensis",1,4.15812172651867e-07,4.98974607182241e-06,"SRR14919239","Species","Detected in one sample"
"Dictyoglomus_turgidum",1,4.15812172651867e-07,4.98974607182241e-06,"SRR14919239","Species","Detected in one sample"
"Nocardia_amamiensis",1,4.15812172651867e-07,4.98974607182241e-06,"SRR14919239","Species","Detected in one sample"
"Gaetbulibacter_saemankumensis",1,4.15812172651867e-07,4.98974607182241e-06,"SRR14919239","Species","Detected in one sample"
"Stephanopyxis_nipponica",1,4.15812172651867e-07,4.98974607182241e-06,"SRR14919239","Species","Detected in one sample"
"Amycolatopsis_plumensis",1,4.15812172651867e-07,4.98974607182241e-06,"SRR14919239","Species","Detected in one sample"
"Porphyromonas_crevioricanis",1,4.15812172651867e-07,4.98974607182241e-06,"SRR14919239","Species","Detected in one sample"
"Nocardia_acidivorans",1,4.15812172651867e-07,4.98974607182241e-06,"SRR14919239","Species","Detected in one sample"
"Mycoplasma_gallopavonis",1,4.15812172651867e-07,4.98974607182241e-06,"SRR14919239","Species","Detected in one sample"
"Streptococcus_ictaluri",1,4.15812172651867e-07,4.98974607182241e-06,"SRR14919239","Species","Detected in one sample"
"Halomonas_boliviensis",1,4.15812172651867e-07,4.98974607182241e-06,"SRR14919239","Species","Detected in one sample"
"Halothiobacillus_neapolitanus",1,4.15812172651867e-07,4.98974607182241e-06,"SRR14919239","Species","Detected in one sample"
"Desulfovibrio_ferrireducens",1,4.15812172651867e-07,4.98974607182241e-06,"SRR14919239","Species","Detected in one sample"
"Rhodothalassium_salexigens",1,4.15812172651867e-07,4.98974607182241e-06,"SRR14919239","Species","Detected in one sample"
"Acetobacter_lovaniensis",1,4.15812172651867e-07,4.98974607182241e-06,"SRR14919239","Species","Detected in one sample"
"Streptococcus_orisratti",1,4.15812172651867e-07,4.98974607182241e-06,"SRR14919239","Species","Detected in one sample"
"Dolosigranulum_pigrum",1,4.15812172651867e-07,4.98974607182241e-06,"SRR14919239","Species","Detected in one sample"
"Atopostipes_suicloacalis",1,4.15812172651867e-07,4.98974607182241e-06,"SRR14919239","Species","Detected in one sample"
"Tonsilliphilus_suis",1,4.15812172651867e-07,4.98974607182241e-06,"SRR14919239","Species","Detected in one sample"
"Rhodococcus_nanhaiensis",1,4.15812172651867e-07,4.98974607182241e-06,"SRR14919239","Species","Detected in one sample"
"Weissella_halotolerans",1,4.15812172651867e-07,4.98974607182241e-06,"SRR14919239","Species","Detected in one sample"
"Moritella_marina",1,4.15812172651867e-07,4.98974607182241e-06,"SRR14919239","Species","Detected in one sample"
"Bacillus_composti",1,4.15812172651867e-07,4.98974607182241e-06,"SRR14919239","Species","Detected in one sample"
"Keratinibaculum_paraultunense",1,4.15812172651867e-07,4.98974607182241e-06,"SRR14919239","Species","Detected in one sample"
"Sutterella_parvirubra",1,4.15812172651867e-07,4.98974607182241e-06,"SRR14919239","Species","Detected in one sample"
"Mycoplasma_mustelae",1,4.15812172651867e-07,4.98974607182241e-06,"SRR14919239","Species","Detected in one sample"
"Bacillus_alkalitolerans",1,4.15812172651867e-07,4.98974607182241e-06,"SRR14919239","Species","Detected in one sample"
"Kyrpidia_tusciae",1,4.15812172651867e-07,4.98974607182241e-06,"SRR14919239","Species","Detected in one sample"
"Otariodibacter_oris",1,4.15812172651867e-07,4.98974607182241e-06,"SRR14919239","Species","Detected in one sample"
"Lactobacillus_psittaci",1,4.15812172651867e-07,4.98974607182241e-06,"SRR14919239","Species","Detected in one sample"
"Corynebacterium_ulcerans",1,4.15812172651867e-07,4.98974607182241e-06,"SRR14919239","Species","Detected in one sample"
"Hymenobacter_deserti",1,4.15812172651867e-07,4.98974607182241e-06,"SRR14919239","Species","Detected in one sample"
"Leptotrichia_goodfellowii",1,4.15812172651867e-07,4.98974607182241e-06,"SRR14919239","Species","Detected in one sample"
"Agrobacterium_rhizogenes",1,4.15812172651867e-07,4.98974607182241e-06,"SRR14919239","Species","Detected in one sample"
"Deinococcus_deserti",1,4.15812172651867e-07,4.98974607182241e-06,"SRR14919239","Species","Detected in one sample"
"Fabibacter_pacificus",1,4.15573707815113e-07,4.98688449378135e-06,"SRR14919246","Species","Detected in one sample"
"Mycoplasma_opalescens",1,4.15573707815113e-07,4.98688449378135e-06,"SRR14919246","Species","Detected in one sample"
"Flavobacterium_dankookense",1,4.15573707815113e-07,4.98688449378135e-06,"SRR14919246","Species","Detected in one sample"
"Prauserella_muralis",1,4.15573707815113e-07,4.98688449378135e-06,"SRR14919246","Species","Detected in one sample"
"Nocardioides_insulae",1,4.15573707815113e-07,4.98688449378135e-06,"SRR14919246","Species","Detected in one sample"
"Marinimicrobium_koreense",1,4.15573707815113e-07,4.98688449378135e-06,"SRR14919246","Species","Detected in one sample"
"Isobaculum_melis",1,4.15573707815113e-07,4.98688449378135e-06,"SRR14919246","Species","Detected in one sample"
"Amphora_ovalis",1,4.15573707815113e-07,4.98688449378135e-06,"SRR14919246","Species","Detected in one sample"
"Pedobacter_hartonius",1,4.15573707815113e-07,4.98688449378135e-06,"SRR14919246","Species","Detected in one sample"
"Chryseobacterium_caeni",1,4.15573707815113e-07,4.98688449378135e-06,"SRR14919246","Species","Detected in one sample"
"Paracoccus_zeaxanthinifaciens",1,4.15573707815113e-07,4.98688449378135e-06,"SRR14919246","Species","Detected in one sample"
"Moraxella_lincolnii",1,4.15573707815113e-07,4.98688449378135e-06,"SRR14919246","Species","Detected in one sample"
"Porphyromonas_canis",1,4.15573707815113e-07,4.98688449378135e-06,"SRR14919246","Species","Detected in one sample"
"Actinomadura_pelletieri",1,4.15573707815113e-07,4.98688449378135e-06,"SRR14919246","Species","Detected in one sample"
"Mycoplasma_fastidiosum",1,4.15573707815113e-07,4.98688449378135e-06,"SRR14919246","Species","Detected in one sample"
"Burkholderia_nodosa",1,4.15573707815113e-07,4.98688449378135e-06,"SRR14919246","Species","Detected in one sample"
"Gramella_forsetii",1,4.15573707815113e-07,4.98688449378135e-06,"SRR14919246","Species","Detected in one sample"
"Corynebacterium_maris",1,4.15573707815113e-07,4.98688449378135e-06,"SRR14919246","Species","Detected in one sample"
"Pedobacter_alluvionis",1,4.15573707815113e-07,4.98688449378135e-06,"SRR14919246","Species","Detected in one sample"
"Stenotrophomonas_nitritireducens",1,4.15573707815113e-07,4.98688449378135e-06,"SRR14919246","Species","Detected in one sample"
"Clostridium_alcaliphilum",1,4.15573707815113e-07,4.98688449378135e-06,"SRR14919246","Species","Detected in one sample"
"Desulfotomaculum_australicum",1,4.15573707815113e-07,4.98688449378135e-06,"SRR14919246","Species","Detected in one sample"
"Paenibacillus_graminis",1,4.15573707815113e-07,4.98688449378135e-06,"SRR14919246","Species","Detected in one sample"
"Roseomonas_aquatica",1,4.15573707815113e-07,4.98688449378135e-06,"SRR14919246","Species","Detected in one sample"
"Acidovorax_facilis",1,4.15573707815113e-07,4.98688449378135e-06,"SRR14919246","Species","Detected in one sample"
"Thermus_filiformis",1,4.15573707815113e-07,4.98688449378135e-06,"SRR14919246","Species","Detected in one sample"
"Fructobacillus_pseudoficulneus",1,4.15573707815113e-07,4.98688449378135e-06,"SRR14919246","Species","Detected in one sample"
"Rhodomonas_salina",1,4.15573707815113e-07,4.98688449378135e-06,"SRR14919246","Species","Detected in one sample"
"Anoxybacillus_beppuensis",1,4.15573707815113e-07,4.98688449378135e-06,"SRR14919246","Species","Detected in one sample"
"Paenibacillus_taihuensis",1,4.15573707815113e-07,4.98688449378135e-06,"SRR14919246","Species","Detected in one sample"
"Lactobacillus_pentosus",1,4.15573707815113e-07,4.98688449378135e-06,"SRR14919246","Species","Detected in one sample"
"Dehalobium_chlorocoercia",1,4.15573707815113e-07,4.98688449378135e-06,"SRR14919246","Species","Detected in one sample"
"Flavobacterium_psychrophilum",1,4.15573707815113e-07,4.98688449378135e-06,"SRR14919246","Species","Detected in one sample"
"Halolactibacillus_alkaliphilus",1,4.15573707815113e-07,4.98688449378135e-06,"SRR14919246","Species","Detected in one sample"
"Desulfurispirillum_indicum",1,4.15573707815113e-07,4.98688449378135e-06,"SRR14919246","Species","Detected in one sample"
"Vulcanithermus_mediatlanticus",1,4.15573707815113e-07,4.98688449378135e-06,"SRR14919246","Species","Detected in one sample"
"Mycobacterium_leprae",1,4.15573707815113e-07,4.98688449378135e-06,"SRR14919246","Species","Detected in one sample"
"Defluviicoccus_vanus",1,4.15573707815113e-07,4.98688449378135e-06,"SRR14919246","Species","Detected in one sample"
"Nocardia_exalbida",1,4.15573707815113e-07,4.98688449378135e-06,"SRR14919246","Species","Detected in one sample"
"Caryophanon_latum",1,4.15573707815113e-07,4.98688449378135e-06,"SRR14919246","Species","Detected in one sample"
"Xanthobacter_viscosus",1,4.15573707815113e-07,4.98688449378135e-06,"SRR14919246","Species","Detected in one sample"
"Thalassolituus_marinus",1,4.15573707815113e-07,4.98688449378135e-06,"SRR14919246","Species","Detected in one sample"
"Streptomyces_emeiensis",1,4.15573707815113e-07,4.98688449378135e-06,"SRR14919246","Species","Detected in one sample"
"Bacillus_stratosphericus",1,4.15573707815113e-07,4.98688449378135e-06,"SRR14919246","Species","Detected in one sample"
"Salinicoccus_marinus",1,4.15573707815113e-07,4.98688449378135e-06,"SRR14919246","Species","Detected in one sample"
"Myroides_marinus",1,4.15573707815113e-07,4.98688449378135e-06,"SRR14919246","Species","Detected in one sample"
"Fusobacterium_simiae",1,4.15573707815113e-07,4.98688449378135e-06,"SRR14919246","Species","Detected in one sample"
"Mucilaginibacter_soli",1,4.15573707815113e-07,4.98688449378135e-06,"SRR14919246","Species","Detected in one sample"
"Microbacterium_xinjiangensis",1,4.15573707815113e-07,4.98688449378135e-06,"SRR14919246","Species","Detected in one sample"
"Actinomadura_latina",1,4.15573707815113e-07,4.98688449378135e-06,"SRR14919246","Species","Detected in one sample"
"Geobacillus_kaue",1,4.15573707815113e-07,4.98688449378135e-06,"SRR14919246","Species","Detected in one sample"
"Streptomyces_achromogenes",1,4.15573707815113e-07,4.98688449378135e-06,"SRR14919246","Species","Detected in one sample"
"Actinobacillus_muris",1,4.15573707815113e-07,4.98688449378135e-06,"SRR14919246","Species","Detected in one sample"
"Hydrogenophaga_pseudoflava",1,4.15573707815113e-07,4.98688449378135e-06,"SRR14919246","Species","Detected in one sample"
"Promicromonospora_endophytica",1,4.15573707815113e-07,4.98688449378135e-06,"SRR14919246","Species","Detected in one sample"
"Thiocapsa_roseopersicina",1,4.15573707815113e-07,4.98688449378135e-06,"SRR14919246","Species","Detected in one sample"
"Murdochiella_asaccharolytica",1,4.15573707815113e-07,4.98688449378135e-06,"SRR14919246","Species","Detected in one sample"
"Fluoribacter_dumoffii",1,4.15573707815113e-07,4.98688449378135e-06,"SRR14919246","Species","Detected in one sample"
"Mannheimia_ruminalis",1,4.15573707815113e-07,4.98688449378135e-06,"SRR14919246","Species","Detected in one sample"
"Methylobacterium_zatmanii",1,4.15573707815113e-07,4.98688449378135e-06,"SRR14919246","Species","Detected in one sample"
"Lactobacillus_manihotivorans",1,4.15573707815113e-07,4.98688449378135e-06,"SRR14919246","Species","Detected in one sample"
"Xenorhabdus_poinarii",1,4.15573707815113e-07,4.98688449378135e-06,"SRR14919246","Species","Detected in one sample"
"Desulfovibrio_aminophilus",1,4.15573707815113e-07,4.98688449378135e-06,"SRR14919246","Species","Detected in one sample"
"Natrialba_magadii",1,4.15573707815113e-07,4.98688449378135e-06,"SRR14919246","Species","Detected in one sample"
"Lyngbya_aestuarii",1,4.15573707815113e-07,4.98688449378135e-06,"SRR14919246","Species","Detected in one sample"
"Halorubrum_lacusprofundi",1,4.15573707815113e-07,4.98688449378135e-06,"SRR14919246","Species","Detected in one sample"
"Flexistipes_sinusarabici",1,4.15573707815113e-07,4.98688449378135e-06,"SRR14919246","Species","Detected in one sample"
"Hymenobacter_flocculans",1,4.15573707815113e-07,4.98688449378135e-06,"SRR14919246","Species","Detected in one sample"
"Geobacillus_thermodenitrificans",1,4.15573707815113e-07,4.98688449378135e-06,"SRR14919246","Species","Detected in one sample"
"Microbulbifer_gwangyangensis",1,4.15573707815113e-07,4.98688449378135e-06,"SRR14919246","Species","Detected in one sample"
"Desulfuromonas_thiophila",1,4.15573707815113e-07,4.98688449378135e-06,"SRR14919246","Species","Detected in one sample"
"Photorhabdus_asymbiotica",1,4.15573707815113e-07,4.98688449378135e-06,"SRR14919246","Species","Detected in one sample"
"Ferrithrix_thermotolerans",1,4.15573707815113e-07,4.98688449378135e-06,"SRR14919246","Species","Detected in one sample"
"Comamonas_zonglianii",1,4.15573707815113e-07,4.98688449378135e-06,"SRR14919246","Species","Detected in one sample"
"Desulfobulbus_mediterraneus",1,4.15573707815113e-07,4.98688449378135e-06,"SRR14919246","Species","Detected in one sample"
"Cyclobacterium_lianum",1,3.75000375000375e-07,4.5000045000045e-06,"SRR14919235","Species","Detected in one sample"
"Campylobacter_avium",1,3.75000375000375e-07,4.5000045000045e-06,"SRR14919235","Species","Detected in one sample"
"Exiguobacterium_sibiricum",1,3.75000375000375e-07,4.5000045000045e-06,"SRR14919235","Species","Detected in one sample"
"Bacteroides_coagulans",1,3.75000375000375e-07,4.5000045000045e-06,"SRR14919235","Species","Detected in one sample"
"Lactobacillus_crustorum",1,3.75000375000375e-07,4.5000045000045e-06,"SRR14919235","Species","Detected in one sample"
"Micromonospora_coxensis",1,3.75000375000375e-07,4.5000045000045e-06,"SRR14919235","Species","Detected in one sample"
"Bacillus_koreensis",1,3.75000375000375e-07,4.5000045000045e-06,"SRR14919235","Species","Detected in one sample"
"Pseudomonas_sabulinigri",1,3.75000375000375e-07,4.5000045000045e-06,"SRR14919235","Species","Detected in one sample"
"Pseudomonas_citronellolis",1,3.75000375000375e-07,4.5000045000045e-06,"SRR14919235","Species","Detected in one sample"
"Paucibacter_toxinivorans",1,3.75000375000375e-07,4.5000045000045e-06,"SRR14919235","Species","Detected in one sample"
"Nocardia_cummidelens",1,3.75000375000375e-07,4.5000045000045e-06,"SRR14919235","Species","Detected in one sample"
"Desulfurobacterium_crinifex",1,3.75000375000375e-07,4.5000045000045e-06,"SRR14919235","Species","Detected in one sample"
"Mycoplasma_mycoides",1,3.75000375000375e-07,4.5000045000045e-06,"SRR14919235","Species","Detected in one sample"
"Mantoniella_squamata",1,3.75000375000375e-07,4.5000045000045e-06,"SRR14919235","Species","Detected in one sample"
"Chelativorans_multitrophicus",1,3.75000375000375e-07,4.5000045000045e-06,"SRR14919235","Species","Detected in one sample"
"Actinomadura_yumaensis",1,3.75000375000375e-07,4.5000045000045e-06,"SRR14919235","Species","Detected in one sample"
"Coleochaete_orbicularis",1,3.75000375000375e-07,4.5000045000045e-06,"SRR14919235","Species","Detected in one sample"
"Acidovorax_avenae",1,3.75000375000375e-07,4.5000045000045e-06,"SRR14919235","Species","Detected in one sample"
"Neorickettsia_risticii",1,3.75000375000375e-07,4.5000045000045e-06,"SRR14919235","Species","Detected in one sample"
"Sideroxydans_lithotrophicus",1,3.75000375000375e-07,4.5000045000045e-06,"SRR14919235","Species","Detected in one sample"
"Stackebrandtia_nassauensis",1,3.75000375000375e-07,4.5000045000045e-06,"SRR14919235","Species","Detected in one sample"
"Vogesella_perlucida",1,3.75000375000375e-07,4.5000045000045e-06,"SRR14919235","Species","Detected in one sample"
"Thiobacter_subterraneus",1,3.75000375000375e-07,4.5000045000045e-06,"SRR14919235","Species","Detected in one sample"
"Lactobacillus_similis",1,3.75000375000375e-07,4.5000045000045e-06,"SRR14919235","Species","Detected in one sample"
"Asteroleplasma_anaerobium",1,3.75000375000375e-07,4.5000045000045e-06,"SRR14919235","Species","Detected in one sample"
"Metallosphaera_yellowstonensis",1,3.75000375000375e-07,4.5000045000045e-06,"SRR14919235","Species","Detected in one sample"
"Listeria_welshimeri",1,3.75000375000375e-07,4.5000045000045e-06,"SRR14919235","Species","Detected in one sample"
"Desulfohalobium_utahense",1,3.75000375000375e-07,4.5000045000045e-06,"SRR14919235","Species","Detected in one sample"
"Burkholderia_graminis",1,3.75000375000375e-07,4.5000045000045e-06,"SRR14919235","Species","Detected in one sample"
"Propionivibrio_limicola",1,3.75000375000375e-07,4.5000045000045e-06,"SRR14919235","Species","Detected in one sample"
"Vibrio_gigantis",1,3.75000375000375e-07,4.5000045000045e-06,"SRR14919235","Species","Detected in one sample"
"Microvirga_lotononidis",1,3.75000375000375e-07,4.5000045000045e-06,"SRR14919235","Species","Detected in one sample"
"Kordia_algicida",1,3.75000375000375e-07,4.5000045000045e-06,"SRR14919235","Species","Detected in one sample"
"Luteimonas_aestuarii",1,3.75000375000375e-07,4.5000045000045e-06,"SRR14919235","Species","Detected in one sample"
"Pseudanabaena_galeata",1,3.75000375000375e-07,4.5000045000045e-06,"SRR14919235","Species","Detected in one sample"
"Staphylococcus_capitis",1,3.75000375000375e-07,4.5000045000045e-06,"SRR14919235","Species","Detected in one sample"
"Pantoea_eucalypti",1,3.75000375000375e-07,4.5000045000045e-06,"SRR14919235","Species","Detected in one sample"
"Thermovibrio_ruber",1,3.75000375000375e-07,4.5000045000045e-06,"SRR14919235","Species","Detected in one sample"
"Solibacillus_silvestris",1,3.75000375000375e-07,4.5000045000045e-06,"SRR14919235","Species","Detected in one sample"
"Bonnemaisonia_asparagoides",1,3.75000375000375e-07,4.5000045000045e-06,"SRR14919235","Species","Detected in one sample"
"Paenibacillus_glucanolyticus",1,3.75000375000375e-07,4.5000045000045e-06,"SRR14919235","Species","Detected in one sample"
"Jeotgalibacillus_soli",1,3.75000375000375e-07,4.5000045000045e-06,"SRR14919235","Species","Detected in one sample"
"Hoeflea_halophila",1,3.75000375000375e-07,4.5000045000045e-06,"SRR14919235","Species","Detected in one sample"
"Salinibacillus_kushneri",1,3.75000375000375e-07,4.5000045000045e-06,"SRR14919235","Species","Detected in one sample"
"Beggiatoa_alba",1,3.75000375000375e-07,4.5000045000045e-06,"SRR14919235","Species","Detected in one sample"
"Sinorhizobium_meliloti",1,3.75000375000375e-07,4.5000045000045e-06,"SRR14919235","Species","Detected in one sample"
"Rhodovibrio_salinarum",1,3.75000375000375e-07,4.5000045000045e-06,"SRR14919235","Species","Detected in one sample"
"Fluviicola_taffensis",1,3.75000375000375e-07,4.5000045000045e-06,"SRR14919235","Species","Detected in one sample"
"Leptolyngbya_mycoidea",1,3.75000375000375e-07,4.5000045000045e-06,"SRR14919235","Species","Detected in one sample"
"Thermoanaerobacter_ethanolicus",1,3.75000375000375e-07,4.5000045000045e-06,"SRR14919235","Species","Detected in one sample"
"Brevibacterium_sanguinis",1,3.75000375000375e-07,4.5000045000045e-06,"SRR14919235","Species","Detected in one sample"
"Anaerobacter_polyendosporus",1,3.75000375000375e-07,4.5000045000045e-06,"SRR14919235","Species","Detected in one sample"
"Propionispira_arboris",1,3.75000375000375e-07,4.5000045000045e-06,"SRR14919235","Species","Detected in one sample"
"Lyngbya_wollei",1,3.75000375000375e-07,4.5000045000045e-06,"SRR14919235","Species","Detected in one sample"
"Merismopedia_punctata",1,3.75000375000375e-07,4.5000045000045e-06,"SRR14919235","Species","Detected in one sample"
"Chryseobacterium_culicis",1,3.75000375000375e-07,4.5000045000045e-06,"SRR14919235","Species","Detected in one sample"
"Devosia_insulae",1,3.75000375000375e-07,4.5000045000045e-06,"SRR14919235","Species","Detected in one sample"
"Serratia_entomophila",1,3.75000375000375e-07,4.5000045000045e-06,"SRR14919235","Species","Detected in one sample"
"Haloalcalophilium_atacamensis",1,3.75000375000375e-07,4.5000045000045e-06,"SRR14919235","Species","Detected in one sample"
"Desulfovibrio_senezii",1,3.75000375000375e-07,4.5000045000045e-06,"SRR14919235","Species","Detected in one sample"
"Psychromonas_japonica",1,3.75000375000375e-07,4.5000045000045e-06,"SRR14919235","Species","Detected in one sample"
"Kofleria_flava",1,3.75000375000375e-07,4.5000045000045e-06,"SRR14919235","Species","Detected in one sample"
"Desulfotomaculum_salinum",1,3.75000375000375e-07,4.5000045000045e-06,"SRR14919235","Species","Detected in one sample"
"Advenella_mimigardefordensis",1,3.75000375000375e-07,4.5000045000045e-06,"SRR14919235","Species","Detected in one sample"
"Agrococcus_baldri",1,3.75000375000375e-07,4.5000045000045e-06,"SRR14919235","Species","Detected in one sample"
"Streptomyces_finlayi",1,3.75000375000375e-07,4.5000045000045e-06,"SRR14919235","Species","Detected in one sample"
"Roseateles_depolymerans",1,3.75000375000375e-07,4.5000045000045e-06,"SRR14919235","Species","Detected in one sample"
"Methylocella_palustris",1,3.75000375000375e-07,4.5000045000045e-06,"SRR14919235","Species","Detected in one sample"
"Streptomyces_ghanaensis",1,3.75000375000375e-07,4.5000045000045e-06,"SRR14919235","Species","Detected in one sample"
"Phormidium_irriguum",1,3.75000375000375e-07,4.5000045000045e-06,"SRR14919235","Species","Detected in one sample"
"Pseudomonas_nitroreducens",1,3.75000375000375e-07,4.5000045000045e-06,"SRR14919235","Species","Detected in one sample"
"Mesorhizobium_albiziae",1,3.75000375000375e-07,4.5000045000045e-06,"SRR14919235","Species","Detected in one sample"
"Vulcanisaeta_distributa",1,3.75000375000375e-07,4.5000045000045e-06,"SRR14919235","Species","Detected in one sample"
"Macrococcus_brunensis",1,3.75000375000375e-07,4.5000045000045e-06,"SRR14919235","Species","Detected in one sample"
"Euglena_cantabrica",1,3.75000375000375e-07,4.5000045000045e-06,"SRR14919235","Species","Detected in one sample"
"Acholeplasma_axanthum",1,3.75000375000375e-07,4.5000045000045e-06,"SRR14919235","Species","Detected in one sample"
"Brachyspira_aalborgi",1,3.75000375000375e-07,4.5000045000045e-06,"SRR14919235","Species","Detected in one sample"
"Cohnella_cellulosilytica",1,3.75000375000375e-07,4.5000045000045e-06,"SRR14919235","Species","Detected in one sample"
"Halostagnicola_kamekurae",1,3.75000375000375e-07,4.5000045000045e-06,"SRR14919235","Species","Detected in one sample"
"Smegmaraptor_porcuscaenosi",1,3.75000375000375e-07,4.5000045000045e-06,"SRR14919235","Species","Detected in one sample"
"Acholeplasma_hippikon",1,3.75000375000375e-07,4.5000045000045e-06,"SRR14919235","Species","Detected in one sample"
"Acetobacter_persici",1,3.75000375000375e-07,4.5000045000045e-06,"SRR14919235","Species","Detected in one sample"
"Halarchaeum_rubridurum",1,3.75000375000375e-07,4.5000045000045e-06,"SRR14919235","Species","Detected in one sample"
"Pseudoalteromonas_tunicata",1,3.75000375000375e-07,4.5000045000045e-06,"SRR14919235","Species","Detected in one sample"
"Serratia_proteamaculans",1,3.75000375000375e-07,4.5000045000045e-06,"SRR14919235","Species","Detected in one sample"
"Campylobacter_troglodytis",1,3.75000375000375e-07,4.5000045000045e-06,"SRR14919235","Species","Detected in one sample"
"Streptomyces_bottropensis",1,3.75000375000375e-07,4.5000045000045e-06,"SRR14919235","Species","Detected in one sample"
"Acrocarpospora_macrocephala",1,3.75000375000375e-07,4.5000045000045e-06,"SRR14919235","Species","Detected in one sample"
"Mycoplasma_collis",1,3.75000375000375e-07,4.5000045000045e-06,"SRR14919235","Species","Detected in one sample"
"Hydrogenimonas_thermophila",1,3.75000375000375e-07,4.5000045000045e-06,"SRR14919235","Species","Detected in one sample"
"Vagococcus_carniphilus",1,3.75000375000375e-07,4.5000045000045e-06,"SRR14919235","Species","Detected in one sample"
"Chlamydia_ibidis",1,3.75000375000375e-07,4.5000045000045e-06,"SRR14919235","Species","Detected in one sample"
"Methanotorris_formicicus",1,3.75000375000375e-07,4.5000045000045e-06,"SRR14919235","Species","Detected in one sample"
"Haloferax_elongans",1,3.75000375000375e-07,4.5000045000045e-06,"SRR14919235","Species","Detected in one sample"
"Bacteriovorax_marinus",1,3.75000375000375e-07,4.5000045000045e-06,"SRR14919235","Species","Detected in one sample"
"Moritella_abyssi",1,3.75000375000375e-07,4.5000045000045e-06,"SRR14919235","Species","Detected in one sample"
"Limnoraphis_hieronymusii",1,3.75000375000375e-07,4.5000045000045e-06,"SRR14919235","Species","Detected in one sample"
"Streptomyces_myxogenes",1,3.75000375000375e-07,4.5000045000045e-06,"SRR14919235","Species","Detected in one sample"
"Pedobacter_kwangyangensis",1,3.75000375000375e-07,4.5000045000045e-06,"SRR14919235","Species","Detected in one sample"
"Spirochaeta_cellobiosiphila",1,3.75000375000375e-07,4.5000045000045e-06,"SRR14919235","Species","Detected in one sample"
"Kingella_denitrificans",1,3.75000375000375e-07,4.5000045000045e-06,"SRR14919235","Species","Detected in one sample"
"Pseudomonas_chlororaphis",1,3.75000375000375e-07,4.5000045000045e-06,"SRR14919235","Species","Detected in one sample"
"Acaricomes_phytoseiuli",1,3.75000375000375e-07,4.5000045000045e-06,"SRR14919235","Species","Detected in one sample"
"Moraxella_lacunata",1,3.50970292470564e-07,4.21164350964677e-06,"SRR14919238","Species","Detected in one sample"
"Paenibacillus_pasadenensis",1,3.50970292470564e-07,4.21164350964677e-06,"SRR14919238","Species","Detected in one sample"
"Bacillus_selenitireducens",1,3.50970292470564e-07,4.21164350964677e-06,"SRR14919238","Species","Detected in one sample"
"Nitritalea_halalkaliphila",1,3.50970292470564e-07,4.21164350964677e-06,"SRR14919238","Species","Detected in one sample"
"Schlegelella_thermodepolymerans",1,3.50970292470564e-07,4.21164350964677e-06,"SRR14919238","Species","Detected in one sample"
"Streptomyces_radiopugnans",1,3.50970292470564e-07,4.21164350964677e-06,"SRR14919238","Species","Detected in one sample"
"Atopobium_minutum",1,3.50970292470564e-07,4.21164350964677e-06,"SRR14919238","Species","Detected in one sample"
"Sulfurospirillum_barnesii",1,3.50970292470564e-07,4.21164350964677e-06,"SRR14919238","Species","Detected in one sample"
"Desertibacter_roseus",1,3.50970292470564e-07,4.21164350964677e-06,"SRR14919238","Species","Detected in one sample"
"Vagococcus_teuberi",1,3.50970292470564e-07,4.21164350964677e-06,"SRR14919238","Species","Detected in one sample"
"Rhabdochromatium_marinum",1,3.50970292470564e-07,4.21164350964677e-06,"SRR14919238","Species","Detected in one sample"
"Amycolatopsis_azurea",1,3.50970292470564e-07,4.21164350964677e-06,"SRR14919238","Species","Detected in one sample"
"Mycoplasma_faucium",1,3.50970292470564e-07,4.21164350964677e-06,"SRR14919238","Species","Detected in one sample"
"Pseudoclavibacter_chungangensis",1,3.50970292470564e-07,4.21164350964677e-06,"SRR14919238","Species","Detected in one sample"
"Lactobacillus_oryzae",1,3.50970292470564e-07,4.21164350964677e-06,"SRR14919238","Species","Detected in one sample"
"Alkalibacillus_silvisoli",1,3.50970292470564e-07,4.21164350964677e-06,"SRR14919238","Species","Detected in one sample"
"Rhodococcus_equi",1,3.50970292470564e-07,4.21164350964677e-06,"SRR14919238","Species","Detected in one sample"
"Inhella_fonticola",1,3.50970292470564e-07,4.21164350964677e-06,"SRR14919238","Species","Detected in one sample"
"Oceanicola_marinus",1,3.50970292470564e-07,4.21164350964677e-06,"SRR14919238","Species","Detected in one sample"
"Aeromonas_allosaccharophila",1,3.50970292470564e-07,4.21164350964677e-06,"SRR14919238","Species","Detected in one sample"
"Microbacterium_paludicola",1,3.50970292470564e-07,4.21164350964677e-06,"SRR14919238","Species","Detected in one sample"
"Tumebacillus_permanentifrigoris",1,3.50970292470564e-07,4.21164350964677e-06,"SRR14919238","Species","Detected in one sample"
"Croceitalea_dokdonensis",1,3.50970292470564e-07,4.21164350964677e-06,"SRR14919238","Species","Detected in one sample"
"Brumimicrobium_mesophilum",1,3.50970292470564e-07,4.21164350964677e-06,"SRR14919238","Species","Detected in one sample"
"Brevibacillus_formosus",1,3.50970292470564e-07,4.21164350964677e-06,"SRR14919238","Species","Detected in one sample"
"Neptunomonas_naphthovorans",1,3.50970292470564e-07,4.21164350964677e-06,"SRR14919238","Species","Detected in one sample"
"Spironema_culicis",1,3.50970292470564e-07,4.21164350964677e-06,"SRR14919238","Species","Detected in one sample"
"Alkalibacterium_psychrotolerans",1,3.50970292470564e-07,4.21164350964677e-06,"SRR14919238","Species","Detected in one sample"
"Rhodococcus_aetherivorans",1,3.50970292470564e-07,4.21164350964677e-06,"SRR14919238","Species","Detected in one sample"
"Desulfococcus_biacutus",1,3.50970292470564e-07,4.21164350964677e-06,"SRR14919238","Species","Detected in one sample"
"Halobacillus_naozhouensis",1,3.50970292470564e-07,4.21164350964677e-06,"SRR14919238","Species","Detected in one sample"
"Citromicrobium_bathyomarinum",1,3.50970292470564e-07,4.21164350964677e-06,"SRR14919238","Species","Detected in one sample"
"Boyliae_praeputiale",1,3.50970292470564e-07,4.21164350964677e-06,"SRR14919238","Species","Detected in one sample"
"Psychrobacter_sanguinis",1,3.50970292470564e-07,4.21164350964677e-06,"SRR14919238","Species","Detected in one sample"
"Thermincola_potens",1,3.50970292470564e-07,4.21164350964677e-06,"SRR14919238","Species","Detected in one sample"
"Alysiella_filiformis",1,3.50970292470564e-07,4.21164350964677e-06,"SRR14919238","Species","Detected in one sample"
"Fervidobacterium_riparium",1,3.50970292470564e-07,4.21164350964677e-06,"SRR14919238","Species","Detected in one sample"
"Rhodococcus_kroppenstedtii",1,3.50970292470564e-07,4.21164350964677e-06,"SRR14919238","Species","Detected in one sample"
"Corynebacterium_pyruviciproducens",1,3.50970292470564e-07,4.21164350964677e-06,"SRR14919238","Species","Detected in one sample"
"Desulfotomaculum_thermosubterraneum",1,3.50970292470564e-07,4.21164350964677e-06,"SRR14919238","Species","Detected in one sample"
"Roseomonas_musae",1,3.50970292470564e-07,4.21164350964677e-06,"SRR14919238","Species","Detected in one sample"
"Thermotoga_hypogea",1,3.50970292470564e-07,4.21164350964677e-06,"SRR14919238","Species","Detected in one sample"
"Arenicella_chitinivorans",1,3.50970292470564e-07,4.21164350964677e-06,"SRR14919238","Species","Detected in one sample"
"Methanobacterium_movens",1,3.50970292470564e-07,4.21164350964677e-06,"SRR14919238","Species","Detected in one sample"
"Virgibacillus_siamensis",1,3.50970292470564e-07,4.21164350964677e-06,"SRR14919238","Species","Detected in one sample"
"Streptomyces_rochei",1,3.50970292470564e-07,4.21164350964677e-06,"SRR14919238","Species","Detected in one sample"
"Methanothermococcus_okinawensis",1,3.50970292470564e-07,4.21164350964677e-06,"SRR14919238","Species","Detected in one sample"
"Streptococcus_gallinaceus",1,3.50970292470564e-07,4.21164350964677e-06,"SRR14919238","Species","Detected in one sample"
"Syntrophomonas_bryantii",1,3.50970292470564e-07,4.21164350964677e-06,"SRR14919238","Species","Detected in one sample"
"Luteimonas_terricola",1,3.50970292470564e-07,4.21164350964677e-06,"SRR14919238","Species","Detected in one sample"
"Massilia_aurea",1,3.50970292470564e-07,4.21164350964677e-06,"SRR14919238","Species","Detected in one sample"
"Salisediminibacterium_halotolerans",1,3.50970292470564e-07,4.21164350964677e-06,"SRR14919238","Species","Detected in one sample"
"Clostridium_roseum",1,3.50970292470564e-07,4.21164350964677e-06,"SRR14919238","Species","Detected in one sample"
"Legionella_drancourtii",1,3.50970292470564e-07,4.21164350964677e-06,"SRR14919238","Species","Detected in one sample"
"Nereida_ignava",1,3.50970292470564e-07,4.21164350964677e-06,"SRR14919238","Species","Detected in one sample"
"Thiohalorhabdus_denitrificans",1,3.50970292470564e-07,4.21164350964677e-06,"SRR14919238","Species","Detected in one sample"
"Belnapia_moabensis",1,3.50970292470564e-07,4.21164350964677e-06,"SRR14919238","Species","Detected in one sample"
"Saccharophagus_degradans",1,3.50970292470564e-07,4.21164350964677e-06,"SRR14919238","Species","Detected in one sample"
"Arthrobacter_roseus",1,3.50970292470564e-07,4.21164350964677e-06,"SRR14919238","Species","Detected in one sample"
"Polaribacter_filamentus",1,3.50970292470564e-07,4.21164350964677e-06,"SRR14919238","Species","Detected in one sample"
"Methylosinus_trichosporium",1,3.50970292470564e-07,4.21164350964677e-06,"SRR14919238","Species","Detected in one sample"
"Gracilibacillus_dipsosauri",1,3.50970292470564e-07,4.21164350964677e-06,"SRR14919238","Species","Detected in one sample"
"Pelagicoccus_litoralis",1,3.50970292470564e-07,4.21164350964677e-06,"SRR14919238","Species","Detected in one sample"
"Pandoraea_norimbergensis",1,3.50970292470564e-07,4.21164350964677e-06,"SRR14919238","Species","Detected in one sample"
"Quinella_ovalis",1,3.50970292470564e-07,4.21164350964677e-06,"SRR14919238","Species","Detected in one sample"
"Desulfonema_magnum",1,3.50970292470564e-07,4.21164350964677e-06,"SRR14919238","Species","Detected in one sample"
"Anoxybacillus_kamchatkensis",1,3.50970292470564e-07,4.21164350964677e-06,"SRR14919238","Species","Detected in one sample"
"Tessaracoccus_lubricantis",1,3.50970292470564e-07,4.21164350964677e-06,"SRR14919238","Species","Detected in one sample"
"Exiguobacterium_acetylicum",1,3.50970292470564e-07,4.21164350964677e-06,"SRR14919238","Species","Detected in one sample"
"Hymenobacter_psychrophilus",1,3.50970292470564e-07,4.21164350964677e-06,"SRR14919238","Species","Detected in one sample"
"Roseococcus_thiosulfatophilus",1,3.50970292470564e-07,4.21164350964677e-06,"SRR14919238","Species","Detected in one sample"
"Nicotiana_tabacum",1,3.50970292470564e-07,4.21164350964677e-06,"SRR14919238","Species","Detected in one sample"
"Stigmatella_aurantiaca",1,3.50970292470564e-07,4.21164350964677e-06,"SRR14919238","Species","Detected in one sample"
"Cuscuta_reflexa",1,3.50970292470564e-07,4.21164350964677e-06,"SRR14919238","Species","Detected in one sample"
"Bacillus_decolorationis",1,3.50970292470564e-07,4.21164350964677e-06,"SRR14919238","Species","Detected in one sample"
"Spirulina_laxissima",1,3.50970292470564e-07,4.21164350964677e-06,"SRR14919238","Species","Detected in one sample"
"Anabaena_eucompacta",1,3.50970292470564e-07,4.21164350964677e-06,"SRR14919238","Species","Detected in one sample"
"Methylothermus_subterraneus",1,3.50970292470564e-07,4.21164350964677e-06,"SRR14919238","Species","Detected in one sample"
"Caldibacillus_debilis",1,3.50970292470564e-07,4.21164350964677e-06,"SRR14919238","Species","Detected in one sample"
"Peptoniphilus_koenoeneniae",1,3.50970292470564e-07,4.21164350964677e-06,"SRR14919238","Species","Detected in one sample"
"Caldanaerobius_polysaccharolyticus",1,3.50970292470564e-07,4.21164350964677e-06,"SRR14919238","Species","Detected in one sample"
"Rhizobium_undicola",1,3.50970292470564e-07,4.21164350964677e-06,"SRR14919238","Species","Detected in one sample"
"Acidicapsa_borealis",1,3.50970292470564e-07,4.21164350964677e-06,"SRR14919238","Species","Detected in one sample"
"Angiopteris_evecta",1,3.50970292470564e-07,4.21164350964677e-06,"SRR14919238","Species","Detected in one sample"
"Halococcus_salifodinae",1,3.50970292470564e-07,4.21164350964677e-06,"SRR14919238","Species","Detected in one sample"
"Nesterenkonia_terrae",1,3.50970292470564e-07,4.21164350964677e-06,"SRR14919238","Species","Detected in one sample"
"Leptospira_licerasiae",1,3.50970292470564e-07,4.21164350964677e-06,"SRR14919238","Species","Detected in one sample"
"Thermohalobacter_berrensis",1,3.50970292470564e-07,4.21164350964677e-06,"SRR14919238","Species","Detected in one sample"
"Halomonas_salina",1,3.50970292470564e-07,4.21164350964677e-06,"SRR14919238","Species","Detected in one sample"
"Streptococcus_downei",1,3.50970292470564e-07,4.21164350964677e-06,"SRR14919238","Species","Detected in one sample"
"Rhodanobacter_lindaniclasticus",1,3.50970292470564e-07,4.21164350964677e-06,"SRR14919238","Species","Detected in one sample"
"Actinosynnema_mirum",1,3.50970292470564e-07,4.21164350964677e-06,"SRR14919238","Species","Detected in one sample"
"Geobacillus_anatolicus",1,3.50970292470564e-07,4.21164350964677e-06,"SRR14919238","Species","Detected in one sample"
"Rhodovulum_adriaticum",1,3.50970292470564e-07,4.21164350964677e-06,"SRR14919238","Species","Detected in one sample"
"Chitinophaga_cymbidii",1,3.50970292470564e-07,4.21164350964677e-06,"SRR14919238","Species","Detected in one sample"
"Cellulomonas_flavigena",1,3.50970292470564e-07,4.21164350964677e-06,"SRR14919238","Species","Detected in one sample"
"Photobacterium_profundum",1,3.50970292470564e-07,4.21164350964677e-06,"SRR14919238","Species","Detected in one sample"
"Corynebacterium_lipophiloflavum",1,3.50970292470564e-07,4.21164350964677e-06,"SRR14919238","Species","Detected in one sample"
"Azospirillum_largimobile",1,3.50970292470564e-07,4.21164350964677e-06,"SRR14919238","Species","Detected in one sample"
"Nocardiopsis_lucentensis",1,3.50970292470564e-07,4.21164350964677e-06,"SRR14919238","Species","Detected in one sample"
"Sulfurospirillum_arcachonense",1,3.50970292470564e-07,4.21164350964677e-06,"SRR14919238","Species","Detected in one sample"
"Arthrobacter_citreus",1,3.50970292470564e-07,4.21164350964677e-06,"SRR14919238","Species","Detected in one sample"
"Rickettsia_asiatica",1,3.50970292470564e-07,4.21164350964677e-06,"SRR14919238","Species","Detected in one sample"
"Corynebacterium_cystitidis",1,3.50970292470564e-07,4.21164350964677e-06,"SRR14919238","Species","Detected in one sample"
"Mycoplasma_phocicerebrale",1,3.50970292470564e-07,4.21164350964677e-06,"SRR14919238","Species","Detected in one sample"
"Lactobacillus_gastricus",1,3.50970292470564e-07,4.21164350964677e-06,"SRR14919238","Species","Detected in one sample"
"Aliivibrio_logei",1,3.50970292470564e-07,4.21164350964677e-06,"SRR14919238","Species","Detected in one sample"
"Discoplastis_spathirhyncha",1,3.50970292470564e-07,4.21164350964677e-06,"SRR14919238","Species","Detected in one sample"
"Xenorhabdus_indica",1,3.50970292470564e-07,4.21164350964677e-06,"SRR14919238","Species","Detected in one sample"
"Halomicrobium_mukohataei",1,3.50970292470564e-07,4.21164350964677e-06,"SRR14919238","Species","Detected in one sample"
"Ochrobactrum_intermedium",1,3.50970292470564e-07,4.21164350964677e-06,"SRR14919238","Species","Detected in one sample"
"Listeria_weihenstephanensis",1,3.50970292470564e-07,4.21164350964677e-06,"SRR14919238","Species","Detected in one sample"
"Tenacibaculum_maritimum",1,3.50970292470564e-07,4.21164350964677e-06,"SRR14919238","Species","Detected in one sample"
"Carboxydothermus_siderophilus",1,3.50970292470564e-07,4.21164350964677e-06,"SRR14919238","Species","Detected in one sample"
"Actinotalea_ferrariae",1,3.50970292470564e-07,4.21164350964677e-06,"SRR14919238","Species","Detected in one sample"
"Lentimonas_marisflavi",1,3.50970292470564e-07,4.21164350964677e-06,"SRR14919238","Species","Detected in one sample"
"Singularimonas_variicoloris",1,3.50970292470564e-07,4.21164350964677e-06,"SRR14919238","Species","Detected in one sample"
"Flavobacterium_anhuiense",1,3.50970292470564e-07,4.21164350964677e-06,"SRR14919238","Species","Detected in one sample"
"Microbacterium_paraoxydans",1,3.50970292470564e-07,4.21164350964677e-06,"SRR14919238","Species","Detected in one sample"
"Brevibacillus_panacihumi",1,3.50970292470564e-07,4.21164350964677e-06,"SRR14919238","Species","Detected in one sample"
"Micromonospora_chokoriensis",1,3.50970292470564e-07,4.21164350964677e-06,"SRR14919238","Species","Detected in one sample"
"Streptomyces_aureofaciens",1,3.50970292470564e-07,4.21164350964677e-06,"SRR14919238","Species","Detected in one sample"
"Treponema_porcinum",1,3.50970292470564e-07,4.21164350964677e-06,"SRR14919238","Species","Detected in one sample"
"Pseudoalteromonas_luteoviolacea",1,3.50970292470564e-07,4.21164350964677e-06,"SRR14919238","Species","Detected in one sample"
"Acholeplasma_cavigenitalium",1,3.50970292470564e-07,4.21164350964677e-06,"SRR14919238","Species","Detected in one sample"
"Kriegella_aquimaris",1,3.50970292470564e-07,4.21164350964677e-06,"SRR14919238","Species","Detected in one sample"
"Vibrio_azureus",1,3.50970292470564e-07,4.21164350964677e-06,"SRR14919238","Species","Detected in one sample"
"Granulicella_rosea",1,3.50970292470564e-07,4.21164350964677e-06,"SRR14919238","Species","Detected in one sample"
"Actinocorallia_longicatena",1,3.50970292470564e-07,4.21164350964677e-06,"SRR14919238","Species","Detected in one sample"
"Psychromonas_ossibalaenae",1,3.50970292470564e-07,4.21164350964677e-06,"SRR14919238","Species","Detected in one sample"
"Marinobacterium_lutimaris",1,3.50970292470564e-07,4.21164350964677e-06,"SRR14919238","Species","Detected in one sample"
"Psychrobacillus_insolitus",1,3.50970292470564e-07,4.21164350964677e-06,"SRR14919238","Species","Detected in one sample"
"Paenibacillus_kobensis",1,3.50970292470564e-07,4.21164350964677e-06,"SRR14919238","Species","Detected in one sample"
"Undibacterium_oligocarboniphilum",1,3.50970292470564e-07,4.21164350964677e-06,"SRR14919238","Species","Detected in one sample"
"Serratia_nematodiphila",1,3.47896271247765e-07,4.17475525497318e-06,"SRR14919245","Species","Detected in one sample"
"Polaromonas_aquatica",1,3.47896271247765e-07,4.17475525497318e-06,"SRR14919245","Species","Detected in one sample"
"Caldicellulosiruptor_owensensis",1,3.47896271247765e-07,4.17475525497318e-06,"SRR14919245","Species","Detected in one sample"
"Arcobacter_butzleri",1,3.47896271247765e-07,4.17475525497318e-06,"SRR14919245","Species","Detected in one sample"
"Leucothrix_mucor",1,3.47896271247765e-07,4.17475525497318e-06,"SRR14919245","Species","Detected in one sample"
"Bacillus_fastidiosus",1,3.47896271247765e-07,4.17475525497318e-06,"SRR14919245","Species","Detected in one sample"
"Paracoccus_marinus",1,3.47896271247765e-07,4.17475525497318e-06,"SRR14919245","Species","Detected in one sample"
"Desulfovibrio_vietnamensis",1,3.47896271247765e-07,4.17475525497318e-06,"SRR14919245","Species","Detected in one sample"
"Adiantum_capillus-veneris",1,3.47896271247765e-07,4.17475525497318e-06,"SRR14919245","Species","Detected in one sample"
"Tumebacillus_ginsengisoli",1,3.47896271247765e-07,4.17475525497318e-06,"SRR14919245","Species","Detected in one sample"
"Staphylococcus_carnosus",1,3.47896271247765e-07,4.17475525497318e-06,"SRR14919245","Species","Detected in one sample"
"Salinibacter_luteus",1,3.47896271247765e-07,4.17475525497318e-06,"SRR14919245","Species","Detected in one sample"
"Desulfovibrio_sulfodismutans",1,3.47896271247765e-07,4.17475525497318e-06,"SRR14919245","Species","Detected in one sample"
"Desulfonatronovibrio_halophilus",1,3.47896271247765e-07,4.17475525497318e-06,"SRR14919245","Species","Detected in one sample"
"Pedobacter_arcticus",1,3.47896271247765e-07,4.17475525497318e-06,"SRR14919245","Species","Detected in one sample"
"Polyangium_sorediatum",1,3.47896271247765e-07,4.17475525497318e-06,"SRR14919245","Species","Detected in one sample"
"Piscicoccus_intestinalis",1,3.47896271247765e-07,4.17475525497318e-06,"SRR14919245","Species","Detected in one sample"
"Planomicrobium_koreense",1,3.47896271247765e-07,4.17475525497318e-06,"SRR14919245","Species","Detected in one sample"
"Delftia_litopenaei",1,3.47896271247765e-07,4.17475525497318e-06,"SRR14919245","Species","Detected in one sample"
"Methanofollis_tationis",1,3.47896271247765e-07,4.17475525497318e-06,"SRR14919245","Species","Detected in one sample"
"Deferribacter_autotrophicus",1,3.47896271247765e-07,4.17475525497318e-06,"SRR14919245","Species","Detected in one sample"
"Neptunomonas_concharum",1,3.47896271247765e-07,4.17475525497318e-06,"SRR14919245","Species","Detected in one sample"
"Actinopolyspora_indiensis",1,3.47896271247765e-07,4.17475525497318e-06,"SRR14919245","Species","Detected in one sample"
"Marinicella_litoralis",1,3.47896271247765e-07,4.17475525497318e-06,"SRR14919245","Species","Detected in one sample"
"Psychrobacter_namhaensis",1,3.47896271247765e-07,4.17475525497318e-06,"SRR14919245","Species","Detected in one sample"
"Pedobacter_kribbensis",1,3.47896271247765e-07,4.17475525497318e-06,"SRR14919245","Species","Detected in one sample"
"Mycoplasma_salivarium",1,3.47896271247765e-07,4.17475525497318e-06,"SRR14919245","Species","Detected in one sample"
"Methylacidiphilum_fumariolicum",1,3.47896271247765e-07,4.17475525497318e-06,"SRR14919245","Species","Detected in one sample"
"Desulfurobacterium_thermolithotrophum",1,3.47896271247765e-07,4.17475525497318e-06,"SRR14919245","Species","Detected in one sample"
"Megasphaera_paucivorans",1,3.47896271247765e-07,4.17475525497318e-06,"SRR14919245","Species","Detected in one sample"
"Helcococcus_kunzii",1,3.47896271247765e-07,4.17475525497318e-06,"SRR14919245","Species","Detected in one sample"
"Filimonas_lacunae",1,3.47896271247765e-07,4.17475525497318e-06,"SRR14919245","Species","Detected in one sample"
"Sporolactobacillus_laevolacticus",1,3.47896271247765e-07,4.17475525497318e-06,"SRR14919245","Species","Detected in one sample"
"Mycoplasma_leopharyngis",1,3.47896271247765e-07,4.17475525497318e-06,"SRR14919245","Species","Detected in one sample"
"Sporolactobacillus_inulinus",1,3.47896271247765e-07,4.17475525497318e-06,"SRR14919245","Species","Detected in one sample"
"Muricauda_aquimarina",1,3.47896271247765e-07,4.17475525497318e-06,"SRR14919245","Species","Detected in one sample"
"Peptostreptococcus_russellii",1,3.47896271247765e-07,4.17475525497318e-06,"SRR14919245","Species","Detected in one sample"
"Tenacibaculum_xiamenense",1,3.47896271247765e-07,4.17475525497318e-06,"SRR14919245","Species","Detected in one sample"
"Syntrophomonas_erecta",1,3.47896271247765e-07,4.17475525497318e-06,"SRR14919245","Species","Detected in one sample"
"Lactobacillus_namurensis",1,3.47896271247765e-07,4.17475525497318e-06,"SRR14919245","Species","Detected in one sample"
"Hydrogenothermus_marinus",1,3.47896271247765e-07,4.17475525497318e-06,"SRR14919245","Species","Detected in one sample"
"Bacillus_aidingensis",1,3.47896271247765e-07,4.17475525497318e-06,"SRR14919245","Species","Detected in one sample"
"Leifsonia_bigeumensis",1,3.47896271247765e-07,4.17475525497318e-06,"SRR14919245","Species","Detected in one sample"
"Aureimarina_marisflavi",1,3.47896271247765e-07,4.17475525497318e-06,"SRR14919245","Species","Detected in one sample"
"Komagataeibacter_saccharivorans",1,3.47896271247765e-07,4.17475525497318e-06,"SRR14919245","Species","Detected in one sample"
"Burkholderia_ambifaria",1,3.47896271247765e-07,4.17475525497318e-06,"SRR14919245","Species","Detected in one sample"
"Glaciecola_punicea",1,3.47896271247765e-07,4.17475525497318e-06,"SRR14919245","Species","Detected in one sample"
"Legionella_brunensis",1,3.47896271247765e-07,4.17475525497318e-06,"SRR14919245","Species","Detected in one sample"
"Vulcanisaeta_souniana",1,3.47896271247765e-07,4.17475525497318e-06,"SRR14919245","Species","Detected in one sample"
"Trueperella_abortisuis",1,3.47896271247765e-07,4.17475525497318e-06,"SRR14919245","Species","Detected in one sample"
"Anaerobacillus_macyae",1,3.47896271247765e-07,4.17475525497318e-06,"SRR14919245","Species","Detected in one sample"
"Pseudovibrio_japonicus",1,3.47896271247765e-07,4.17475525497318e-06,"SRR14919245","Species","Detected in one sample"
"Cuspidothrix_issatschenkoi",1,3.47896271247765e-07,4.17475525497318e-06,"SRR14919245","Species","Detected in one sample"
"Marinobacter_excellens",1,3.47896271247765e-07,4.17475525497318e-06,"SRR14919245","Species","Detected in one sample"
"Halorubrum_trapanicum",1,3.47896271247765e-07,4.17475525497318e-06,"SRR14919245","Species","Detected in one sample"
"Mechercharimyces_mesophilus",1,3.47896271247765e-07,4.17475525497318e-06,"SRR14919245","Species","Detected in one sample"
"Roseivirga_ehrenbergii",1,3.47896271247765e-07,4.17475525497318e-06,"SRR14919245","Species","Detected in one sample"
"Halomonas_mongoliensis",1,3.47896271247765e-07,4.17475525497318e-06,"SRR14919245","Species","Detected in one sample"
"Thermotoga_petrophila",1,3.47896271247765e-07,4.17475525497318e-06,"SRR14919245","Species","Detected in one sample"
"Gelidibacter_salicanalis",1,3.47896271247765e-07,4.17475525497318e-06,"SRR14919245","Species","Detected in one sample"
"Methermicoccus_shengliensis",1,3.47896271247765e-07,4.17475525497318e-06,"SRR14919245","Species","Detected in one sample"
"Raoultella_ornithinolytica",1,3.47896271247765e-07,4.17475525497318e-06,"SRR14919245","Species","Detected in one sample"
"Actinomyces_oris",1,3.47896271247765e-07,4.17475525497318e-06,"SRR14919245","Species","Detected in one sample"
"Nostoc_commune",1,3.47896271247765e-07,4.17475525497318e-06,"SRR14919245","Species","Detected in one sample"
"Geothermobacterium_ferrireducens",1,3.47896271247765e-07,4.17475525497318e-06,"SRR14919245","Species","Detected in one sample"
"Lactobacillus_intestinalis",1,3.47896271247765e-07,4.17475525497318e-06,"SRR14919245","Species","Detected in one sample"
"Chrysiogenes_arsenatis",1,3.47896271247765e-07,4.17475525497318e-06,"SRR14919245","Species","Detected in one sample"
"Arcobacter_skirrowii",1,3.47896271247765e-07,4.17475525497318e-06,"SRR14919245","Species","Detected in one sample"
"Streptomyces_prasinus",1,3.47896271247765e-07,4.17475525497318e-06,"SRR14919245","Species","Detected in one sample"
"Cedecea_neteri",1,3.47896271247765e-07,4.17475525497318e-06,"SRR14919245","Species","Detected in one sample"
"Pontibacter_korlensis",1,3.47896271247765e-07,4.17475525497318e-06,"SRR14919245","Species","Detected in one sample"
"Euptilota_molle",1,3.47896271247765e-07,4.17475525497318e-06,"SRR14919245","Species","Detected in one sample"
"Leucobacter_chironomi",1,3.47896271247765e-07,4.17475525497318e-06,"SRR14919245","Species","Detected in one sample"
"Mycobacterium_moriokaense",1,3.47896271247765e-07,4.17475525497318e-06,"SRR14919245","Species","Detected in one sample"
"Mycobacterium_doricum",1,3.47896271247765e-07,4.17475525497318e-06,"SRR14919245","Species","Detected in one sample"
"Thermoproteus_tenax",1,3.47896271247765e-07,4.17475525497318e-06,"SRR14919245","Species","Detected in one sample"
"Carboxydocella_ferrireducens",1,3.47896271247765e-07,4.17475525497318e-06,"SRR14919245","Species","Detected in one sample"
"Spirochaeta_asiatica",1,3.47896271247765e-07,4.17475525497318e-06,"SRR14919245","Species","Detected in one sample"
"Desulfobacter_hydrogenophilus",1,3.47896271247765e-07,4.17475525497318e-06,"SRR14919245","Species","Detected in one sample"
"Orenia_marismortui",1,3.47896271247765e-07,4.17475525497318e-06,"SRR14919245","Species","Detected in one sample"
"Rarobacter_incanus",1,3.47896271247765e-07,4.17475525497318e-06,"SRR14919245","Species","Detected in one sample"
"Roseibacillus_ponti",1,3.47896271247765e-07,4.17475525497318e-06,"SRR14919245","Species","Detected in one sample"
"Enterococcus_italicus",1,3.47896271247765e-07,4.17475525497318e-06,"SRR14919245","Species","Detected in one sample"
"Nitrospira_calida",1,3.47896271247765e-07,4.17475525497318e-06,"SRR14919245","Species","Detected in one sample"
"Pasteurella_dagmatis",1,3.47896271247765e-07,4.17475525497318e-06,"SRR14919245","Species","Detected in one sample"
"Azospirillum_lipoferum",1,3.47896271247765e-07,4.17475525497318e-06,"SRR14919245","Species","Detected in one sample"
"Chryseobacterium_shigense",1,3.47896271247765e-07,4.17475525497318e-06,"SRR14919245","Species","Detected in one sample"
"Phaseolus_vulgaris",1,3.47896271247765e-07,4.17475525497318e-06,"SRR14919245","Species","Detected in one sample"
"Aerosakkonema_funiforme",1,3.47896271247765e-07,4.17475525497318e-06,"SRR14919245","Species","Detected in one sample"
"Desulfurispira_natronophila",1,3.47896271247765e-07,4.17475525497318e-06,"SRR14919245","Species","Detected in one sample"
"Rudaea_cellulosilytica",1,3.47896271247765e-07,4.17475525497318e-06,"SRR14919245","Species","Detected in one sample"
"Pseudonocardia_antarctica",1,3.47896271247765e-07,4.17475525497318e-06,"SRR14919245","Species","Detected in one sample"
"Haloechinothrix_alba",1,3.47896271247765e-07,4.17475525497318e-06,"SRR14919245","Species","Detected in one sample"
"Sulfolobus_tengchongensis",1,3.47896271247765e-07,4.17475525497318e-06,"SRR14919245","Species","Detected in one sample"
"Exiguobacterium_taiwanense",1,3.47896271247765e-07,4.17475525497318e-06,"SRR14919245","Species","Detected in one sample"
"Acetobacter_aceti",1,3.47896271247765e-07,4.17475525497318e-06,"SRR14919245","Species","Detected in one sample"
"Tranquillimonas_alkanivorans",1,3.47896271247765e-07,4.17475525497318e-06,"SRR14919245","Species","Detected in one sample"
"Anoxybacillus_tepidamans",1,3.47896271247765e-07,4.17475525497318e-06,"SRR14919245","Species","Detected in one sample"
"Serpens_flexibilis",1,3.47896271247765e-07,4.17475525497318e-06,"SRR14919245","Species","Detected in one sample"
"Gelidium_crinale",1,3.47896271247765e-07,4.17475525497318e-06,"SRR14919245","Species","Detected in one sample"
"Actinokineospora_enzanensis",1,3.47896271247765e-07,4.17475525497318e-06,"SRR14919245","Species","Detected in one sample"
"Pedobacter_daechungensis",1,3.47896271247765e-07,4.17475525497318e-06,"SRR14919245","Species","Detected in one sample"
"Desulfovibrio_giganteus",1,3.47896271247765e-07,4.17475525497318e-06,"SRR14919245","Species","Detected in one sample"
"Mycobacterium_acapulcensis",1,3.47896271247765e-07,4.17475525497318e-06,"SRR14919245","Species","Detected in one sample"
"Shewanella_gaetbuli",1,3.47896271247765e-07,4.17475525497318e-06,"SRR14919245","Species","Detected in one sample"
"Mycoplasma_testudineum",1,3.47896271247765e-07,4.17475525497318e-06,"SRR14919245","Species","Detected in one sample"
"Vibrio_ichthyoenteri",1,3.47896271247765e-07,4.17475525497318e-06,"SRR14919245","Species","Detected in one sample"
"Acidilobus_saccharovorans",1,3.47896271247765e-07,4.17475525497318e-06,"SRR14919245","Species","Detected in one sample"
"Syntrophus_buswellii",1,3.47896271247765e-07,4.17475525497318e-06,"SRR14919245","Species","Detected in one sample"
"Arcanobacterium_phocae",1,3.47896271247765e-07,4.17475525497318e-06,"SRR14919245","Species","Detected in one sample"
"Brevibacterium_marinum",1,3.47896271247765e-07,4.17475525497318e-06,"SRR14919245","Species","Detected in one sample"
"Aquabacterium_parvum",1,3.47896271247765e-07,4.17475525497318e-06,"SRR14919245","Species","Detected in one sample"
"Streptomyces_phaeopurpureus",1,3.47896271247765e-07,4.17475525497318e-06,"SRR14919245","Species","Detected in one sample"
"Zhihengliuella_flava",1,3.47896271247765e-07,4.17475525497318e-06,"SRR14919245","Species","Detected in one sample"
"Hyphomicrobium_denitrificans",1,3.47896271247765e-07,4.17475525497318e-06,"SRR14919245","Species","Detected in one sample"
"Mesorhizobium_septentrionale",1,3.47896271247765e-07,4.17475525497318e-06,"SRR14919245","Species","Detected in one sample"
"Cellvibrio_vulgaris",1,3.47896271247765e-07,4.17475525497318e-06,"SRR14919245","Species","Detected in one sample"
"Pontibacillus_litoralis",1,3.47896271247765e-07,4.17475525497318e-06,"SRR14919245","Species","Detected in one sample"
"Parascardovia_denticolens",1,3.47896271247765e-07,4.17475525497318e-06,"SRR14919245","Species","Detected in one sample"
"Halobellus_inordinatus",1,3.47896271247765e-07,4.17475525497318e-06,"SRR14919245","Species","Detected in one sample"
"Chryseobacterium_moechotypicola",1,3.47896271247765e-07,4.17475525497318e-06,"SRR14919245","Species","Detected in one sample"
"Peptoniphilus_timonensis",1,3.47896271247765e-07,4.17475525497318e-06,"SRR14919245","Species","Detected in one sample"
"Altererythrobacter_gangjinensis",1,3.47896271247765e-07,4.17475525497318e-06,"SRR14919245","Species","Detected in one sample"
"Lactococcus_plantarum",1,3.47896271247765e-07,4.17475525497318e-06,"SRR14919245","Species","Detected in one sample"
"Echinicola_vietnamensis",1,3.47896271247765e-07,4.17475525497318e-06,"SRR14919245","Species","Detected in one sample"
"Cyanobacterium_stanieri",1,3.47896271247765e-07,4.17475525497318e-06,"SRR14919245","Species","Detected in one sample"
"Desulfovibrio_inopinatus",1,3.47896271247765e-07,4.17475525497318e-06,"SRR14919245","Species","Detected in one sample"
"Photobacterium_ganghwense",1,3.47896271247765e-07,4.17475525497318e-06,"SRR14919245","Species","Detected in one sample"
"Nocardia_salmonicida",1,3.32083371522921e-07,3.98500045827505e-06,"SRR14919244","Species","Detected in one sample"
"Alicyclobacillus_shizuokensis",1,3.32083371522921e-07,3.98500045827505e-06,"SRR14919244","Species","Detected in one sample"
"Tistrella_bauzanensis",1,3.32083371522921e-07,3.98500045827505e-06,"SRR14919244","Species","Detected in one sample"
"Neisseria_mucosa",1,3.32083371522921e-07,3.98500045827505e-06,"SRR14919244","Species","Detected in one sample"
"Fischerella_ambigua",1,3.32083371522921e-07,3.98500045827505e-06,"SRR14919244","Species","Detected in one sample"
"Pedobacter_composti",1,3.32083371522921e-07,3.98500045827505e-06,"SRR14919244","Species","Detected in one sample"
"Saccharospirillum_salsuginis",1,3.32083371522921e-07,3.98500045827505e-06,"SRR14919244","Species","Detected in one sample"
"Halomonas_korlensis",1,3.32083371522921e-07,3.98500045827505e-06,"SRR14919244","Species","Detected in one sample"
"Sphingomonas_haloaromaticamans",1,3.32083371522921e-07,3.98500045827505e-06,"SRR14919244","Species","Detected in one sample"
"Campylobacter_lari",1,3.32083371522921e-07,3.98500045827505e-06,"SRR14919244","Species","Detected in one sample"
"Dermacoccus_profundi",1,3.32083371522921e-07,3.98500045827505e-06,"SRR14919244","Species","Detected in one sample"
"Nocardia_nova",1,3.32083371522921e-07,3.98500045827505e-06,"SRR14919244","Species","Detected in one sample"
"Caldanaerobius_fijiensis",1,3.32083371522921e-07,3.98500045827505e-06,"SRR14919244","Species","Detected in one sample"
"Marixanthomonas_ophiurae",1,3.32083371522921e-07,3.98500045827505e-06,"SRR14919244","Species","Detected in one sample"
"Corynebacterium_cyclohexanicum",1,3.32083371522921e-07,3.98500045827505e-06,"SRR14919244","Species","Detected in one sample"
"Caulobacter_henricii",1,3.32083371522921e-07,3.98500045827505e-06,"SRR14919244","Species","Detected in one sample"
"Lactobacillus_fornicalis",1,3.32083371522921e-07,3.98500045827505e-06,"SRR14919244","Species","Detected in one sample"
"Rickettsia_typhi",1,3.32083371522921e-07,3.98500045827505e-06,"SRR14919244","Species","Detected in one sample"
"Methanothermobacter_thermautotrophicus",1,3.32083371522921e-07,3.98500045827505e-06,"SRR14919244","Species","Detected in one sample"
"Chlorokybus_atmophyticus",1,3.32083371522921e-07,3.98500045827505e-06,"SRR14919244","Species","Detected in one sample"
"Heliobacillus_mobilis",1,3.32083371522921e-07,3.98500045827505e-06,"SRR14919244","Species","Detected in one sample"
"Dyella_ginsengisoli",1,3.32083371522921e-07,3.98500045827505e-06,"SRR14919244","Species","Detected in one sample"
"Porphyromonas_gingivicanis",1,3.32083371522921e-07,3.98500045827505e-06,"SRR14919244","Species","Detected in one sample"
"Mycoplasma_mucosicanis",1,3.32083371522921e-07,3.98500045827505e-06,"SRR14919244","Species","Detected in one sample"
"Soonwooa_buanensis",1,3.32083371522921e-07,3.98500045827505e-06,"SRR14919244","Species","Detected in one sample"
"Pseudoalteromonas_flavipulchra",1,3.32083371522921e-07,3.98500045827505e-06,"SRR14919244","Species","Detected in one sample"
"Pasteuria_goettingianae",1,3.32083371522921e-07,3.98500045827505e-06,"SRR14919244","Species","Detected in one sample"
"Dietzia_kunjamensis",1,3.32083371522921e-07,3.98500045827505e-06,"SRR14919244","Species","Detected in one sample"
"Thiothrix_unzii",1,3.32083371522921e-07,3.98500045827505e-06,"SRR14919244","Species","Detected in one sample"
"Nocardia_novocastrensa",1,3.32083371522921e-07,3.98500045827505e-06,"SRR14919244","Species","Detected in one sample"
"Epilithonimonas_lactis",1,3.32083371522921e-07,3.98500045827505e-06,"SRR14919244","Species","Detected in one sample"
"Pantoea_calida",1,3.32083371522921e-07,3.98500045827505e-06,"SRR14919244","Species","Detected in one sample"
"Endozoicomonas_montiporae",1,3.32083371522921e-07,3.98500045827505e-06,"SRR14919244","Species","Detected in one sample"
"Pedobacter_oryzae",1,3.32083371522921e-07,3.98500045827505e-06,"SRR14919244","Species","Detected in one sample"
"Sphaerochaeta_pleomorpha",1,3.32083371522921e-07,3.98500045827505e-06,"SRR14919244","Species","Detected in one sample"
"Microbulbifer_celer",1,3.32083371522921e-07,3.98500045827505e-06,"SRR14919244","Species","Detected in one sample"
"Rheinheimera_perlucida",1,3.32083371522921e-07,3.98500045827505e-06,"SRR14919244","Species","Detected in one sample"
"Bifidobacterium_merycicum",1,3.32083371522921e-07,3.98500045827505e-06,"SRR14919244","Species","Detected in one sample"
"Geovibrio_ferrireducens",1,3.32083371522921e-07,3.98500045827505e-06,"SRR14919244","Species","Detected in one sample"
"Chromatium_weissei",1,3.32083371522921e-07,3.98500045827505e-06,"SRR14919244","Species","Detected in one sample"
"Streptomyces_microflavus",1,3.32083371522921e-07,3.98500045827505e-06,"SRR14919244","Species","Detected in one sample"
"Croceimarina_litoralis",1,3.32083371522921e-07,3.98500045827505e-06,"SRR14919244","Species","Detected in one sample"
"Kangiella_spongicola",1,3.32083371522921e-07,3.98500045827505e-06,"SRR14919244","Species","Detected in one sample"
"Pediococcus_damnosus",1,3.32083371522921e-07,3.98500045827505e-06,"SRR14919244","Species","Detected in one sample"
"Francisella_guangzhouensis",1,3.32083371522921e-07,3.98500045827505e-06,"SRR14919244","Species","Detected in one sample"
"Pseudoxanthomonas_koreensis",1,3.32083371522921e-07,3.98500045827505e-06,"SRR14919244","Species","Detected in one sample"
"Moritella_viscosa",1,3.32083371522921e-07,3.98500045827505e-06,"SRR14919244","Species","Detected in one sample"
"Arthrobacter_gangotriensis",1,3.32083371522921e-07,3.98500045827505e-06,"SRR14919244","Species","Detected in one sample"
"Actinomyces_nasicola",1,3.32083371522921e-07,3.98500045827505e-06,"SRR14919244","Species","Detected in one sample"
"Archaeoglobus_infectus",1,3.32083371522921e-07,3.98500045827505e-06,"SRR14919244","Species","Detected in one sample"
"Sporomusa_paucivorans",1,3.32083371522921e-07,3.98500045827505e-06,"SRR14919244","Species","Detected in one sample"
"Haloarcula_argentinensis",1,3.32083371522921e-07,3.98500045827505e-06,"SRR14919244","Species","Detected in one sample"
"Aquimarina_brevivitae",1,3.32083371522921e-07,3.98500045827505e-06,"SRR14919244","Species","Detected in one sample"
"Acidicapsa_ligni",1,3.32083371522921e-07,3.98500045827505e-06,"SRR14919244","Species","Detected in one sample"
"Herbaspirillum_frisingense",1,3.32083371522921e-07,3.98500045827505e-06,"SRR14919244","Species","Detected in one sample"
"Polyangium_fumosum",1,3.32083371522921e-07,3.98500045827505e-06,"SRR14919244","Species","Detected in one sample"
"Prevotella_multisaccharivorax",1,3.32083371522921e-07,3.98500045827505e-06,"SRR14919244","Species","Detected in one sample"
"Paenibacillus_validus",1,3.32083371522921e-07,3.98500045827505e-06,"SRR14919244","Species","Detected in one sample"
"Halomonas_caseinilytica",1,3.32083371522921e-07,3.98500045827505e-06,"SRR14919244","Species","Detected in one sample"
"Thermanaerothrix_daxensis",1,3.32083371522921e-07,3.98500045827505e-06,"SRR14919244","Species","Detected in one sample"
"Achromobacter_denitrificans",1,3.32083371522921e-07,3.98500045827505e-06,"SRR14919244","Species","Detected in one sample"
"Thalassionema_nitzschioides",1,3.32083371522921e-07,3.98500045827505e-06,"SRR14919244","Species","Detected in one sample"
"Vibrio_diabolicus",1,3.32083371522921e-07,3.98500045827505e-06,"SRR14919244","Species","Detected in one sample"
"Paramoritella_alkaliphila",1,3.32083371522921e-07,3.98500045827505e-06,"SRR14919244","Species","Detected in one sample"
"Dethiosulfovibrio_russensis",1,3.32083371522921e-07,3.98500045827505e-06,"SRR14919244","Species","Detected in one sample"
"Hydrogenophaga_defluvii",1,3.32083371522921e-07,3.98500045827505e-06,"SRR14919244","Species","Detected in one sample"
"Actinoalloteichus_alkalophilus",1,3.32083371522921e-07,3.98500045827505e-06,"SRR14919244","Species","Detected in one sample"
"Marinitoga_piezophila",1,3.32083371522921e-07,3.98500045827505e-06,"SRR14919244","Species","Detected in one sample"
"Pseudoclavibacter_helvolus",1,3.32083371522921e-07,3.98500045827505e-06,"SRR14919244","Species","Detected in one sample"
"Thalassolituus_oleivorans",1,3.32083371522921e-07,3.98500045827505e-06,"SRR14919244","Species","Detected in one sample"
"Burkholderia_multivorans",1,3.32083371522921e-07,3.98500045827505e-06,"SRR14919244","Species","Detected in one sample"
"Reinekea_blandensis",1,3.32083371522921e-07,3.98500045827505e-06,"SRR14919244","Species","Detected in one sample"
"Corynebacterium_ammoniagenes",1,3.32083371522921e-07,3.98500045827505e-06,"SRR14919244","Species","Detected in one sample"
"Methylovirgula_ligni",1,3.32083371522921e-07,3.98500045827505e-06,"SRR14919244","Species","Detected in one sample"
"Aneurinibacillus_thermoaerophilus",1,3.32083371522921e-07,3.98500045827505e-06,"SRR14919244","Species","Detected in one sample"
"Arthrobacter_sanguinis",1,3.32083371522921e-07,3.98500045827505e-06,"SRR14919244","Species","Detected in one sample"
"Moraxella_catarrhalis",1,3.32083371522921e-07,3.98500045827505e-06,"SRR14919244","Species","Detected in one sample"
"Palmaria_palmata",1,3.32083371522921e-07,3.98500045827505e-06,"SRR14919244","Species","Detected in one sample"
"Gelidium_pristoides",1,3.32083371522921e-07,3.98500045827505e-06,"SRR14919244","Species","Detected in one sample"
"Vibrio_vulnificus",1,3.32083371522921e-07,3.98500045827505e-06,"SRR14919244","Species","Detected in one sample"
"Methanosaeta_thermophila",1,3.32083371522921e-07,3.98500045827505e-06,"SRR14919244","Species","Detected in one sample"
"Mycoplasma_verecundum",1,3.32083371522921e-07,3.98500045827505e-06,"SRR14919244","Species","Detected in one sample"
"Fervidicola_ferrireducens",1,3.32083371522921e-07,3.98500045827505e-06,"SRR14919244","Species","Detected in one sample"
"Shewanella_upenei",1,3.32083371522921e-07,3.98500045827505e-06,"SRR14919244","Species","Detected in one sample"
"Rhodobium_gokarnense",1,3.32083371522921e-07,3.98500045827505e-06,"SRR14919244","Species","Detected in one sample"
"Spiroplasma_phoeniceum",1,3.32083371522921e-07,3.98500045827505e-06,"SRR14919244","Species","Detected in one sample"
"Prevotella_fusca",1,3.32083371522921e-07,3.98500045827505e-06,"SRR14919244","Species","Detected in one sample"
"Sulfurihydrogenibium_kristjanssonii",1,3.32083371522921e-07,3.98500045827505e-06,"SRR14919244","Species","Detected in one sample"
"Mycoplasma_putrefaciens",1,3.32083371522921e-07,3.98500045827505e-06,"SRR14919244","Species","Detected in one sample"
"Lactobacillus_antri",1,3.32083371522921e-07,3.98500045827505e-06,"SRR14919244","Species","Detected in one sample"
"Calypogeia_muelleriana",1,3.32083371522921e-07,3.98500045827505e-06,"SRR14919244","Species","Detected in one sample"
"Roseovarius_lutimaris",1,3.32083371522921e-07,3.98500045827505e-06,"SRR14919244","Species","Detected in one sample"
"Haloarchaeobius_iranensis",1,3.32083371522921e-07,3.98500045827505e-06,"SRR14919244","Species","Detected in one sample"
"Cecembia_lonarensis",1,3.32083371522921e-07,3.98500045827505e-06,"SRR14919244","Species","Detected in one sample"
"Halomonas_cibimaris",1,3.32083371522921e-07,3.98500045827505e-06,"SRR14919244","Species","Detected in one sample"
"Burkholderia_oxyphila",1,3.32083371522921e-07,3.98500045827505e-06,"SRR14919244","Species","Detected in one sample"
"Carica_papaya",1,3.32083371522921e-07,3.98500045827505e-06,"SRR14919244","Species","Detected in one sample"
"Thiohalobacter_thiocyanaticus",1,3.32083371522921e-07,3.98500045827505e-06,"SRR14919244","Species","Detected in one sample"
"Capnocytophaga_sputigena",1,3.32083371522921e-07,3.98500045827505e-06,"SRR14919244","Species","Detected in one sample"
"Arthrobacter_globiformis",1,3.32083371522921e-07,3.98500045827505e-06,"SRR14919244","Species","Detected in one sample"
"Skermania_piniformis",1,3.32083371522921e-07,3.98500045827505e-06,"SRR14919244","Species","Detected in one sample"
"Aeromonas_media",1,3.32083371522921e-07,3.98500045827505e-06,"SRR14919244","Species","Detected in one sample"
"Algoriphagus_shivajiensis",1,3.32083371522921e-07,3.98500045827505e-06,"SRR14919244","Species","Detected in one sample"
"Prevotella_histicola",1,3.32083371522921e-07,3.98500045827505e-06,"SRR14919244","Species","Detected in one sample"
"Alteribacillus_persepolensis",1,3.32083371522921e-07,3.98500045827505e-06,"SRR14919244","Species","Detected in one sample"
"Gelidium_latifolium",1,3.32083371522921e-07,3.98500045827505e-06,"SRR14919244","Species","Detected in one sample"
"Actinobacillus_delphinicola",1,3.32083371522921e-07,3.98500045827505e-06,"SRR14919244","Species","Detected in one sample"
"Kitasatospora_phosalacinea",1,3.32083371522921e-07,3.98500045827505e-06,"SRR14919244","Species","Detected in one sample"
"Thioalkalivibrio_versutus",1,3.32083371522921e-07,3.98500045827505e-06,"SRR14919244","Species","Detected in one sample"
"Desulfovermiculus_halophilus",1,3.32083371522921e-07,3.98500045827505e-06,"SRR14919244","Species","Detected in one sample"
"Mycoplasma_vulturii",1,3.32083371522921e-07,3.98500045827505e-06,"SRR14919244","Species","Detected in one sample"
"Corethron_pennatum",1,3.32083371522921e-07,3.98500045827505e-06,"SRR14919244","Species","Detected in one sample"
"Marinobacter_oulmenensis",1,3.32083371522921e-07,3.98500045827505e-06,"SRR14919244","Species","Detected in one sample"
"Lactobacillus_buchneri",1,3.32083371522921e-07,3.98500045827505e-06,"SRR14919244","Species","Detected in one sample"
"Aestuariibacter_salexigens",1,3.32083371522921e-07,3.98500045827505e-06,"SRR14919244","Species","Detected in one sample"
"Pseudosphingobacterium_domesticum",1,3.32083371522921e-07,3.98500045827505e-06,"SRR14919244","Species","Detected in one sample"
"Paenibacillus_nanensis",1,3.32083371522921e-07,3.98500045827505e-06,"SRR14919244","Species","Detected in one sample"
"Spirochaeta_xylanolyticus",1,3.32083371522921e-07,3.98500045827505e-06,"SRR14919244","Species","Detected in one sample"
"Arthrobacter_oxydans",1,3.32083371522921e-07,3.98500045827505e-06,"SRR14919244","Species","Detected in one sample"
"Borrelia_andersonii",1,3.28751847585383e-07,3.9450221710246e-06,"SRR14919240","Species","Detected in one sample"
"Chryseobacterium_indoltheticum",1,3.28751847585383e-07,3.9450221710246e-06,"SRR14919240","Species","Detected in one sample"
"Nodularia_spumigena",1,3.28751847585383e-07,3.9450221710246e-06,"SRR14919240","Species","Detected in one sample"
"Halorussus_rarus",1,3.28751847585383e-07,3.9450221710246e-06,"SRR14919240","Species","Detected in one sample"
"Chryseobacterium_daecheongense",1,3.28751847585383e-07,3.9450221710246e-06,"SRR14919240","Species","Detected in one sample"
"Maricaulis_maris",1,3.28751847585383e-07,3.9450221710246e-06,"SRR14919240","Species","Detected in one sample"
"Haemophilus_pittmaniae",1,3.28751847585383e-07,3.9450221710246e-06,"SRR14919240","Species","Detected in one sample"
"Limnohabitans_planktonicus",1,3.28751847585383e-07,3.9450221710246e-06,"SRR14919240","Species","Detected in one sample"
"Leclercia_adecarboxylata",1,3.28751847585383e-07,3.9450221710246e-06,"SRR14919240","Species","Detected in one sample"
"Xanthomonas_fragariae",1,3.28751847585383e-07,3.9450221710246e-06,"SRR14919240","Species","Detected in one sample"
"Helicobacter_apodemus",1,3.28751847585383e-07,3.9450221710246e-06,"SRR14919240","Species","Detected in one sample"
"Escherichia/Shigella_hermannii",1,3.28751847585383e-07,3.9450221710246e-06,"SRR14919240","Species","Detected in one sample"
"Microbulbifer_mangrovi",1,3.28751847585383e-07,3.9450221710246e-06,"SRR14919240","Species","Detected in one sample"
"Amycolatopsis_orientalis",1,3.28751847585383e-07,3.9450221710246e-06,"SRR14919240","Species","Detected in one sample"
"Deinococcus_radiophilus",1,3.28751847585383e-07,3.9450221710246e-06,"SRR14919240","Species","Detected in one sample"
"Rhodopseudomonas_faecalis",1,3.28751847585383e-07,3.9450221710246e-06,"SRR14919240","Species","Detected in one sample"
"Nocardioides_tritolerans",1,3.28751847585383e-07,3.9450221710246e-06,"SRR14919240","Species","Detected in one sample"
"Geobacter_bremensis",1,3.28751847585383e-07,3.9450221710246e-06,"SRR14919240","Species","Detected in one sample"
"Aquifex_aeolicus",1,3.28751847585383e-07,3.9450221710246e-06,"SRR14919240","Species","Detected in one sample"
"Corynebacterium_minutissimum",1,3.28751847585383e-07,3.9450221710246e-06,"SRR14919240","Species","Detected in one sample"
"Streptococcus_fryi",1,3.28751847585383e-07,3.9450221710246e-06,"SRR14919240","Species","Detected in one sample"
"Solirubrobacter_ginsenosidimutans",1,3.28751847585383e-07,3.9450221710246e-06,"SRR14919240","Species","Detected in one sample"
"Roseospira_goensis",1,3.28751847585383e-07,3.9450221710246e-06,"SRR14919240","Species","Detected in one sample"
"Gordonia_otitidis",1,3.28751847585383e-07,3.9450221710246e-06,"SRR14919240","Species","Detected in one sample"
"Halanaerobacter_lacunarum",1,3.28751847585383e-07,3.9450221710246e-06,"SRR14919240","Species","Detected in one sample"
"Brachymonas_chironomi",1,3.28751847585383e-07,3.9450221710246e-06,"SRR14919240","Species","Detected in one sample"
"Comamonas_badia",1,3.28751847585383e-07,3.9450221710246e-06,"SRR14919240","Species","Detected in one sample"
"Trichormus_variabilis",1,3.28751847585383e-07,3.9450221710246e-06,"SRR14919240","Species","Detected in one sample"
"Sporosarcina_thermotolerans",1,3.28751847585383e-07,3.9450221710246e-06,"SRR14919240","Species","Detected in one sample"
"Lactobacillus_acetotolerans",1,3.28751847585383e-07,3.9450221710246e-06,"SRR14919240","Species","Detected in one sample"
"Methanogenium_marinum",1,3.28751847585383e-07,3.9450221710246e-06,"SRR14919240","Species","Detected in one sample"
"Roseovarius_tolerans",1,3.28751847585383e-07,3.9450221710246e-06,"SRR14919240","Species","Detected in one sample"
"Desulfovibrio_gracilis",1,3.28751847585383e-07,3.9450221710246e-06,"SRR14919240","Species","Detected in one sample"
"Bacillus_infernus",1,3.28751847585383e-07,3.9450221710246e-06,"SRR14919240","Species","Detected in one sample"
"Algoriphagus_antarcticus",1,3.28751847585383e-07,3.9450221710246e-06,"SRR14919240","Species","Detected in one sample"
"Lactobacillus_fructivorans",1,3.28751847585383e-07,3.9450221710246e-06,"SRR14919240","Species","Detected in one sample"
"Thermoplasma_acidophilum",1,3.28751847585383e-07,3.9450221710246e-06,"SRR14919240","Species","Detected in one sample"
"Melittangium_lichenicola",1,3.28751847585383e-07,3.9450221710246e-06,"SRR14919240","Species","Detected in one sample"
"Streptococcus_entericus",1,3.28751847585383e-07,3.9450221710246e-06,"SRR14919240","Species","Detected in one sample"
"Fervidobacterium_pennivorans",1,3.28751847585383e-07,3.9450221710246e-06,"SRR14919240","Species","Detected in one sample"
"Paenibacillus_hunanensis",1,3.28751847585383e-07,3.9450221710246e-06,"SRR14919240","Species","Detected in one sample"
"Desulfovibrio_gigas",1,3.28751847585383e-07,3.9450221710246e-06,"SRR14919240","Species","Detected in one sample"
"Erwinia_toletana",1,3.28751847585383e-07,3.9450221710246e-06,"SRR14919240","Species","Detected in one sample"
"Acetobacter_farinalis",1,3.28751847585383e-07,3.9450221710246e-06,"SRR14919240","Species","Detected in one sample"
"Serratia_plymuthica",1,3.28751847585383e-07,3.9450221710246e-06,"SRR14919240","Species","Detected in one sample"
"Rheinheimera_chironomi",1,3.28751847585383e-07,3.9450221710246e-06,"SRR14919240","Species","Detected in one sample"
"Spiroplasma_chinense",1,3.28751847585383e-07,3.9450221710246e-06,"SRR14919240","Species","Detected in one sample"
"Erythrobacter_mathurensis",1,3.28751847585383e-07,3.9450221710246e-06,"SRR14919240","Species","Detected in one sample"
"Reinekea_marinisedimentorum",1,3.28751847585383e-07,3.9450221710246e-06,"SRR14919240","Species","Detected in one sample"
"Flammeovirga_aprica",1,3.28751847585383e-07,3.9450221710246e-06,"SRR14919240","Species","Detected in one sample"
"Kordiimonas_lacus",1,3.28751847585383e-07,3.9450221710246e-06,"SRR14919240","Species","Detected in one sample"
"Ruminobacter_amylophilus",1,3.28751847585383e-07,3.9450221710246e-06,"SRR14919240","Species","Detected in one sample"
"Pannonibacter_indicus",1,3.28751847585383e-07,3.9450221710246e-06,"SRR14919240","Species","Detected in one sample"
"Actinomadura_madurae",1,3.28751847585383e-07,3.9450221710246e-06,"SRR14919240","Species","Detected in one sample"
"Synergistes_jonesii",1,3.28751847585383e-07,3.9450221710246e-06,"SRR14919240","Species","Detected in one sample"
"Ruegeria_atlantica",1,3.28751847585383e-07,3.9450221710246e-06,"SRR14919240","Species","Detected in one sample"
"Chlorogloeopsis_fritschii",1,3.28751847585383e-07,3.9450221710246e-06,"SRR14919240","Species","Detected in one sample"
"Eubacterium_moniliforme",1,3.28751847585383e-07,3.9450221710246e-06,"SRR14919240","Species","Detected in one sample"
"Actinomadura_bangladeshensis",1,3.28751847585383e-07,3.9450221710246e-06,"SRR14919240","Species","Detected in one sample"
"Ktedonobacter_racemifer",1,3.28751847585383e-07,3.9450221710246e-06,"SRR14919240","Species","Detected in one sample"
"Iodobacter_fluviatilis",1,3.28751847585383e-07,3.9450221710246e-06,"SRR14919240","Species","Detected in one sample"
"Paludibacterium_yongneupense",1,3.28751847585383e-07,3.9450221710246e-06,"SRR14919240","Species","Detected in one sample"
"Lactobacillus_alimentarius",1,3.28751847585383e-07,3.9450221710246e-06,"SRR14919240","Species","Detected in one sample"
"Ignatzschineria_larvae",1,3.28751847585383e-07,3.9450221710246e-06,"SRR14919240","Species","Detected in one sample"
"Neisseria_lactamica",1,3.28751847585383e-07,3.9450221710246e-06,"SRR14919240","Species","Detected in one sample"
"Aquaspirillum_serpens",1,3.28751847585383e-07,3.9450221710246e-06,"SRR14919240","Species","Detected in one sample"
"Streptomyces_speibonae",1,3.28751847585383e-07,3.9450221710246e-06,"SRR14919240","Species","Detected in one sample"
"Knoellia_locipacati",1,3.28751847585383e-07,3.9450221710246e-06,"SRR14919240","Species","Detected in one sample"
"Desulfocella_halophila",1,3.28751847585383e-07,3.9450221710246e-06,"SRR14919240","Species","Detected in one sample"
"Neisseria_elongata",1,3.28751847585383e-07,3.9450221710246e-06,"SRR14919240","Species","Detected in one sample"
"Borrelia_anserina",1,3.28751847585383e-07,3.9450221710246e-06,"SRR14919240","Species","Detected in one sample"
"Bacillus_ginsengi",1,3.28751847585383e-07,3.9450221710246e-06,"SRR14919240","Species","Detected in one sample"
"Clostridium_frigoriphilum",1,3.28751847585383e-07,3.9450221710246e-06,"SRR14919240","Species","Detected in one sample"
"Parvularcula_dongshanensis",1,3.28751847585383e-07,3.9450221710246e-06,"SRR14919240","Species","Detected in one sample"
"Venenivibrio_stagnispumantis",1,3.28751847585383e-07,3.9450221710246e-06,"SRR14919240","Species","Detected in one sample"
"Pelagicoccus_croceus",1,3.28751847585383e-07,3.9450221710246e-06,"SRR14919240","Species","Detected in one sample"
"Arthrobacter_nicotinovorans",1,3.28751847585383e-07,3.9450221710246e-06,"SRR14919240","Species","Detected in one sample"
"Rubritalea_tangerina",1,3.28751847585383e-07,3.9450221710246e-06,"SRR14919240","Species","Detected in one sample"
"Mannheimia_granulomatis",1,3.28751847585383e-07,3.9450221710246e-06,"SRR14919240","Species","Detected in one sample"
"Hafnia_alvei",1,3.28751847585383e-07,3.9450221710246e-06,"SRR14919240","Species","Detected in one sample"
"Halobacterium_jilantaiense",1,3.28751847585383e-07,3.9450221710246e-06,"SRR14919240","Species","Detected in one sample"
"Pontibacillus_halophilus",1,3.28751847585383e-07,3.9450221710246e-06,"SRR14919240","Species","Detected in one sample"
"Streptococcus_seminale",1,3.28751847585383e-07,3.9450221710246e-06,"SRR14919240","Species","Detected in one sample"
"Yersinia_enterocolitica",1,3.28751847585383e-07,3.9450221710246e-06,"SRR14919240","Species","Detected in one sample"
"Bacillus_herbersteinensis",1,3.28751847585383e-07,3.9450221710246e-06,"SRR14919240","Species","Detected in one sample"
"Thermosediminibacter_oceani",1,3.28751847585383e-07,3.9450221710246e-06,"SRR14919240","Species","Detected in one sample"
"Desulfurella_propionica",1,3.28751847585383e-07,3.9450221710246e-06,"SRR14919240","Species","Detected in one sample"
"Herpetosiphon_geysericola",1,3.28751847585383e-07,3.9450221710246e-06,"SRR14919240","Species","Detected in one sample"
"Bordetella_holmesii",1,3.28751847585383e-07,3.9450221710246e-06,"SRR14919240","Species","Detected in one sample"
"Orbus_hercynius",1,3.28751847585383e-07,3.9450221710246e-06,"SRR14919240","Species","Detected in one sample"
"Sphingomonas_yabuuchiae",1,3.28751847585383e-07,3.9450221710246e-06,"SRR14919240","Species","Detected in one sample"
"Clostridium_collagenovorans",1,3.28751847585383e-07,3.9450221710246e-06,"SRR14919240","Species","Detected in one sample"
"Jahnella_thaxteri",1,3.28751847585383e-07,3.9450221710246e-06,"SRR14919240","Species","Detected in one sample"
"Cardiobacterium_hominis",1,3.28751847585383e-07,3.9450221710246e-06,"SRR14919240","Species","Detected in one sample"
"Fabibacter_halotolerans",1,3.28751847585383e-07,3.9450221710246e-06,"SRR14919240","Species","Detected in one sample"
"Flavobacterium_johnsoniae",1,3.28751847585383e-07,3.9450221710246e-06,"SRR14919240","Species","Detected in one sample"
"Brasilonema_roberti-lamyi",1,3.28751847585383e-07,3.9450221710246e-06,"SRR14919240","Species","Detected in one sample"
"Desulfovibrio_capillatus",1,3.28751847585383e-07,3.9450221710246e-06,"SRR14919240","Species","Detected in one sample"
"Sporolactobacillus_vineae",1,3.28751847585383e-07,3.9450221710246e-06,"SRR14919240","Species","Detected in one sample"
"Paracoccus_kamogawaensis",1,3.28751847585383e-07,3.9450221710246e-06,"SRR14919240","Species","Detected in one sample"
"Cohnella_hongkongensis",1,3.28751847585383e-07,3.9450221710246e-06,"SRR14919240","Species","Detected in one sample"
"Desulfatitalea_tepidiphila",1,3.28751847585383e-07,3.9450221710246e-06,"SRR14919240","Species","Detected in one sample"
"Borrelia_hermsii",1,3.28751847585383e-07,3.9450221710246e-06,"SRR14919240","Species","Detected in one sample"
"Desulfovibrio_profundus",1,3.28751847585383e-07,3.9450221710246e-06,"SRR14919240","Species","Detected in one sample"
"Sphingobacterium_anhuiense",1,3.28751847585383e-07,3.9450221710246e-06,"SRR14919240","Species","Detected in one sample"
"Shewanella_colwelliana",1,3.28751847585383e-07,3.9450221710246e-06,"SRR14919240","Species","Detected in one sample"
"Sphingomonas_panni",1,3.28751847585383e-07,3.9450221710246e-06,"SRR14919240","Species","Detected in one sample"
"Pedobacter_sandarakinus",1,3.28751847585383e-07,3.9450221710246e-06,"SRR14919240","Species","Detected in one sample"
"Bacillus_vietnamensis",1,3.28751847585383e-07,3.9450221710246e-06,"SRR14919240","Species","Detected in one sample"
"Desulfovibrio_cavernae",1,3.28751847585383e-07,3.9450221710246e-06,"SRR14919240","Species","Detected in one sample"
"Thauera_butanivorans",1,3.28751847585383e-07,3.9450221710246e-06,"SRR14919240","Species","Detected in one sample"
"Alteromonas_genovensis",1,3.28751847585383e-07,3.9450221710246e-06,"SRR14919240","Species","Detected in one sample"
"Propioniciclava_tarda",1,3.28751847585383e-07,3.9450221710246e-06,"SRR14919240","Species","Detected in one sample"
"Corallina_officinalis",1,3.28751847585383e-07,3.9450221710246e-06,"SRR14919240","Species","Detected in one sample"
"Salinicoccus_iranensis",1,3.28751847585383e-07,3.9450221710246e-06,"SRR14919240","Species","Detected in one sample"
"Actinobaculum_suis",1,3.28751847585383e-07,3.9450221710246e-06,"SRR14919240","Species","Detected in one sample"
"Flavobacterium_hercynium",1,3.28751847585383e-07,3.9450221710246e-06,"SRR14919240","Species","Detected in one sample"
"Mycoplasma_arginini",1,3.28751847585383e-07,3.9450221710246e-06,"SRR14919240","Species","Detected in one sample"
"Sneathiella_chinensis",1,3.28751847585383e-07,3.9450221710246e-06,"SRR14919240","Species","Detected in one sample"
"Pseudospirillum_japonicum",1,3.28751847585383e-07,3.9450221710246e-06,"SRR14919240","Species","Detected in one sample"
"Corynebacterium_urealyticum",1,3.28751847585383e-07,3.9450221710246e-06,"SRR14919240","Species","Detected in one sample"
"Streptococcus_lactarius",1,3.28751847585383e-07,3.9450221710246e-06,"SRR14919240","Species","Detected in one sample"
"Actinomyces_hongkongensis",1,3.28751847585383e-07,3.9450221710246e-06,"SRR14919240","Species","Detected in one sample"
"Desulfurispirillum_alkaliphilum",1,3.28751847585383e-07,3.9450221710246e-06,"SRR14919240","Species","Detected in one sample"
"Arcobacter_marinus",1,3.28751847585383e-07,3.9450221710246e-06,"SRR14919240","Species","Detected in one sample"
"Lysobacter_antibioticus",1,3.28751847585383e-07,3.9450221710246e-06,"SRR14919240","Species","Detected in one sample"
"Belliella_pelovolcani",1,3.28751847585383e-07,3.9450221710246e-06,"SRR14919240","Species","Detected in one sample"
"Providencia_vermicola",1,3.28751847585383e-07,3.9450221710246e-06,"SRR14919240","Species","Detected in one sample"
"Halorhodospira_halochloris",1,3.28751847585383e-07,3.9450221710246e-06,"SRR14919240","Species","Detected in one sample"
"Tolumonas_auensis",1,3.28751847585383e-07,3.9450221710246e-06,"SRR14919240","Species","Detected in one sample"
"Terribacillus_halophilus",1,3.28751847585383e-07,3.9450221710246e-06,"SRR14919240","Species","Detected in one sample"
"Thalassomonas_haliotis",1,3.28751847585383e-07,3.9450221710246e-06,"SRR14919240","Species","Detected in one sample"
"Mycoplasma_bovis",1,3.28751847585383e-07,3.9450221710246e-06,"SRR14919240","Species","Detected in one sample"
"Salsuginibacillus_halophilus",1,3.28751847585383e-07,3.9450221710246e-06,"SRR14919240","Species","Detected in one sample"
"Winogradskyella_eximia",1,3.28751847585383e-07,3.9450221710246e-06,"SRR14919240","Species","Detected in one sample"
"Pediococcus_cellicola",1,3.28751847585383e-07,3.9450221710246e-06,"SRR14919240","Species","Detected in one sample"
"Lactobacillus_rapi",1,3.28751847585383e-07,3.9450221710246e-06,"SRR14919240","Species","Detected in one sample"
"Haloferax_sulfurifontis",1,3.28751847585383e-07,3.9450221710246e-06,"SRR14919240","Species","Detected in one sample"
"Sphingomonas_ursincola",1,3.28751847585383e-07,3.9450221710246e-06,"SRR14919240","Species","Detected in one sample"
"Heliobacterium_sulfidophilum",1,3.28751847585383e-07,3.9450221710246e-06,"SRR14919240","Species","Detected in one sample"
"Altererythrobacter_marinus",1,3.28751847585383e-07,3.9450221710246e-06,"SRR14919240","Species","Detected in one sample"
"Brevibacterium_oceani",1,3.28751847585383e-07,3.9450221710246e-06,"SRR14919240","Species","Detected in one sample"
"Carpothamnion_gunnianum",1,3.28751847585383e-07,3.9450221710246e-06,"SRR14919240","Species","Detected in one sample"
"Prevotella_jejuni",1,3.28751847585383e-07,3.9450221710246e-06,"SRR14919240","Species","Detected in one sample"
"Oscillatoria_nigro-viridis",1,3.28751847585383e-07,3.9450221710246e-06,"SRR14919240","Species","Detected in one sample"
"Oceanobacillus_sojae",1,3.28751847585383e-07,3.9450221710246e-06,"SRR14919240","Species","Detected in one sample"
"Aciduliprofundum_boonei",1,3.28751847585383e-07,3.9450221710246e-06,"SRR14919240","Species","Detected in one sample"
"Actinokineospora_cianjurensis",1,3.28751847585383e-07,3.9450221710246e-06,"SRR14919240","Species","Detected in one sample"
"Marmoricola_aurantiacus",1,3.28751847585383e-07,3.9450221710246e-06,"SRR14919240","Species","Detected in one sample"
"Chlamydomonas_reinhardtii",1,3.28751847585383e-07,3.9450221710246e-06,"SRR14919240","Species","Detected in one sample"
"Paenibacillus_typhae",1,3.28751847585383e-07,3.9450221710246e-06,"SRR14919240","Species","Detected in one sample"
"Metallosphaera_hakonensis",1,3.28751847585383e-07,3.9450221710246e-06,"SRR14919240","Species","Detected in one sample"
"Lentisphaera_araneosa",1,3.28751847585383e-07,3.9450221710246e-06,"SRR14919240","Species","Detected in one sample"
"Halomonas_aquamarina",1,3.28751847585383e-07,3.9450221710246e-06,"SRR14919240","Species","Detected in one sample"
"Rickettsia_hulinii",1,3.2051282051282e-07,3.84615384615385e-06,"SRR14919243","Species","Detected in one sample"
"Trichodesmium_tenue",1,3.2051282051282e-07,3.84615384615385e-06,"SRR14919243","Species","Detected in one sample"
"Salinicoccus_salsiraiae",1,3.2051282051282e-07,3.84615384615385e-06,"SRR14919243","Species","Detected in one sample"
"Arcobacter_mytili",1,3.2051282051282e-07,3.84615384615385e-06,"SRR14919243","Species","Detected in one sample"
"Heliorestis_baculata",1,3.2051282051282e-07,3.84615384615385e-06,"SRR14919243","Species","Detected in one sample"
"Vibrio_aerogenes",1,3.2051282051282e-07,3.84615384615385e-06,"SRR14919243","Species","Detected in one sample"
"Legionella_longbeachae",1,3.2051282051282e-07,3.84615384615385e-06,"SRR14919243","Species","Detected in one sample"
"Neisseria_weaveri",1,3.2051282051282e-07,3.84615384615385e-06,"SRR14919243","Species","Detected in one sample"
"Cellulomonas_chitinilytica",1,3.2051282051282e-07,3.84615384615385e-06,"SRR14919243","Species","Detected in one sample"
"Helicobacter_muricola",1,3.2051282051282e-07,3.84615384615385e-06,"SRR14919243","Species","Detected in one sample"
"Bacillus_aerophilus",1,3.2051282051282e-07,3.84615384615385e-06,"SRR14919243","Species","Detected in one sample"
"Limnothrix_redekei",1,3.2051282051282e-07,3.84615384615385e-06,"SRR14919243","Species","Detected in one sample"
"Kingella_oralis",1,3.2051282051282e-07,3.84615384615385e-06,"SRR14919243","Species","Detected in one sample"
"Prosthecochloris_aestuarii",1,3.2051282051282e-07,3.84615384615385e-06,"SRR14919243","Species","Detected in one sample"
"Sphingopyxis_baekryungensis",1,3.2051282051282e-07,3.84615384615385e-06,"SRR14919243","Species","Detected in one sample"
"Larkinella_arboricola",1,3.2051282051282e-07,3.84615384615385e-06,"SRR14919243","Species","Detected in one sample"
"Mesotoga_prima",1,3.2051282051282e-07,3.84615384615385e-06,"SRR14919243","Species","Detected in one sample"
"Weeksella_virosa",1,3.2051282051282e-07,3.84615384615385e-06,"SRR14919243","Species","Detected in one sample"
"Shewanella_woodyi",1,3.2051282051282e-07,3.84615384615385e-06,"SRR14919243","Species","Detected in one sample"
"Natroniella_acetigena",1,3.2051282051282e-07,3.84615384615385e-06,"SRR14919243","Species","Detected in one sample"
"Pedobacter_insulae",1,3.2051282051282e-07,3.84615384615385e-06,"SRR14919243","Species","Detected in one sample"
"Arthrobacter_sulfureus",1,3.2051282051282e-07,3.84615384615385e-06,"SRR14919243","Species","Detected in one sample"
"Robiginitalea_myxolifaciens",1,3.2051282051282e-07,3.84615384615385e-06,"SRR14919243","Species","Detected in one sample"
"Desulfovibrio_psychrotolerans",1,3.2051282051282e-07,3.84615384615385e-06,"SRR14919243","Species","Detected in one sample"
"Bacillus_wakoensis",1,3.2051282051282e-07,3.84615384615385e-06,"SRR14919243","Species","Detected in one sample"
"Flexibacter_elegans",1,3.2051282051282e-07,3.84615384615385e-06,"SRR14919243","Species","Detected in one sample"
"Loktanella_rosea",1,3.2051282051282e-07,3.84615384615385e-06,"SRR14919243","Species","Detected in one sample"
"Escherichia/Shigella_dysenteriae",1,3.2051282051282e-07,3.84615384615385e-06,"SRR14919243","Species","Detected in one sample"
"Chlamydophila_felis",1,3.2051282051282e-07,3.84615384615385e-06,"SRR14919243","Species","Detected in one sample"
"Bifidobacterium_subtile",1,3.2051282051282e-07,3.84615384615385e-06,"SRR14919243","Species","Detected in one sample"
"Dolichospermum_curvum",1,3.2051282051282e-07,3.84615384615385e-06,"SRR14919243","Species","Detected in one sample"
"Archaeoglobus_sulfaticallidus",1,3.2051282051282e-07,3.84615384615385e-06,"SRR14919243","Species","Detected in one sample"
"Methanothermobacter_thermophilus",1,3.2051282051282e-07,3.84615384615385e-06,"SRR14919243","Species","Detected in one sample"
"Spiroplasma_eriocheiris",1,3.2051282051282e-07,3.84615384615385e-06,"SRR14919243","Species","Detected in one sample"
"Bacillus_arsenicus",1,3.2051282051282e-07,3.84615384615385e-06,"SRR14919243","Species","Detected in one sample"
"Lactovum_miscens",1,3.2051282051282e-07,3.84615384615385e-06,"SRR14919243","Species","Detected in one sample"
"Microbacterium_azadirachtae",1,3.2051282051282e-07,3.84615384615385e-06,"SRR14919243","Species","Detected in one sample"
"Winogradskyella_multivorans",1,3.2051282051282e-07,3.84615384615385e-06,"SRR14919243","Species","Detected in one sample"
"Moraxella_boevrei",1,3.2051282051282e-07,3.84615384615385e-06,"SRR14919243","Species","Detected in one sample"
"Koukoulia_aurantiaca",1,3.2051282051282e-07,3.84615384615385e-06,"SRR14919243","Species","Detected in one sample"
"Clostridium_proteolyticum",1,3.2051282051282e-07,3.84615384615385e-06,"SRR14919243","Species","Detected in one sample"
"Ureaplasma_felinum",1,3.2051282051282e-07,3.84615384615385e-06,"SRR14919243","Species","Detected in one sample"
"Thalassobacter_arenae",1,3.2051282051282e-07,3.84615384615385e-06,"SRR14919243","Species","Detected in one sample"
"Actinomadura_hallensis",1,3.2051282051282e-07,3.84615384615385e-06,"SRR14919243","Species","Detected in one sample"
"Weissella_hanii",1,3.2051282051282e-07,3.84615384615385e-06,"SRR14919243","Species","Detected in one sample"
"Thiocystis_violacea",1,3.2051282051282e-07,3.84615384615385e-06,"SRR14919243","Species","Detected in one sample"
"Geobacillus_caldoxylosilyticus",1,3.2051282051282e-07,3.84615384615385e-06,"SRR14919243","Species","Detected in one sample"
"Brevibacterium_permense",1,3.2051282051282e-07,3.84615384615385e-06,"SRR14919243","Species","Detected in one sample"
"Chitinophaga_skermanii",1,3.2051282051282e-07,3.84615384615385e-06,"SRR14919243","Species","Detected in one sample"
"Deinococcus_maricopensis",1,3.2051282051282e-07,3.84615384615385e-06,"SRR14919243","Species","Detected in one sample"
"Herbaspirillum_chlorophenolicum",1,3.2051282051282e-07,3.84615384615385e-06,"SRR14919243","Species","Detected in one sample"
"Desulfomicrobium_orale",1,3.2051282051282e-07,3.84615384615385e-06,"SRR14919243","Species","Detected in one sample"
"Desulfofaba_fastidiosa",1,3.2051282051282e-07,3.84615384615385e-06,"SRR14919243","Species","Detected in one sample"
"Desulfotomaculum_alkaliphilum",1,3.2051282051282e-07,3.84615384615385e-06,"SRR14919243","Species","Detected in one sample"
"Pedobacter_himalayensis",1,3.2051282051282e-07,3.84615384615385e-06,"SRR14919243","Species","Detected in one sample"
"Halomonas_taeanensis",1,3.2051282051282e-07,3.84615384615385e-06,"SRR14919243","Species","Detected in one sample"
"Lutimaribacter_saemankumensis",1,3.2051282051282e-07,3.84615384615385e-06,"SRR14919243","Species","Detected in one sample"
"Labrys_wisconsinensis",1,3.2051282051282e-07,3.84615384615385e-06,"SRR14919243","Species","Detected in one sample"
"Marinivirga_aestuarii",1,3.2051282051282e-07,3.84615384615385e-06,"SRR14919243","Species","Detected in one sample"
"Brevibacterium_siliguriense",1,3.2051282051282e-07,3.84615384615385e-06,"SRR14919243","Species","Detected in one sample"
"Alcanivorax_balearicus",1,3.2051282051282e-07,3.84615384615385e-06,"SRR14919243","Species","Detected in one sample"
"Meiothermus_rufus",1,3.2051282051282e-07,3.84615384615385e-06,"SRR14919243","Species","Detected in one sample"
"Bifissio_spartinae",1,3.2051282051282e-07,3.84615384615385e-06,"SRR14919243","Species","Detected in one sample"
"Brevibacterium_epidermidis",1,3.2051282051282e-07,3.84615384615385e-06,"SRR14919243","Species","Detected in one sample"
"Marinobacter_bryozoorum",1,3.2051282051282e-07,3.84615384615385e-06,"SRR14919243","Species","Detected in one sample"
"Aerococcus_christensenii",1,3.2051282051282e-07,3.84615384615385e-06,"SRR14919243","Species","Detected in one sample"
"Geotoga_aestuarianus",1,3.2051282051282e-07,3.84615384615385e-06,"SRR14919243","Species","Detected in one sample"
"Rubrivivax_benzoatilyticus",1,3.2051282051282e-07,3.84615384615385e-06,"SRR14919243","Species","Detected in one sample"
"Deinococcus_ficus",1,3.2051282051282e-07,3.84615384615385e-06,"SRR14919243","Species","Detected in one sample"
"Deinococcus_aquaticus",1,3.2051282051282e-07,3.84615384615385e-06,"SRR14919243","Species","Detected in one sample"
"Brasilonema_tolantongensis",1,3.2051282051282e-07,3.84615384615385e-06,"SRR14919243","Species","Detected in one sample"
"Actinomyces_viscosus",1,3.2051282051282e-07,3.84615384615385e-06,"SRR14919243","Species","Detected in one sample"
"Thermoanaerobacter_sulfurophilus",1,3.2051282051282e-07,3.84615384615385e-06,"SRR14919243","Species","Detected in one sample"
"Staphylococcus_massiliensis",1,3.2051282051282e-07,3.84615384615385e-06,"SRR14919243","Species","Detected in one sample"
"Rubidibacter_lacunae",1,3.2051282051282e-07,3.84615384615385e-06,"SRR14919243","Species","Detected in one sample"
"Ponticoccus_litoralis",1,3.2051282051282e-07,3.84615384615385e-06,"SRR14919243","Species","Detected in one sample"
"Rhodobacter_megalophilus",1,3.2051282051282e-07,3.84615384615385e-06,"SRR14919243","Species","Detected in one sample"
"Nocardiopsis_rosea",1,3.2051282051282e-07,3.84615384615385e-06,"SRR14919243","Species","Detected in one sample"
"Granulicatella_balaenopterae",1,3.2051282051282e-07,3.84615384615385e-06,"SRR14919243","Species","Detected in one sample"
"Ostreococcus_tauri",1,3.2051282051282e-07,3.84615384615385e-06,"SRR14919243","Species","Detected in one sample"
"Orenia_sivashensis",1,3.2051282051282e-07,3.84615384615385e-06,"SRR14919243","Species","Detected in one sample"
"Cryptosporangium_mongoliense",1,3.2051282051282e-07,3.84615384615385e-06,"SRR14919243","Species","Detected in one sample"
"Desulfonauticus_submarinus",1,3.2051282051282e-07,3.84615384615385e-06,"SRR14919243","Species","Detected in one sample"
"Cryomorpha_ignava",1,3.2051282051282e-07,3.84615384615385e-06,"SRR14919243","Species","Detected in one sample"
"Marinomonas_vaga",1,3.2051282051282e-07,3.84615384615385e-06,"SRR14919243","Species","Detected in one sample"
"Bacillus_hwajinpoensis",1,3.2051282051282e-07,3.84615384615385e-06,"SRR14919243","Species","Detected in one sample"
"Elizabethkingia_anophelis",1,3.2051282051282e-07,3.84615384615385e-06,"SRR14919243","Species","Detected in one sample"
"Deinococcus_reticulitermitis",1,3.2051282051282e-07,3.84615384615385e-06,"SRR14919243","Species","Detected in one sample"
"Streptococcus_porci",1,3.2051282051282e-07,3.84615384615385e-06,"SRR14919243","Species","Detected in one sample"
"Halalkalicoccus_tibetensis",1,3.2051282051282e-07,3.84615384615385e-06,"SRR14919243","Species","Detected in one sample"
"Brenneria_salicis",1,3.2051282051282e-07,3.84615384615385e-06,"SRR14919243","Species","Detected in one sample"
"Chromobacterium_aquaticum",1,3.2051282051282e-07,3.84615384615385e-06,"SRR14919243","Species","Detected in one sample"
"Arthrobacter_creatinolyticus",1,3.2051282051282e-07,3.84615384615385e-06,"SRR14919243","Species","Detected in one sample"
"Mesorhizobium_plurifarium",1,3.2051282051282e-07,3.84615384615385e-06,"SRR14919243","Species","Detected in one sample"
"Granulicatella_adiacens",1,3.2051282051282e-07,3.84615384615385e-06,"SRR14919243","Species","Detected in one sample"
"Oceanobacillus_neutriphilus",1,3.2051282051282e-07,3.84615384615385e-06,"SRR14919243","Species","Detected in one sample"
"Pedobacter_daejeonensis",1,3.2051282051282e-07,3.84615384615385e-06,"SRR14919243","Species","Detected in one sample"
"Spiroplasma_culicicola",1,3.2051282051282e-07,3.84615384615385e-06,"SRR14919243","Species","Detected in one sample"
"Thiorhodovibrio_winogradskyi",1,3.2051282051282e-07,3.84615384615385e-06,"SRR14919243","Species","Detected in one sample"
"Ancylobacter_polymorphus",1,3.0065241574216e-07,3.60782898890593e-06,"SRR14919242","Species","Detected in one sample"
"Zhihengliuella_salsuginis",1,3.0065241574216e-07,3.60782898890593e-06,"SRR14919242","Species","Detected in one sample"
"Novosphingobium_soli",1,3.0065241574216e-07,3.60782898890593e-06,"SRR14919242","Species","Detected in one sample"
"Streptomyces_umbrinus",1,3.0065241574216e-07,3.60782898890593e-06,"SRR14919242","Species","Detected in one sample"
"Pseudomonas_fulva",1,3.0065241574216e-07,3.60782898890593e-06,"SRR14919242","Species","Detected in one sample"
"Facklamia_languida",1,3.0065241574216e-07,3.60782898890593e-06,"SRR14919242","Species","Detected in one sample"
"Acidiphilium_rubrum",1,3.0065241574216e-07,3.60782898890593e-06,"SRR14919242","Species","Detected in one sample"
"Thermotomaculum_hydrothermale",1,3.0065241574216e-07,3.60782898890593e-06,"SRR14919242","Species","Detected in one sample"
"Agromyces_ramosus",1,3.0065241574216e-07,3.60782898890593e-06,"SRR14919242","Species","Detected in one sample"
"Pseudonocardia_kunmingensis",1,3.0065241574216e-07,3.60782898890593e-06,"SRR14919242","Species","Detected in one sample"
"Cronobacter_malonaticus",1,3.0065241574216e-07,3.60782898890593e-06,"SRR14919242","Species","Detected in one sample"
"Rickettsia_marmionii",1,3.0065241574216e-07,3.60782898890593e-06,"SRR14919242","Species","Detected in one sample"
"Mycoplasma_primatum",1,3.0065241574216e-07,3.60782898890593e-06,"SRR14919242","Species","Detected in one sample"
"Rhodoplanes_roseus",1,3.0065241574216e-07,3.60782898890593e-06,"SRR14919242","Species","Detected in one sample"
"Fodinicurvata_fenggangensis",1,3.0065241574216e-07,3.60782898890593e-06,"SRR14919242","Species","Detected in one sample"
"Sphingomonas_cynarae",1,3.0065241574216e-07,3.60782898890593e-06,"SRR14919242","Species","Detected in one sample"
"Phormidium_tergestinum",1,3.0065241574216e-07,3.60782898890593e-06,"SRR14919242","Species","Detected in one sample"
"Bavariicoccus_seileri",1,3.0065241574216e-07,3.60782898890593e-06,"SRR14919242","Species","Detected in one sample"
"Oerskovia_enterophila",1,3.0065241574216e-07,3.60782898890593e-06,"SRR14919242","Species","Detected in one sample"
"Methylobacterium_rhodinum",1,3.0065241574216e-07,3.60782898890593e-06,"SRR14919242","Species","Detected in one sample"
"Variovorax_soli",1,3.0065241574216e-07,3.60782898890593e-06,"SRR14919242","Species","Detected in one sample"
"Marinitoga_hydrogenitolerans",1,3.0065241574216e-07,3.60782898890593e-06,"SRR14919242","Species","Detected in one sample"
"Thermoanaerobacter_mathranii",1,3.0065241574216e-07,3.60782898890593e-06,"SRR14919242","Species","Detected in one sample"
"Bacillus_niacini",1,3.0065241574216e-07,3.60782898890593e-06,"SRR14919242","Species","Detected in one sample"
"Fusobacterium_russii",1,3.0065241574216e-07,3.60782898890593e-06,"SRR14919242","Species","Detected in one sample"
"Shinella_kummerowiae",1,3.0065241574216e-07,3.60782898890593e-06,"SRR14919242","Species","Detected in one sample"
"Dioscorea_elephantipes",1,3.0065241574216e-07,3.60782898890593e-06,"SRR14919242","Species","Detected in one sample"
"Litorilinea_aerophila",1,3.0065241574216e-07,3.60782898890593e-06,"SRR14919242","Species","Detected in one sample"
"Flavobacterium_pectinovorum",1,3.0065241574216e-07,3.60782898890593e-06,"SRR14919242","Species","Detected in one sample"
"Streptomyces_scabiei",1,3.0065241574216e-07,3.60782898890593e-06,"SRR14919242","Species","Detected in one sample"
"Desulfuromusa_kysingii",1,3.0065241574216e-07,3.60782898890593e-06,"SRR14919242","Species","Detected in one sample"
"Oceanibacterium_hippocampi",1,3.0065241574216e-07,3.60782898890593e-06,"SRR14919242","Species","Detected in one sample"
"Monomorphina_striata",1,3.0065241574216e-07,3.60782898890593e-06,"SRR14919242","Species","Detected in one sample"
"Nitratiruptor_tergarcus",1,3.0065241574216e-07,3.60782898890593e-06,"SRR14919242","Species","Detected in one sample"
"Pelagicoccus_albus",1,3.0065241574216e-07,3.60782898890593e-06,"SRR14919242","Species","Detected in one sample"
"Carboxydocella_sporoproducens",1,3.0065241574216e-07,3.60782898890593e-06,"SRR14919242","Species","Detected in one sample"
"Marinomonas_aquimarina",1,3.0065241574216e-07,3.60782898890593e-06,"SRR14919242","Species","Detected in one sample"
"Nautilia_profundicola",1,3.0065241574216e-07,3.60782898890593e-06,"SRR14919242","Species","Detected in one sample"
"Ferrimonas_marina",1,3.0065241574216e-07,3.60782898890593e-06,"SRR14919242","Species","Detected in one sample"
"Treponema_pectinovorum",1,3.0065241574216e-07,3.60782898890593e-06,"SRR14919242","Species","Detected in one sample"
"Dyella_marensis",1,3.0065241574216e-07,3.60782898890593e-06,"SRR14919242","Species","Detected in one sample"
"Phormidium_terebriforme",1,3.0065241574216e-07,3.60782898890593e-06,"SRR14919242","Species","Detected in one sample"
"Halorubrum_chaoviator",1,3.0065241574216e-07,3.60782898890593e-06,"SRR14919242","Species","Detected in one sample"
"Paracoccus_homiensis",1,3.0065241574216e-07,3.60782898890593e-06,"SRR14919242","Species","Detected in one sample"
"Algoriphagus_marincola",1,3.0065241574216e-07,3.60782898890593e-06,"SRR14919242","Species","Detected in one sample"
"Bacillus_baekryungensis",1,3.0065241574216e-07,3.60782898890593e-06,"SRR14919242","Species","Detected in one sample"
"Planococcus_citreus",1,3.0065241574216e-07,3.60782898890593e-06,"SRR14919242","Species","Detected in one sample"
"Cupriavidus_taiwanensis",1,3.0065241574216e-07,3.60782898890593e-06,"SRR14919242","Species","Detected in one sample"
"Commensalibacter_intestini",1,3.0065241574216e-07,3.60782898890593e-06,"SRR14919242","Species","Detected in one sample"
"Palaeococcus_ferrophilus",1,3.0065241574216e-07,3.60782898890593e-06,"SRR14919242","Species","Detected in one sample"
"Deinococcus_radiomollis",1,3.0065241574216e-07,3.60782898890593e-06,"SRR14919242","Species","Detected in one sample"
"Desulfonatronum_lacustre",1,3.0065241574216e-07,3.60782898890593e-06,"SRR14919242","Species","Detected in one sample"
"Pedobacter_suwonensis",1,3.0065241574216e-07,3.60782898890593e-06,"SRR14919242","Species","Detected in one sample"
"Halobellus_limi",1,3.0065241574216e-07,3.60782898890593e-06,"SRR14919242","Species","Detected in one sample"
"Citrobacter_koseri",1,3.0065241574216e-07,3.60782898890593e-06,"SRR14919242","Species","Detected in one sample"
"Jasminum_nudiflorum",1,3.0065241574216e-07,3.60782898890593e-06,"SRR14919242","Species","Detected in one sample"
"Bacillus_ginsengihumi",1,3.0065241574216e-07,3.60782898890593e-06,"SRR14919242","Species","Detected in one sample"
"Flexibacter_polymorphus",1,3.0065241574216e-07,3.60782898890593e-06,"SRR14919242","Species","Detected in one sample"
"Sandaracinus_amylolyticus",1,3.0065241574216e-07,3.60782898890593e-06,"SRR14919242","Species","Detected in one sample"
"Pseudanabaena_tremula",1,3.0065241574216e-07,3.60782898890593e-06,"SRR14919242","Species","Detected in one sample"
"Clostridium_homopropionicum",1,3.0065241574216e-07,3.60782898890593e-06,"SRR14919242","Species","Detected in one sample"
"Pedobacter_soli",1,3.0065241574216e-07,3.60782898890593e-06,"SRR14919242","Species","Detected in one sample"
"Chryseobacterium_taeanense",1,3.0065241574216e-07,3.60782898890593e-06,"SRR14919242","Species","Detected in one sample"
"Mycoplasma_leonicaptivi",1,3.0065241574216e-07,3.60782898890593e-06,"SRR14919242","Species","Detected in one sample"
"Microlunatus_aurantiacus",1,3.0065241574216e-07,3.60782898890593e-06,"SRR14919242","Species","Detected in one sample"
"Gracilariopsis_sjoestedtii",1,3.0065241574216e-07,3.60782898890593e-06,"SRR14919242","Species","Detected in one sample"
"Thalassobaculum_salexigens",1,3.0065241574216e-07,3.60782898890593e-06,"SRR14919242","Species","Detected in one sample"
"Peredibacter_starrii",1,3.0065241574216e-07,3.60782898890593e-06,"SRR14919242","Species","Detected in one sample"
"Spiroplasma_cantharicola",1,3.0065241574216e-07,3.60782898890593e-06,"SRR14919242","Species","Detected in one sample"
"Thioalkalimicrobium_microaerophilum",1,3.0065241574216e-07,3.60782898890593e-06,"SRR14919242","Species","Detected in one sample"
"Silanimonas_mangrovi",1,3.0065241574216e-07,3.60782898890593e-06,"SRR14919242","Species","Detected in one sample"
"Desulfomonile_tiedjei",1,3.0065241574216e-07,3.60782898890593e-06,"SRR14919242","Species","Detected in one sample"
"Prosthecomicrobium_hirschii",1,3.0065241574216e-07,3.60782898890593e-06,"SRR14919242","Species","Detected in one sample"
"Conexibacter_woesei",1,3.0065241574216e-07,3.60782898890593e-06,"SRR14919242","Species","Detected in one sample"
"Leptospira_noguchii",1,3.0065241574216e-07,3.60782898890593e-06,"SRR14919242","Species","Detected in one sample"
"Trichococcus_pasteurii",1,3.0065241574216e-07,3.60782898890593e-06,"SRR14919242","Species","Detected in one sample"
"Vibrio_rhizosphaerae",1,3.0065241574216e-07,3.60782898890593e-06,"SRR14919242","Species","Detected in one sample"
"Lactobacillus_kimchii",1,3.0065241574216e-07,3.60782898890593e-06,"SRR14919242","Species","Detected in one sample"
"Bryocella_elongata",1,3.0065241574216e-07,3.60782898890593e-06,"SRR14919242","Species","Detected in one sample"
"Microtetraspora_glauca",1,3.0065241574216e-07,3.60782898890593e-06,"SRR14919242","Species","Detected in one sample"
"Novosphingobium_naphthalenivorans",1,3.0065241574216e-07,3.60782898890593e-06,"SRR14919242","Species","Detected in one sample"
"Flavobacterium_jumunjinense",1,3.0065241574216e-07,3.60782898890593e-06,"SRR14919242","Species","Detected in one sample"
"Cohnella_arctica",1,3.0065241574216e-07,3.60782898890593e-06,"SRR14919242","Species","Detected in one sample"
"Cupriavidus_necator",1,3.0065241574216e-07,3.60782898890593e-06,"SRR14919242","Species","Detected in one sample"
"Sporolituus_thermophilus",1,3.0065241574216e-07,3.60782898890593e-06,"SRR14919242","Species","Detected in one sample"
"Siphonobacter_aquaeclarae",1,3.0065241574216e-07,3.60782898890593e-06,"SRR14919242","Species","Detected in one sample"
"Mycoplasma_muris",1,3.0065241574216e-07,3.60782898890593e-06,"SRR14919242","Species","Detected in one sample"
"Streptomyces_mutabilis",1,3.0065241574216e-07,3.60782898890593e-06,"SRR14919242","Species","Detected in one sample"
"Luteolibacter_cuticulihirudinis",1,3.0065241574216e-07,3.60782898890593e-06,"SRR14919242","Species","Detected in one sample"
"Caminibacter_profundus",1,3.0065241574216e-07,3.60782898890593e-06,"SRR14919242","Species","Detected in one sample"
"Planobacterium_taklimakanense",1,3.0065241574216e-07,3.60782898890593e-06,"SRR14919242","Species","Detected in one sample"
"Halomicronema_hongdechloris",1,3.0065241574216e-07,3.60782898890593e-06,"SRR14919242","Species","Detected in one sample"
"Syntrophomonas_sapovorans",1,3.0065241574216e-07,3.60782898890593e-06,"SRR14919242","Species","Detected in one sample"
"Propionibacterium_acidifaciens",1,3.0065241574216e-07,3.60782898890593e-06,"SRR14919242","Species","Detected in one sample"
"Chthoniobacter_flavus",1,3.0065241574216e-07,3.60782898890593e-06,"SRR14919242","Species","Detected in one sample"
"Microbulbifer_cystodytense",1,3.0065241574216e-07,3.60782898890593e-06,"SRR14919242","Species","Detected in one sample"
"Actinomyces_oricola",1,3.0065241574216e-07,3.60782898890593e-06,"SRR14919242","Species","Detected in one sample"
"Deefgea_chitinilytica",1,3.0065241574216e-07,3.60782898890593e-06,"SRR14919242","Species","Detected in one sample"
"Streptomyces_xinghaiensis",1,3.0065241574216e-07,3.60782898890593e-06,"SRR14919242","Species","Detected in one sample"
"Desulfatimicrobium_mahresensis",1,3.0065241574216e-07,3.60782898890593e-06,"SRR14919242","Species","Detected in one sample"
"Frateuria_aurantia",1,3.0065241574216e-07,3.60782898890593e-06,"SRR14919242","Species","Detected in one sample"
"Thermococcus_atlanticus",1,3.0065241574216e-07,3.60782898890593e-06,"SRR14919242","Species","Detected in one sample"
"Actinomyces_vaccimaxillae",1,3.0065241574216e-07,3.60782898890593e-06,"SRR14919242","Species","Detected in one sample"
"Corynebacterium_sputi",1,3.0065241574216e-07,3.60782898890593e-06,"SRR14919242","Species","Detected in one sample"
"Thiothrix_eikelboomii",1,3.0065241574216e-07,3.60782898890593e-06,"SRR14919242","Species","Detected in one sample"
"Shewanella_amazonensis",1,3.0065241574216e-07,3.60782898890593e-06,"SRR14919242","Species","Detected in one sample"
"Paenibacillus_glebae",1,3.0065241574216e-07,3.60782898890593e-06,"SRR14919242","Species","Detected in one sample"
"Acidianus_brierleyi",1,3.0065241574216e-07,3.60782898890593e-06,"SRR14919242","Species","Detected in one sample"
"Desulfovibrio_oxyclinae",1,3.0065241574216e-07,3.60782898890593e-06,"SRR14919242","Species","Detected in one sample"
"Promicromonospora_sukumoe",1,3.0065241574216e-07,3.60782898890593e-06,"SRR14919242","Species","Detected in one sample"
"Mucilaginibacter_ximonensis",1,3.0065241574216e-07,3.60782898890593e-06,"SRR14919242","Species","Detected in one sample"
"Paenibacillus_konsidensis",1,3.0065241574216e-07,3.60782898890593e-06,"SRR14919242","Species","Detected in one sample"
"Microbacterium_laevaniformans",1,3.0065241574216e-07,3.60782898890593e-06,"SRR14919242","Species","Detected in one sample"
"Spirobacillus_cienkowskii",1,3.0065241574216e-07,3.60782898890593e-06,"SRR14919242","Species","Detected in one sample"
"Francisella_halioticida",1,3.0065241574216e-07,3.60782898890593e-06,"SRR14919242","Species","Detected in one sample"
"Acetobacterium_wieringae",1,3.0065241574216e-07,3.60782898890593e-06,"SRR14919242","Species","Detected in one sample"
"Capnocytophaga_haemolytica",1,3.0065241574216e-07,3.60782898890593e-06,"SRR14919242","Species","Detected in one sample"
"Cellulomonas_terrae",1,3.0065241574216e-07,3.60782898890593e-06,"SRR14919242","Species","Detected in one sample"
"Kitasatospora_cheerisanensis",1,3.0065241574216e-07,3.60782898890593e-06,"SRR14919242","Species","Detected in one sample"
"Alicyclobacillus_aeris",1,3.0065241574216e-07,3.60782898890593e-06,"SRR14919242","Species","Detected in one sample"
"Actinomyces_canis",1,3.0065241574216e-07,3.60782898890593e-06,"SRR14919242","Species","Detected in one sample"
"Campylobacter_hominis",1,3.0065241574216e-07,3.60782898890593e-06,"SRR14919242","Species","Detected in one sample"
"Pseudomonas_poae",1,3.0065241574216e-07,3.60782898890593e-06,"SRR14919242","Species","Detected in one sample"
"Lactobacillus_hordei",1,3.0065241574216e-07,3.60782898890593e-06,"SRR14919242","Species","Detected in one sample"
"Carboxydothermus_pertinax",1,3.0065241574216e-07,3.60782898890593e-06,"SRR14919242","Species","Detected in one sample"
"Thermoanaerobacter_wiegelii",1,3.0065241574216e-07,3.60782898890593e-06,"SRR14919242","Species","Detected in one sample"
"Desulfovibrio_burkinensis",1,3.0065241574216e-07,3.60782898890593e-06,"SRR14919242","Species","Detected in one sample"
"Duganella_sacchari",1,3.0065241574216e-07,3.60782898890593e-06,"SRR14919242","Species","Detected in one sample"
"Vibrio_metschnikovii",1,3.0065241574216e-07,3.60782898890593e-06,"SRR14919242","Species","Detected in one sample"
"Xenorhabdus_hominickii",1,3.0065241574216e-07,3.60782898890593e-06,"SRR14919242","Species","Detected in one sample"
"Natronococcus_yunnanense",1,3.0065241574216e-07,3.60782898890593e-06,"SRR14919242","Species","Detected in one sample"
"Streptomyces_caelestis",1,3.0065241574216e-07,3.60782898890593e-06,"SRR14919242","Species","Detected in one sample"
"Advenella_kashmirensis",1,3.0065241574216e-07,3.60782898890593e-06,"SRR14919242","Species","Detected in one sample"
"Geobacter_uraniireducens",1,3.0065241574216e-07,3.60782898890593e-06,"SRR14919242","Species","Detected in one sample"
"Fervidobacterium_nodosum",1,3.0065241574216e-07,3.60782898890593e-06,"SRR14919242","Species","Detected in one sample"
"Silvimonas_iriomotensis",1,3.0065241574216e-07,3.60782898890593e-06,"SRR14919242","Species","Detected in one sample"
"Methanolobus_oregonensis",1,3.0065241574216e-07,3.60782898890593e-06,"SRR14919242","Species","Detected in one sample"
"Tenacibaculum_amylolyticum",1,3.0065241574216e-07,3.60782898890593e-06,"SRR14919242","Species","Detected in one sample"
"Pusillimonas_soli",1,3.0065241574216e-07,3.60782898890593e-06,"SRR14919242","Species","Detected in one sample"
"Frankia_alni",1,3.0065241574216e-07,3.60782898890593e-06,"SRR14919242","Species","Detected in one sample"
"Corynebacterium_variabile",1,3.0065241574216e-07,3.60782898890593e-06,"SRR14919242","Species","Detected in one sample"
"Kiloniella_laminariae",1,3.0065241574216e-07,3.60782898890593e-06,"SRR14919242","Species","Detected in one sample"
"Helicobacter_winghamensis",1,3.0065241574216e-07,3.60782898890593e-06,"SRR14919242","Species","Detected in one sample"
"Compsopogon_caeruleus",1,3.0065241574216e-07,3.60782898890593e-06,"SRR14919242","Species","Detected in one sample"
"Pelomonas_puraquae",1,3.0065241574216e-07,3.60782898890593e-06,"SRR14919242","Species","Detected in one sample"
"Haloplanus_aerogenes",1,3.0065241574216e-07,3.60782898890593e-06,"SRR14919242","Species","Detected in one sample"
"Enterococcus_canis",1,3.0065241574216e-07,3.60782898890593e-06,"SRR14919242","Species","Detected in one sample"
"Erwinia_aphidicola",1,3.0065241574216e-07,3.60782898890593e-06,"SRR14919242","Species","Detected in one sample"
"Halanaerobacter_chitinivorans",1,3.0065241574216e-07,3.60782898890593e-06,"SRR14919242","Species","Detected in one sample"
"Chryseobacterium_luteum",1,3.0065241574216e-07,3.60782898890593e-06,"SRR14919242","Species","Detected in one sample"
"Heliorestis_daurensis",1,3.0065241574216e-07,3.60782898890593e-06,"SRR14919242","Species","Detected in one sample"
"Mycoplasma_testudinis",1,3.0065241574216e-07,3.60782898890593e-06,"SRR14919242","Species","Detected in one sample"
"Ophioglossum_engelmannii",1,3.0065241574216e-07,3.60782898890593e-06,"SRR14919242","Species","Detected in one sample"
"Actinomyces_howellii",1,3.0065241574216e-07,3.60782898890593e-06,"SRR14919242","Species","Detected in one sample"
"Lactobacillus_nagelii",1,3.0065241574216e-07,3.60782898890593e-06,"SRR14919242","Species","Detected in one sample"
"Sulfolobus_vallisabyssus",1,3.0065241574216e-07,3.60782898890593e-06,"SRR14919242","Species","Detected in one sample"
"Pseudoclavibacter_soli",1,3.0065241574216e-07,3.60782898890593e-06,"SRR14919242","Species","Detected in one sample"
"Vagococcus_penaei",1,3.0065241574216e-07,3.60782898890593e-06,"SRR14919242","Species","Detected in one sample"
"Desulfovibrio_paquesii",1,3.0065241574216e-07,3.60782898890593e-06,"SRR14919242","Species","Detected in one sample"
"Costertonia_aggregata",1,3.0065241574216e-07,3.60782898890593e-06,"SRR14919242","Species","Detected in one sample"
"Geobacillus_thermantarcticus",1,3.0065241574216e-07,3.60782898890593e-06,"SRR14919242","Species","Detected in one sample"
"Rhodobacter_capsulatus",1,3.0065241574216e-07,3.60782898890593e-06,"SRR14919242","Species","Detected in one sample"
"Oscillatoria_acuminata",1,3.0065241574216e-07,3.60782898890593e-06,"SRR14919242","Species","Detected in one sample"
"Methanobacterium_aarhusense",1,3.0065241574216e-07,3.60782898890593e-06,"SRR14919242","Species","Detected in one sample"
"Staphylococcus_simulans",1,3.0065241574216e-07,3.60782898890593e-06,"SRR14919242","Species","Detected in one sample"
"Streptomyces_praecox",1,3.0065241574216e-07,3.60782898890593e-06,"SRR14919242","Species","Detected in one sample"
"Pontibacter_ramchanderi",1,3.0065241574216e-07,3.60782898890593e-06,"SRR14919242","Species","Detected in one sample"
"Cohnella_fontinalis",1,3.0065241574216e-07,3.60782898890593e-06,"SRR14919242","Species","Detected in one sample"
"Brevibacterium_halotolerans",1,3.0065241574216e-07,3.60782898890593e-06,"SRR14919242","Species","Detected in one sample"
"Mycoplasma_corogypsi",1,3.0065241574216e-07,3.60782898890593e-06,"SRR14919242","Species","Detected in one sample"
"Jeongeupia_naejangsanensis",1,3.0065241574216e-07,3.60782898890593e-06,"SRR14919242","Species","Detected in one sample"
"Melosira_varians",1,3.0065241574216e-07,3.60782898890593e-06,"SRR14919242","Species","Detected in one sample"
"Syntrophomonas_zehnderi",1,3.0065241574216e-07,3.60782898890593e-06,"SRR14919242","Species","Detected in one sample"
"Croceibacter_atlanticus",1,3.0065241574216e-07,3.60782898890593e-06,"SRR14919242","Species","Detected in one sample"
"Lactobacillus_halophilus",1,3.0065241574216e-07,3.60782898890593e-06,"SRR14919242","Species","Detected in one sample"
"Gluconobacter_frateurii",1,3.0065241574216e-07,3.60782898890593e-06,"SRR14919242","Species","Detected in one sample"
"Centroceras_clavulatum",1,3.0065241574216e-07,3.60782898890593e-06,"SRR14919242","Species","Detected in one sample"
"Sphingomonas_roseiflava",1,3.0065241574216e-07,3.60782898890593e-06,"SRR14919242","Species","Detected in one sample"
"Desulfoglaeba_alkanexedens",1,3.0065241574216e-07,3.60782898890593e-06,"SRR14919242","Species","Detected in one sample"
"Calderihabitans_maritimus",1,3.0065241574216e-07,3.60782898890593e-06,"SRR14919242","Species","Detected in one sample"
"Exilispira_thermophila",1,3.0065241574216e-07,3.60782898890593e-06,"SRR14919242","Species","Detected in one sample"
"Halobellus_rarus",1,3.0065241574216e-07,3.60782898890593e-06,"SRR14919242","Species","Detected in one sample"
"Rhabdothermus_arcticus",1,3.0065241574216e-07,3.60782898890593e-06,"SRR14919242","Species","Detected in one sample"
"Pedomicrobium_ferrugineum",1,3.0065241574216e-07,3.60782898890593e-06,"SRR14919242","Species","Detected in one sample"
"Methanosarcina_mazei",1,3.0065241574216e-07,3.60782898890593e-06,"SRR14919242","Species","Detected in one sample"
"Nonomuraea_bangladeshensis",1,3.0065241574216e-07,3.60782898890593e-06,"SRR14919242","Species","Detected in one sample"
"Ancalomicrobium_adetum",1,3.0065241574216e-07,3.60782898890593e-06,"SRR14919242","Species","Detected in one sample"
"Fodinibacter_luteus",1,3.0065241574216e-07,3.60782898890593e-06,"SRR14919242","Species","Detected in one sample"
"Flavobacterium_hydatis",1,3.0065241574216e-07,3.60782898890593e-06,"SRR14919242","Species","Detected in one sample"
"Hymenobacter_glaciei",1,3.0065241574216e-07,3.60782898890593e-06,"SRR14919242","Species","Detected in one sample"
"Thiobacillus_baregensis",1,3.0065241574216e-07,3.60782898890593e-06,"SRR14919242","Species","Detected in one sample"
"Rickettsia_helvetica",1,3.0065241574216e-07,3.60782898890593e-06,"SRR14919242","Species","Detected in one sample"
"Lamprocystis_purpurea",1,3.0065241574216e-07,3.60782898890593e-06,"SRR14919242","Species","Detected in one sample"
"Rhodanobacter_thiooxydans",1,3.0065241574216e-07,3.60782898890593e-06,"SRR14919242","Species","Detected in one sample"
"Methanocorpusculum_labreanum",1,3.0065241574216e-07,3.60782898890593e-06,"SRR14919242","Species","Detected in one sample"
"Geodermatophilus_soli",1,3.0065241574216e-07,3.60782898890593e-06,"SRR14919242","Species","Detected in one sample"
"Nephroselmis_olivacea",1,3.0065241574216e-07,3.60782898890593e-06,"SRR14919242","Species","Detected in one sample"
"Acinetobacter_puyangensis",1,3.0065241574216e-07,3.60782898890593e-06,"SRR14919242","Species","Detected in one sample"
"Helicobacter_trogontum",1,3.0065241574216e-07,3.60782898890593e-06,"SRR14919242","Species","Detected in one sample"
"Borrelia_afzelii",1,3.0065241574216e-07,3.60782898890593e-06,"SRR14919242","Species","Detected in one sample"
"Terasakiella_pusilla",1,3.0065241574216e-07,3.60782898890593e-06,"SRR14919242","Species","Detected in one sample"
"Aequorivita_sublithincola",1,3.0065241574216e-07,3.60782898890593e-06,"SRR14919242","Species","Detected in one sample"
"Vibrio_litoralis",1,3.0065241574216e-07,3.60782898890593e-06,"SRR14919242","Species","Detected in one sample"
"Treponema_saccharophilum",1,3.0065241574216e-07,3.60782898890593e-06,"SRR14919242","Species","Detected in one sample"
"Alkalibacterium_olivapovliticus",1,2.78263811902568e-07,3.33916574283081e-06,"SRR14919241","Species","Detected in one sample"
"Desulfotomaculum_sapomandens",1,2.78263811902568e-07,3.33916574283081e-06,"SRR14919241","Species","Detected in one sample"
"Fimbriimonas_ginsengisoli",1,2.78263811902568e-07,3.33916574283081e-06,"SRR14919241","Species","Detected in one sample"
"Flavobacterium_aquatile",1,2.78263811902568e-07,3.33916574283081e-06,"SRR14919241","Species","Detected in one sample"
"Aeromonas_sobria",1,2.78263811902568e-07,3.33916574283081e-06,"SRR14919241","Species","Detected in one sample"
"Algorimarina_butyrica",1,2.78263811902568e-07,3.33916574283081e-06,"SRR14919241","Species","Detected in one sample"
"Bacillus_graminis",1,2.78263811902568e-07,3.33916574283081e-06,"SRR14919241","Species","Detected in one sample"
"Rhodococcus_qingshengii",1,2.78263811902568e-07,3.33916574283081e-06,"SRR14919241","Species","Detected in one sample"
"Psychrobacter_marincola",1,2.78263811902568e-07,3.33916574283081e-06,"SRR14919241","Species","Detected in one sample"
"Legionella_oakridgensis",1,2.78263811902568e-07,3.33916574283081e-06,"SRR14919241","Species","Detected in one sample"
"Neisseria_animaloris",1,2.78263811902568e-07,3.33916574283081e-06,"SRR14919241","Species","Detected in one sample"
"Aneurinibacillus_aneurinilyticus",1,2.78263811902568e-07,3.33916574283081e-06,"SRR14919241","Species","Detected in one sample"
"Carnobacterium_funditum",1,2.78263811902568e-07,3.33916574283081e-06,"SRR14919241","Species","Detected in one sample"
"Trichocoleus_sociatus",1,2.78263811902568e-07,3.33916574283081e-06,"SRR14919241","Species","Detected in one sample"
"Dichelobacter_nodosus",1,2.78263811902568e-07,3.33916574283081e-06,"SRR14919241","Species","Detected in one sample"
"Polaribacter_irgensii",1,2.78263811902568e-07,3.33916574283081e-06,"SRR14919241","Species","Detected in one sample"
"Eikenella_corrodens",1,2.78263811902568e-07,3.33916574283081e-06,"SRR14919241","Species","Detected in one sample"
"Methylobacterium_soli",1,2.78263811902568e-07,3.33916574283081e-06,"SRR14919241","Species","Detected in one sample"
"Capnocytophaga_granulosa",1,2.78263811902568e-07,3.33916574283081e-06,"SRR14919241","Species","Detected in one sample"
"Halomicronema_metazoicum",1,2.78263811902568e-07,3.33916574283081e-06,"SRR14919241","Species","Detected in one sample"
"Leucobacter_komagatae",1,2.78263811902568e-07,3.33916574283081e-06,"SRR14919241","Species","Detected in one sample"
"Deinococcus_misasensis",1,2.78263811902568e-07,3.33916574283081e-06,"SRR14919241","Species","Detected in one sample"
"Extensimonas_vulgaris",1,2.78263811902568e-07,3.33916574283081e-06,"SRR14919241","Species","Detected in one sample"
"Pseudomonas_grimontii",1,2.78263811902568e-07,3.33916574283081e-06,"SRR14919241","Species","Detected in one sample"
"Leptotrichia_amnionii",1,2.78263811902568e-07,3.33916574283081e-06,"SRR14919241","Species","Detected in one sample"
"Arthrobacter_pigmenti",1,2.78263811902568e-07,3.33916574283081e-06,"SRR14919241","Species","Detected in one sample"
"Cyanobacterium_aponinum",1,2.78263811902568e-07,3.33916574283081e-06,"SRR14919241","Species","Detected in one sample"
"Verminephrobacter_eiseniae",1,2.78263811902568e-07,3.33916574283081e-06,"SRR14919241","Species","Detected in one sample"
"Peptoniphilus_duerdenii",1,2.78263811902568e-07,3.33916574283081e-06,"SRR14919241","Species","Detected in one sample"
"Galbibacter_marinus",1,2.78263811902568e-07,3.33916574283081e-06,"SRR14919241","Species","Detected in one sample"
"Pasteurella_skyensis",1,2.78263811902568e-07,3.33916574283081e-06,"SRR14919241","Species","Detected in one sample"
"Kocuria_rhizophila",1,2.78263811902568e-07,3.33916574283081e-06,"SRR14919241","Species","Detected in one sample"
"Psychromonas_ingrahamii",1,2.78263811902568e-07,3.33916574283081e-06,"SRR14919241","Species","Detected in one sample"
"Campylobacter_canadensis",1,2.78263811902568e-07,3.33916574283081e-06,"SRR14919241","Species","Detected in one sample"
"Yersinia_pestis",1,2.78263811902568e-07,3.33916574283081e-06,"SRR14919241","Species","Detected in one sample"
"Bifidobacterium_thermophilum",1,2.78263811902568e-07,3.33916574283081e-06,"SRR14919241","Species","Detected in one sample"
"Methanobacterium_espanolae",1,2.78263811902568e-07,3.33916574283081e-06,"SRR14919241","Species","Detected in one sample"
"Pasteurella_oralis",1,2.78263811902568e-07,3.33916574283081e-06,"SRR14919241","Species","Detected in one sample"
"Pseudomonas_azotifigens",1,2.78263811902568e-07,3.33916574283081e-06,"SRR14919241","Species","Detected in one sample"
"Bacillus_fumarioli",1,2.78263811902568e-07,3.33916574283081e-06,"SRR14919241","Species","Detected in one sample"
"Sporolactobacillus_terrae",1,2.78263811902568e-07,3.33916574283081e-06,"SRR14919241","Species","Detected in one sample"
"Chitinimonas_taiwanensis",1,2.78263811902568e-07,3.33916574283081e-06,"SRR14919241","Species","Detected in one sample"
"Paracoccus_saliphilus",1,2.78263811902568e-07,3.33916574283081e-06,"SRR14919241","Species","Detected in one sample"
"Actinomadura_alba",1,2.78263811902568e-07,3.33916574283081e-06,"SRR14919241","Species","Detected in one sample"
"Thermodesulfovibrio_aggregans",1,2.78263811902568e-07,3.33916574283081e-06,"SRR14919241","Species","Detected in one sample"
"Aequorivita_antarctica",1,2.78263811902568e-07,3.33916574283081e-06,"SRR14919241","Species","Detected in one sample"
"Porphyromonas_cangingivalis",1,2.78263811902568e-07,3.33916574283081e-06,"SRR14919241","Species","Detected in one sample"
"Filomicrobium_fusiforme",1,2.78263811902568e-07,3.33916574283081e-06,"SRR14919241","Species","Detected in one sample"
"Providencia_stuartii",1,2.78263811902568e-07,3.33916574283081e-06,"SRR14919241","Species","Detected in one sample"
"Methanococcus_aeolicus",1,2.78263811902568e-07,3.33916574283081e-06,"SRR14919241","Species","Detected in one sample"
"Halocella_cellulosilytica",1,2.78263811902568e-07,3.33916574283081e-06,"SRR14919241","Species","Detected in one sample"
"Halorhabdus_utahensis",1,2.78263811902568e-07,3.33916574283081e-06,"SRR14919241","Species","Detected in one sample"
"Hydrogenophilus_thermoluteolus",1,2.78263811902568e-07,3.33916574283081e-06,"SRR14919241","Species","Detected in one sample"
"Natronomonas_gomsonensis",1,2.78263811902568e-07,3.33916574283081e-06,"SRR14919241","Species","Detected in one sample"
"Octadecabacter_arcticus",1,2.78263811902568e-07,3.33916574283081e-06,"SRR14919241","Species","Detected in one sample"
"Planktothricoides_raciborskii",1,2.78263811902568e-07,3.33916574283081e-06,"SRR14919241","Species","Detected in one sample"
"Chryseobacterium_aquaticum",1,2.78263811902568e-07,3.33916574283081e-06,"SRR14919241","Species","Detected in one sample"
"Komvophoron_kgarii",1,2.78263811902568e-07,3.33916574283081e-06,"SRR14919241","Species","Detected in one sample"
"Shewanella_baltica",1,2.78263811902568e-07,3.33916574283081e-06,"SRR14919241","Species","Detected in one sample"
"Halioglobus_japonicus",1,2.78263811902568e-07,3.33916574283081e-06,"SRR14919241","Species","Detected in one sample"
"Winogradskyella_echinorum",1,2.78263811902568e-07,3.33916574283081e-06,"SRR14919241","Species","Detected in one sample"
"Agrococcus_jejuensis",1,2.78263811902568e-07,3.33916574283081e-06,"SRR14919241","Species","Detected in one sample"
"Propionigenium_modestum",1,2.78263811902568e-07,3.33916574283081e-06,"SRR14919241","Species","Detected in one sample"
"Citrobacter_sedlakii",1,2.78263811902568e-07,3.33916574283081e-06,"SRR14919241","Species","Detected in one sample"
"Desulfosporomusa_polytropa",1,2.78263811902568e-07,3.33916574283081e-06,"SRR14919241","Species","Detected in one sample"
"Thioprofundum_lithotrophicum",1,2.78263811902568e-07,3.33916574283081e-06,"SRR14919241","Species","Detected in one sample"
"Aminobacter_aminovorans",1,2.78263811902568e-07,3.33916574283081e-06,"SRR14919241","Species","Detected in one sample"
"Burkholderia_sabiae",1,2.78263811902568e-07,3.33916574283081e-06,"SRR14919241","Species","Detected in one sample"
"Nostoc_punctiforme",1,2.78263811902568e-07,3.33916574283081e-06,"SRR14919241","Species","Detected in one sample"
"Lactobacillus_parakefiri",1,2.78263811902568e-07,3.33916574283081e-06,"SRR14919241","Species","Detected in one sample"
"Actinomyces_naeslundii",1,2.78263811902568e-07,3.33916574283081e-06,"SRR14919241","Species","Detected in one sample"
"Alicyclobacillus_mali",1,2.78263811902568e-07,3.33916574283081e-06,"SRR14919241","Species","Detected in one sample"
"Nitriliruptor_alkaliphilus",1,2.78263811902568e-07,3.33916574283081e-06,"SRR14919241","Species","Detected in one sample"
"Legionella_birminghamensis",1,2.78263811902568e-07,3.33916574283081e-06,"SRR14919241","Species","Detected in one sample"
"Mangrovibacter_plantisponsor",1,2.78263811902568e-07,3.33916574283081e-06,"SRR14919241","Species","Detected in one sample"
"Rhizosolenia_setigera",1,2.78263811902568e-07,3.33916574283081e-06,"SRR14919241","Species","Detected in one sample"
"Mucilaginibacter_frigoritolerans",1,2.78263811902568e-07,3.33916574283081e-06,"SRR14919241","Species","Detected in one sample"
"Tropheryma_whipplei",1,2.78263811902568e-07,3.33916574283081e-06,"SRR14919241","Species","Detected in one sample"
"Vibrio_superstes",1,2.78263811902568e-07,3.33916574283081e-06,"SRR14919241","Species","Detected in one sample"
"Paenibacillus_ehimensis",1,2.78263811902568e-07,3.33916574283081e-06,"SRR14919241","Species","Detected in one sample"
"Deinococcus_cellulosilyticus",1,2.78263811902568e-07,3.33916574283081e-06,"SRR14919241","Species","Detected in one sample"
"Flavobacterium_yonginense",1,2.78263811902568e-07,3.33916574283081e-06,"SRR14919241","Species","Detected in one sample"
"Paenibacillus_purispatii",1,2.78263811902568e-07,3.33916574283081e-06,"SRR14919241","Species","Detected in one sample"
"Ardenticatena_maritima",1,2.78263811902568e-07,3.33916574283081e-06,"SRR14919241","Species","Detected in one sample"
"Salimicrobium_salexigens",1,2.78263811902568e-07,3.33916574283081e-06,"SRR14919241","Species","Detected in one sample"
"Thiothrix_caldifontis",1,2.78263811902568e-07,3.33916574283081e-06,"SRR14919241","Species","Detected in one sample"
"Streptomyces_aureus",1,2.78263811902568e-07,3.33916574283081e-06,"SRR14919241","Species","Detected in one sample"
"Mycoplasma_alkalescens",1,2.78263811902568e-07,3.33916574283081e-06,"SRR14919241","Species","Detected in one sample"
"Marinobacter_nanhaiticus",1,2.78263811902568e-07,3.33916574283081e-06,"SRR14919241","Species","Detected in one sample"
"Nevskia_aquatilis",1,2.50935991247353e-07,3.01123189496823e-06,"SRR14919236","Species","Detected in one sample"
"Nocardia_jiangxiensis",1,2.50935991247353e-07,3.01123189496823e-06,"SRR14919236","Species","Detected in one sample"
"Clostridium_uliginosum",1,2.50935991247353e-07,3.01123189496823e-06,"SRR14919236","Species","Detected in one sample"
"Leifsonia_xyli",1,2.50935991247353e-07,3.01123189496823e-06,"SRR14919236","Species","Detected in one sample"
"Microbacterium_kitamiense",1,2.50935991247353e-07,3.01123189496823e-06,"SRR14919236","Species","Detected in one sample"
"Nocardia_carnea",1,2.50935991247353e-07,3.01123189496823e-06,"SRR14919236","Species","Detected in one sample"
"Cronobacter_pulveris",1,2.50935991247353e-07,3.01123189496823e-06,"SRR14919236","Species","Detected in one sample"
"Methylococcus_capsulatus",1,2.50935991247353e-07,3.01123189496823e-06,"SRR14919236","Species","Detected in one sample"
"Marinomonas_pontica",1,2.50935991247353e-07,3.01123189496823e-06,"SRR14919236","Species","Detected in one sample"
"Thalassobius_mediterraneus",1,2.50935991247353e-07,3.01123189496823e-06,"SRR14919236","Species","Detected in one sample"
"Oscillatoria_duplisecta",1,2.50935991247353e-07,3.01123189496823e-06,"SRR14919236","Species","Detected in one sample"
"Enterococcus_lemanii",1,2.50935991247353e-07,3.01123189496823e-06,"SRR14919236","Species","Detected in one sample"
"Sporolactobacillus_laevus",1,2.50935991247353e-07,3.01123189496823e-06,"SRR14919236","Species","Detected in one sample"
"Conchiformibius_kuhniae",1,2.50935991247353e-07,3.01123189496823e-06,"SRR14919236","Species","Detected in one sample"
"Pectinatus_haikarae",1,2.50935991247353e-07,3.01123189496823e-06,"SRR14919236","Species","Detected in one sample"
"Methylogaea_oryzae",1,2.50935991247353e-07,3.01123189496823e-06,"SRR14919236","Species","Detected in one sample"
"Methylobacterium_aminovorans",1,2.50935991247353e-07,3.01123189496823e-06,"SRR14919236","Species","Detected in one sample"
"Microbacterium_oxydans",1,2.50935991247353e-07,3.01123189496823e-06,"SRR14919236","Species","Detected in one sample"
"Bacillus_indicus",1,2.50935991247353e-07,3.01123189496823e-06,"SRR14919236","Species","Detected in one sample"
"Halanaerobium_sehlinense",1,2.50935991247353e-07,3.01123189496823e-06,"SRR14919236","Species","Detected in one sample"
"Lactobacillus_frumenti",1,2.50935991247353e-07,3.01123189496823e-06,"SRR14919236","Species","Detected in one sample"
"Chryseobacterium_indologenes",1,2.50935991247353e-07,3.01123189496823e-06,"SRR14919236","Species","Detected in one sample"
"Planococcus_maritimus",1,2.50935991247353e-07,3.01123189496823e-06,"SRR14919236","Species","Detected in one sample"
"Thiomicrospira_crunogena",1,2.50935991247353e-07,3.01123189496823e-06,"SRR14919236","Species","Detected in one sample"
"Actinomadura_keratinilytica",1,2.50935991247353e-07,3.01123189496823e-06,"SRR14919236","Species","Detected in one sample"
"Bizionia_myxarmorum",1,2.50935991247353e-07,3.01123189496823e-06,"SRR14919236","Species","Detected in one sample"
"Azoarcus_tolulyticus",1,2.50935991247353e-07,3.01123189496823e-06,"SRR14919236","Species","Detected in one sample"
"Ephedra_trifurca",1,2.50935991247353e-07,3.01123189496823e-06,"SRR14919236","Species","Detected in one sample"
"Algibacter_lectus",1,2.50935991247353e-07,3.01123189496823e-06,"SRR14919236","Species","Detected in one sample"
"Thermincola_carboxydiphila",1,2.50935991247353e-07,3.01123189496823e-06,"SRR14919236","Species","Detected in one sample"
"Muricauda_olearia",1,2.50935991247353e-07,3.01123189496823e-06,"SRR14919236","Species","Detected in one sample"
"Paracoccus_marcusii",1,2.50935991247353e-07,3.01123189496823e-06,"SRR14919236","Species","Detected in one sample"
"Paenibacillus_ruminocola",1,2.50935991247353e-07,3.01123189496823e-06,"SRR14919236","Species","Detected in one sample"
"Chromatium_okenii",1,2.50935991247353e-07,3.01123189496823e-06,"SRR14919236","Species","Detected in one sample"
"Thermocrinis_albus",1,2.50935991247353e-07,3.01123189496823e-06,"SRR14919236","Species","Detected in one sample"
"Thermaerobacter_composti",1,2.50935991247353e-07,3.01123189496823e-06,"SRR14919236","Species","Detected in one sample"
"Methanobrevibacter_boviskoreani",1,2.50935991247353e-07,3.01123189496823e-06,"SRR14919236","Species","Detected in one sample"
"Curtobacterium_oceanosedimentum",1,2.50935991247353e-07,3.01123189496823e-06,"SRR14919236","Species","Detected in one sample"
"Bacillus_vedderi",1,2.50935991247353e-07,3.01123189496823e-06,"SRR14919236","Species","Detected in one sample"
"Methanolobus_profundi",1,2.50935991247353e-07,3.01123189496823e-06,"SRR14919236","Species","Detected in one sample"
"Desulfosporosinus_acidiphilus",1,2.50935991247353e-07,3.01123189496823e-06,"SRR14919236","Species","Detected in one sample"
"Fervidobacterium_changbaicum",1,2.50935991247353e-07,3.01123189496823e-06,"SRR14919236","Species","Detected in one sample"
"Pyrococcus_furiosus",1,2.50935991247353e-07,3.01123189496823e-06,"SRR14919236","Species","Detected in one sample"
"Metallosphaera_cuprina",1,2.50935991247353e-07,3.01123189496823e-06,"SRR14919236","Species","Detected in one sample"
"Tepidiphilus_margaritifer",1,2.50935991247353e-07,3.01123189496823e-06,"SRR14919236","Species","Detected in one sample"
"Exiguobacterium_aurantiacum",1,2.50935991247353e-07,3.01123189496823e-06,"SRR14919236","Species","Detected in one sample"
"Pseudoxanthomonas_suwonensis",1,2.50935991247353e-07,3.01123189496823e-06,"SRR14919236","Species","Detected in one sample"
"Streptococcus_ferus",1,2.50935991247353e-07,3.01123189496823e-06,"SRR14919236","Species","Detected in one sample"
"Rickettsia_tamurae",1,2.50935991247353e-07,3.01123189496823e-06,"SRR14919236","Species","Detected in one sample"
"Streptomyces_griseorubens",1,2.50935991247353e-07,3.01123189496823e-06,"SRR14919236","Species","Detected in one sample"
"Methanococcus_voltae",1,2.50935991247353e-07,3.01123189496823e-06,"SRR14919236","Species","Detected in one sample"
"Salinicola_halophilus",1,2.50935991247353e-07,3.01123189496823e-06,"SRR14919236","Species","Detected in one sample"
"Nitrosospira_multiformis",1,2.50935991247353e-07,3.01123189496823e-06,"SRR14919236","Species","Detected in one sample"
"Microchaete_diplosiphon",1,2.50935991247353e-07,3.01123189496823e-06,"SRR14919236","Species","Detected in one sample"
"Chryseobacterium_jeonii",1,2.50935991247353e-07,3.01123189496823e-06,"SRR14919236","Species","Detected in one sample"
"Singulisphaera_mucilaginosa",1,2.50935991247353e-07,3.01123189496823e-06,"SRR14919236","Species","Detected in one sample"
"Chryseobacterium_wanjuense",1,2.50935991247353e-07,3.01123189496823e-06,"SRR14919236","Species","Detected in one sample"
"Thermomonospora_chromogena",1,2.50935991247353e-07,3.01123189496823e-06,"SRR14919236","Species","Detected in one sample"
"Sphingobacterium_kitahiroshimense",1,2.50935991247353e-07,3.01123189496823e-06,"SRR14919236","Species","Detected in one sample"
"Sphingomonas_soli",1,2.50935991247353e-07,3.01123189496823e-06,"SRR14919236","Species","Detected in one sample"
"Desmospora_activa",1,2.50935991247353e-07,3.01123189496823e-06,"SRR14919236","Species","Detected in one sample"
"Flavobacterium_frigidarium",1,2.50935991247353e-07,3.01123189496823e-06,"SRR14919236","Species","Detected in one sample"
"Bifidobacterium_indicum",1,2.50935991247353e-07,3.01123189496823e-06,"SRR14919236","Species","Detected in one sample"
"Anaerobiospirillum_thomasii",1,2.50935991247353e-07,3.01123189496823e-06,"SRR14919236","Species","Detected in one sample"
"Nostoc_sphaeroides",1,2.50935991247353e-07,3.01123189496823e-06,"SRR14919236","Species","Detected in one sample"
"Corynebacterium_amycolatum",1,2.50935991247353e-07,3.01123189496823e-06,"SRR14919236","Species","Detected in one sample"
"Arcobacter_halophilus",1,2.50935991247353e-07,3.01123189496823e-06,"SRR14919236","Species","Detected in one sample"
"Scytonematopsis_contorta",1,2.50935991247353e-07,3.01123189496823e-06,"SRR14919236","Species","Detected in one sample"
"Flavobacterium_fontis",1,2.50935991247353e-07,3.01123189496823e-06,"SRR14919236","Species","Detected in one sample"
"Sphaerobacter_thermophilus",1,2.50935991247353e-07,3.01123189496823e-06,"SRR14919236","Species","Detected in one sample"
"Lactobacillus_floricola",1,2.50935991247353e-07,3.01123189496823e-06,"SRR14919236","Species","Detected in one sample"
"Geodermatophilus_taihuensis",1,2.50935991247353e-07,3.01123189496823e-06,"SRR14919236","Species","Detected in one sample"
"Pelobacter_acidigallici",1,2.50935991247353e-07,3.01123189496823e-06,"SRR14919236","Species","Detected in one sample"
"Huperzia_lucidula",1,2.50935991247353e-07,3.01123189496823e-06,"SRR14919236","Species","Detected in one sample"
"Ectothiorhodospira_haloalkaliphila",1,2.50935991247353e-07,3.01123189496823e-06,"SRR14919236","Species","Detected in one sample"
"Rheinheimera_longhuensis",1,2.50935991247353e-07,3.01123189496823e-06,"SRR14919236","Species","Detected in one sample"
"Streptococcus_pluranimalium",1,2.50935991247353e-07,3.01123189496823e-06,"SRR14919236","Species","Detected in one sample"
"Methanobacterium_subterraneum",1,2.50935991247353e-07,3.01123189496823e-06,"SRR14919236","Species","Detected in one sample"
"Enterococcus_asini",1,2.50935991247353e-07,3.01123189496823e-06,"SRR14919236","Species","Detected in one sample"
"Mucilaginibacter_dorajii",1,2.50935991247353e-07,3.01123189496823e-06,"SRR14919236","Species","Detected in one sample"
"Nosocomiicoccus_ampullae",1,2.50935991247353e-07,3.01123189496823e-06,"SRR14919236","Species","Detected in one sample"
"Streptomyces_atratus",1,2.50935991247353e-07,3.01123189496823e-06,"SRR14919236","Species","Detected in one sample"
"Colwellia_psychrerythraea",1,2.50935991247353e-07,3.01123189496823e-06,"SRR14919236","Species","Detected in one sample"
"Phaeodactylum_tricornutum",1,2.50935991247353e-07,3.01123189496823e-06,"SRR14919236","Species","Detected in one sample"
"Planococcus_psychrotoleratus",1,2.50935991247353e-07,3.01123189496823e-06,"SRR14919236","Species","Detected in one sample"
"Sulfolobus_tokodaii",1,2.50935991247353e-07,3.01123189496823e-06,"SRR14919236","Species","Detected in one sample"
"Halarchaeum_acidiphilum",1,2.50935991247353e-07,3.01123189496823e-06,"SRR14919236","Species","Detected in one sample"
"Acrocarpospora_corrugata",1,2.50935991247353e-07,3.01123189496823e-06,"SRR14919236","Species","Detected in one sample"
"Megasphaera_sueciensis",1,2.50935991247353e-07,3.01123189496823e-06,"SRR14919236","Species","Detected in one sample"
"Aeromonas_bestiarum",1,2.50935991247353e-07,3.01123189496823e-06,"SRR14919236","Species","Detected in one sample"
"Lysobacter_thermophilus",1,2.50935991247353e-07,3.01123189496823e-06,"SRR14919236","Species","Detected in one sample"
"Thermogemmatispora_onikobensis",1,2.50935991247353e-07,3.01123189496823e-06,"SRR14919236","Species","Detected in one sample"
"Pseudomonas_lutea",1,2.50935991247353e-07,3.01123189496823e-06,"SRR14919236","Species","Detected in one sample"
"Streptomyces_olivochromogenes",1,2.50935991247353e-07,3.01123189496823e-06,"SRR14919236","Species","Detected in one sample"
"Streptomyces_griseoaurantiacus",1,2.50935991247353e-07,3.01123189496823e-06,"SRR14919236","Species","Detected in one sample"
"Acidianus_hospitalis",1,2.50935991247353e-07,3.01123189496823e-06,"SRR14919236","Species","Detected in one sample"
"Salinibacillus_aidingensis",1,2.50935991247353e-07,3.01123189496823e-06,"SRR14919236","Species","Detected in one sample"
"Spirochaeta_alkalica",1,2.50935991247353e-07,3.01123189496823e-06,"SRR14919236","Species","Detected in one sample"
"Cellulophaga_tyrosinoxydans",1,2.50935991247353e-07,3.01123189496823e-06,"SRR14919236","Species","Detected in one sample"
"Lactobacillus_paraplantarum",1,2.50935991247353e-07,3.01123189496823e-06,"SRR14919236","Species","Detected in one sample"
"Saccharibacillus_sacchari",1,2.50935991247353e-07,3.01123189496823e-06,"SRR14919236","Species","Detected in one sample"
"Arcobacter_nitrofigilis",1,2.50935991247353e-07,3.01123189496823e-06,"SRR14919236","Species","Detected in one sample"
"Brevibacterium_frigoritolerans",1,2.50935991247353e-07,3.01123189496823e-06,"SRR14919236","Species","Detected in one sample"
"Flavobacterium_chungangense",1,2.50935991247353e-07,3.01123189496823e-06,"SRR14919236","Species","Detected in one sample"
"Halomonas_ventosae",1,2.50935991247353e-07,3.01123189496823e-06,"SRR14919236","Species","Detected in one sample"
"Nitzschia_frustulum",1,2.50935991247353e-07,3.01123189496823e-06,"SRR14919236","Species","Detected in one sample"
"Streptococcus_dentasini",1,2.50935991247353e-07,3.01123189496823e-06,"SRR14919236","Species","Detected in one sample"
"Pseudoalteromonas_antarctica",1,2.50935991247353e-07,3.01123189496823e-06,"SRR14919236","Species","Detected in one sample"
"Carnobacterium_jeotgali",1,2.50935991247353e-07,3.01123189496823e-06,"SRR14919236","Species","Detected in one sample"
"Pelagibius_litoralis",1,2.50935991247353e-07,3.01123189496823e-06,"SRR14919236","Species","Detected in one sample"
"Anabaena_sphaerica",1,2.50935991247353e-07,3.01123189496823e-06,"SRR14919236","Species","Detected in one sample"
"Paenibacillus_terrae",1,2.50935991247353e-07,3.01123189496823e-06,"SRR14919236","Species","Detected in one sample"
"Lysobacter_arseniciresistens",1,2.50935991247353e-07,3.01123189496823e-06,"SRR14919236","Species","Detected in one sample"
"Escherichia/Shigella_vulneris",1,2.50935991247353e-07,3.01123189496823e-06,"SRR14919236","Species","Detected in one sample"
"Anabaena_variabilis",1,2.50935991247353e-07,3.01123189496823e-06,"SRR14919236","Species","Detected in one sample"
"Brooklawnia_cerclae",1,2.50935991247353e-07,3.01123189496823e-06,"SRR14919236","Species","Detected in one sample"
"Actinomadura_meridiana",1,2.50935991247353e-07,3.01123189496823e-06,"SRR14919236","Species","Detected in one sample"
"Paenibacillus_contaminans",1,2.50935991247353e-07,3.01123189496823e-06,"SRR14919236","Species","Detected in one sample"
"Streptomyces_platensis",1,2.50935991247353e-07,3.01123189496823e-06,"SRR14919236","Species","Detected in one sample"
"Clostridium_aciditolerans",1,2.50935991247353e-07,3.01123189496823e-06,"SRR14919236","Species","Detected in one sample"
"Pseudomonas_moorei",1,2.50935991247353e-07,3.01123189496823e-06,"SRR14919236","Species","Detected in one sample"
"Streptomyces_lavendulae",1,2.50935991247353e-07,3.01123189496823e-06,"SRR14919236","Species","Detected in one sample"
"Ignavibacterium_album",1,2.50935991247353e-07,3.01123189496823e-06,"SRR14919236","Species","Detected in one sample"
"Anoxybacillus_voinovskiensis",1,2.50935991247353e-07,3.01123189496823e-06,"SRR14919236","Species","Detected in one sample"
"Pseudoxanthomonas_kalamensis",1,2.50935991247353e-07,3.01123189496823e-06,"SRR14919236","Species","Detected in one sample"
"Natrialba_aegyptia",1,2.50935991247353e-07,3.01123189496823e-06,"SRR14919236","Species","Detected in one sample"
"Rhodoplanes_cryptolactis",1,2.50935991247353e-07,3.01123189496823e-06,"SRR14919236","Species","Detected in one sample"
"Hymenobacter_daecheongensis",1,2.50935991247353e-07,3.01123189496823e-06,"SRR14919236","Species","Detected in one sample"
"Haloterrigena_salina",1,2.50935991247353e-07,3.01123189496823e-06,"SRR14919236","Species","Detected in one sample"
"Kurthia_gibsonii",1,2.50935991247353e-07,3.01123189496823e-06,"SRR14919236","Species","Detected in one sample"
"Hymenobacter_rigui",1,2.50935991247353e-07,3.01123189496823e-06,"SRR14919236","Species","Detected in one sample"
"Neisseria_flavescens",1,2.50935991247353e-07,3.01123189496823e-06,"SRR14919236","Species","Detected in one sample"
"Pseudomonas_libanensis",1,2.50935991247353e-07,3.01123189496823e-06,"SRR14919236","Species","Detected in one sample"
"Halanaerobium_praevalens",1,2.50935991247353e-07,3.01123189496823e-06,"SRR14919236","Species","Detected in one sample"
"Dactylosporangium_vinaceum",1,2.50935991247353e-07,3.01123189496823e-06,"SRR14919236","Species","Detected in one sample"
"Bacillus_djibelorensis",1,2.50935991247353e-07,3.01123189496823e-06,"SRR14919236","Species","Detected in one sample"
"Thermovenabulum_ferriorganovorum",1,2.50935991247353e-07,3.01123189496823e-06,"SRR14919236","Species","Detected in one sample"
"Bosea_thiooxidans",1,2.50935991247353e-07,3.01123189496823e-06,"SRR14919236","Species","Detected in one sample"
"Tenacibaculum_aestuarii",1,2.50935991247353e-07,3.01123189496823e-06,"SRR14919236","Species","Detected in one sample"
"Actinomadura_cremea",1,2.50935991247353e-07,3.01123189496823e-06,"SRR14919236","Species","Detected in one sample"
"Paenibacillus_motobuensis",1,2.50935991247353e-07,3.01123189496823e-06,"SRR14919236","Species","Detected in one sample"
"Dyadobacter_koreensis",1,2.50935991247353e-07,3.01123189496823e-06,"SRR14919236","Species","Detected in one sample"
"Agromyces_ulmi",1,2.50935991247353e-07,3.01123189496823e-06,"SRR14919236","Species","Detected in one sample"
"Halopenitus_malekzadehii",1,2.50935991247353e-07,3.01123189496823e-06,"SRR14919236","Species","Detected in one sample"
"Pseudofulvimonas_gallinarii",1,2.50935991247353e-07,3.01123189496823e-06,"SRR14919236","Species","Detected in one sample"
"Paenalcaligenes_hominis",1,2.50935991247353e-07,3.01123189496823e-06,"SRR14919236","Species","Detected in one sample"
"Porphyrobacter_tepidarius",1,2.50935991247353e-07,3.01123189496823e-06,"SRR14919236","Species","Detected in one sample"
"Halarsenatibacter_silvermanii",1,2.50935991247353e-07,3.01123189496823e-06,"SRR14919236","Species","Detected in one sample"
"Sphingopyxis_marina",1,2.50935991247353e-07,3.01123189496823e-06,"SRR14919236","Species","Detected in one sample"
"Burkholderia_endofungorum",1,2.50935991247353e-07,3.01123189496823e-06,"SRR14919236","Species","Detected in one sample"
"Enterococcus_raffinosus",1,2.50935991247353e-07,3.01123189496823e-06,"SRR14919236","Species","Detected in one sample"
"Bacillus_selenatarsenatis",1,2.50935991247353e-07,3.01123189496823e-06,"SRR14919236","Species","Detected in one sample"
"Streptomyces_olivoverticillatus",1,2.50935991247353e-07,3.01123189496823e-06,"SRR14919236","Species","Detected in one sample"
"Arcanobacterium_haemolyticum",1,2.50935991247353e-07,3.01123189496823e-06,"SRR14919236","Species","Detected in one sample"
"Haloferax_berberensis",1,2.50935991247353e-07,3.01123189496823e-06,"SRR14919236","Species","Detected in one sample"
"Thiothrix_fructosivorans",1,2.50935991247353e-07,3.01123189496823e-06,"SRR14919236","Species","Detected in one sample"
"Prauserella_halophila",1,2.50935991247353e-07,3.01123189496823e-06,"SRR14919236","Species","Detected in one sample"
"Formosa_spongicola",1,2.50935991247353e-07,3.01123189496823e-06,"SRR14919236","Species","Detected in one sample"
"Desulfosporosinus_hippei",1,2.50935991247353e-07,3.01123189496823e-06,"SRR14919236","Species","Detected in one sample"
"Leucobacter_celer",1,2.50935991247353e-07,3.01123189496823e-06,"SRR14919236","Species","Detected in one sample"
"Paenibacillus_soli",1,2.50935991247353e-07,3.01123189496823e-06,"SRR14919236","Species","Detected in one sample"
"Salinicoccus_halodurans",1,2.50935991247353e-07,3.01123189496823e-06,"SRR14919236","Species","Detected in one sample"
"Erwinia_psidii",1,2.50935991247353e-07,3.01123189496823e-06,"SRR14919236","Species","Detected in one sample"
"Limnobacter_litoralis",1,2.50935991247353e-07,3.01123189496823e-06,"SRR14919236","Species","Detected in one sample"
"Haloarcula_tradensis",1,2.50935991247353e-07,3.01123189496823e-06,"SRR14919236","Species","Detected in one sample"
"Anaerobranca_californiensis",1,2.50935991247353e-07,3.01123189496823e-06,"SRR14919236","Species","Detected in one sample"
"Nocardia_soli",1,2.50935991247353e-07,3.01123189496823e-06,"SRR14919236","Species","Detected in one sample"
"Lactuca_sativa",1,2.50935991247353e-07,3.01123189496823e-06,"SRR14919236","Species","Detected in one sample"
"Sphingomonas_alpina",1,2.50935991247353e-07,3.01123189496823e-06,"SRR14919236","Species","Detected in one sample"
"Oleiphilus_messinensis",1,2.50935991247353e-07,3.01123189496823e-06,"SRR14919236","Species","Detected in one sample"
"Chryseobacterium_elymi",1,2.50935991247353e-07,3.01123189496823e-06,"SRR14919236","Species","Detected in one sample"
"Xenorhabdus_nematophila",1,2.50935991247353e-07,3.01123189496823e-06,"SRR14919236","Species","Detected in one sample"
"Xenorhabdus_innexi",1,2.50935991247353e-07,3.01123189496823e-06,"SRR14919236","Species","Detected in one sample"
"Flavobacterium_resistens",1,2.50935991247353e-07,3.01123189496823e-06,"SRR14919236","Species","Detected in one sample"
"Pasteurella_canis",1,2.50935991247353e-07,3.01123189496823e-06,"SRR14919236","Species","Detected in one sample"
"Legionella_impletisoli",1,2.50935991247353e-07,3.01123189496823e-06,"SRR14919236","Species","Detected in one sample"
"Heteroptilon_pappeanum",1,2.50935991247353e-07,3.01123189496823e-06,"SRR14919236","Species","Detected in one sample"
"Pseudonocardia_sediminis",1,2.50935991247353e-07,3.01123189496823e-06,"SRR14919236","Species","Detected in one sample"
"Actinoplanes_ferrugineus",1,2.50935991247353e-07,3.01123189496823e-06,"SRR14919236","Species","Detected in one sample"
"Desulfocurvus_vexinensis",1,2.50935991247353e-07,3.01123189496823e-06,"SRR14919236","Species","Detected in one sample"
